{
  "model_id": "ensemble_top3_seed_probability_average",
  "seed": "top3:42;52;62",
  "positive_threshold": 0.3,
  "margin_positive_neutral": 0.0,
  "margin_positive_negative": 0.0,
  "abstention_threshold": 0.4,
  "safety_constraints_passed": true,
  "full_development_constraints_passed": false,
  "accuracy": 0.7629482071713147,
  "macro_f1": 0.7193751574703956,
  "weighted_f1": 0.7573834668883046,
  "balanced_accuracy": 0.7075659080189488,
  "mcc": 0.5985452244478761,
  "coverage": 0.9194139194139194,
  "abstention_rate": 0.08058608058608063,
  "class_collapse": false,
  "minimum_recall": 0.6030534351145038,
  "positive_precision": 0.7111111111111111,
  "positive_recall": 0.6274509803921569,
  "positive_f1": 0.6666666666666666,
  "neutral_recall": 0.8921933085501859,
  "negative_recall": 0.6030534351145038,
  "positive_to_neutral": 23,
  "positive_to_negative": 15,
  "positive_to_uncertain": 11,
  "neutral_to_positive": 9,
  "negative_to_positive": 17,
  "all_evaluable_accuracy_abstain_wrong": 0.7014652014652014,
  "negative_precision": 0.6929824561403509,
  "negative_f1": 0.6448979591836734,
  "negative_support": 131,
  "neutral_precision": 0.8053691275167785,
  "neutral_f1": 0.8465608465608465,
  "neutral_support": 269,
  "positive_support": 102,
  "all_ece": 0.2190503829549906,
  "all_brier_score": 0.4510193830194133,
  "all_mean_confidence": 0.5263708624662549,
  "covered_ece": 0.22363174527054047,
  "covered_brier_score": 0.4342640118183882,
  "covered_mean_confidence": 0.5393164619007743,
  "threshold_selection_status": "SAFETY_CONSTRAINTS_ONLY"
}
