brand_label_auto,n_comments,n_valid_text_comments,positive_count,neutral_count,negative_count,uncertain_count,no_text_count,positive_ratio,neutral_ratio,negative_ratio,evaluable_coverage,soft_denominator,positive_probability_mass,neutral_probability_mass,negative_probability_mass,soft_positive_share,soft_neutral_share,soft_negative_share,dominant_sentiment,n_hcc,dominant_goal_orientation
Azarine,110,104,43,37,24,6,0,0.41346153846153844,0.3557692307692308,0.23076923076923078,0.9454545454545454,110,41.64069632799158,37.72819303020891,30.63111064179953,0.3785517847999234,0.34298357300189913,0.27846464219817757,Positive,3,Promotional / Supportive
Daviena,228,204,83,57,64,13,11,0.4068627450980392,0.27941176470588236,0.3137254901960784,0.8947368421052632,217,84.05083993384405,67.61591336787549,65.33324669828048,0.3873310596029679,0.3115940708197027,0.3010748695773293,Positive,11,Mixed Goals
Maryame,163,141,79,38,24,16,6,0.5602836879432624,0.2695035460992908,0.1702127659574468,0.8650306748466258,157,71.17332200215901,47.78388777825441,38.042790219586564,0.45333326116024847,0.3043559731099007,0.24231076572985072,Positive,6,Promotional / Supportive
Mixed_2_Brands,56,49,10,24,15,4,3,0.20408163265306123,0.4897959183673469,0.30612244897959184,0.875,53,13.918438188475038,22.298246459482804,16.78331535204216,0.26261204129198185,0.4207216313109963,0.3166663273970219,Neutral,3,Mixed Goals
Mixed_3plus_Brands,200,163,17,90,56,21,16,0.10429447852760736,0.5521472392638037,0.34355828220858897,0.815,184,37.77825103704075,83.63279661114817,62.588952351811066,0.20531658172304756,0.4545260685388488,0.3401573497381037,Neutral,9,Mixed Goals
Non-HCC,32838,28104,2766,13750,11588,3063,1671,0.0984201537147737,0.48925419869057785,0.41232564759464846,0.8558377489493879,31167,6239.38769254099,12996.867716990348,11930.744590468661,0.20019211642252993,0.4170073384345733,0.3828005451428967,Neutral,0,
Not identified,18,18,2,7,9,0,0,0.1111111111111111,0.3888888888888889,0.5,1.0,18,3.948066103859417,6.075790304177206,7.976143591963378,0.21933700576996762,0.33754390578762256,0.4431190884424099,Negative,1,Mixed Goals
The Originote,234,206,78,83,45,15,13,0.3786407766990291,0.4029126213592233,0.21844660194174756,0.8803418803418803,221,80.16567201013434,80.74405213154184,60.090275858323835,0.3627405973309246,0.36535770195267797,0.27190170071639747,Neutral,9,Neutral Engagement
