brand_label_auto,n_comments,n_valid_text_comments,positive_count,neutral_count,negative_count,uncertain_count,no_text_count,positive_ratio,neutral_ratio,negative_ratio,evaluable_coverage,soft_denominator,positive_probability_mass,neutral_probability_mass,negative_probability_mass,soft_positive_share,soft_neutral_share,soft_negative_share,dominant_sentiment,n_hcc,dominant_goal_orientation
Azarine,110,110,52,37,21,0,0,0.4727272727272727,0.33636363636363636,0.19090909090909092,1.0,110,50.35653609757716,33.11799996414638,26.52546393827645,0.4577866917961561,0.3010727269467853,0.24114058125705864,Positive,3,Promotional / Supportive
Daviena,228,217,108,62,47,0,11,0.4976958525345622,0.2857142857142857,0.21658986175115208,0.9517543859649122,217,98.44642096560403,64.1482169622055,54.40536207219047,0.4536701426986361,0.2956139030516382,0.25071595424972565,Positive,11,Mixed Goals
Maryame,163,157,98,36,23,0,6,0.6242038216560509,0.22929936305732485,0.1464968152866242,0.9631901840490797,157,88.76982774892436,35.59853488769321,32.63163736338244,0.5654129155982444,0.22674226043116696,0.2078448239705888,Positive,6,Mixed Goals
Mixed_2_Brands,56,53,15,24,14,0,3,0.2830188679245283,0.4528301886792453,0.2641509433962264,0.9464285714285714,53,14.664436937163112,22.954424580384917,15.381138482451975,0.2766874893804361,0.4331023505733003,0.2902101600462637,Neutral,3,Neutral Engagement
Mixed_3plus_Brands,200,183,42,96,45,1,16,0.22950819672131148,0.5245901639344263,0.2459016393442623,0.915,184,40.1366237672344,85.39380520997261,58.46957102279299,0.21813382482192606,0.4640967674455033,0.3177694077325706,Neutral,9,Neutral Engagement
Non-HCC,32838,30860,5964,15268,9628,307,1671,0.1932598833441348,0.494750486066105,0.3119896305897602,0.9397649065107497,31167,6418.910146297103,13951.64518954811,10796.444664154787,0.20595213354821135,0.44764158210761734,0.3464062843441713,Neutral,0,
Not identified,18,18,2,8,8,0,0,0.1111111111111111,0.4444444444444444,0.4444444444444444,1.0,18,2.507040946713334,7.610149794995957,7.8828092582907106,0.13928005259518522,0.4227860997219976,0.43793384768281723,Mixed,1,Mixed Goals
The Originote,234,221,96,80,45,0,13,0.4343891402714932,0.36199095022624433,0.20361990950226244,0.9444444444444444,221,91.70155277572175,76.58658692002248,52.71186030425578,0.41493915283132016,0.3465456421720474,0.23851520499663248,Positive,9,Neutral Engagement
