brand_label_auto,n_hcc,n_accounts,n_comments,positive_ratio,neutral_ratio,negative_ratio,dominant_sentiment,dominant_goal_orientation
Azarine,3,19,110,0.4727272727272727,0.37272727272727274,0.15454545454545454,Mixed,Promotional / Supportive
Daviena,11,45,228,0.5043859649122807,0.35526315789473684,0.14035087719298245,Positive,Mixed Goals
Maryame,6,35,163,0.6380368098159509,0.2392638036809816,0.12269938650306748,Positive,Mixed Goals
The Originote,9,56,234,0.44017094017094016,0.43162393162393164,0.1282051282051282,Mixed,Neutral Engagement
Mixed_2_Brands,3,14,56,0.32142857142857145,0.5357142857142857,0.14285714285714285,Neutral,Mixed Goals
Mixed_3plus_Brands,9,43,200,0.275,0.545,0.18,Neutral,Mixed Goals
Not identified,1,6,18,0.1111111111111111,0.5,0.3888888888888889,Neutral,Mixed Goals
Non-HCC,0,26206,32838,0.2629301149004907,0.5222638749199964,0.21480601017951298,Neutral,N/A (Non-HCC)
