group,n_comments,n_valid_text_comments,positive_count,neutral_count,negative_count,positive_ratio,neutral_ratio,negative_ratio,dominant_sentiment
HCC,1009,1009,449,410,150,0.4449950445986125,0.40634291377601583,0.14866204162537167,Mixed
Non-HCC,32838,32811,8627,17136,7048,0.2629301149004907,0.5222638749199964,0.21480601017951298,Neutral
