group,n_comments,n_valid_text_comments,positive_count,neutral_count,negative_count,uncertain_count,no_text_count,positive_ratio,neutral_ratio,negative_ratio,evaluable_coverage,soft_denominator,positive_probability_mass,neutral_probability_mass,negative_probability_mass,soft_positive_share,soft_neutral_share,soft_negative_share,dominant_sentiment
HCC,1009,792,505,35,252,168,49,0.6376262626262627,0.04419191919191919,0.3181818181818182,0.7849355797819624,960,450.61271616993827,181.27656020322553,328.11072362683626,0.46938824601035234,0.18882975021169326,0.3417820037779544,Positive
Non-HCC,32838,22457,12308,2475,7674,8710,1671,0.5480696442089327,0.11021062474952131,0.34171973104154607,0.6838723430172361,31167,12914.529498701504,7466.158580025032,10786.311921273464,0.41436549872305656,0.23955332820050157,0.3460811730764419,Positive
