group,n_comments,n_valid_text_comments,positive_count,neutral_count,negative_count,uncertain_count,no_text_count,positive_ratio,neutral_ratio,negative_ratio,evaluable_coverage,soft_denominator,positive_probability_mass,neutral_probability_mass,negative_probability_mass,soft_positive_share,soft_neutral_share,soft_negative_share,dominant_sentiment
HCC,1009,885,312,336,237,75,49,0.3525423728813559,0.37966101694915255,0.2677966101694915,0.8771060455896927,960,332.6752856035042,345.8788796826889,281.445834713807,0.3465367558369835,0.3602904996694675,0.29317274449354896,Neutral
Non-HCC,32838,28104,2766,13750,11588,3063,1671,0.0984201537147737,0.48925419869057785,0.41232564759464846,0.8558377489493879,31167,6239.38769254099,12996.867716990348,11930.744590468661,0.20019211642252993,0.4170073384345733,0.3828005451428967,Neutral
