neutral_error_taxonomy,n_errors,error_percentage,example_comment_ids
brand mention without evaluation,1,1.5873015873015872,7421194569964421893
harga/link/beli,4,6.349206349206349,7422273305950896901;7376474635820876550;7387213212251226885;7312026058579624709
label ambiguity,13,20.634920634920633,7216607576683201307;7421196909073236741;7430735516545106705;7550882391452730119;7421280025037603589;7428657699175138054;7422274808019469061;7409069596854076166
pertanyaan,18,28.57142857142857,7422576492603802373;7421166771632112390;7421696234786734854;7422946852851434246;7219842332353659674;7388550852934189829;7344695480751162117;7573263004461040385
slang,27,42.857142857142854,7421541385612182278;7422705433683591942;7320190270212195077;INJ000209;7223398588939535110;7421784709947163398;7341548105680814854;7422289119940002565
