cm_network_scope,n_pairs,n_unique_comments,n_unique_accounts,mean_similarity,n_presentation_eligible
LCN_EDGE,13,15,13,0.9610131974886802,12
NON_COMMUNITY_MASS,286706,13144,11333,0.9571134907981772,239002
NO_ACCOUNT_EVIDENCE_PAIR,11296,2397,2193,0.9888045308906869,10878
PRE_LCN_MULTI_EVIDENCE,19,28,25,0.9306336710427621,16
PRE_LCN_SINGLE_EVIDENCE,2739,1633,1513,0.972007579574222,2480
