similarity_category,n_pairs,n_unique_comments,n_unique_accounts,mean_similarity,n_presentation_eligible
EXACT_DUPLICATE,230535,4968,4161,1.0,229394
HIGH_SIMILARITY,14674,4547,4121,0.8860442417040948,5827
MODERATE_SIMILARITY,28753,7688,6870,0.7979453847166639,13600
NEAR_EXACT,10193,3679,3393,0.9583257382123433,3567
WEAK_CANDIDATE,16618,8278,7554,0.72354491192513,0
