hcc_pair_scope,n_pairs,n_unique_comments,n_unique_accounts,mean_similarity,n_presentation_eligible
113,19,20,6,1.0,18
114,14,17,6,1.0,14
150,6,4,4,1.0,6
168,9,15,5,1.0,9
18,1,2,2,1.0,1
180,6,9,3,1.0,3
181,14,14,5,1.0,12
191,9,15,5,1.0,7
20,2,4,2,1.0,1
204,7,6,3,1.0,4
205,10,14,5,1.0,10
206,14,19,5,1.0,14
42,19,21,5,1.0,18
48,1,2,2,1.0,1
5,2,4,3,1.0,2
50,1,2,2,1.0,1
54,1,2,2,0.7442566214034958,0
99,15,24,6,1.0,15
Cross-HCC / Non-HCC,300623,13322,11419,0.9584179393754734,252252
