actor_pair_type,n_pairs,n_unique_comments,n_unique_accounts,mean_similarity,n_presentation_eligible
Community–Community,1843,408,131,0.9112882444458847,1667
Community–Individual,51,49,30,0.9017684069188027,34
Community–Mass,15933,3484,2820,0.9703813601847833,15009
Individual–Individual,2348,439,35,0.8736395023450831,460
Mass–Individual,2934,1189,850,0.8767282213822359,1353
Mass–Mass,398369,14379,12686,0.9478022353465272,353194
