label,precision,recall,f1,support
Negative,0.7394366197183099,0.625,0.6774193548387096,168
Neutral,0.8265765765765766,0.9386189258312021,0.8790419161676647,391
Positive,0.810126582278481,0.6037735849056604,0.6918918918918919,106
