metric,threshold,n_bootstrap,mean,ci_lower_95,ci_upper_95
macro_f1,0.46,1000,0.748714846912955,0.7083839253167288,0.7884624581410378
