metric,threshold,n_bootstrap,mean,ci_lower_95,ci_upper_95
macro_f1,0.42,1000,0.7213530350409142,0.6835470783820911,0.7595585953802554
