class_label,precision,recall,f1,support,covered_predicted_count,abstained_true_count
Negative,0.6756756756756757,0.7352941176470589,0.704225352112676,34,37,7
Neutral,0.8842105263157894,0.9438202247191011,0.9130434782608695,178,190,8
Positive,0.7241379310344828,0.4772727272727273,0.5753424657534246,44,29,3
