seed,fold,row_index,annotation_id,comment_id,label,hard_group,video_id
42,1,1,V5D0002,7428465430732063494,Neutral,arthaldt dok,7428436533981613318
42,1,4,V5D0006,7428626719290475270,Neutral,dok rnc wbeauty dok,7428436533981613318
42,1,7,V5D0009,7211544143301051162,Positive,"percayalah mau kulit kaya seleb2 itu tuh perwatan rajinn pake 1merek ajaa, rajin maskeran dan perawatan ke klinik kecantikann wkwkwkkw",7167562475641048347
42,1,15,V5D0017,7428558389497709319,Positive,emg ga pernah ragu sih sm cream satu ituu🫠,7428436533981613318
42,1,20,V5D0022,7428970528692486918,Neutral,baru tau ada produk skincare maryame,7428436533981613318
42,1,25,V5D0028,7388535550314382086,Neutral,"iya bun tergantung kulit juga,,,",7385065641595653382
42,1,28,V5D0031,7431368899185083144,Neutral,dok tolong review ms glow,7428436533981613318
42,1,38,V5D0041,7428463319042392838,Neutral,kymskiinn dong dok,7428436533981613318
42,1,45,V5D0048,7421841447160529670,Negative,omset menurun niyee,7421104723333483782
42,1,53,V5D0056,7428793818436403973,Neutral,fa glow dok dicek juga soalny bnyak yg pakai cream ini karena harganya juga murah apakah aman @user @user .okypratamaa_kedua,7428436533981613318
42,1,67,V5D0070,7388449877641118469,Positive,"bismillah smga bisa kebeli suatu saat nnti, smga aku mudah rezeki sllu🥰affiliate pemula nih bntu yuuu🙏🥰",7357662447248968966
42,1,69,V5D0072,7597067551230657298,Negative,dan lucunya di terbitkan masi di bulan februari 2025 dan ada yang beli di bulan 3 cek di dr grand🤣,7596239649517899016
42,1,71,V5D0074,7146324370967970587,Positive,ini emng serum terbagus yg prnh gwe pakek,7129446710400601371
42,1,74,V5D0077,7421913700023452421,Negative,"astagfirullah,uda 2 x beli ol nih daviena😭hasilnya nihil.",7421104723333483782
42,1,81,V5D0084,7434795530326197000,Positive,bajunya kocak2 bgt dok😅,7428436533981613318
42,1,84,V5D0087,7428494080936723208,Neutral,dok. tolong krim eliza beauty 🙏🙏🙏🙏,7428436533981613318
42,1,85,V5D0088,7284619372399919878,Neutral,kak kalau pakai toner skintific pink+ serum originote b3 bisa?,7258280563352587526
42,1,87,V5D0090,7225442410770301723,Neutral,pakainya serum dulu apa kremnya ?,7185096421220158747
42,1,89,V5D0092,7381094718857544453,Positive,@user 🧚🏻‍♀️ penasaran gw sm retinol ini,7378347819268082950
42,1,98,V5D0101,7287822127722152710,Neutral,aku juga pake azarine mau coba the originote di kaka bagus ga the originote?,7185096421220158747
42,1,99,V5D0102,7282403867173126917,Neutral,bukannya yang bright b3 itu di pake pagi dan malam ya? trs pas pemakaian pagi itu di layer kah?,7235406683676167430
42,1,100,V5D0103,7586997153370850069,Neutral,1 pipet kanan kiri ci,7586827398084136200
42,1,103,V5D0106,7329504634706526981,Neutral,tolong di jawab bisa tidak retinol the originote + mois nya dari wardah?,7185096421220158747
42,1,106,V5D0109,7265642231578804997,Neutral,skip toner bole ngga??,7242204399928593669
42,1,109,V5D0112,7329005283437478661,Neutral,"nah ini nih yg aku takutkan, soalnya dlu pakai punya wardah vit.c juga jerawatan 😭 jadi takut pngen nyoba yg originote nya",7314309007341063429
42,1,114,V5D0117,7429583930292650757,Positive,"alhamdulillah aman aku pakai juga pakai produk maryame dri tahun 2023,sampai sekarang nh🙏🏻🙏🏻",7428436533981613318
42,1,118,V5D0122,7586861179604943624,Neutral,ngilangi bekas jerat yg item2 pake apa ci?? fw: cetaphil ampul pink+serum niacinamide dr ordinary moise:pake minimalis,7586827398084136200
42,1,120,V5D0124,7422276782764147461,Negative,mungkin lain org lain juga y kn kata dokter kulit ad kandungan yg ga cocok di kulit muka saya tp untuk org lain bisa jdi ccok,7421835937988070662
42,1,128,V5D0132,7363606454690038533,Neutral,"teh, buat kulit normal bagus pake yg mana,yang bisa buat cerah",7363584993148357894
42,1,136,V5D0141,7389488816266887942,Neutral,aman enggk buatt busuii,7376604456818920709
42,1,145,V5D0150,7428464044477432582,Negative,"bogota dong tolong, muka gw ancur parah setelah brenti pake produknya",7428436533981613318
42,1,153,V5D0158,7388919329192100614,Neutral,isi nya msi bnyk?,7378347819268082950
42,1,154,V5D0159,7449888684188992263,Positive,pinjem seratus bajunya😭😭😭,7428436533981613318
42,1,155,V5D0160,7224547619275162395,Neutral,kak klw untuk membuat muka glowing make yg mna yah 😁,7194330759329631514
42,1,158,V5D0163,7422345438684529414,Neutral,prettttt....drakor aja setelah tau ngibul,7421104723333483782
42,1,159,V5D0164,7428925775191982854,Neutral,ka spil bg skincare,7428436533981613318
42,1,161,V5D0166,7462280135233471239,Neutral,150k++,7429265515434036485
42,1,177,V5D0184,7223734856881111834,Positive,udah bisa blm kak? saya udh bisa ini😭,7222981366173011226
42,1,196,V5D0204,7430828021533639429,Neutral,coba tes kedas beauty @user .okypratamaa_kedua apakah amaaaaaaaaan.??,7428436533981613318
42,1,202,V5D0210,7419238366283645701,Negative,tp kok dimuka lama nyerap nya,7418514646698642693
42,1,208,V5D0216,7421245299434750725,Negative,menyesal karna salah❎ menyesal karna ketahuan ✅,7421104723333483782
42,1,209,V5D0217,7398124758925361925,Neutral,serum acne dan darkspot bisa d pake barengan ga untuk malam ka🩷,7314309007341063429
42,1,212,V5D0221,7439315101640901383,Neutral,dok coba cek skincare shinesskin,7428436533981613318
42,1,224,V5D0234,7422111892829602566,Negative,"q merasa d tipu mbk,hrga mhall poll teryata 😁😁😁😁😁",7421104723333483782
42,1,233,V5D0244,7421426517073691397,Positive,iyh,7421104723333483782
42,1,241,V5D0252,7587057407076057876,Neutral,"ampoule pink manaaa??? tambahin ampoule pink pakai pagi malam setiap hari bareng soothing cream ada dietalase aku yaaa, untuk penjelasan lengkapnya kmu bisa tonton vt atau pantengin live aku bsk siang",7586827398084136200
42,1,250,V5D0263,7404058814818272005,Neutral,satu paket brpa?,7385065641595653382
42,1,252,V5D0265,7443037215536235282,Neutral,kk aku uda chat di konfir ya kak,7418812570569641221
42,1,256,V5D0269,7314544137566978822,Neutral,"aku beningg, mmg ada yg kuning yaa? bukannya kalo kuning itu udah teroksidasii 😭",7314309007341063429
42,1,261,V5D0274,7428602940444066567,Neutral,wbs cosmetic dong dokk,7428436533981613318
42,1,263,V5D0276,7624166199757030164,Positive,bolehhh,7586827398084136200
42,1,264,V5D0277,7491870546584781576,Neutral,buat flek parah bisakah?,7472351771025755410
42,1,272,V5D0285,7281965499579204357,Neutral,udh dua pot jln,7279666593129434374
42,1,281,V5D0294,7447042709238711060,Neutral,review krim korea dok..😁,7428436533981613318
42,1,292,V5D0305,7188648225750090522,Neutral,kk untk flek gimn,7182401543491128602
42,1,294,V5D0307,7431363029701460744,Neutral,dok tolong chekin skinnaza🙏,7428436533981613318
42,1,296,V5D0309,7430289813422686983,Positive,"iyaa ka😁 emng produk bpom itu kan ngga instan, selama aman2 aja dimuka yah pake aja terus 😁",7430007251076697350
42,1,297,V5D0310,7428660801815036677,Neutral,gloglowing dong dok pliss,7428436533981613318
42,1,302,V5D0315,7422657796011606789,Neutral,kemarin2 nantangin. hahhaa. sudah saatnya roda berputar,7421104723333483782
42,1,303,V5D0316,7430030536678769413,Positive,hahahah🤣🤣,7397028146429709573
42,1,315,V5D0329,7221729322082730778,Negative,"aku pake moisterizer nya tpi d kulit pipiku trasa kaku gtu,npa ya,smga d jawab 😊",7194330759329631514
42,1,336,V5D0351,7317303966168597254,Neutral,serum bright b3 klo kulit berminyak boleh gak?? sama itu dipakai ny boleh pagi dan malam kh??,7306081689422351622
42,1,337,V5D0352,7353431487743050501,Neutral,klo aku pas jadwal pkek retinol (retinol+moisturizer),7314309007341063429
42,1,340,V5D0355,7421206731243619077,Negative,"minta maaf nya udh bagus, tp kok masih blg ga terima di tuduh brutal? klu tulus & ikhlas kan ga perlu ngucap gitu",7421104723333483782
42,1,351,V5D0366,7596542376719434504,Negative,di rilis selepas live sm dd april hadduuuu,7596239649517899016
42,1,354,V5D0369,7428462050001371909,Positive,aku jg pake cck tp hua,7428436533981613318
42,1,355,V5D0370,7596258563522822929,Positive,"apapun omongan di luar sana aku lebih percaya sama owner devina, walaupun sempat ada kesalahan juga dari devina skincare tapi setidaknya dia sudah berusaha memperbaiki semua, kagum sih sama owner devina yg setiap ada kesalahan dia maju perbaiki semuanya bukan malah omong kosong menye"", aku pengguna devina udh cocok sama produk"" nya dan aman"" aja😍 semangat terus devina skincare",7596239649517899016
42,1,357,V5D0372,7429264999758021381,Neutral,skinaza dok pliz!🙏,7428436533981613318
42,1,358,V5D0373,7341792453832409862,Neutral,tapi retinol warnanya emang kuning. avoskin sama somethinc yg retinol jga kuning,7340938843190725893
42,1,362,V5D0377,7432275971157934853,Negative,jng tergiur harga murah..bnyk yg palsu,7418514646698642693
42,1,371,V5D0386,7281926255611265797,Neutral,sudah brpa lama kk?,7279666593129434374
42,1,372,V5D0387,7421835504654975749,Negative,penjualan menurun kak 😅,7421104723333483782
42,1,373,V5D0388,7312620096789152518,Positive,masha allah🥰,7312025661835578629
42,1,374,V5D0389,7428607378641994501,Positive,dok buat aku aja skincare maryame ny🤧,7428436533981613318
42,1,383,V5D0398,7596488364121129749,Negative,🤣🤣🤣🤣 lu ngmng apa sbnrnya lu lihat data ngga????? kata2 itu pantas nya untuk orang yg ngga punya salah tapi ketika dia di puncak ada aja cobaannya lah ini jls2 salah data pun ada kwkwkwkwkww duh netizen konoha kadang2,7596239649517899016
42,1,384,V5D0399,7429021415838483206,Neutral,white story aman gasii??,7428436533981613318
42,1,387,V5D0402,7222050375393510170,Neutral,mau tanya dong untuk pemula bagusan mna ya serum vit c originote sm avoskin bagusan mna,7208499827234131226
42,1,389,V5D0404,7428554718538269461,Neutral,skincare ku dong dok.. animate,7428436533981613318
42,1,393,V5D0408,7421731370269770502,Negative,gak mau lagi titik!,7421104723333483782
42,1,394,V5D0409,7325371703089414917,Neutral,"ka klo malemnya pake retinol, pagi nya pake pelembab brightening bisa ga?? (serius nanya)",7306081689422351622
42,1,414,V5D0429,7430740592614114055,Neutral,"aku udh pesen,klo pke toner lagi boleh ga",7312632181094894854
42,1,416,V5D0431,7130820699131953946,Neutral,bukannya niacin aman diapake habis eksfoliasi? karna ada vitamin c nya kali,7129446710400601371
42,1,417,V5D0432,7429220550487261957,Neutral,harga cream nya dibawah 200rb,7428436533981613318
42,1,419,V5D0434,7377329573119197958,Neutral,boleh dipake di kulit beruntusan ga kak?,7376604456818920709
42,1,421,V5D0436,7394110663125779206,Neutral,ada yng mau ga retinol daviena ku baru 1x pakai nihh 😁😁,7378347819268082950
42,1,430,V5D0445,7466044209569465106,Neutral,ada yg mau gantiin cream malam 2 sama day cream yang pink.. masih baru segel..🙏🏻🙏🏻,7262186413284822277
42,1,433,V5D0448,7362055697032774405,Neutral,lewat terus dr tdi 🗿,7340938843190725893
42,1,437,V5D0452,7285352804154655493,Neutral,combi sama retinol nya berapa kali seminggu kak??,7270117302614478086
42,1,438,V5D0453,7429134521465127681,Neutral,msi coba dok🙏🙏🙏,7428436533981613318
42,1,452,V5D0468,7243277284148298501,Neutral,untuk retinol yang advanced merk apa kak?,7185096421220158747
42,1,457,V5D0473,7350084651250238214,Negative,pliss sm bgt aku pertama kali pake daviena jerawat gtu anjir nyesekkk😭😭,7340938843190725893
42,1,461,V5D0477,7341175872806929157,Neutral,kaka emang bisa di pakai buat ibu menyusui?,7284446766534102277
42,1,465,V5D0481,7366508638305846022,Neutral,kalo niacinamide nya dr brand lain aman ga kak?,7270117302614478086
42,1,467,V5D0483,7432249056577356551,Neutral,krim orlin aman ga guys?,7428436533981613318
42,1,473,V5D0489,7455502183196099336,Neutral,gmn ka cocok ga?,7424146834534239493
42,1,475,V5D0491,7421727190465233670,Neutral,daviena d daerah ku g ada,7421104723333483782
42,1,482,V5D0498,7351629075142329094,Negative,langsung ss bisa gk sih? kalau kebanyakan di layer takut nya malah berminyak,7235406683676167430
42,1,493,V5D0509,7228911733023539995,Neutral,versi highend dong,7185096421220158747
42,1,495,V5D0511,7421314514108482309,Neutral,klu gini minta maaf ...kemaren2 gmn oy..,7421104723333483782
42,1,499,V5D0515,7212407412711162650,Neutral,yg isi 2 nya habis kak,7194330759329631514
42,1,501,V5D0517,7327197165993001734,Neutral,kak yg cocok buat malam hari apa ya?,7306081689422351622
42,1,507,V5D0523,7439279057675731713,Neutral,gbee glow kapan di riview dok 🙏🏻 @user .okypratamaa_kedua,7428436533981613318
42,1,510,V5D0526,7421216198165660434,Negative,segera tobat,7421104723333483782
42,1,514,V5D0530,7227108593794597658,Neutral,ga bisa di cod,7194330759329631514
42,1,524,V5D0540,7421808832056689414,Positive,tim wardah dari jaman smu😊,7421104723333483782
42,1,525,V5D0541,7441221750413263634,Neutral,wsp dok🙏,7428436533981613318
42,1,527,V5D0543,7428765866349576965,Neutral,dokter skincare seruni 🙏,7428436533981613318
42,1,532,V5D0548,7576331756246713095,Neutral,knp di jual kak?,7430007251076697350
42,1,534,V5D0550,7225395086561313563,Neutral,"minimal 14 thn, kecuali retinol",7194330759329631514
42,1,538,V5D0554,7359973079684629254,Neutral,kenapa ya kk aku hbs 1 jar kulitku terkelupas semua dan kering???????,7359717817601543429
42,1,555,V5D0571,7422881901168263942,Positive,beralih ke hanasui aja gaes harga murah kualitas oke 😋,7421104723333483782
42,1,559,V5D0575,7428445714558288646,Neutral,coba crem jestham dok,7428436533981613318
42,1,563,V5D0579,7596881418031055633,Negative,ia makanya pada kaya ibaratnya hpp 20 rebu di jual nya beratus ratus ribu apalagi si ss,7596239649517899016
42,1,567,V5D0583,7555401745272685320,Neutral,"aku pl 50k aja ,2 x pake itu juga nyolek aja",7262186413284822277
42,1,578,V5D0594,7421530196806828806,Positive,peluk jauh kaa🥺,7421104723333483782
42,1,584,V5D0600,7400261684675560198,Neutral,kak moisturizer nya di ganti scintific pink boleh ngak🙏,7378347819268082950
42,1,587,V5D0603,7403252760781669126,Neutral,sya pke tik tol liet th..ga bisa liat tiktokshop,7401739344085585158
42,1,588,V5D0604,7341250041532007173,Neutral,kalo buat bekas jerawat merah bisa g @user tolong dijawab,7340938843190725893
42,1,591,V5D0607,7543477317735318288,Positive,banget kak,7523137946246008069
42,1,593,V5D0609,7402114653931979525,Positive,🥰🥰🥰🥰,7389110955214490886
42,1,599,V5D0615,7596241404831089415,Positive,terharu bgt🥺,7596239649517899016
42,1,600,V5D0616,7421433928169325317,Negative,helehhh telat,7421104723333483782
42,1,603,V5D0619,7312099945456288517,Neutral,klo pakek retinol daviena trus mois nya dri dorkskin bisa ga kak?,7312025661835578629
42,1,604,V5D0620,7421707888513811206,Negative,saya td y mau pke devina tp takut jdi sy cansel resah krna seloweran d fyp,7421104723333483782
42,1,613,V5D0629,7321228550420808454,Positive,gua follow lu bang lu asyik😘,7312025661835578629
42,1,621,V5D0639,7422818731858199302,Neutral,"produk nya di pasarkan di daerah mana aja ya? online doang kah, gak ada sales sekelas daviena krna di toko cosmetic tidak ada yg menjual nya",7421104723333483782
42,1,624,V5D0642,7422355644098282246,Negative,"mana ada penipu ngaku dari awala kalo blm kaya,kalo skrng udh kaya udh aman lah yaa",7421104723333483782
42,1,627,V5D0645,7331330781526590214,Neutral,"moisturizer, retinol, moisturizer",7284446766534102277
42,1,635,V5D0653,7428531740978922246,Neutral,dok celo skincare dong,7428436533981613318
42,1,646,V5D0664,7465690561199325970,Neutral,ini d pake pagi apa malam kak,7459337971108515090
42,1,659,V5D0677,7428575491026060040,Neutral,dok coba review dr.pure ?,7428436533981613318
42,1,669,V5D0687,7422190964259963653,Positive,maka merendah itu lebih baik dan elok.. #davinaskincare juara wajib di #skincareroutine harian,7421104723333483782
42,1,670,V5D0688,7428623252630700806,Positive,otw lngsung beli maryame apa glowglowing🥰😂,7428436533981613318
42,1,678,V5D0697,7525292614531875605,Neutral,ada shopee gk teh???,7363584993148357894
42,1,693,V5D0712,7421891602454725381,Neutral,kunaon mbak ?,7421104723333483782
42,1,707,V5D0727,7148023689761375002,Negative,"gw nggak ngejatuhin kalii-_- tuh serum overclaimed. kalo gw ngejatuhin, gw bakal bilang tuh serum jelek, bikin jerawat, bikin kusem",7129446710400601371
42,1,709,V5D0730,7379543100685124358,Neutral,"kak kira"" kl yg punya blackhead bagusnya serum yg mana??",7306081689422351622
42,1,715,V5D0736,7494973858173600530,Neutral,pake sabun maryame jg,7472351771025755410
42,1,719,V5D0741,7421164502563177222,Negative,membualllll wayae hancurrr ditinggalkan pembeli kmuuu woeee!!!,7421104723333483782
42,1,724,V5D0746,7359161930970710802,Positive,mau dimodalin nnti lps nikah 🤭,7357662447248968966
42,1,725,V5D0747,7206173181325099803,Neutral,cara pakai serum kombinasi seperti itu gimana kak,7188119070884056347
42,1,731,V5D0753,7388779504784917253,Neutral,ada yang mau retinol daviena harga 100k kebawah,7378347819268082950
42,1,732,V5D0754,7291827364518291854A,Positive,noted kak makasih ya btw (160),7313383346447322373
42,1,733,V5D0755,7596364453017748231,Negative,coba berenti kak sebulan masih bangga gak sama produknya😂,7596239649517899016
42,1,739,V5D0761,7475954060958155528,Neutral,pemakaian brp lama ka?,7312025661835578629
42,1,742,V5D0764,7428555225885557509,Neutral,bedak sw glows dok,7428436533981613318
42,1,744,V5D0766,7421190839814898437,Neutral,harganya brp ce?,7385065641595653382
42,1,745,V5D0767,7421196600356635397,Negative,untung gak jadi beli😁,7421104723333483782
42,1,752,V5D0774,7392898869703852805,Neutral,kalau gimna cara pesennya,7385065641595653382
42,1,754,V5D0776,7428640556832146182,Neutral,cek gloglowing jg dok,7428436533981613318
42,1,757,V5D0779,7330945381041832709,Neutral,"@user :kak mau tanya klo yg buat pudarin bekas jerawat pagi nya hyalu-c, trs mlmnya pake dark spot boleh? dan yg dark spot itu dipakenya tiap mlm sama",7122773893844061466
42,1,763,V5D0785,7384477292082922246,Neutral,bisa buat cowok ga,7357662447248968966
42,1,779,V5D0801,7314311427788636934,Neutral,kak ada instagram ga mau tanya tanya ttg kondisi muka aku sekarang bolee?,7314309007341063429
42,1,781,V5D0803,7381301609462219526,Positive,bs ya,7235406683676167430
42,1,782,V5D0804,7335252778611622662,Neutral,sebelum pake retinol daviena pakai retinol apa ka?,7312025661835578629
42,1,786,V5D0808,7429161664396821254,Neutral,cream ss donk dok,7428436533981613318
42,1,791,V5D0813,7429518518851781381,Neutral,brapa harga nya maryame satu pket nya ya,7428436533981613318
42,1,799,V5D0821,7589854515161137927,Neutral,kalo retinol dari sekin0004 yh cii. di gabungin sama sekin0004 dari bio cica serum apa bisa yamarin jerawat,7586827398084136200
42,1,801,V5D0823,7430387412109132552,Positive,"pantas aku cocok ternyata lolos uji leb alhamdulillah terselamatkan mukaku dengan maryam, terimakasih kak owner @user hani jayanti 🥰",7428436533981613318
42,1,802,V5D0824,7199115308878119706,Neutral,"bagus originote apa azarine ya, bingung",7145783136914296090
42,1,806,V5D0828,7438976648101561143,Neutral,ke akun asli nya langsung kak @user hani jayanti,7418514646698642693
42,1,819,V5D0841,7422823380447134470,Negative,sorrry yeee.. ga prnh pake produk lu,7421104723333483782
42,1,823,V5D0845,7428542298210042629,Neutral,"@user glow donk riview dr @user .okypratamaa_kedua ,...",7428436533981613318
42,1,832,V5D0854,7450364666138215176,Neutral,dok gloglowing dong,7428436533981613318
42,1,833,V5D0855,7312049845089436421,Neutral,baginda live setiap jam berapa?,7312025661835578629
42,1,842,V5D0865,7428474896634151685,Neutral,kalo reglow dr sindhi aman nggak y,7428436533981613318
42,1,843,V5D0866,7431160665194414853,Positive,mau beli knp tidak d di kranjang,7429636271552728326
42,1,846,V5D0869,7385092850814632709,Negative,iya lah cocok d muka si tetehnya..orang dia ga pernah kena matahari hidupnya beda cerita kl kita2 yg tiap hari kerjanya kena matahari ga bakal ngefek mau abis 1 ember juga😏,7385065641595653382
42,1,848,V5D0871,7421357101487932165,Negative,akhirnya ngakuuu🤣🤣🤣🤣🤣,7421104723333483782
42,1,855,V5D0878,7428505713109041925,Neutral,"dok,, kalau kdasbeauty?",7428436533981613318
42,1,859,V5D0882,7312077960218968837,Neutral,retinol boleh dipakai di wajah jerawat?,7312025661835578629
42,1,871,V5D0894,7421219264373392133,Neutral,"sepertinya iya, karna jarang live jg",7421104723333483782
42,1,875,V5D0898,7378759654618383109,Neutral,lo gk cuci muka kak bangun pagi nya,7378347819268082950
42,1,880,V5D0903,7596590847011128084,Negative,lagu lama,7596239649517899016
42,1,885,V5D0908,7455898479229027080,Positive,"sama aku juga ngga pernah jerawatan,kalaupun ada karna mau haid itu pun pling 1 dan ngga pernah berbekas",7262186413284822277
42,1,886,V5D0909,7430806617417401089,Neutral,yu chun mei dok,7428436533981613318
42,1,889,V5D0912,7428935280864019205,Neutral,kalo yang malem aman gak dok,7428436533981613318
42,1,890,V5D0913,7596351697502028565,Negative,"dijahatin , orang dia juga masih kerjasama , sama pt nya 🤣",7596239649517899016
42,1,891,V5D0914,7422012540244886278,Positive,bener banget saya dari dulu tetap ke wardah karena aman dn jelas,7421104723333483782
42,1,892,V5D0915,7291827364518291284A,Positive,"udah repurchase ke-1 nih maryame, ga bakal ganti lagi beneran",7429265515434036485
42,1,895,V5D0918,7430740552104084240,Neutral,bikin abu ngga di kulit samo matang? tolong di bls pake vt buktikan abu apa nggak,7430007251076697350
42,1,897,V5D0920,7567683810008498951,Positive,"aku mau coba tapi masih ragu ragu udah banyak yg aku pakai gk ada hasil dari yg mahal sampe yg murah😭tipe kulitku normal, kering, kusam ka jawab vt",7472351771025755410
42,1,907,V5D0930,7205974000392389403,Positive,iya kak sesuai kebutuhan ya huhuu,7194330759329631514
42,1,913,V5D0936,7428474331259683602,Neutral,kalau olay aman dok?,7428436533981613318
42,1,921,V5D0945,7299475018064741125,Neutral,kk klok ada beruntusan sm bekas jerawat bisa pake acne sm yg retinol?,7258280563352587526
42,1,933,V5D0957,7587048872708817685,Neutral,"oh iya ci mau tanya lagi, kalau untuk hyalucica cream sma shooting cream itu dipakainya secukupnya aja apa juga harus banyak ya ci ?",7586827398084136200
42,1,934,V5D0958,7333246078068818695,Neutral,bisa gk kak ... retinol di pake sma skintifik panthenol acne kak,7319688011891936517
42,1,937,V5D0961,7428440399403172616,Neutral,charidmalux dok,7428436533981613318
42,1,938,V5D0962,7364750970843202309,Positive,@user skinker idaman🥺,7357662447248968966
42,1,948,V5D0972,7422599658553508615,Positive,tim devuena,7418812570569641221
42,1,956,V5D0980,7421407689852879622,Negative,"kok baru minta maaf ,hasilnya uji lab mandiri hasilnya sama dg doktif...kasihan costumernya",7421104723333483782
42,1,960,V5D0984,7421180385516061446,Negative,yakin gak ada niat??,7421104723333483782
42,1,964,V5D0988,7428733549812007685,Neutral,dok pngen review jestham,7428436533981613318
42,1,965,V5D0989,7291827364518291523A,Positive,"wah baru tau, makasih infonyaa ✨",7129446710400601371
42,1,968,V5D0992,7422953830968656646,Negative,ini 0% kandungannya hindarn ya🙏 mending liat pembuktian di doktif,7389110955214490886
42,1,970,V5D0994,7329005428522763013,Neutral,eh maaf yg darksport nya untuk pagi ya??,7314309007341063429
42,2,9,V5D0011,7374193529352684293,Neutral,ini cowo bisa ga kak?,7357662447248968966
42,2,10,V5D0012,7422628136745714437,Negative,cewek yg glowing cuma muka nya aja buat apa,7421104723333483782
42,2,13,V5D0015,7421985096692040454,Negative,"allah maha pemaaf, tpi perbuatanmu akan dipertanggung jawabkan kelak..",7421104723333483782
42,2,16,V5D0018,7354423016614855429,Negative,"aku juga pake serum gluta bright sama mois brightening ka,kalo serumnya enak dan cukup mutihin di aku,tp mois brightening lengket bgt dan bikin gerah😭",7306081689422351622
42,2,18,V5D0020,7428452804514022161,Neutral,dok klau pesan online gitu pakai akun dokter atau tidak sih?? penasaran,7428436533981613318
42,2,24,V5D0027,7213892254514610971,Positive,eiem adalah retinol kedua stlh whitelab diaku malah bagusan eiem 🫠,7185096421220158747
42,2,29,V5D0032,7314809794140226309,Negative,kuning ee 😭😭😭,7312025661835578629
42,2,31,V5D0034,7222643640995676955,Neutral,boleh di mix sm cream yg biasa aku pake ga ka ???,7185096421220158747
42,2,32,V5D0035,7363277976844141318,Neutral,baru tau? hahaha,7340938843190725893
42,2,33,V5D0036,7268087108450173701,Positive,@user ini nihh solusinyaa🥺,7122773893844061466
42,2,35,V5D0038,7389280868278518534,Neutral,order ny dmn,7357662447248968966
42,2,40,V5D0043,7233947484875211546,Neutral,bagus pratista apa azarine apa originote🥺,7185096421220158747
42,2,41,V5D0044,7596587067858453256,Negative,"udah cek kak mungkin tp kecolongan 😭 misal cek hari ini besok produksi lagi ga ada yg pantau kan bisa masukkan jg , entahlah wkkw",7596239649517899016
42,2,46,V5D0049,7431783760650437396,Neutral,"aku beli kmrin d akun ownerny ada kok,cm emng rebutan",7418514646698642693
42,2,54,V5D0057,7530313276208644871,Neutral,warnanya beda gk kak ?,7262186413284822277
42,2,75,V5D0078,7428587122002936593,Positive,cocok aku juga dokter🥰,7428436533981613318
42,2,76,V5D0079,7313184182673343238,Neutral,pemakaiannya bisa tiap hari ka?,7312025661835578629
42,2,79,V5D0082,7406690914268185349,Neutral,"ada yang mau gantiin retinol daviena 6pcs 400 ribu ga , edisi mubazir karena hamil , beli di tiktok owner pengiriman dari owner palembang ada bukti co",7378347819268082950
42,2,90,V5D0093,7313205855935775493,Neutral,ka pake skincare jglow bisa ga pake retinol ini?,7312025661835578629
42,2,91,V5D0094,7134759817448637210,Neutral,blh di gabung sma retinol kak?,7129446710400601371
42,2,95,V5D0098,7596248191809864469,Negative,dari dulu salah fabrik,7596239649517899016
42,2,105,V5D0108,7388550448192307974,Positive,mulus banget kulit bun rahasia ny apa,7385065641595653382
42,2,107,V5D0110,7205521440455410459,Neutral,"habis pratista 1btol trs nyobain azarine, next deh mo beli originote..",7185096421220158747
42,2,112,V5D0115,7415890301053010693,Positive,"pengen nyobain,tapi belum kebeli 🥺",7401739344085585158
42,2,115,V5D0118,7425727365714477829,Positive,aku jg suka marayame krna simpel tp sayang di aku bkn jrwat skitar dagu bnyk bgt ada kli 10 biji + kering😭😭,7424146834534239493
42,2,116,V5D0119,7421871512594924293,Neutral,gak di tuduh secara brutal kak tapi kenyataan overclime brutal kak,7421104723333483782
42,2,119,V5D0123,7134405182801068827,Neutral,"tolong jawab dong ,,pilih azarine vit c atau originote",7122773893844061466
42,2,121,V5D0125,7434027957185839877,Neutral,dok review putri glow dok,7428436533981613318
42,2,125,V5D0129,7358129257644065541,Positive,gua jg bisa sbnernya muka kyk kk ny tp duit gw g mndkung 🤌,7357662447248968966
42,2,130,V5D0134,7425926701983548165,Neutral,bisa buat kulit berjerawat gak kak? @user .official bisa dijawab ga?,7418514646698642693
42,2,131,V5D0135,7456403019271668488,Positive,"ga jugaaa kakk, yang ori di official store nya langsunggg🫶🏻",7418514646698642693
42,2,138,V5D0143,7182175934395532058,Positive,affh iyah,7145783136914296090
42,2,139,V5D0144,7253468669740024582,Positive,bagusan retinol azarine dibanding originote sory😭😭,7185096421220158747
42,2,140,V5D0145,7421726363101594373,Neutral,kok dituduh secara brutal ?,7421104723333483782
42,2,141,V5D0146,7422166828950995717,Negative,"trus gmn nih custemer yang udh beli mana 4 pot lagi, nyesel😭",7421104723333483782
42,2,148,V5D0153,7430468312541741832,Neutral,dok coba skincare ls,7428436533981613318
42,2,151,V5D0156,7428692227004957448,Positive,lagi mau nabung buat beli maryame sambil nunggu krim nya ready 🥰,7428436533981613318
42,2,165,V5D0170,7321544623800058630,Positive,pakein serum hydrating yaa kaka cantikk🤗,7313744314927041797
42,2,171,V5D0177,7341256392731640582,Neutral,ig nya apa kak?,7340938843190725893
42,2,172,V5D0178,7421849674984538886,Neutral,giliran ketauan kaya gitu 🗿,7421104723333483782
42,2,173,V5D0180,7422622090471555846,Negative,"skrg sdh dingin yah, kemarin bilang panas panas ,",7421104723333483782
42,2,190,V5D0198,7363657630299095813,Neutral,teh kalo pertama kali make suka gatel pa gk...sama gerah,7363584993148357894
42,2,193,V5D0201,7421892644949426949,Neutral,aku baru pesan kak,7401739344085585158
42,2,205,V5D0213,7422146394260390662,Negative,terselamatkan sempet mau beli tp ga jd..,7421104723333483782
42,2,206,V5D0214,7404388439568728838,Negative,"seriusan ka, aq br pake semingguan soalnya malah tergoda fyp skintific jadi bingung pdhl aku pny semua series originote 😩",7314309007341063429
42,2,210,V5D0218,7422931902812521222,Negative,kena retur ribuan paket.,7421104723333483782
42,2,213,V5D0222,7431070093537526533,Neutral,rk aman gak yaa?,7428436533981613318
42,2,215,V5D0224,7421545619625476870,Negative,coba dari awal kak jadi kalo skrg udah pd ga respek,7421104723333483782
42,2,221,V5D0231,7421574431127962374,Negative,pantesan aza dia cepet kaya .modal dikit untung bnyk...,7421104723333483782
42,2,229,V5D0239,7535443005458088722,Neutral,mau tau hasil lanjutan nya kak cocok atau gaknya,7262186413284822277
42,2,231,V5D0242,7431620000517522184,Positive,ang ang ang😂😂😂😂😂😂😂,7421104723333483782
42,2,240,V5D0251,7429310628081582854,Positive,iya kak....sama...mana aku pake jestham udah hampir 2tahun🫣,7428436533981613318
42,2,242,V5D0253,7421177048759403285,Negative,panas panas panas😂,7421104723333483782
42,2,247,V5D0259,7291827364518291479A,Positive,iyaa sama disini jg gtu!!,7319688011891936517
42,2,248,V5D0260,7428441322275898117,Positive,aman ka udh pernah di riview,7428436533981613318
42,2,249,V5D0261,7523851505490690823,Positive,mariame♥️blum habis 1 pot flek mulai pudar,7472351771025755410
42,2,254,V5D0267,7430072314844480262,Neutral,dokter tolongdong putri glo aman engga,7428436533981613318
42,2,255,V5D0268,7357877721735332614,Negative,"@user :muka keriput pake apa..ini mmpung belom parah masih tanda"" ..😭😭😭😭",7357662447248968966
42,2,266,V5D0279,7358385241129517825,Neutral,moistnya esate lauder tu pakai pagi & malam kan ? tlg siapa bantu jawab,7357662447248968966
42,2,267,V5D0280,7226259967468012315,Neutral,pernah purging?,7185096421220158747
42,2,271,V5D0284,7422681512833630982,Negative,mereka claim produknya sendiri...lebih baik beli brand2 yg memang sdh diakui sprti wardah loreal skintific..jangan beli yg produknya dari owner perseorangan..,7421104723333483782
42,2,278,V5D0291,7589120809390752520,Neutral,ci ini boleh di gabung ga?,7586827398084136200
42,2,279,V5D0292,7421919025287938821,Neutral,kan gak pernah pakak..tau dri mana klo gak ngefek😂😂...pigmen kulit stiap orang beda,7421104723333483782
42,2,287,V5D0300,7357966488806163205,Positive,mau ikutan ah kak sapa tau cocok 🥰,7357662447248968966
42,2,304,V5D0317,7430110365348201221,Neutral,ini bisa buat kulit berjerawat gk?,7429636271552728326
42,2,305,V5D0318,7286459273470509829,Positive,sukses selalu,7284446766534102277
42,2,323,V5D0337,7421353330138350341,Neutral,wkwkwkwkwkwkwkw wkwkwkwkwkwk wkkwkwkwkw kwwkwkwkkww kwkwkw @user gimana nih dok?,7421104723333483782
42,2,325,V5D0339,7422874024470512390,Negative,untung ga jadi beli🫢,7421104723333483782
42,2,326,V5D0340,7382073462989685509,Neutral,cream buat malamnya ada gak?... 🙏,7363584993148357894
42,2,352,V5D0367,7334535180910199557,Neutral,untuk umur 15 boleh gsih?,7313744314927041797
42,2,359,V5D0374,7358870448745399045,Neutral,"kalo retinolnya pake daviena ini, pas eksfo pake avoskin lactic boleh gaa kak?",7319688011891936517
42,2,363,V5D0378,7503382989650461447,Neutral,hasilnya seminggu kemudian mana kak?,7262186413284822277
42,2,367,V5D0382,7425814945621738246,Neutral,itu brp gr,7418514646698642693
42,2,375,V5D0390,7428721627371848453,Neutral,coba amura dok,7428436533981613318
42,2,378,V5D0393,7449831994965869330,Neutral,brrti cream siangny dri maryame trs fc moist dan ss dri merk lain blh gk ka ?,7429265515434036485
42,2,386,V5D0401,7421331163879572230,Neutral,abis tantrum trs nangis skrg bru sdar🗿,7421104723333483782
42,2,388,V5D0403,7600209196361270036,Neutral,ngaruh ga mba?,7523137946246008069
42,2,395,V5D0410,7461956409942721288,Positive,serius beb aku beli waktu owner live ambyar 2 retinol 100k😭,7418812570569641221
42,2,397,V5D0412,7359432950708781829,Neutral,pke produk doang gak treatment ya hampa to syang😂,7340938843190725893
42,2,399,V5D0414,7596262143189222151,Neutral,salah pabrik tapi sekarang ttp masih produksi di pabrik itu lagi ? ini konsepnya gmna sih 🙏,7596239649517899016
42,2,402,V5D0417,7421204986246136581,Negative,kalah jug mrntalnya..😁nitizen ko d lawan😂simpan sj uangmu..,7421104723333483782
42,2,409,V5D0424,7404723556577592069,Negative,merkuriiiiii itu kak,7385065641595653382
42,2,441,V5D0457,7428527236854498053,Neutral,dokter coba cek kedas beauty dok,7428436533981613318
42,2,442,V5D0458,7428562727986021125,Neutral,"dok,, review lavees cosmetik dong,,,,",7428436533981613318
42,2,443,V5D0459,7388047254906667782,Neutral,kk serum originote vit c bisa di ganung sama moist g2g yg ping gk?tlng bntu jwb ya kk mkasih🙏,7314309007341063429
42,2,444,V5D0460,7364426048546652934,Negative,"gw pake ini metode sandwich 1 mggu 2x kluar beberapa jerawat gede,trus 1 mggu 1x sama aja.akhirnya aq stop dlu ngilangin jerwatnya.lanjut apa gak ya?",7359717817601543429
42,2,453,V5D0469,7422893085237199637,Neutral,memperkaya diri dengan mengorbankan org lain,7421104723333483782
42,2,455,V5D0471,7315580194844001029,Neutral,sebenarnya serum acne nya disarankan pda malam hari karna malam hari kita tidur jadi cepet sembuh nya di bandingkan di pake pagi hari yang kita me-,7306081689422351622
42,2,456,V5D0472,7286007396114973446,Neutral,dipake setelahh krim pagi kak?,7284446766534102277
42,2,458,V5D0474,7331265862643942150,Negative,klo buat yg tipe kulit normal to dry pake apa yg bgus😔btw kulitku badak bgt😔,7270117302614478086
42,2,464,V5D0480,7357905077607449350,Negative,ini kalo niru beli saya puasa 1 tahun kak😭,7357662447248968966
42,2,466,V5D0482,7355756025897403142,Neutral,kalau udah pakai 2 ini gak perlu pakai mois?,7270117302614478086
42,2,471,V5D0487,7429739557694456594,Neutral,whitelab dong dok 😁,7428436533981613318
42,2,472,V5D0488,7360257027970450182,Positive,mirip loverrukk dikit,7357662447248968966
42,2,474,V5D0490,7428441705572336390,Neutral,putri glow bpk fery🥺,7428436533981613318
42,2,476,V5D0492,7186112718947435291,Neutral,bisa kalau kulitnya udah toleransi (tiap malam hari),7185096421220158747
42,2,477,V5D0493,7428440682564649734,Neutral,hanazui dok,7428436533981613318
42,2,478,V5D0494,7369301233809736454,Positive,"di aku ngaruh dikit, noda hitam bekas jerawat, bahkan bekas luka jadi berkurang",7145783136914296090
42,2,479,V5D0495,7507916895397266196,Neutral,"fw wardah aku, moisny skintific, sunscreen facetology",7279666593129434374
42,2,484,V5D0500,7596247319642014472,Positive,semangatt bu owner cantikk🥰,7596239649517899016
42,2,487,V5D0503,7317493942403531525,Neutral,baginda raja plissss jawab klo masih ada jerawat on off bole pake nggak?,7312025661835578629
42,2,496,V5D0512,7432169371277591302,Neutral,"lengah dikit buka tiktok , daviena, glowglowing, maryame .",7421835937988070662
42,2,504,V5D0520,7428571596284297990,Neutral,skincare yang aku pke blm ter review,7428436533981613318
42,2,505,V5D0521,7367333860603970309,Positive,"aku pakai ini bagus bnget gk ada ngelupas,dan sekarang gk jerawatan lg",7359717817601543429
42,2,513,V5D0529,7619015755362976530,Positive,aku uda pakai banyak botol tapi belum ada perubahan cerahnya. tambah alus iya tapi kalo cerah ga,7429265515434036485
42,2,515,V5D0531,7189256002364736282,Neutral,"bantu jawab ya kak don't forget reapply sunscreen siang sampe sore kak, pengalaman aku awalnya aku juga kusam setelah di cari tau kurang jos di sc",7188119070884056347
42,2,516,V5D0532,7221876623283618587,Neutral,kalau pakai retinol the originote di tambah serum vit c avoskin bagus ga🙏,7185096421220158747
42,2,517,V5D0533,7394380256469533445,Neutral,kalo pake retinol tu bisa dipake sleepmask apa 60detik trs dibilas si gais? masi bingung🥺,7378347819268082950
42,2,518,V5D0534,7317327682290139910,Neutral,kk ini udah bpom blm sii?,7313744314927041797
42,2,523,V5D0539,7430036877762069255,Neutral,katanya makeup nya sudah gak beredar..koq ini beredar lagi..apa cech,7429636271552728326
42,2,530,V5D0546,7420113438171972358,Negative,aq udah tau isiy gk sesui wdahy. males bli 🙅‍♀️,7389110955214490886
42,2,535,V5D0551,7131504500422394650,Positive,bener bgt aku masih semingguan udah cerah bgt 😁😁,7129446710400601371
42,2,537,V5D0553,7317334750782898950,Neutral,untuk cowok bisa kak,7313744314927041797
42,2,542,V5D0558,7421826715960640261,Negative,dia kaya dari duit customer,7421104723333483782
42,2,544,V5D0560,7310170521257526021,Neutral,pakai niacinamide wajib pakai toner ga ka?,7270117302614478086
42,2,546,V5D0562,7388781962108633862,Positive,mau,7378347819268082950
42,2,554,V5D0570,7418898941242278661,Negative,😩😩,7418812570569641221
42,2,556,V5D0572,7228961271960781595,Neutral,maju mundur mau beli azarine atau the originote karna gw pemula banget mohon bantuan nya guys🥺,7185096421220158747
42,2,580,V5D0596,7428645246266082055,Neutral,skinaza dokkkk sama kymskin,7428436533981613318
42,2,582,V5D0598,7207406424556946203,Neutral,"kak,kalo ceratinol the originote pernah coba gak..spill dongs..😁",7185096421220158747
42,2,585,V5D0601,7597770970602504977,Positive,"kak kk kuat bgt sih dan bangga nya aku tuh kk ttp semanagt walaupun ya allah kak banyak bgt cobaan nya kk di bisnis ini semoga kk slalu kuat slalu menjaga prodak kk semoga kk di curangi pihak ketiga terus doa terbaik lah buat kk,semoga kk di permudah ya segala urusan nya hasilnya #kulitsehat bgt wajib di #skincareroutine harian",7596239649517899016
42,2,586,V5D0602,7422228722256544518,Negative,lah.. hasil doktifnya mana? 😂,7421835937988070662
42,2,589,V5D0605,7428558838905684737,Neutral,krim anzora dok aman gak🙏🏻,7428436533981613318
42,2,596,V5D0612,7381056111942075142,Neutral,"ndak ka, kalau lg retinolan tu retinol duluan",7378347819268082950
42,2,609,V5D0625,7398108371004113682,Neutral,satu pket berapa? tpi sayang jauh lah,7385065641595653382
42,2,611,V5D0627,7306837881149981445,Neutral,busui bisa gak?,7291631421565832453
42,2,620,V5D0638,7419646837675655941,Neutral,ka klo serum hyalu c+mois originote hyalucera bisa?,7235406683676167430
42,2,630,V5D0648,7330858042642596614,Neutral,retinol buat kulit sensitif bisa gak si😩,7312025661835578629
42,2,632,V5D0650,7580165088302105351,Neutral,masih ada ga ka??,7262186413284822277
42,2,638,V5D0656,7328076938319987462,Neutral,"npure cica kak, boleh kah sebelum pake retinol?",7313744314927041797
42,2,643,V5D0661,7470169873571808055,Neutral,premiere beaute cek dok🙏,7428436533981613318
42,2,645,V5D0663,7401073968936190726,Neutral,1 pket nya brph emng tth,7385065641595653382
42,2,650,V5D0668,7358747283016499973,Negative,bukan nya berbahaya yh merek deviena liat di yt dr.richart lee #skincareroutine harian wajib coba dan juga #skincaretips penting banget,7340938843190725893
42,2,655,V5D0673,7485287995295220486,Neutral,brp ya k,7279666593129434374
42,2,656,V5D0674,7459698669538231058,Neutral,gmna kak masih pakek cream maryam nggak..riviewnya dong,7424146834534239493
42,2,657,V5D0675,7312106906608042758,Neutral,usia 18 blh gk sih,7312025661835578629
42,2,672,V5D0691,7367799658213491461,Neutral,lu pada ngomongin skincare yg malah under 1 juta😂 liat tuh sk 2 tauu ga harganya brp????😂😂,7357662447248968966
42,2,677,V5D0696,7396300229253022469,Neutral,kalo jerawat bisa pake retinol ga sih?,7378347819268082950
42,2,684,V5D0703,7422820600689738501,Negative,overclaim,7389110955214490886
42,2,686,V5D0705,7181376667158610715,Negative,"aku pake originote satu set,kok malah kusam yaaa😭",7145783136914296090
42,2,691,V5D0710,7299491805510337285,Neutral,berapahan ka?,7291631421565832453
42,2,694,V5D0713,7362760730779616005,Neutral,emg harus pake ss kalo pagi. kalo malem jgn lah wkwk sayang duit nya,7314309007341063429
42,2,695,V5D0714,7595116704122077969,Neutral,klu siang pake maryame.. malam ny pake skintific boleh gak ya...,7507827983269350661
42,2,699,V5D0719,7127057753080152859,Neutral,kak bagus the originote apa somethinc #kulitsehat dengan produk ini #skincaretips wajib dicoba,7122773893844061466
42,2,701,V5D0721,7379946373913346821,Neutral,kaka pake 3x seminggu setiap mau tidur ya ka ?,7313744314927041797
42,2,702,V5D0722,7186164376185275163,Positive,oke makasih kak. si avoskin ini emang byk bgt yg rekomendasiin ini,7185096421220158747
42,2,703,V5D0723,7421879560059355909,Positive,"iya iya,aku pindah hanasui babay🥰",7421104723333483782
42,2,706,V5D0726,7421907017823306502,Negative,lha kemarin masih flexing ...,7421104723333483782
42,2,708,V5D0728,7477109059117810450,Neutral,aq jrwtan mau nangissss😭😭😭,7429636271552728326
42,2,720,V5D0742,7338447818037003013,Neutral,kak kalo pemula pake retinolnya tiap malam ?,7314309007341063429
42,2,722,V5D0744,7362935862613590785,Neutral,"mình pass cả2, mới dùng 2 lần ạ",7235406683676167430
42,2,727,V5D0749,7227789969930421019,Neutral,retinol bisa ga kak buat nyembuhin urat”di muka??,7185096421220158747
42,2,730,V5D0752,7226313920100909851,Neutral,gluta bright serum bisa dipakai setiap hari kak?,7222981366173011226
42,2,737,V5D0759,7627431540138132231,Neutral,kak skrng pakai skincare apa,7430007251076697350
42,2,740,V5D0762,7428726838706979589,Positive,🥰🥰🥰🥰🥰🥰 klo yg cek dr.ini aq suka,7428436533981613318
42,2,746,V5D0768,7418877886965138182,Positive,"tapi kayanya awet ko kak, aku aja pake nya dikit tapi udah glow baguss 😁",7418514646698642693
42,2,747,V5D0769,7428785012152075013,Neutral,cream zeluxe dong dok,7428436533981613318
42,2,753,V5D0775,7421713253213389573,Negative,saya tinggal di kota palembang sumsel..daviena itu org jambi...dinkota ini mana ada yg pakek produk dia..tdk di kenal orang di kota ini...kok bisa2 nya di luar pulau bnyak yg beliii🤣🤣🤣🤣🤣🤣.,7421104723333483782
42,2,761,V5D0783,7402388015852929798,Positive,@user ✨🌈,7378347819268082950
42,2,766,V5D0788,7430421378194653957,Neutral,dok prodak dorskin aman nggak? ☺🙏,7428436533981613318
42,2,768,V5D0790,7461984986057540370,Neutral,"ada yg mau gantiin gk ? beli di owner lgsg msh ada box+cara pakai, day cream msh segel, night care+fw msh 98% minat dm ya, bisa co di oren kalo mau 🥰",7429265515434036485
42,2,769,V5D0791,7248778604158583557,Positive,the originote emang bagus yaaa,7194330759329631514
42,2,783,V5D0805,7354690934196192018,Negative,"pokoknya klw ad riview bgini, tpi gak trlalu puas dengarnya pst @user daviena skincare gak akn posting ulang😂😂",7340938843190725893
42,2,785,V5D0807,7428543449080955655,Neutral,dok tolong yessica dok aman gk ?? ak mw co ragu2🥲🥲,7428436533981613318
42,2,797,V5D0819,7421874566928663302,Negative,"udah kaya melintir ini, aman lah",7421104723333483782
42,2,804,V5D0826,7439420525141328647,Positive,spill bajunya #pinjem seratus 🗿 cocok masuk #skincareroutine,7428436533981613318
42,2,805,V5D0827,7135754334742938394,Neutral,boleh dipake tiap hari?,7129446710400601371
42,2,807,V5D0829,7345325089178927878,Positive,tim pake retinol azarine nampooll 😂,7340938843190725893
42,2,813,V5D0835,7225422393333613338,Neutral,jd moisturizer the originote di gabung sm serum wardah oren kak?,7194330759329631514
42,2,824,V5D0846,7212671125078852379,Neutral,bingung antara the originote atau azarine,7185096421220158747
42,2,825,V5D0847,7213212866144912155,Neutral,avoskin & skintific dong,7185096421220158747
42,2,826,V5D0848,7346249836465341190,Neutral,boleh ngak sih kak pakai retinol azarine tp moist nyan pakai skintific 🙃,7327630114282573061
42,2,837,V5D0859,7311402975774163718,Neutral,ka aku pake acne b5 sama astachiol gimana ya cara pakenya??,7306081689422351622
42,2,840,V5D0863,7421568723998540550,Negative,huuu mhon maaf? balikin tu duit smua org yg udh ketipu sm km mba 😭😭,7421104723333483782
42,2,854,V5D0877,7529234924025905940,Positive,💯,7430007251076697350
42,2,857,V5D0880,7439937642861069064,Neutral,"klo sdh pakai crem siang, perlupakai sunscreen lg gak kak?",7385065641595653382
42,2,860,V5D0883,7429283354283705096,Neutral,beli di mana ya cream nya,7428436533981613318
42,2,867,V5D0890,7360287133611934469,Negative,yakin puluhan botol ?? yaiyyalah d endos 🤣...mna botol nya coba,7357662447248968966
42,2,874,V5D0897,7428543715701408518,Negative,ko kaya ikutin doktif si dok,7428436533981613318
42,2,877,V5D0900,7429243619733095173,Neutral,dok coba charismalux skincare dok..,7428436533981613318
42,2,882,V5D0905,7596249295739011858,Positive,yng pntng klu d komen jngn mrah hrus mmprbaiki .. smngt yahh kk 🥰🥰🥰,7596239649517899016
42,2,884,V5D0907,7596456593643569928,Neutral,"kak mending pilih yg pasti2 aja deh, kayaj wardah viva avoskin. dibanding nanti nyesal 😌",7596239649517899016
42,2,894,V5D0917,7476722075688977158,Negative,iya sama kak aku pake day cream nya aja jadi jerawat gede gede mendem lagi,7262186413284822277
42,2,903,V5D0926,7431074526119019269,Neutral,dok tolong cek skincare rci dong ?,7428436533981613318
42,2,904,V5D0927,7428775837903733511,Neutral,dok charismalux dong sliweran mulu,7428436533981613318
42,2,909,V5D0932,7436668274957861650,Neutral,ada yg untuk kulit yg berjerawat nggk?,7385065641595653382
42,2,917,V5D0940,7455721579898225426,Negative,tahi lalatnya pun langsung hilang ya kak😂😂😂,7429265515434036485
42,2,918,V5D0941,7230256714229056283,Neutral,cara pesan nya gimana,7194330759329631514
42,2,932,V5D0956,7324266967304504069,Negative,"aku pake the originote, tapi kalau habis itu aku ganti wardah acne dream soalnya kek sama ajah gitu, tapi lebih mahal the originote hohoho",7270117302614478086
42,2,935,V5D0959,7429999874567357189,Neutral,keranjang krimnya gk ada,7429636271552728326
42,2,940,V5D0964,7403332791587783425,Positive,want to try sister🥲,7389110955214490886
42,2,952,V5D0976,7198752630121136922,Neutral,"serum the originote boleh di pake bareng moist skintific yang pink sama ss azarine, ga sih?",7145783136914296090
42,2,958,V5D0982,7227676993152107270,Neutral,bsa untk umr 14 ngga ka?,7167562475641048347
42,2,969,V5D0993,7429248183777166085,Neutral,@user . oky pratama real dok tolong cek ls skincare tolong bgt aku usa setahun pakai tkut ada ap2 nya 🙏🙏🙏🙏🙏,7428436533981613318
42,2,971,V5D0995,7551353788402615048,Neutral,dipake nya malam hari atau pagi/siang hari?? #mohon dijawab krn aku udah beli #skincaretips wajib dicoba,7122773893844061466
42,2,973,V5D0997,7406272346392544006,Neutral,kk klu buat muka mrintis bs gk,7385065641595653382
42,3,0,V5D0001,7378281168229483270,Neutral,msh kak?,7340938843190725893
42,3,6,V5D0008,7404712765484532486,Neutral,kak itu dia bisa sebegai sunscreen? tapi kok kaya sedikit ya kak make nya? apa cukup buat nangkal sinar uv? rill nanya kak🙏,7385065641595653382
42,3,22,V5D0024,7429265665872511764,Neutral,knpa ff nggak pernah di reviuw,7428436533981613318
42,3,42,V5D0045,7422270687748539141,Negative,benar ramalan hard gumay.. akan ada skincare yg gulung tikar,7421104723333483782
42,3,43,V5D0046,7263047975642071813,Neutral,gmn cara pakai nya rangkaiannya apa aja??,7242204399928593669
42,3,50,V5D0053,7354309625463702278,Positive,awal puriging jerawat gede bat 2. abis itu byee rata muka gw😭🙏,7314309007341063429
42,3,51,V5D0054,7430708336749921030,Neutral,"dok,apakah cream zeluxe aman kah ?",7428436533981613318
42,3,57,V5D0060,7421232745344631558,Neutral,"dia tetap playing victim kok kak. perhatikan saja kalimat ""dituduh secara brutal""",7421104723333483782
42,3,58,V5D0061,7422641132512019206,Negative,klo udah gini baru panik,7421104723333483782
42,3,60,V5D0063,7430131200897991445,Negative,"@user .okypratamaa_kedua astaghfirullah dok, biar apa coba? memangnya ini bagian prioritas dokter oky ya? mending cari kesibukan lain dok🙏 stop mencari2 kesalahan orang. mending perbanyak ibadah aja dok",7428436533981613318
42,3,63,V5D0066,7291827364518291296A,Positive,"udah repurchase ke-6 nih azarine, ga bakal ganti lagi 🔥",7327630114282573061
42,3,68,V5D0071,7431231439754576645,Positive,salfok sama bajunya pinjam seratus 😅😅😅,7428436533981613318
42,3,70,V5D0073,7286629712545628933,Positive,pen coba🥰,7284446766534102277
42,3,77,V5D0080,7421326666972005126,Neutral,kejayaan ada masa nya,7421104723333483782
42,3,82,V5D0085,7442710503598801720,Neutral,sunscren nya ad gak,7429636271552728326
42,3,88,V5D0091,7384456174630765318,Neutral,kalo ga pake moist gpp kah? soalnya aku ga cocok pake moist,7378347819268082950
42,3,92,V5D0095,7429283486462903057,Neutral,bajunya kok langka semua ya dok😅,7428436533981613318
42,3,96,V5D0099,7499435142189089554,Neutral,mau yg dark spot nya kaaa..,7472351771025755410
42,3,97,V5D0100,7312037181693952774,Neutral,kalau retinol daviena sama retinol skintific bagusan mana baginda @user,7312025661835578629
42,3,104,V5D0107,7402212044461572870,Neutral,dalba dipakai malem bareng retinol apa gmn kak?,7357662447248968966
42,3,110,V5D0113,7262282647929701125,Positive,"iya karna bahanya aman jadi memang butuh waktu lebih lama ,rutin aja dlu ya",7242204399928593669
42,3,111,V5D0114,7289031409960256261,Neutral,aku jg co di tiktokshop pas penutupan harga 99rb ajaa 😂,7289028668863663365
42,3,122,V5D0126,7276968479436079877,Neutral,boleh di pake di kulit sensitif ga?,7270117302614478086
42,3,126,V5D0130,7335028321748812549,Neutral,"tolong recommend retinol originote, pratista, somethinc, atau breylee? 🥺 #skincaretips wajib tau",7185096421220158747
42,3,133,V5D0137,7426041386850337541,Neutral,berapa persen niacinimide serum c nya?,7235406683676167430
42,3,135,V5D0139,7596484652115280661,Negative,ga mau salah bgt😭,7596239649517899016
42,3,137,V5D0142,7424549561480250118,Positive,"ya kalo gak ada yg berani mah , gak bakalan kebuka minusnya kosmetik2 yg kurang baik",7421104723333483782
42,3,142,V5D0147,7422844901123752710,Neutral,"telattt, kemarin ketawa"" cb dr awal kyk gini 😎",7421104723333483782
42,3,143,V5D0148,7398393910903128837,Neutral,untuk umur brapa ka,7397028146429709573
42,3,146,V5D0151,7435202005210465079,Positive,pinjem seratus dok😭,7428436533981613318
42,3,147,V5D0152,7397688210815894277,Positive,wishlist aww😭,7397028146429709573
42,3,149,V5D0154,7431074034856575764,Neutral,ms glow aman g sih dok?🥺,7428436533981613318
42,3,150,V5D0155,7428456495719678726,Neutral,@user gelow dong dok 🙏🏻,7428436533981613318
42,3,162,V5D0167,7228943450627818266,Neutral,retinol the originote sm retinol azarine bagusan mana buat kulit normal umur 18th cuma ada bkas jrwt & kusam?? tlng dijawab y k,7185096421220158747
42,3,174,V5D0181,7429140132215571216,Neutral,arumi glow dok,7428436533981613318
42,3,179,V5D0186,7421350073168249605,Neutral,"tapi kk kayaknya bukan karna gak cocok kak,mungkin sunscreen kk belum benar aja pakai nya kak, soalnya kalau gak cocok tu jerawatan atau panas gitu",7421104723333483782
42,3,183,V5D0190,7596978948186489621,Neutral,kak boleh ga kalo facial wash nya salicil acid habis tuh pake serum originote hyaluc?,7235406683676167430
42,3,186,V5D0194,7428742399616647943,Neutral,chalonese dok plis,7428436533981613318
42,3,188,V5D0196,7601125604926554901,Neutral,kok bisaaaaa😭,7596239649517899016
42,3,197,V5D0205,7421856464825254661,Neutral,nyapo......terbukti opo piye,7421104723333483782
42,3,201,V5D0209,7341001517657359109,Negative,"gk se wow itu kak trnyta😭aku kdg ttep pake tp buat siang itu jg gk tiap hari,klo pke malem bsoknya merah2",7312025661835578629
42,3,204,V5D0212,7429782663776731910,Neutral,coba skincare nadfiecha aesthetic dok🙏🏻,7428436533981613318
42,3,211,V5D0219,7422152257032536837,Positive,semngat trs ya bu ownerr smgaa mslhnya cpet selesai😊😇 jangan menyr setiap orng pasti juga punya maslh,7421104723333483782
42,3,217,V5D0226,7312029508327408389,Neutral,ini dipakainya habis moist skintific aman? atau cukup ini aja?,7312025661835578629
42,3,220,V5D0230,7285026497781023493,Neutral,pake tiap hari?,7284446766534102277
42,3,223,V5D0233,7421552742801769221,Negative,🤣🤣🤣🤣🤣🤣 mkny jjr,7421104723333483782
42,3,228,V5D0238,7310495560182956805,Negative,dosisny tinggi ga btw🥺,7289028668863663365
42,3,230,V5D0241,7428492089111347976,Neutral,zelux skincare dok,7428436533981613318
42,3,232,V5D0243,7472240111187837716,Neutral,ini jualan?,7385065641595653382
42,3,235,V5D0246,7429710578112873221,Neutral,animate di cek dong dok,7428436533981613318
42,3,237,V5D0248,7315742221838844678,Neutral,ka aturan pakainya setelah serum acne eiem itu wajib pake moist gk? soalnya aku mlah jd byk brutusn krna ga pke moist🥺,7185096421220158747
42,3,238,V5D0249,7388484413699490565,Neutral,kak kalo semisal moist nya pakek merk lain gimana ya bisa gak ya ??? pliss jawab kak🙏🏻 terimakasih,7376604456818920709
42,3,239,V5D0250,7429134512951264005,Neutral,skincare adleeva dok 🙏🏻,7428436533981613318
42,3,251,V5D0264,7428477246225335046,Neutral,nuface dol,7428436533981613318
42,3,258,V5D0271,7436906785996423943,Neutral,brapa,7385065641595653382
42,3,269,V5D0282,7320859902308631302,Neutral,hyalu c serum isi nya di kalian bening or kuning??,7306081689422351622
42,3,270,V5D0283,7470356733387883284,Neutral,ada yg mau gantiin paket acne maryame aku gk? baru dipakai 5 kali masih penuh,7429265515434036485
42,3,273,V5D0286,7450473741806928661,Positive,alhmdulillah cocok walaupun harganya wow. nanti order l❤️🥰,7421835937988070662
42,3,276,V5D0289,7379414727000523525,Neutral,boleh dipke tiap mlm ga retinolnya ?,7378347819268082950
42,3,277,V5D0290,7428467529268134662,Neutral,wbs kosmetic dok,7428436533981613318
42,3,280,V5D0293,7422692250180485893,Neutral,"langsung ke inti nya ajaa, ini kenapa ya serius nanya😭",7421104723333483782
42,3,282,V5D0295,7428567760705667846,Negative,"cream malam h&h dok dari dr kamila jaidi, saya pas berhenti pkek itu jerawat muncul semua😭 sekrng jadi ketagihan😭",7428436533981613318
42,3,283,V5D0296,7223560620402131739,Neutral,mau cobain serum b3ny the originote tpi kta dokter dokter ga boleh pake niacenemide di atas 5%,7208499827234131226
42,3,288,V5D0301,7596262281970762512,Positive,kaaa sabar yaaaa msihh setia sma daviena mlhhan jerawat kuu ilang karena daviena🥰🥰,7596239649517899016
42,3,290,V5D0303,7361609549465682695,Neutral,harga nya berapa mbk,7361323225038540037
42,3,291,V5D0304,7428554548510180102,Positive,@user dok🙏,7428436533981613318
42,3,298,V5D0311,7421196085283193605,Negative,buktinya mana ??? cc @user,7421104723333483782
42,3,308,V5D0322,7428559862740189958,Neutral,seruni dokk,7428436533981613318
42,3,311,V5D0325,7428561017163514625,Neutral,sama yang krim malamnya warna ungu bukan kak jelly sama toner,7428436533981613318
42,3,319,V5D0333,7358269639912145669,Neutral,bisa buat kulit sensitif gasi?,7357662447248968966
42,3,322,V5D0336,7435178561441465095,Neutral,beli dinn,7385065641595653382
42,3,327,V5D0341,7391505530118406917,Positive,@👌👌👌👌👸👍🌹🌹❤️,7385065641595653382
42,3,328,V5D0342,7422802326895624965,Neutral,nah klu dr awal.ke gini minta maaf ga akan diserang netizen,7421104723333483782
42,3,332,V5D0347,7436002969713427201,Neutral,brpaan,7385065641595653382
42,3,333,V5D0348,7430017472550699781,Neutral,"sold out truz,pdhal crem malam tinggal dkit drmah",7429636271552728326
42,3,339,V5D0354,7209246334254449435,Neutral,"mending azarine atau originote ya guys? honest reviewnya dongg, mau co tp bingung",7185096421220158747
42,3,342,V5D0357,7358290970628227846,Negative,aamiin .. makasih ka berhenti krim etiket biru nya dokter ya allah muka bruntusan semua 😭,7284446766534102277
42,3,344,V5D0359,7506484875252695815,Neutral,skrg pindah pake apa kak?,7279666593129434374
42,3,349,V5D0364,7429725517186777861,Neutral,dok coba cek cream rr beauty all in one.? soalnya anak saya pakai.,7428436533981613318
42,3,368,V5D0383,7129780359894041371,Neutral,minimal umur brp si kk,7122773893844061466
42,3,370,V5D0385,7463686725706531602,Negative,q ada night dan day yg pink masih segel. terlanjur stok ternyta di aku bruntusan. jual rugi aja? dm ya,7429265515434036485
42,3,376,V5D0391,7271591355427373829,Neutral,"krn area deket mata, bibir dan hidung lebih tipis jadi hindari pemakaian di area itu. cmiiw",7270117302614478086
42,3,380,V5D0395,7471535690979934992,Negative,iya ka klo abis pake day creamnya pda di serbu e comedo ih,7279666593129434374
42,3,382,V5D0397,7428760668075819781,Neutral,dok coba gloglowingg,7428436533981613318
42,3,400,V5D0415,7431134095440331527,Neutral,viral setelah dicek doktif oky 😁,7429636271552728326
42,3,404,V5D0419,7428625064844100359,Neutral,kf skin dok,7428436533981613318
42,3,407,V5D0422,7392560185485017862,Neutral,ka retinol daviena boleh di mix mois skintific yg niacinamide pink ga ka,7378347819268082950
42,3,408,V5D0423,7627317362082317074,Negative,aku bru co bntr lgi smpe gimna ni bu owner msi aman kah di pke😭,7596239649517899016
42,3,411,V5D0426,7428858051908518674,Neutral,dok tolong review cream ciglow 🙏,7428436533981613318
42,3,415,V5D0430,7360987376292676358,Positive,aku kemaren pake tiap malam aman,7340938843190725893
42,3,418,V5D0433,7428459955710395142,Neutral,dok review charismalux dong @user .okypratamaa_kedua,7428436533981613318
42,3,420,V5D0435,7365389040390456069,Negative,biasanya orang2 gni dpt endors an cmn ngaku nya g di endors berkedok review jujur,7340938843190725893
42,3,424,V5D0439,7431010452530463494,Neutral,dok boleh tolong review skincare thailand q care white 🙏 @user .okypratamaa_kedua,7428436533981613318
42,3,427,V5D0442,7393997428980089606,Positive,"masih ka, akumau",7378347819268082950
42,3,428,V5D0443,7315340229861769989,Neutral,harus malah kak abs retinol harus ngt pake cream moisturizer,7237379067773766917
42,3,429,V5D0444,7421465379132048134,Negative,pantesan kaya mendadak😂😂,7421104723333483782
42,3,435,V5D0450,7372153939532301061,Neutral,"q jg pke sdh jln 4 pot ,msh d 5 pot lg yg mw q jual murce aj krn beli bnyak",7312025661835578629
42,3,446,V5D0462,7223215241575465754,Neutral,pigeon nya yg apa kak?,7194330759329631514
42,3,449,V5D0465,7421421131553850118,Positive,"skincare nya bukan berbahaya ya,,cuma kandungan nya yg gak sesuai klaim,& ini bukan kesengajaan juga, insyaallah kedepannya produknya akan jauh lebih bagus,spt kita yg mrsa di tipu,beliau juga di tipu",7421104723333483782
42,3,462,V5D0478,7423827689792357125,Negative,bruntusan bisa pke gk,7421364555957275910
42,3,463,V5D0479,7329538045564945158,Neutral,kak retinol daviena boleh ga pakek most skintific?,7319688011891936517
42,3,470,V5D0486,7357884348962079493,Neutral,"mall mall kaya gi, pim",7357662447248968966
42,3,480,V5D0496,7358173107779863301,Negative,takutnya muka siang tangan maghrib😂,7357662447248968966
42,3,488,V5D0504,7421698778862502662,Neutral,kmrn ketawa2 skrg bru mnta maaf🤣,7421104723333483782
42,3,489,V5D0505,7146537155904553754,Neutral,ini bisa di pake stiap hari kak?,7145783136914296090
42,3,490,V5D0506,7428534568397374226,Positive,aman ko kak kan ad disitu tertulis gak ada merkurinya 😁,7428436533981613318
42,3,492,V5D0508,7429257066198106886,Neutral,coba unic skincare dong dok🙏,7428436533981613318
42,3,511,V5D0527,7429132393128723208,Positive,"udah gak kepake kan dok krim nya??? boleh buat saya aja dok, daripada mubazir😁😁😁",7428436533981613318
42,3,520,V5D0536,7429050022912705286,Positive,dokter oki saya mau cream nya maryame nya klo udah enggak terpakek dok🙏🥰🥰,7428436533981613318
42,3,521,V5D0537,7421713542413730566,Positive,otw hanasui😁,7421104723333483782
42,3,522,V5D0538,7477196261969904391,Neutral,"kk yang serum hyalu+vitamin c,itu apakah aka kandungan,hyaluronic acid nya? dan apakah cocok buat kulit kering serum nya kk?",7235406683676167430
42,3,529,V5D0545,7312267949943227141,Neutral,busui boleh pake gasih,7312025661835578629
42,3,536,V5D0552,7308159382267790086,Positive,"banyaaak bet, nutrishee, avoskin yg alpha arbutin, the originote juga banyak nii di video ini👆🏻😊",7306081689422351622
42,3,539,V5D0555,7421286980628873989,Positive,tq doktif,7421104723333483782
42,3,541,V5D0557,7378411124293927681,Neutral,habis cuci muka pakai toner lg apa ga?,7378347819268082950
42,3,543,V5D0559,7428454859407491846,Neutral,produk fenny frans dok🙏,7428436533981613318
42,3,545,V5D0561,7421751589221991174,Negative,"demi tuhan walaupun aku g ada salah, aku juga g ada niat pake produk daviena, aku lega belum pernah beli produk daviena 🥰",7421104723333483782
42,3,550,V5D0566,7211545502368858907,Neutral,kalo retinol the originote dan pelembab nya skintific bisa gak sih?,7185096421220158747
42,3,552,V5D0568,7341415062076130054,Neutral,aku mau preloved retinol daviena ada yang mau?,7340938843190725893
42,3,565,V5D0581,7430093962310025992,Neutral,jenem glow dong dok.. please,7428436533981613318
42,3,568,V5D0584,7209274227056018203,Positive,mending pake originote astachiol ka,7185096421220158747
42,3,581,V5D0597,7357910330913866502,Neutral,"iya tiap hari abis cuci muka kaya tonerr abis itu pake serum, dan moist kaya biasa",7357662447248968966
42,3,590,V5D0606,7257155956555252486,Neutral,kalau gitu cocok nya pake toner yg mana ya??,7242204399928593669
42,3,592,V5D0608,7312225890799239937,Positive,langsung chect out kalo banginda udh kasi 10/10 manjalita ulalaaaa🥰,7312025661835578629
42,3,595,V5D0611,7456422205879698183,Neutral,kakak pakai serum lagi ga sblm pemakaian daycream,7430007251076697350
42,3,607,V5D0623,7421217151782781701,Positive,"lw g ada foktif mungkin masih bnyk korban2 masyarakat , kasian masyarakat habis2an 🤣🤣🤣",7421104723333483782
42,3,610,V5D0626,7361232832751076102,Positive,murah meriah....,7340938843190725893
42,3,616,V5D0634,7421489865839313669,Negative,seharusnya dr awal diam..introspeksi.. mintamaaf lebih elegan..drpd teriak panas panas panas,7421104723333483782
42,3,617,V5D0635,7421558771988595461,Negative,liat ownernya udh gak tertarik beli kak🤣🤣,7421104723333483782
42,3,622,V5D0640,7358420239945696006,Neutral,ada yang mau gantiin retinol daviena aku ngga? masih baru,7340938843190725893
42,3,626,V5D0644,7312715538097881861,Neutral,bagusan daviena apa avoskin??,7312025661835578629
42,3,633,V5D0651,7378547325406724870,Neutral,sblum retinol blh pake serum ga? @user tolong dijawab,7378347819268082950
42,3,634,V5D0652,7185942225934746395,Positive,eiem cintaku wlopun lama efeknya tp gapapeeee😭😭🤟,7185096421220158747
42,3,640,V5D0658,7428853330980291333,Neutral,dok kalo monwhite gimana 🥺,7428436533981613318
42,3,641,V5D0659,7443972500545127176,Positive,"alhamdulillah aku pakai juga udah lama,tpi habis stok ga tau kenapa ownerx blum jual 🥹",7428436533981613318
42,3,647,V5D0665,7195942615116120858,Positive,nice info ote chekout,7167562475641048347
42,3,653,V5D0671,7421720899924181766,Positive,"bagus hanasui....murah juga,isinya tidak abal2....tdk nipu2",7421104723333483782
42,3,658,V5D0676,7291827364518291786A,Positive,wah kak reply mulu 😂 beneran (160),7429636271552728326
42,3,660,V5D0678,7422990301986505478,Positive,aq pakai bagus bgt baru 1 minggu asli ni jujur,7421835937988070662
42,3,667,V5D0685,7428857120789267218,Neutral,adlevaa donk dok pliss🥰,7428436533981613318
42,3,676,V5D0695,7239147102642651909,Positive,plissss bgus bangett woyy😭,7194330759329631514
42,3,681,V5D0700,7424336032188973830,Positive,gpp sih yaa mahal klo manjur efeknya keliatan aku br pengin coba😊,7421364555957275910
42,3,685,V5D0704,7422499469767688967,Positive,tim yang hobby mancing 🗿😂,7421104723333483782
42,3,687,V5D0706,7425891960679826181,Positive,coba aku mau co penasan,7401739344085585158
42,3,689,V5D0708,7333633889121174277,Negative,aku pake retinol daycream temulawak jdi berjerawat😩,7319688011891936517
42,3,698,V5D0718,7323471158598550278,Neutral,"sepemikiran,,, gue pake retinol azarine mau comboin sm moist skintific yg pink aja gue ga berani, 😳",7270117302614478086
42,3,704,V5D0724,7453277503772312328,Neutral,ih bener jerawat malah tambah banyak pake maryame acne gimana dong ini😭,7279666593129434374
42,3,712,V5D0733,7246394430667162373,Neutral,"kalo tiap pagi serum vit c + ss , terus tiap malemnya moisturizing retinol , aman ga ka ??",7242204399928593669
42,3,716,V5D0737,7621513144074437383,Neutral,yang mencerahkan yang mana kk?,7306081689422351622
42,3,718,V5D0739,7460737028528276242,Positive,hai ogs! tidak perlu khawatir sekarang serum kita sudah reformula ya 😍,7459337971108515090
42,3,721,V5D0743,7312211617604420357,Positive,emang mantul banget retinolnya daviena tuh . aku dah habis 3 jar,7312025661835578629
42,3,726,V5D0748,7429755155941229317,Neutral,"dok seruni skincare dok, katanya aman buat bumil sama busui dok",7428436533981613318
42,3,729,V5D0751,7422966363545404166,Positive,tetap kely serum hanusui dan marina paling mantap dah ngefek bener ... milia hilang smpe akar2 nya,7421104723333483782
42,3,736,V5D0758,7422904657301340934,Negative,lagian kok mau mau nya sih pake cream yg dr org yg basic nya gda dr kesehatan..minimal dokter kek,7421104723333483782
42,3,738,V5D0760,7231724922862781211,Neutral,"kak mau tanya aq pake day dan night crem toner daviena, kalo serum nya ganti retinol the originote kira” bisa nggk ya",7185096421220158747
42,3,741,V5D0763,7291827364518291214A,Positive,baru order daviena semoga cocok kaya testimoni2 disini 🙏,7340938843190725893
42,3,764,V5D0786,7440847838386373432,Positive,"gapernah fokus ke produk, tapi selalu salfok sama kaos dokter lucu2🤣",7428436533981613318
42,3,767,V5D0789,7422821025110770438,Neutral,cari kekayaan dgn bodohi orang,7421104723333483782
42,3,774,V5D0796,7421731352520229637,Negative,makin kaya dia mahh😅,7421104723333483782
42,3,776,V5D0798,7422125354108142342,Negative,"untung gak pernah pake daviena. lbh percaya produk hanasui, pons, olay, garnier, wardah, sk11 masuk #skincareroutine aku",7421104723333483782
42,3,777,V5D0799,7596511490770076424,Negative,kak 😭😭,7596239649517899016
42,3,778,V5D0800,7378082439157449488,Positive,ak baru mau coobaa,7376604456818920709
42,3,790,V5D0812,7428562102396338949,Neutral,dok zyan glow skincare dok aku pake udah jalan 4 paket tapi cream malem nya ada tulisan klinik padahal ada label halal sama bpom nya,7428436533981613318
42,3,794,V5D0816,7434739306382263047,Neutral,dimna woy belinya 🥹,7428436533981613318
42,3,795,V5D0817,7418896861611197189,Neutral,"adaa yangg mauuu gantiin retinol davienaku? aku ada 2, lgsg dm ajaa yaaa🥺",7340938843190725893
42,3,796,V5D0818,7421431155021382405,Positive,"aku salah satu yg ngetag dia nyuruh buat minta maaf, bukan malah playing victim nyari pembenaran, akhirnya dia bikin jg video minta maaf, bukannya dr awal begini",7421104723333483782
42,3,798,V5D0820,7533843182586397448,Neutral,untuk jerawat ada kak?,7472351771025755410
42,3,808,V5D0830,7373924788002226950,Neutral,tiap malem pake gapapa kak?,7359717817601543429
42,3,830,V5D0852,7421348619309466374,Negative,panik pasti pembelinya berkurang 😀,7421104723333483782
42,3,834,V5D0856,7357729820916155141,Neutral,este yg anr worth every penny g ?,7357662447248968966
42,3,836,V5D0858,7361770630368838405,Negative,"cream malamnya aku blm coba kak 🥺 tapi harus liat isinya apa dulu, kalo aha/retinol mending pilih salah 1 aja",7359717817601543429
42,3,838,V5D0860,7428644515911713544,Neutral,dok glad2glow dok ....,7428436533981613318
42,3,841,V5D0864,7429092124836692757,Neutral,kalo onliyou gimana dok🙏🙏,7428436533981613318
42,3,844,V5D0867,7231059908393124635,Positive,keren kaka,7194330759329631514
42,3,851,V5D0874,7428463702829384455,Neutral,serum blemis vavl beauty dok,7428436533981613318
42,3,868,V5D0891,7474478508086166290,Neutral,kena basuh tk lepas tu,7145783136914296090
42,3,869,V5D0892,7532542644297024272,Negative,iya aku juga jerawatan terus muka gatal2,7122773893844061466
42,3,873,V5D0896,7390062328991056648,Positive,mau bgt pake kk aku ada flek hitam bandel🥺🙏,7389110955214490886
42,3,876,V5D0899,7429183390959043333,Negative,cba ms glow dok. brani gak? 😂 jgn tebang pilih,7428436533981613318
42,3,878,V5D0901,7422256288850068230,Neutral,"gue gak pake paling beli sabun muka aja yg facial wash doang, sisanya berwudhu ajaa🤭",7421104723333483782
42,3,883,V5D0906,7564732627813466887,Neutral,pake cream malam nya gak ka? sekintific retinol untuk malam hari bagus ka,7523137946246008069
42,3,887,V5D0910,7325026830090617605,Neutral,retinol daviena vs retinol avoskin bagus mana kak?,7312025661835578629
42,3,898,V5D0921,7430724037443322631,Neutral,1 pot u/ pemakaian brp lama sih?,7418514646698642693
42,3,906,V5D0929,7316772918313124613,Neutral,buat bertekstur bagusan azarine/eiem/originote,7185096421220158747
42,3,915,V5D0938,7379034747253048070,Neutral,mna keranjang kuning x teh,7361323225038540037
42,3,916,V5D0939,7421407663404352261,Negative,"klo ga di uji lab doktif, ga akn kebongkar kan? berdagang itu yg jujur. sekarang minta maaf, nangis2.. kemarin bilang panas panas 🔥🔥",7421104723333483782
42,3,919,V5D0942,7258353060636279558,Positive,originote emg deh gapernah gagal,7258280563352587526
42,3,929,V5D0953,7341028975865185030,Positive,kuningnya dari kandungan retinolnya kak bukan abal,7340938843190725893
42,3,941,V5D0965,7596575166102012679,Negative,"kan masih ada pabrik lain kenapa masih di pabrik sana,dan kenapa nggak di cek selama ini .......???? ini kyak menyalahkan pabrik, 😏😏😏",7596239649517899016
42,3,944,V5D0968,7421920754231460614,Positive,"pengguna skincare @user cushion,lipstik,premier, sunscreen,serum,seting spray ...bagus semua dan murah...pertahankan harganya jangn dimahalin yah hanasui ♥️",7421104723333483782
42,3,947,V5D0971,7188487048394523418,Positive,bisa bunda,7182401543491128602
42,3,955,V5D0979,7426332503847387909,Positive,iyah aman.... krn 0000🔥,7397028146429709573
42,3,959,V5D0983,7310095696719659781,Neutral,kk mois the originote yg brightening dicampur serum skintific yg pink boleh ngak?,7306081689422351622
42,3,966,V5D0990,7421326019841671942,Positive,😅😅😅😅😅😅,7421104723333483782
42,3,967,V5D0991,7363955762236900102,Positive,bliin gh mmh hapid.. 🥰,7363584993148357894
42,4,5,V5D0007,7205481982174708507,Neutral,xoba retinol implora ka,7185096421220158747
42,4,11,V5D0013,7348971114062004998,Positive,tp emng iyaa aku udah ngrasain sendiri,7340938843190725893
42,4,14,V5D0016,7371856064096404229,Neutral,d alba cocok ga buat oily skin&acne prone?,7357662447248968966
42,4,21,V5D0023,7396971488672334598,Neutral,ini untuk pemula aman ga kak pengen nyoba juga tapi takut masih pemula,7340938843190725893
42,4,30,V5D0033,7388871082793239302,Neutral,kk kalok selesai expo harus pakai skincare yg hydrating kalok pakek npure yg cica atau yg licorice? jawabb,7235406683676167430
42,4,34,V5D0037,7316417871726691077,Neutral,"wajahku agk kering, bruntus an, komedo an, sekarang agk jerawat an jugaa, gradakan pokonya mnding pake astachiol atau ceratides barrier?",7306081689422351622
42,4,36,V5D0039,7428467843191177990,Neutral,bogota dok ..,7428436533981613318
42,4,37,V5D0040,7392146535734018821,Negative,yg g cocok kantong nya kk😂,7389110955214490886
42,4,39,V5D0042,7422546942758273797,Neutral,untungnya aku ga pake ..,7421104723333483782
42,4,47,V5D0050,7421243631548285701,Neutral,🤭berasa ya mbak banyak stoknya yg gak kejual???😂😂,7421104723333483782
42,4,48,V5D0051,7429371249153426181,Neutral,cek cream erwa glow dok yang berasal dari sulawesi juga. soalnya saya ingin pakai cream tersebut karena banyak juga testi-testinya yang bertebaran. tapi saya ingin tahu dulu apakah aman?,7428436533981613318
42,4,52,V5D0055,7226164707778413338,Neutral,bagusan the originote atau azarine?,7185096421220158747
42,4,55,V5D0058,7378504446278337285,Positive,aku pakai daviena bikin glowing,7378347819268082950
42,4,56,V5D0059,7429196018933269265,Neutral,dok erha skincare gmn??,7428436533981613318
42,4,59,V5D0062,7429369065124758278,Positive,@user amann cahh,7428436533981613318
42,4,62,V5D0065,7596245886977999633,Positive,"sebagai mitra daviena, saya menjadi saksi bahwa produk intensive night cream with aha sudah ditarik secara massal sekitar 1 tahun lalu oleh @user daviena skincare penarikan ini dilakukan sebagai bentuk tanggung jawab dan kehati-hatian brand terhadap konsumen. kami sebagai mitra mengikuti arahan tersebut dan tidak lagi menjual produk terkait. semoga klarifikasi ini bisa meluruskan informasi dan memberi ketenangan bagi masyarakat.terimakasih🙏🥹",7596239649517899016
42,4,65,V5D0068,7151675086725645083,Neutral,kulit kering bisa pake yg mana ka,7145783136914296090
42,4,73,V5D0076,7255305345508934406,Neutral,bruntusan sm bekas jerawat bagusnya yang mna kak?,7242204399928593669
42,4,80,V5D0083,7333989331428672262,Positive,thankyouuu🫶🏻,7185096421220158747
42,4,86,V5D0089,7421368276100121350,Negative,baru aja dateng satu paket deviena sama retinol nya😓malah tau vidio ini,7421104723333483782
42,4,93,V5D0096,7188747827001508634,Neutral,gmana caranya,7182401543491128602
42,4,94,V5D0097,7418937311796888325,Neutral,klo lgi pke kb pke ini skinker ngaruh gk sih,7418514646698642693
42,4,102,V5D0105,7313400142961935110,Positive,otw langsung co😭😭,7312025661835578629
42,4,113,V5D0116,7323206537618555654,Neutral,azarine sma originote bagus mana si😩 bingung,7313383346447322373
42,4,132,V5D0136,7380998547795247877,Negative,"kalo kulit normal gmna kak, aku pake retinol hari pertama besok paginya keluar bruntusan dikit doang sih, apa karna aku pake mois? bls kak",7378347819268082950
42,4,134,V5D0138,7429237295297889032,Positive,paket the face nya bangkuhh 🔥🔥🔥🔥,7428436533981613318
42,4,144,V5D0149,7428586108319171348,Neutral,dok review ziyan glow dong,7428436533981613318
42,4,156,V5D0161,7422487958329180934,Neutral,mending pakai bedak biasa klo dasar nya putih ya putih😂,7421104723333483782
42,4,164,V5D0169,7385503227850556166,Neutral,"mnurutku sih jangan , pake yg biasanya dlu",7237379067773766917
42,4,166,V5D0171,7436925306126566145,Neutral,dok cek cream saraskin,7428436533981613318
42,4,167,V5D0173,7421755645148742405,Neutral,tapi awalnya marah2 sekarang minta maaf.🤣 kocak giliran penjualannya menurun,7421104723333483782
42,4,168,V5D0174,7421487316415972101,Negative,keliatan banget takut miskin nya nih owner,7421104723333483782
42,4,170,V5D0176,7429961039381283590,Neutral,kymskin dok review,7428436533981613318
42,4,176,V5D0183,7428551955032687365,Negative,turunin harga nya 🙏🫰,7428436533981613318
42,4,184,V5D0191,7467497101116670726,Positive,sama donk kk,7279666593129434374
42,4,185,V5D0192,7291827364518291474A,Positive,iyaa sama disini jg gtu beneran,7122773893844061466
42,4,191,V5D0199,7396330329806455557,Neutral,retinol daviena boleh di gambung sama moisturizer garnier ga? atau sama moisturizer kymskin?,7378347819268082950
42,4,192,V5D0200,7337170036774617861,Positive,iyaa,7270117302614478086
42,4,195,V5D0203,7135044523643126555,Neutral,boleh dicampur retinol ga,7129446710400601371
42,4,203,V5D0211,7225959258344866587,Positive,panutanku membuat konten ini,7194330759329631514
42,4,207,V5D0215,7160586074413990658,Neutral,"aku ada serum dan skincare untuk permasalan kulit di wajah, yang bisa kalian tanya untuk kebutuhan kulit di wajah, aku spill @user skincare official",7129446710400601371
42,4,214,V5D0223,7421370129688806150,Negative,sy pke g cocok krem siang nya abu abu di wajah,7421104723333483782
42,4,225,V5D0235,7381055506892342021,Negative,"kalau hrga normal ga salah 240 an, tp kalau ada event tgl kembar biasanya harganya ambyar",7378347819268082950
42,4,226,V5D0236,7422091652397007621,Neutral,udah lama beralih dari daviena ke skintific,7421104723333483782
42,4,234,V5D0245,7424761693319922439,Negative,kak tapi aq pake maryame tapi klo kena keringet kok gatel d wajah gmn kak lanjutin pa gk,7385065641595653382
42,4,236,V5D0247,7428438795634393861,Neutral,coba suc dok soalnya banyak bamgat review ny,7428436533981613318
42,4,245,V5D0257,7364017026459599622,Negative,udahh habis mau 3 tifak bisa cerah kak😅,7359717817601543429
42,4,253,V5D0266,7342910566968099590,Neutral,ada yg mau prlov sleepmask daviena ga?,7340938843190725893
42,4,260,V5D0273,7429975265041810182,Neutral,produk celo dong dok? 🙏,7428436533981613318
42,4,265,V5D0278,7596250608735290133,Positive,namanya juga hidup yah min sabar,7596239649517899016
42,4,268,V5D0281,7432573708420399878,Negative,klo nekas jerawat hilang dlm 1 minggu mungkin q percaya.. tpi klo flek hitam/melasma.. kyaknya q mikir2 dlu deh..,7429265515434036485
42,4,274,V5D0287,7422460621708591877,Negative,kesian bgt yg udah beli.😳,7421104723333483782
42,4,289,V5D0302,7509035578039632648,Neutral,jerawat menahun tolonggggg 😭😭😭,7507827983269350661
42,4,299,V5D0312,7366996862522147590,Neutral,ka minta link produk daviena yang asli plis mau co,7340938843190725893
42,4,301,V5D0314,7340544855153935110,Negative,harga ny ga kuattt😁,7284446766534102277
42,4,307,V5D0320,7421868886453371654,Negative,"pnts aj gda prbhan pke daviena dh abis 3 pot,",7421104723333483782
42,4,309,V5D0323,7436013793740260103,Positive,"iya kkaa, apalagi keluar rumah wajib pkai ss meskipun udah pkai day cream yaa☺️",7430007251076697350
42,4,310,V5D0324,7430459356100363014,Negative,"baunya kaya mana kak , aku punya tp gasuka baunya",7430007251076697350
42,4,313,V5D0327,7163286735940928282,Neutral,buat bruntusan+kusam bisa gk kak? btw aman buat yg belum pernah pake serum gk?,7145783136914296090
42,4,314,V5D0328,7132812502883173146,Neutral,tipe kulit apa ka??,7129446710400601371
42,4,318,V5D0332,7428990615768433414,Neutral,"dokter oky , coba cek skincare wsc dan body care puth skin dok 🙏",7428436533981613318
42,4,320,V5D0334,7490875047200965384,Neutral,untuk kulit berminyak dan kusam yang cocok apa ka?,7194330759329631514
42,4,330,V5D0344,7421510066397102855,Neutral,"apakah sebelum produk itu di jual, seharusnya kan di uji di lab dulu, berapa kandungan nya",7421104723333483782
42,4,331,V5D0345,7429599501210665748,Negative,kalau mau untuk flek pake skintific atau hanasui itu memang ada khusus untuk flek tapi kalau maryame kan satu cream di bagi bagi jadi dikit dikit ingredients nya..satu cream ada toner.moiz.cousin..,7429265515434036485
42,4,334,V5D0349,7536696763191149333,Positive,kakk krimnya the best🥰🥰🥰🥰cocok di aku,7472351771025755410
42,4,338,V5D0353,7353145256851997445,Neutral,cara pake retinol untuk muka berjerawat kek gimna si ka??,7340938843190725893
42,4,341,V5D0356,7359909123755016966,Neutral,ambil aja 130 kak aku beli kemarin masih 185an,7340938843190725893
42,4,347,V5D0362,7428812855099654920,Neutral,dok krim ff dong,7428436533981613318
42,4,353,V5D0368,7226279049839117082,Neutral,kombinasi retinol + bright b3 bisa gk?,7188119070884056347
42,4,356,V5D0371,7422951482696336133,Negative,gpp udah terlanjur kaya kok,7421104723333483782
42,4,377,V5D0392,7433696396286722823,Positive,"dok, info link baju yg lu pake aja dah dok, unik unik perasaan",7428436533981613318
42,4,381,V5D0396,7429220739784426258,Neutral,nyoman dok,7428436533981613318
42,4,391,V5D0406,7606575223073391368,Neutral,msh gak kk krim malamnya,7262186413284822277
42,4,398,V5D0413,7422887557006721798,Negative,dewi hani jayanti cancer nyah untuk mu kalo bisa bagikan keluar jabotabek wasalam suhanda duda untuk semuah,7401739344085585158
42,4,401,V5D0416,7423225002176545541,Positive,"ga usah teteh, udah all in 😁",7418514646698642693
42,4,405,V5D0420,7428810147436380934,Neutral,drw yg pink dok,7428436533981613318
42,4,406,V5D0421,7319819310787527430,Neutral,bingung mau coba the originote atau azarine soalnya pertama kali,7185096421220158747
42,4,410,V5D0425,7422626955580097285,Neutral,pas semua udah diretur... baru tau rasa...,7421104723333483782
42,4,412,V5D0427,7596412635395441415,Neutral,punyaku masih dri cv surya aman ga yaa aku beli dithn kemarin,7596239649517899016
42,4,422,V5D0437,7421760941856916229,Negative,1 th aq gak ada perubahan ternyata gak ada kandungannya yahhh. sgitu percaya nya eyke sm daviena. 😂😂,7421104723333483782
42,4,423,V5D0438,7596264402303664904,Positive,"pingin nyoba deviena,tpi harganya tidak sesuai dompet anak smp kls 9😭🙏🏾",7596239649517899016
42,4,425,V5D0440,7425391042750579461,Neutral,300rb bk,7421364555957275910
42,4,431,V5D0446,7418893608068023045,Neutral,aku juga masih ada retinol nya tetep aku pake,7418812570569641221
42,4,434,V5D0449,7429539064603673350,Positive,alhamdulillah aku pengguna maryame,7428436533981613318
42,4,436,V5D0451,7421368721497522949,Negative,😜😜 tadi nya ngeyelllll prodak ny bgus✌️✌️,7421104723333483782
42,4,439,V5D0455,7431083278448902918,Neutral,kak jd selama 7 hari itu qt lngsung pake maryame atau gimana kk krna abis pake daviena,7424146834534239493
42,4,440,V5D0456,7428702023535231749,Negative,kenapa jadi ikut ikutan doktif dah 😅,7428436533981613318
42,4,451,V5D0467,7306805076331676421,Positive,acne b5 emang bagus tapi lengket di muka dan ngilangin jerawat penuh dengan kesabaran nunggu 1-2 bln sampe sembuh total tapi setelah itu jarang ada j-,7306081689422351622
42,4,454,V5D0470,7422072997354570502,Neutral,kocak yaa 😅 orang di agk nuduh. cuman di intropeksi.,7421104723333483782
42,4,459,V5D0475,7328899594589340422,Neutral,"aku pake skintific kak yang pink, serum sama moisnya, toner hadalabo, gimana ya cara pakenya? baru beli retinol daviena nya minta pendapat @user .okypratamaa_kedua",7313744314927041797
42,4,468,V5D0484,7337149380291773190,Negative,kalo pake hydrating biasanya untuk pemula supaya ga kemerahan atau iritasi,7270117302614478086
42,4,469,V5D0485,7429693672302920449,Negative,"pake cream pagi malem, kok makin merah mukaku ya ... lanjut atau mang g cocok ya",7429265515434036485
42,4,481,V5D0497,7428507573353071365,Neutral,skinker ff dok yg dri makassar,7428436533981613318
42,4,497,V5D0513,7586901112847811346,Neutral,enggak perlu pake ss kah ci?,7586827398084136200
42,4,498,V5D0514,7421581300744471314,Positive,nah gini ngakui kesalahan lwbih bagus dripada buat video panas...panas..panas🤣 @user gimana nih dok?,7421104723333483782
42,4,500,V5D0516,7421735224298963718,Neutral,minta maaf karna terancam miskiiin🤣,7421104723333483782
42,4,503,V5D0519,7366194387636093701,Neutral,emang boleh di pake tiap hari ya kak?,7340938843190725893
42,4,508,V5D0524,7428457850211304198,Positive,grgr doktif semua dokter jd kontennya uji lab😂😂😂 baguss sih lanjutkann dokkk,7428436533981613318
42,4,526,V5D0542,7422243712498025221,Negative,betul banget takut miskin dan jatib,7421104723333483782
42,4,533,V5D0549,7291827364518291656A,Positive,wkwk sama kak🤣 🔥 (160),7279666593129434374
42,4,548,V5D0564,7357943153619845893,Neutral,kl buat kulit yg sensitif tuh pke serumny bs gaya?,7357662447248968966
42,4,557,V5D0573,7305786578407588614,Positive,"saya sebelumnya jerawatan parah semuka full kak, exfo bikin makin iritasi. waktu kenal sama retinol ada progress makin membaik",7185096421220158747
42,4,558,V5D0574,7428795241626338055,Neutral,dok coba cek produk yessica's,7428436533981613318
42,4,562,V5D0578,7319478317047825158,Neutral,hydra yang mana kak?,7313383346447322373
42,4,569,V5D0585,7331695893945565958,Neutral,kak kalo udah pake cica night cream nya npure boleh di gabung pake itu ngak?,7312025661835578629
42,4,571,V5D0587,7597968915114083088,Negative,kmrn memang kecurangan dari pabrik,7596239649517899016
42,4,572,V5D0588,7314133522335466245,Positive,bang tukeran muka yok😭😭😭😭,7312025661835578629
42,4,574,V5D0590,7428817649927635730,Neutral,cream malam maryame nya gmn dok?,7428436533981613318
42,4,575,V5D0591,7428639782089720581,Neutral,dok coba cek skincare whitestory dok,7428436533981613318
42,4,576,V5D0592,7428777916232483589,Neutral,hadalabo dong dok,7428436533981613318
42,4,577,V5D0593,7365294038922806021,Neutral,vit c nya aman gk ya buat busui?,7314309007341063429
42,4,601,V5D0617,7422095239567213317,Negative,untung aku tidak pernah pake davina🤣,7421104723333483782
42,4,605,V5D0621,7428539140306748165,Positive,lanjutkan dr oky keren,7428436533981613318
42,4,606,V5D0622,7422724704727286534,Positive,panasss🔥🔥,7421104723333483782
42,4,608,V5D0624,7252196305668440838,Neutral,serum vitamin c the originote bisa di barangin dengan ss azarine engk si,7242204399928593669
42,4,612,V5D0628,7236712127872090885,Neutral,kak... klo pake retinol pratista atau originote dilayer sama moisturizer skintific yg pink bisa ga sih ka? takutnya too much niacinamide nya .. #skincareroutine harian wajib coba dan juga #skincaretips penting banget,7185096421220158747
42,4,614,V5D0630,7341228709884003077,Positive,oke terimakasih bnyk infonya kk 🤗,7340938843190725893
42,4,623,V5D0641,7428593838652883719,Neutral,retinolny nggak terdeteksi ?...,7314309007341063429
42,4,628,V5D0646,7421360951366599429,Positive,benerrrrrrrrrrrrrrrrrrrrrrr👍👍👍👍👍👍👍,7421104723333483782
42,4,629,V5D0647,7421829085763027718,Negative,sengaja aja biar untung banyak,7421104723333483782
42,4,631,V5D0649,7422709086627791621,Positive,siap kmbali kpngturan awal😁,7421104723333483782
42,4,636,V5D0654,7386963857154065158,Neutral,masi ada kak?,7378347819268082950
42,4,639,V5D0657,7364572001426014981,Positive,hdr pg ka,7361323225038540037
42,4,642,V5D0660,7596247980975817490,Positive,kak nular yah rezekimu 🥰,7596239649517899016
42,4,648,V5D0666,7421326899676644102,Negative,davina q lansung g q pake,7421104723333483782
42,4,652,V5D0670,7145296108637913882,Neutral,ini dipakai rutin ka? pagi sma malem ? pls jwb ka,7129446710400601371
42,4,654,V5D0672,7587007928872878849,Neutral,ci pake moist minimalist pagi malam boleh kan ci?,7586827398084136200
42,4,664,V5D0682,7185897540398646043,Positive,the orginot sama azarine bagus bangett engga bikin purging duluu ringan jugaa,7185096421220158747
42,4,666,V5D0684,7422913915628405510,Positive,aq sering nyoba2 skincare tp semua yg aq coba cocoknya di kfskin klinik,7421104723333483782
42,4,668,V5D0686,7319104741186749189,Negative,"aku sekarang pake retinol dari skintific, rencana mau ganti the originote masih mikir2😩",7185096421220158747
42,4,673,V5D0692,7129168989910876954,Neutral,cocok ga kak klau make cream ms glow?,7122773893844061466
42,4,674,V5D0693,7421745867666801425,Negative,mau cepat kaya menipu secara halus minta pendapat @user .okypratamaa_kedua,7421104723333483782
42,4,679,V5D0698,7254967177392227078,Negative,serum b3 sama serum pink .itu sama kandungannya ka .niacinamide .jadi mending pilih salah satu kaa,7242204399928593669
42,4,688,V5D0707,7424460589176931078,Positive,makasiii banyak kaa semoga aku cocok 🥰,7424146834534239493
42,4,690,V5D0709,7423355241032303365,Positive,air kunyit awokawok,7357662447248968966
42,4,692,V5D0711,7431783057360962312,Negative,iya kak malah aku dpt harga 136 dpt 3 stlh aku buka ternyata palsu,7418514646698642693
42,4,696,V5D0716,7596242693640356616,Positive,tenang daviena gue masih ngejar loee❤,7596239649517899016
42,4,710,V5D0731,7435175388186559240,Neutral,dok zhiriana di cek juga ya dok tolong,7428436533981613318
42,4,713,V5D0734,7377359386622198534,Neutral,solo/surakarta,7340938843190725893
42,4,714,V5D0735,7430736166042206984,Neutral,oshin beauty dong dok🙏,7428436533981613318
42,4,723,V5D0745,7429154454706897672,Neutral,dok tolong cek suv super skin dong. sy udah 2 thn pakai nya. semoga aman aja.🙏,7428436533981613318
42,4,728,V5D0750,7422811824159130374,Neutral,lah berarti dulu ? 😭,7421104723333483782
42,4,734,V5D0756,7421589903853634309,Negative,kapokkk pindahh produk lain dah😊,7421104723333483782
42,4,735,V5D0757,7365046924066145030,Neutral,kalo pake the originote trs retinol nya daviena boleh ga kak,7319688011891936517
42,4,743,V5D0765,7428565040456499976,Neutral,adleeva boleh dok?,7428436533981613318
42,4,748,V5D0770,7429229570509980421,Neutral,glo glowing sm sav glow dok,7428436533981613318
42,4,749,V5D0771,7428442872905040646,Neutral,"gara2 ada cek2 semua merk jadi nongol semua,, tadinya gk tau merek2 tersebut jadi tau",7428436533981613318
42,4,755,V5D0777,7429150718055793424,Neutral,nitip dok ls cek,7428436533981613318
42,4,756,V5D0778,7329037215219073797,Neutral,kak emang nggapap ya kan sekarang aku make moiz msh skintific mau aku campur retinolnya daviena?,7319688011891936517
42,4,760,V5D0782,7328985877346534149,Neutral,azarine atau the originote?😩😩,7313383346447322373
42,4,762,V5D0784,7424318706023940869,Neutral,"brarti rata"" emang gtu y efeknya,.ini aman gk si plis,syang bnget kan beli mahal,itu efek dari kndunganya yg tinggi atau gmna",7424146834534239493
42,4,765,V5D0787,7423574265956926213,Neutral,pke kunyit ktnya 😅,7389110955214490886
42,4,771,V5D0793,7341667168893141765,Neutral,"ka bgusan mana retinol originote atau daviena ,aku sebelumnya pke originote mau coba tapi masih maju mundur",7340938843190725893
42,4,775,V5D0797,7422315876551492358,Positive,"wardah,skintific jg bguss lochh",7421104723333483782
42,4,780,V5D0802,7596544156719842056,Neutral,dlu beli dilive nya ka,7596239649517899016
42,4,787,V5D0809,7442583122065736469,Neutral,coba cek skincare doraemon dari bioaqua dok🙏,7428436533981613318
42,4,800,V5D0822,7443242358738830098,Neutral,longsor ga kak,7430007251076697350
42,4,812,V5D0834,7448086059635180306,Neutral,serius kaa itu bener2 bisa ilangkan flek,7429265515434036485
42,4,814,V5D0836,7429330150351651589,Neutral,"maryame dok, bukan maryam 😁",7428436533981613318
42,4,816,V5D0838,7643966437199446804,Neutral,"boleh ngak sih, mlm ini pake azzarine peeling serum, trs besok mlm nya pake retinol azzarine?",7313383346447322373
42,4,828,V5D0850,7428625455856698117,Neutral,"diarika beauty dong dok, soalnya aneh apa lagi yang krim malamnya jd berubah warna kata ownernya sih klo ga d masukin ke kulkas bakal berubah warna aman ga sii dok?",7428436533981613318
42,4,829,V5D0851,7416951985628283653,Neutral,"aku gk tau. pakai avoskin, somethinc, azarine, originote. udh pernah akj coba. jd aku cuma pakai bas8c skincare doang",7397028146429709573
42,4,831,V5D0853,7315366877788635910,Positive,mau kk🥺,7312025661835578629
42,4,845,V5D0868,7368858357669921542,Neutral,"kalo udah pake night cream merk lain, boleh ngg sih di pakein ini juga? minta jawaban @user",7327630114282573061
42,4,847,V5D0870,7214734706151244570,Neutral,ini bisa dgnakan sama ms glow ga cc @user .okypratamaa_kedua,7122773893844061466
42,4,849,V5D0872,7422817015612637958,Neutral,ini knp sih prdukny ada apanya aq kok gatau,7421104723333483782
42,4,852,V5D0875,7595118155971478292,Neutral,buat flek hitam membandel pk apa kak,7507827983269350661
42,4,853,V5D0876,7428462255614903045,Neutral,skintific sudah direview kah dok?,7428436533981613318
42,4,856,V5D0879,7428551155473859333,Neutral,camile dan rynbee dok punya seleb semua itu dan aku pake,7428436533981613318
42,4,858,V5D0881,7341065217499218694,Positive,"aku ya glowing gitu kak tapi pake paketannya juga, serius, eh tapi balik lagi cocok2an sih",7340938843190725893
42,4,864,V5D0887,7358640831698813701,Neutral,"g lah , klw itu mah masih bisa tidur, klw gitu g usah tidur siang mbak🙃",7357662447248968966
42,4,865,V5D0888,7406920288241648389,Neutral,bisa pake serum azarin trus cream malam merk lain nggak?,7397028146429709573
42,4,866,V5D0889,7431584077281559304,Neutral,bisa buat kulit berminyak berjerawat ga ya kak ?,7429636271552728326
42,4,870,V5D0893,7422282713959498502,Negative,team yg ga mau pake daviena,7421104723333483782
42,4,872,V5D0895,7470425421143671559,Negative,ihvjadi ragu mau coba,7262186413284822277
42,4,881,V5D0904,7378711054807040774,Negative,bau cuka sih,7258280563352587526
42,4,888,V5D0911,7451820520520499976,Neutral,"ada yang mau gantiin night cream ku ngga ? masih segelan kok, belinya langsung di official storenya langsung",7424146834534239493
42,4,902,V5D0925,7377686674590319365,Positive,"@🪐 ari pengen putih, akuta mong pengene mulus bae sing jerawat😁😁😁😁😁",7357662447248968966
42,4,905,V5D0928,7428458533399708422,Positive,semangat dok,7428436533981613318
42,4,914,V5D0937,7330586626681471749,Positive,💕anytime,7237379067773766917
42,4,922,V5D0946,7387223408628548357,Neutral,retinol boleh di pakek pas jerawat an kak?,7237379067773766917
42,4,923,V5D0947,7357883991233774341,Negative,mundur alon alon saya mbak😭,7357662447248968966
42,4,928,V5D0952,7213003912172028699,Neutral,"aku make moisturizer skintific pink, bisa gak pake retinol b3 originote??",7185096421220158747
42,4,930,V5D0954,7422890561911210757,Negative,lihat pengecekan doktif. pintar dikit ya.,7284446766534102277
42,4,931,V5D0955,7224461656032985882,Positive,langsung co aja ga sihhh 😭,7194330759329631514
42,4,942,V5D0966,7327940817191027461,Neutral,mending retinol avoskin atau daviena yah kak?,7319688011891936517
42,4,943,V5D0967,7445571486331044613,Neutral,gush pkk suscren gpp it kn udh ad uv filternya,7424146834534239493
42,4,949,V5D0973,7421926983472562949,Positive,@user skincare yang kuat yah kk smga peluk jauh 🥺🥰,7421104723333483782
42,4,950,V5D0974,7428504957399941904,Neutral,dok review dabe beauty dok,7428436533981613318
42,4,951,V5D0975,7230456571851408154,Positive,pengen coba juga,7194330759329631514
42,4,953,V5D0977,7173560662416147226,Neutral,buat umur brp kak tolong respon🙏,7145783136914296090
42,4,963,V5D0987,7215808075610686234,Neutral,kk serum ini blh di gabung sma cream omg?,7122773893844061466
42,4,972,V5D0996,7428444878726906642,Neutral,medika skincare dok udh paket lengkap,7428436533981613318
42,4,975,V5D0999,7502035142522798868,Negative,kak ada yg mau gk preloved cream maryam siang mlm ny mash bnyk d aku g cocok. yg mau dm,7430007251076697350
42,4,976,V5D1000,7201419393484849946,Neutral,"aq tanya ke penjual di toko orange bilang nya gak bisa untuk malam,, hanya pemakaian siang aja",7182401543491128602
42,5,2,V5D0004,7429695657998304006,Neutral,dok tolong cek charismalux pliss🙏🙏🙏🙏,7428436533981613318
42,5,3,V5D0005,7431462545418732293,Neutral,banyk yg jual tapi toko yg sama kk liat @user .official,7428436533981613318
42,5,8,V5D0010,7428466461372842770,Neutral,"cek bogota beauty dong dok, aman atau nggak",7428436533981613318
42,5,12,V5D0014,7469753688882676487,Neutral,"ada yg mau retinol daviena gak?? masih baru, belinya kelebihan soalnya",7418812570569641221
42,5,17,V5D0019,7429596312189190919,Negative,tp aku udh buktikan kak ..pke 1 pket malah flek ku tumbuh banyak (maaf)🥺🥺🥺,7429265515434036485
42,5,19,V5D0021,7421132587369825029,Negative,kk udh kaya 😭 tp baru minta maaf,7421104723333483782
42,5,23,V5D0025,7341658925454639877,Positive,yaallah mau coba tpi harganya 🥹,7312025661835578629
42,5,26,V5D0029,7424332661257552645,Neutral,kaa.bisa gk pakai itu.tp cream malam dari produk lain,7421364555957275910
42,5,27,V5D0030,7598017188595843847,Positive,dalba bagus kak harganya juga lumayan,7596239649517899016
42,5,44,V5D0047,7421448432185918213,Negative,untung aq ngak pke daviena.. yg murah2 aj dipake yg penting hasilx bgus.. wardah dihati🥰🤭 #davinaskincare juara wajib di #skincareroutine harian,7421104723333483782
42,5,49,V5D0052,7428444676753392389,Neutral,produk fenny frans dok,7428436533981613318
42,5,61,V5D0064,7349799428226417413,Negative,mereka glowing nya lebay menurutku,7340938843190725893
42,5,64,V5D0067,7421781656674140934,Negative,"pernah mau beli, tapi mikir trs liat riview orang, eh ternyata dikit amat isi nya sedangkan harga nya mahal banget, mendingan beli skintific atau wardah atau g2g😭",7421104723333483782
42,5,66,V5D0069,7313084475474674438,Neutral,kalo untuk bekas jerawat cocoknya yang mana?,7185096421220158747
42,5,72,V5D0075,7226177713979540251,Neutral,cis yg dapet 75 .000☝ cc @user,7194330759329631514
42,5,78,V5D0081,7416355159028400901,Neutral,ada yg mau bayar retinol sama retinal gw ga?masi segel smua,7313744314927041797
42,5,83,V5D0086,7421359329776141062,Positive,face wash nya bagussss bngettt kakkk,7421104723333483782
42,5,101,V5D0104,7358565004284723969,Neutral,urutan pakenya gmn?,7357662447248968966
42,5,108,V5D0111,7365984980529513222,Negative,ko ak make b3 makin kusam yaa,7306081689422351622
42,5,117,V5D0121,7421448378847724294,Positive,"hanasui serum jg mantul ,lebih jatuh cinta produk ekonomis 😘😘😘 cocok banget buat #skincareroutine",7421104723333483782
42,5,123,V5D0127,7428550132184679175,Neutral,garnier dong dok katanya sih sdh d boikot skincare garnier🙏🙏,7428436533981613318
42,5,124,V5D0128,7223506286888960794,Neutral,klo malem pakek retinol di timpa vitamin c malam nya juga bisa?,7208499827234131226
42,5,127,V5D0131,7215072077446169370,Positive,"pratista sih bagus ,tp emg harga nya lumayan hehe",7185096421220158747
42,5,129,V5D0133,7614004630998500116,Neutral,skrng aman ga,7596239649517899016
42,5,152,V5D0157,7252511473133617925,Neutral,"iya,saya slh tulis",7235406683676167430
42,5,157,V5D0162,7272943984077882118,Neutral,"retinol smooth ,moisturizernya skintific yang pink . boleh gak ??",7237379067773766917
42,5,160,V5D0165,7223177993568158490,Neutral,kalo retinol?,7208499827234131226
42,5,163,V5D0168,7428550685057123077,Neutral,dok review glossy face🙏 cc @user .official,7428436533981613318
42,5,169,V5D0175,7481651910073647877,Positive,emang bagus kak aq dulu pakek ms glow terus ganti daviena terus ganti maryame emang bagus,7472351771025755410
42,5,175,V5D0182,7362870777459720966,Positive,😭😂😂,7340938843190725893
42,5,178,V5D0185,7188798174281106181,Neutral,kala.u kenak panas bisa buk cc @user .okypratamaa_kedua,7182401543491128602
42,5,180,V5D0187,7536432594940314389,Neutral,ada kaaa bantu jawab,7507827983269350661
42,5,181,V5D0188,7428503466265527058,Positive,gws by agt dok,7428436533981613318
42,5,182,V5D0189,7359471486618305285,Neutral,@user menangisst dompet ini,7357662447248968966
42,5,187,V5D0195,7440719396559864594,Neutral,skinmetis dok di cek dong,7428436533981613318
42,5,189,V5D0197,7421422410724180742,Neutral,benran bgus?,7421104723333483782
42,5,194,V5D0202,7426750837189378834,Negative,akhirnya ga diterusin soalnya malah jadi kusem😄,7421364555957275910
42,5,198,V5D0206,7421714688328041221,Positive,ternyata bagusan maydooza wkwk,7421104723333483782
42,5,199,V5D0207,7377309705897378566,Neutral,harga nya brpa si,7376604456818920709
42,5,200,V5D0208,7422840491575608069,Negative,yang penting cuan😅,7421104723333483782
42,5,216,V5D0225,7429634134492218118,Neutral,carismalux dong kak,7428436533981613318
42,5,218,V5D0228,7421183085544915717,Negative,brutal...ow..ow..,7421104723333483782
42,5,219,V5D0229,7349117635366175494,Neutral,"guys ada yg mau prlvd retinol daviena,hb dosting daviena,serum dna salmon,moisturizer nya juga ,stok punya aku guys masi segel nnti aku kasi harga di bawah hrga belinya",7340938843190725893
42,5,222,V5D0232,7422962768472572677,Positive,"awalx tdk jujur.mau di sembunyi sampai kapanpun,akan tetap ketahuan,. alhamdulillah owner sudah mengungkapkan rasa bersalah dan minta maaf.insya allah kedapan lebih baik lagi penjualanx.dan berkah",7421104723333483782
42,5,227,V5D0237,7357854087687717638,Neutral,cara memakainya tahapnya apa aja?,7357662447248968966
42,5,243,V5D0255,7357865829151490822,Negative,nangis bngt dompet aing mah😭,7357662447248968966
42,5,244,V5D0256,7289034951538098950,Positive,kmrn dpt 3 200san😁,7289028668863663365
42,5,246,V5D0258,7364152118561768198,Positive,🤲🤲🤲🤲🤲🥰🥰,7363584993148357894
42,5,257,V5D0270,7146460595809944347,Positive,iya ka hasilnya #kulitsehat bgt dan juga #skincaretips penting banget,7145783136914296090
42,5,259,V5D0272,7405193546632053510,Positive,"baru pake 12hari teteh emng raosen lembut ,kenyal , tinggal nunggu segelowing teth🤲",7401739344085585158
42,5,262,V5D0275,7313610614231597829,Neutral,kak serum retinol complex azarine sama ampoule retinol avoskin potent yg mana?,7237379067773766917
42,5,275,V5D0288,7357764292546462469,Positive,@user bgn tidur anti korep🤣,7357662447248968966
42,5,284,V5D0297,7429892719764701958,Negative,sama kak aku juga pake malah kusem,7429265515434036485
42,5,285,V5D0298,7350134246336709382,Neutral,serius kak??,7340938843190725893
42,5,286,V5D0299,7132160441505973018,Neutral,"kombinasi gradakan bisa kak?? mau nyoba jga, klo moist nya eiem boleh ya? tolong jawab dong butuh bnget",7129446710400601371
42,5,293,V5D0306,7359073173918204677,Positive,aku lg coba serum d’alba krna tmn pake itu bnr” glowing bgt jir😭 tapi di gw juga bagus sih 🥹,7357662447248968966
42,5,295,V5D0308,7421571316304036616,Neutral,wes keep sdh bnyk yg ketipu,7421104723333483782
42,5,300,V5D0313,7428506518503867154,Neutral,dokk itu setelah di riview ke pake gak cream nya 😂. kalo gakk . kasih aku aja dong😂😂,7428436533981613318
42,5,306,V5D0319,7421357573640831749,Positive,"mau cerita, jauh sblm2 skinker viral aku pake hanasui, mlah g' ngaruh apa2 dmuka. pake wardah selalu muncul jerawat...bhkn aku pake olay malah pori2ku jd membesar. pake skintific, bioaqua dan originote. selalu jerwatn dan komedoan. skrg cma pake vit. c elsheskin viva dan sunscreen sariayu. mukaku bersih 🗿🗿",7421104723333483782
42,5,312,V5D0326,7421502672643375878,Neutral,pket series daviena yg gold apakah overclam juga?,7421104723333483782
42,5,316,V5D0330,7226860139013751578,Neutral,belum pernah coba,7194330759329631514
42,5,317,V5D0331,7456656623547204373,Neutral,aku pake 3 hari lgsng bruntusan sma gatel banget ..knpa ya lanjut apa ngga ya ?,7429265515434036485
42,5,321,V5D0335,7359269256930624262,Negative,moistnya yg warna apa kak.. aq juga berminyak,7313383346447322373
42,5,324,V5D0338,7375720856712758021,Neutral,serum bright b3 dibarengin mois hyalucare originote bisa ga?,7314309007341063429
42,5,329,V5D0343,7209493054671438618,Positive,"iii jadi pengen coba.. tapi masih maju mundur takut purging, terus kalo pelembab nya pake wardah acnederm ok gak ya",7185096421220158747
42,5,335,V5D0350,7586907773637198610,Neutral,"ak udah seminggu ini ngga pakai apa2 cii, tapi sebelumnya ak pakai semuanya dari emina",7586827398084136200
42,5,343,V5D0358,7431520096692454145,Neutral,cream siang nya aja berapa emg?,7418514646698642693
42,5,345,V5D0360,7466218885093819154,Negative,kak kenapa aku make 3hari beruntusan+ kusem kak gimana lanjuta apa gak ya 😫😫😫😫,7279666593129434374
42,5,346,V5D0361,7292043212242993925,Neutral,oh berarti mislanya sholat subuh itu ga usah pake apa apa ya pake air biasa aja trs kalo udah jam 8 baru pake mos sama ss tah?,7291631421565832453
42,5,348,V5D0363,7315041519958147846,Positive,"aku pake facetology, waktu itu muka breakout parah gegara kena cacarr cekat cekit bgt belum bruntusan sma jerawat. pake itu jadi muluss",7314309007341063429
42,5,350,V5D0365,7389825787040301830,Neutral,untuk kulit berminyak bisa ka? pengen banget pake...,7376604456818920709
42,5,360,V5D0375,7229575712314868507,Positive,uhh cakepp dehh😭😍😍,7222981366173011226
42,5,361,V5D0376,7149873475649012506,Negative,bnr jd breakout parah,7122773893844061466
42,5,364,V5D0379,7421325338586743557,Negative,kemaren ketawa” ngak ngok,7421104723333483782
42,5,365,V5D0380,7312036931763356421,Neutral,ini cocok untuk pemula gak baginda ???,7312025661835578629
42,5,366,V5D0381,7132746806702703387,Neutral,ini dipake siang apa mlm??,7129446710400601371
42,5,369,V5D0384,7456999977735488274,Neutral,kalau mlm pake apa kak?,7429265515434036485
42,5,379,V5D0394,7421302351811658502,Negative,orang yg paling bener ini mah tumben minta maaf 😅,7421104723333483782
42,5,385,V5D0400,7208468520174600986,Positive,"pantes gw pakek retinolnya azarine dh abis 2 btol mskipun lama cerahnya tp komedo minggat,next mw cba yg the originote,cp tw ada hasil mencerahkan😅",7185096421220158747
42,5,390,V5D0405,7422838690961523461,Negative,bisa2 nya msih bs ngomong dituduh scra brutal😂😂,7421104723333483782
42,5,392,V5D0407,7422859898281607941,Negative,super dosting air wudhu🗿,7389110955214490886
42,5,396,V5D0411,7461902917785371410,Neutral,aman buat busui gak?,7421835937988070662
42,5,403,V5D0418,7574301625432097544,Neutral,@user :ada yg mau bayariin day cream acne maryame ga soalnya mau ganti,7430007251076697350
42,5,413,V5D0428,7365907206207865605,Neutral,tiap malam ka pke nya ? terus hrs pke mois lagi gak,7359717817601543429
42,5,426,V5D0441,7429189638557827857,Neutral,dok new fivez dong 🙏,7428436533981613318
42,5,432,V5D0447,7428545714101175045,Positive,buat aku ajah dokter cream nya aku pake maryame soalnya🥰,7428436533981613318
42,5,445,V5D0461,7421790555249705733,Positive,azarin mantap juga lo .jerawat q lansg kering,7421104723333483782
42,5,447,V5D0463,7421769292679299845,Negative,boikot saja,7421104723333483782
42,5,448,V5D0464,7289462114761655045,Positive,bagus banget emanggg🥰,7289028668863663365
42,5,450,V5D0466,7291827364518291762A,Positive,cocok2 aja emg tiap kulit beda ✨ (160),7306081689422351622
42,5,460,V5D0476,7440702612322779921,Neutral,dok can beauty plis,7428436533981613318
42,5,483,V5D0499,7523861564434498324,Positive,mba cantik saya sudah pesan 👍🏻,7472351771025755410
42,5,485,V5D0501,7368835636738622214,Neutral,mundur saya liat skincarenya☹️,7357662447248968966
42,5,486,V5D0502,7422473988042326790,Positive,kk aku mau coba skincare deviena tp ga tau cara beli nya🤣😂,7421104723333483782
42,5,491,V5D0507,7518299884795183879,Positive,💗💗💗💗,7507827983269350661
42,5,494,V5D0510,7421785675832640262,Negative,pada rame2 ngerasa korban yahhh 😂😂😂😂😂,7421104723333483782
42,5,502,V5D0518,7241087585115898629,Positive,murah banget,7194330759329631514
42,5,506,V5D0522,7428648736677102354,Neutral,dok coba cek jenem glow dok,7428436533981613318
42,5,509,V5D0525,7421427934106157830,Positive,aq pake wardah dari gadis smp punya anak 2,7421104723333483782
42,5,512,V5D0528,7316619399573979906,Neutral,pakek moisturizer skintific pakek retinol daviena bisa gak ya,7312025661835578629
42,5,519,V5D0535,7429711486278255368,Positive,dok bajumu unik2 dok.. 🤏🏻🤏🏻😁,7428436533981613318
42,5,528,V5D0544,7260757117660218118,Neutral,"bisa buat pemula ga, aku baru mau coba pake serum?",7122773893844061466
42,5,531,V5D0547,7291827364518291142A,Positive,dulu ragu coba daviena eh taunya cocok bgt di aku 🔥,7289028668863663365
42,5,540,V5D0556,7360091970368865029,Neutral,pake retinol berapa kali seminggu ya kak?,7185096421220158747
42,5,547,V5D0563,7428457075107775238,Neutral,coba charismalux dokter,7428436533981613318
42,5,549,V5D0565,7422176302756741893,Negative,tkt bangkrut,7421104723333483782
42,5,551,V5D0567,7432452091073233681,Neutral,dok. crem af juga donk😁,7428436533981613318
42,5,553,V5D0569,7430684505067930374,Neutral,ada pengelupasan ga si klo pake krimnya,7429265515434036485
42,5,560,V5D0576,7398907208283456262,Positive,"masyaa allah, cantik bgt kkanya🙏 cc @user",7145783136914296090
42,5,561,V5D0577,7202375042428584731,Neutral,ini tuh skincare malam?,7194330759329631514
42,5,564,V5D0580,7428786097200956166,Neutral,req @user solution dong dari makassar jg,7428436533981613318
42,5,566,V5D0582,7421218660721869574,Positive,kasian ownernya penjualan sepiiii...,7421104723333483782
42,5,570,V5D0586,7306831229831283462,Positive,"pemakaian 2 mgg masih bgus, 1 bln breakout kak. aku terusin ini jln paket ke 2 udh mulai mulus lg kak cuma masih kusam aja",7291631421565832453
42,5,573,V5D0589,7430327757631275794,Negative,"masa kak,padahal udh excited bgt pengen nyobain, tergiur sama iklanya",7429265515434036485
42,5,579,V5D0595,7423160710555779846,Negative,"biasalah ngomong begini,kalau sdh ketahuan😏",7421104723333483782
42,5,583,V5D0599,7430625883742782214,Positive,"digabung sama skintific yang khusus flek ka ,,mantap hasilnya aku juga pke krim maryame sama skintific wajah cerah bersih fleknya udah tipis",7429265515434036485
42,5,594,V5D0610,7428581753713443590,Neutral,dok tolong review medikacare ya dok?,7428436533981613318
42,5,597,V5D0613,7422697883143127813,Positive,wardah yang cristal secret bagus banget aku pake soalnya,7421104723333483782
42,5,598,V5D0614,7391751250373198598,Neutral,kk klo pake pealing elformula sama slepeng mask davina gmn?,7378347819268082950
42,5,602,V5D0618,7596248273108779784,Positive,alhamdulilah aku setia pake produk body daviena kalo buat muka moist nya selalu pake dari daviena aku dan anak gadis aku 🥰🥰🥰,7596239649517899016
42,5,615,V5D0631,7429344744281719558,Neutral,dok coba periksa fenny frans di tggu soal nya aku pake itu,7428436533981613318
42,5,618,V5D0636,7616939696555541255,Neutral,aku pernah baca kalo kaya gitu katanya udah teroksidasi kak dan kalo bisa jangan dipake lagi . dan kalo mau terjaga taro di kulkas aja,7235406683676167430
42,5,619,V5D0637,7433977626526368519,Neutral,gmn cara pesen ny ka..,7421364555957275910
42,5,625,V5D0643,7421863836947743494,Neutral,ah masaaa,7421104723333483782
42,5,637,V5D0655,7596255983220638465,Positive,ibu aku hamil pun masih percaya sma daviena emng mantul 🤗❤️,7596239649517899016
42,5,644,V5D0662,7434358065866670856,Positive,"ps, pinjam seratus dok.. 😁",7428436533981613318
42,5,649,V5D0667,7431455877863359238,Neutral,starlite ka tolong cek,7428436533981613318
42,5,651,V5D0669,7421865431479468806,Negative,@user 🐑🌻 mana paket guwe jalan kesini duwa paket 😭,7421104723333483782
42,5,661,V5D0679,7421902223866970886,Negative,rugii tau yg beli,7421104723333483782
42,5,662,V5D0680,7312274471740654342,Neutral,"iya klo lagi retinolan lebih baik cuma pakai retinol aja, takut iritasi, aku kurang tau paket daivena, g pake soalnya🙏",7312025661835578629
42,5,663,V5D0681,7428465318764839685,Neutral,coba nezma dok lg ramai solnya,7428436533981613318
42,5,665,V5D0683,7226656761787335450,Neutral,kl itu boleh di timpa bedak gk,7194330759329631514
42,5,671,V5D0690,7365111033763103494,Neutral,laaa aku pake nya 2 x sehari 😳,7313383346447322373
42,5,675,V5D0694,7388436411832304389,Negative,nitip🥺,7385065641595653382
42,5,680,V5D0699,7603356104772698901,Neutral,oh aku kebalik pakek nya 🤭,7235406683676167430
42,5,682,V5D0701,7421420854011560709,Positive,iyaa ihh,7421104723333483782
42,5,683,V5D0702,7433742975164973842,Neutral,iya dok reviw,7428436533981613318
42,5,697,V5D0717,7439339206302057234,Neutral,apa masih ada?,7430007251076697350
42,5,700,V5D0720,7456851510438937364,Positive,pinginn tp harganay😢😌,7429636271552728326
42,5,705,V5D0725,7373669500116566789,Neutral,ka boleh ga sih abis retinol daviena moisnya skintific biru yg ceramide ? bantu jawab tolonggg,7319688011891936517
42,5,711,V5D0732,7531765798068208391,Neutral,brapa harga nya kk,7389110955214490886
42,5,717,V5D0738,7398943389520462598,Neutral,boleh gak vit c buat malam kk?,7314309007341063429
42,5,750,V5D0772,7427340457074475782,Neutral,msh perlu sunscreen lg gak?,7418514646698642693
42,5,751,V5D0773,7446160096655131399,Positive,hi doc..bila pasaran di malaysia ☺️,7428436533981613318
42,5,758,V5D0780,7454447588231856912,Neutral,"klo untuk kulit berminyak, kadang2 muncul jerawat tp aku gada jerawatnya sih cuma suka munncul 1-2 . trs suka kemerahan . pake paketan yg mana ya",7429636271552728326
42,5,759,V5D0781,7445547970005762824,Neutral,"tutor yg acne kak, soalnya baru mau pake",7312632181094894854
42,5,770,V5D0792,7273877845063402246,Neutral,kalo pake retinol merek eim trs moisturizer merek lain boleh gak sih? cc @user,7185096421220158747
42,5,772,V5D0794,7421138023641187077,Positive,"setuju kak,",7421104723333483782
42,5,773,V5D0795,7422886768478290693,Negative,tapi boong 🤣,7389110955214490886
42,5,784,V5D0806,7355903183260025605,Neutral,make toner originote jg gk?,7314309007341063429
42,5,788,V5D0810,7428446958446019335,Neutral,jesthan dok..aman gak,7428436533981613318
42,5,789,V5D0811,7447512232336933650,Neutral,aku ga berani bilang sih kak.. tp menurutku harus konsulin ke dokter obgyn nya dulu juga..,7429265515434036485
42,5,792,V5D0814,7148025327086977818,Positive,tapi lu ngomong setiap vt originote.. gua make juga kali😂 ngga kek omongan luu,7129446710400601371
42,5,793,V5D0815,7225879577549570842,Neutral,"14 tahun bisa, kecuali retinol",7194330759329631514
42,5,803,V5D0825,7210566646146466586,Neutral,kalo kulit sensitif lebih cocok pake yg mana ka?,7185096421220158747
42,5,809,V5D0831,7380289757048718085,Negative,"dek, sy pke cream mlm nya tiap hari sdh 1 minggu, gpp kan ? tp mmg blm ada perubahan sdikit pun, mlh flek qu jd klhtn. gmn ini dek, apa hrs d teruskan at gmn ? mohon pnjlsan nya 🙏",7312632181094894854
42,5,810,V5D0832,7421416082860622612,Positive,viva 😍😍😍bagus lembab nya,7421104723333483782
42,5,811,V5D0833,7502794114615542549,Negative,samaaa kak udah 2 tahunan pakai hnh tapi ga ada hasilnya sama sekali😭,7472351771025755410
42,5,815,V5D0837,7433521882638631696,Neutral,kalau pakai hyalu c serum pada waktu pagi . tapi tak keluar rumah tak apa ke ?? or pakai time nk keluar sahaja ?,7235406683676167430
42,5,817,V5D0839,7422155811139175173,Positive,"lipstikny bagus , 🤭",7421104723333483782
42,5,818,V5D0840,7249994919514145541,Neutral,buat muka sensitif banyak bopeng pake yg mana ka,7185096421220158747
42,5,820,V5D0842,7369941576564966150,Neutral,buat pemula mending azarine apa originote,7313383346447322373
42,5,821,V5D0843,7431898865710334741,Neutral,dok ff dong dok,7428436533981613318
42,5,822,V5D0844,7429140142278312709,Neutral,sbc skincare dong dpc maju mundur nih,7428436533981613318
42,5,827,V5D0849,7424311367173489413,Neutral,"kak, stlh mke day cream trs make ss spf 50 bisa ga? dan klo night creamny, boleh dipake mosturizer dr produk yg lain ga stlh mke night creamny? atau mosturizer dlu trs night cream? bingung t_t",7312632181094894854
42,5,835,V5D0857,7223675390920196890,Negative,lebih suka yang dulu cc @user,7222981366173011226
42,5,839,V5D0861,7545445112887001874,Neutral,glogglowing nya pake yang mana kak?,7262186413284822277
42,5,850,V5D0873,7323892174956249861,Neutral,kak kalau aku pake mooist skintifik yg pink dan sanskrin azarin boleh ngak kak??,7319688011891936517
42,5,861,V5D0884,7458185770361537286,Neutral,kenapa review yg lain satu paket tapi pas review orlin malah cuman eceran aja dok?cuman nanya tapi tolong jelasin,7428436533981613318
42,5,862,V5D0885,7422667236064592646,Positive,semangat bunda,7421104723333483782
42,5,863,V5D0886,7291827364518291548A,Positive,wkwk sama kak🤣 🙏 (158),7279666593129434374
42,5,879,V5D0902,7596283045037458197,Positive,semangat terus yaa bu walaupun banyak huru hara aku tetep setia sama davienaa uda 3th ini❤️❤️,7596239649517899016
42,5,893,V5D0916,7225978865163174683,Neutral,di pakai serum dulu apa moisturizer nya kak?,7194330759329631514
42,5,896,V5D0919,7430264576795198225,Neutral,kak udh sold kah?,7429636271552728326
42,5,899,V5D0922,7389306194329027333,Neutral,sist itu paket komplit brp ya ?,7312632181094894854
42,5,900,V5D0923,7430092435390268165,Neutral,aman bang .?,7428436533981613318
42,5,901,V5D0924,7262621137107190533,Negative,gtau si😭,7235406683676167430
42,5,908,V5D0931,7388527177245541125,Neutral,bisa buat bumil gak,7385065641595653382
42,5,910,V5D0933,7596272316439675666,Neutral,emg yg sekarang mash di cv surya permata ?,7596239649517899016
42,5,911,V5D0934,7219231318407791386,Neutral,ka serumnya boleh digabung krim siang malem gt ga ka yg dr oshinbeauty?please bantu jawab,7185096421220158747
42,5,912,V5D0935,7421416306853610258,Negative,maaf tp ttp udah gk percaya lagi sama daviena 🙏,7421104723333483782
42,5,920,V5D0943,7252679209003860741,Neutral,mending pake ini atau retinol?,7122773893844061466
42,5,924,V5D0948,7419559990623453957,Neutral,bakal abu2 ga??,7418514646698642693
42,5,925,V5D0949,7424421045639791366,Positive,assalamualaikum kk cantik 🙏🥰,7421364555957275910
42,5,926,V5D0950,7352455008632718086,Neutral,"kak chicken skin, kering pake serum mn? @user .okypratamaa_kedua bener ga dok?",7242204399928593669
42,5,927,V5D0951,7439675557355045688,Positive,pengen banget beli tapi kantong nya tidak memadai,7428436533981613318
42,5,936,V5D0960,7457532474718405383,Neutral,gak ada merkuri nya ya dok gimana aman ya dok,7428436533981613318
42,5,939,V5D0963,7357875660679119622,Negative,"lah tpi tadi katanya d'alba spray serum nya udh habis berbotol botol, ini blgnya ""yg mahal baru coba 3 hari"" mana yg bener kak?",7357662447248968966
42,5,945,V5D0969,7428525726812979973,Positive,"langsung beli 3 dok,kirimin dong dok😅 @user .okypratamaa_kedua bener ga dok?",7428436533981613318
42,5,946,V5D0970,7363616607535678213,Positive,mau pesan cuman apa daya ibu ibu pengangguran kaya kami ga bsa beli bgittuann.,7363584993148357894
42,5,954,V5D0978,7422535207067403013,Negative,minimal tantrum lah dikit,7421104723333483782
42,5,957,V5D0981,7428557419229217542,Negative,dok tolong review dr.pure apakah aman soalx mengelupas kalo di pakai agak perih juga,7428436533981613318
42,5,961,V5D0985,4624523847139417318,Positive,"udah pakai daviena retinol 2 minggu, hasilnya mulai kelihatan cerahan dikit",7378347819268082950
42,5,962,V5D0986,7399665424495756038,Negative,kulit tth mh dh putih emng yg item lngsung glowing teh,7385065641595653382
42,5,974,V5D0998,7428784440577393413,Neutral,"terbukti gak overclaim brrti ya dok, yang di @user mau di review juga dok",7428436533981613318
52,1,9,V5D0011,7374193529352684293,Neutral,ini cowo bisa ga kak?,7357662447248968966
52,1,27,V5D0030,7598017188595843847,Positive,dalba bagus kak harganya juga lumayan,7596239649517899016
52,1,36,V5D0039,7428467843191177990,Neutral,bogota dok ..,7428436533981613318
52,1,42,V5D0045,7422270687748539141,Negative,benar ramalan hard gumay.. akan ada skincare yg gulung tikar,7421104723333483782
52,1,45,V5D0048,7421841447160529670,Negative,omset menurun niyee,7421104723333483782
52,1,49,V5D0052,7428444676753392389,Neutral,produk fenny frans dok,7428436533981613318
52,1,52,V5D0055,7226164707778413338,Neutral,bagusan the originote atau azarine?,7185096421220158747
52,1,68,V5D0071,7431231439754576645,Positive,salfok sama bajunya pinjam seratus 😅😅😅,7428436533981613318
52,1,73,V5D0076,7255305345508934406,Neutral,bruntusan sm bekas jerawat bagusnya yang mna kak?,7242204399928593669
52,1,100,V5D0103,7586997153370850069,Neutral,1 pipet kanan kiri ci,7586827398084136200
52,1,103,V5D0106,7329504634706526981,Neutral,tolong di jawab bisa tidak retinol the originote + mois nya dari wardah?,7185096421220158747
52,1,107,V5D0110,7205521440455410459,Neutral,"habis pratista 1btol trs nyobain azarine, next deh mo beli originote..",7185096421220158747
52,1,111,V5D0114,7289031409960256261,Neutral,aku jg co di tiktokshop pas penutupan harga 99rb ajaa 😂,7289028668863663365
52,1,112,V5D0115,7415890301053010693,Positive,"pengen nyobain,tapi belum kebeli 🥺",7401739344085585158
52,1,113,V5D0116,7323206537618555654,Neutral,azarine sma originote bagus mana si😩 bingung,7313383346447322373
52,1,116,V5D0119,7421871512594924293,Neutral,gak di tuduh secara brutal kak tapi kenyataan overclime brutal kak,7421104723333483782
52,1,125,V5D0129,7358129257644065541,Positive,gua jg bisa sbnernya muka kyk kk ny tp duit gw g mndkung 🤌,7357662447248968966
52,1,131,V5D0135,7456403019271668488,Positive,"ga jugaaa kakk, yang ori di official store nya langsunggg🫶🏻",7418514646698642693
52,1,133,V5D0137,7426041386850337541,Neutral,berapa persen niacinimide serum c nya?,7235406683676167430
52,1,136,V5D0141,7389488816266887942,Neutral,aman enggk buatt busuii,7376604456818920709
52,1,142,V5D0147,7422844901123752710,Neutral,"telattt, kemarin ketawa"" cb dr awal kyk gini 😎",7421104723333483782
52,1,148,V5D0153,7430468312541741832,Neutral,dok coba skincare ls,7428436533981613318
52,1,151,V5D0156,7428692227004957448,Positive,lagi mau nabung buat beli maryame sambil nunggu krim nya ready 🥰,7428436533981613318
52,1,152,V5D0157,7252511473133617925,Neutral,"iya,saya slh tulis",7235406683676167430
52,1,153,V5D0158,7388919329192100614,Neutral,isi nya msi bnyk?,7378347819268082950
52,1,155,V5D0160,7224547619275162395,Neutral,kak klw untuk membuat muka glowing make yg mna yah 😁,7194330759329631514
52,1,159,V5D0164,7428925775191982854,Neutral,ka spil bg skincare,7428436533981613318
52,1,161,V5D0166,7462280135233471239,Neutral,150k++,7429265515434036485
52,1,163,V5D0168,7428550685057123077,Neutral,dok review glossy face🙏 cc @user .official,7428436533981613318
52,1,177,V5D0184,7223734856881111834,Positive,udah bisa blm kak? saya udh bisa ini😭,7222981366173011226
52,1,180,V5D0187,7536432594940314389,Neutral,ada kaaa bantu jawab,7507827983269350661
52,1,193,V5D0201,7421892644949426949,Neutral,aku baru pesan kak,7401739344085585158
52,1,196,V5D0204,7430828021533639429,Neutral,coba tes kedas beauty @user .okypratamaa_kedua apakah amaaaaaaaaan.??,7428436533981613318
52,1,202,V5D0210,7419238366283645701,Negative,tp kok dimuka lama nyerap nya,7418514646698642693
52,1,208,V5D0216,7421245299434750725,Negative,menyesal karna salah❎ menyesal karna ketahuan ✅,7421104723333483782
52,1,212,V5D0221,7439315101640901383,Neutral,dok coba cek skincare shinesskin,7428436533981613318
52,1,219,V5D0229,7349117635366175494,Neutral,"guys ada yg mau prlvd retinol daviena,hb dosting daviena,serum dna salmon,moisturizer nya juga ,stok punya aku guys masi segel nnti aku kasi harga di bawah hrga belinya",7340938843190725893
52,1,220,V5D0230,7285026497781023493,Neutral,pake tiap hari?,7284446766534102277
52,1,223,V5D0233,7421552742801769221,Negative,🤣🤣🤣🤣🤣🤣 mkny jjr,7421104723333483782
52,1,229,V5D0239,7535443005458088722,Neutral,mau tau hasil lanjutan nya kak cocok atau gaknya,7262186413284822277
52,1,231,V5D0242,7431620000517522184,Positive,ang ang ang😂😂😂😂😂😂😂,7421104723333483782
52,1,232,V5D0243,7472240111187837716,Neutral,ini jualan?,7385065641595653382
52,1,233,V5D0244,7421426517073691397,Positive,iyh,7421104723333483782
52,1,251,V5D0264,7428477246225335046,Neutral,nuface dol,7428436533981613318
52,1,253,V5D0266,7342910566968099590,Neutral,ada yg mau prlov sleepmask daviena ga?,7340938843190725893
52,1,268,V5D0281,7432573708420399878,Negative,klo nekas jerawat hilang dlm 1 minggu mungkin q percaya.. tpi klo flek hitam/melasma.. kyaknya q mikir2 dlu deh..,7429265515434036485
52,1,278,V5D0291,7589120809390752520,Neutral,ci ini boleh di gabung ga?,7586827398084136200
52,1,283,V5D0296,7223560620402131739,Neutral,mau cobain serum b3ny the originote tpi kta dokter dokter ga boleh pake niacenemide di atas 5%,7208499827234131226
52,1,284,V5D0297,7429892719764701958,Negative,sama kak aku juga pake malah kusem,7429265515434036485
52,1,292,V5D0305,7188648225750090522,Neutral,kk untk flek gimn,7182401543491128602
52,1,294,V5D0307,7431363029701460744,Neutral,dok tolong chekin skinnaza🙏,7428436533981613318
52,1,297,V5D0310,7428660801815036677,Neutral,gloglowing dong dok pliss,7428436533981613318
52,1,298,V5D0311,7421196085283193605,Negative,buktinya mana ??? cc @user,7421104723333483782
52,1,305,V5D0318,7286459273470509829,Positive,sukses selalu,7284446766534102277
52,1,310,V5D0324,7430459356100363014,Negative,"baunya kaya mana kak , aku punya tp gasuka baunya",7430007251076697350
52,1,313,V5D0327,7163286735940928282,Neutral,buat bruntusan+kusam bisa gk kak? btw aman buat yg belum pernah pake serum gk?,7145783136914296090
52,1,321,V5D0335,7359269256930624262,Negative,moistnya yg warna apa kak.. aq juga berminyak,7313383346447322373
52,1,326,V5D0340,7382073462989685509,Neutral,cream buat malamnya ada gak?... 🙏,7363584993148357894
52,1,332,V5D0347,7436002969713427201,Neutral,brpaan,7385065641595653382
52,1,346,V5D0361,7292043212242993925,Neutral,oh berarti mislanya sholat subuh itu ga usah pake apa apa ya pake air biasa aja trs kalo udah jam 8 baru pake mos sama ss tah?,7291631421565832453
52,1,348,V5D0363,7315041519958147846,Positive,"aku pake facetology, waktu itu muka breakout parah gegara kena cacarr cekat cekit bgt belum bruntusan sma jerawat. pake itu jadi muluss",7314309007341063429
52,1,351,V5D0366,7596542376719434504,Negative,di rilis selepas live sm dd april hadduuuu,7596239649517899016
52,1,352,V5D0367,7334535180910199557,Neutral,untuk umur 15 boleh gsih?,7313744314927041797
52,1,359,V5D0374,7358870448745399045,Neutral,"kalo retinolnya pake daviena ini, pas eksfo pake avoskin lactic boleh gaa kak?",7319688011891936517
52,1,368,V5D0383,7129780359894041371,Neutral,minimal umur brp si kk,7122773893844061466
52,1,370,V5D0385,7463686725706531602,Negative,q ada night dan day yg pink masih segel. terlanjur stok ternyta di aku bruntusan. jual rugi aja? dm ya,7429265515434036485
52,1,373,V5D0388,7312620096789152518,Positive,masha allah🥰,7312025661835578629
52,1,375,V5D0390,7428721627371848453,Neutral,coba amura dok,7428436533981613318
52,1,384,V5D0399,7429021415838483206,Neutral,white story aman gasii??,7428436533981613318
52,1,385,V5D0400,7208468520174600986,Positive,"pantes gw pakek retinolnya azarine dh abis 2 btol mskipun lama cerahnya tp komedo minggat,next mw cba yg the originote,cp tw ada hasil mencerahkan😅",7185096421220158747
52,1,386,V5D0401,7421331163879572230,Neutral,abis tantrum trs nangis skrg bru sdar🗿,7421104723333483782
52,1,389,V5D0404,7428554718538269461,Neutral,skincare ku dong dok.. animate,7428436533981613318
52,1,395,V5D0410,7461956409942721288,Positive,serius beb aku beli waktu owner live ambyar 2 retinol 100k😭,7418812570569641221
52,1,415,V5D0430,7360987376292676358,Positive,aku kemaren pake tiap malam aman,7340938843190725893
52,1,417,V5D0432,7429220550487261957,Neutral,harga cream nya dibawah 200rb,7428436533981613318
52,1,419,V5D0434,7377329573119197958,Neutral,boleh dipake di kulit beruntusan ga kak?,7376604456818920709
52,1,420,V5D0435,7365389040390456069,Negative,biasanya orang2 gni dpt endors an cmn ngaku nya g di endors berkedok review jujur,7340938843190725893
52,1,423,V5D0438,7596264402303664904,Positive,"pingin nyoba deviena,tpi harganya tidak sesuai dompet anak smp kls 9😭🙏🏾",7596239649517899016
52,1,424,V5D0439,7431010452530463494,Neutral,dok boleh tolong review skincare thailand q care white 🙏 @user .okypratamaa_kedua,7428436533981613318
52,1,433,V5D0448,7362055697032774405,Neutral,lewat terus dr tdi 🗿,7340938843190725893
52,1,434,V5D0449,7429539064603673350,Positive,alhamdulillah aku pengguna maryame,7428436533981613318
52,1,439,V5D0455,7431083278448902918,Neutral,kak jd selama 7 hari itu qt lngsung pake maryame atau gimana kk krna abis pake daviena,7424146834534239493
52,1,455,V5D0471,7315580194844001029,Neutral,sebenarnya serum acne nya disarankan pda malam hari karna malam hari kita tidur jadi cepet sembuh nya di bandingkan di pake pagi hari yang kita me-,7306081689422351622
52,1,457,V5D0473,7350084651250238214,Negative,pliss sm bgt aku pertama kali pake daviena jerawat gtu anjir nyesekkk😭😭,7340938843190725893
52,1,458,V5D0474,7331265862643942150,Negative,klo buat yg tipe kulit normal to dry pake apa yg bgus😔btw kulitku badak bgt😔,7270117302614478086
52,1,461,V5D0477,7341175872806929157,Neutral,kaka emang bisa di pakai buat ibu menyusui?,7284446766534102277
52,1,463,V5D0479,7329538045564945158,Neutral,kak retinol daviena boleh ga pakek most skintific?,7319688011891936517
52,1,466,V5D0482,7355756025897403142,Neutral,kalau udah pakai 2 ini gak perlu pakai mois?,7270117302614478086
52,1,470,V5D0486,7357884348962079493,Neutral,"mall mall kaya gi, pim",7357662447248968966
52,1,472,V5D0488,7360257027970450182,Positive,mirip loverrukk dikit,7357662447248968966
52,1,476,V5D0492,7186112718947435291,Neutral,bisa kalau kulitnya udah toleransi (tiap malam hari),7185096421220158747
52,1,482,V5D0498,7351629075142329094,Negative,langsung ss bisa gk sih? kalau kebanyakan di layer takut nya malah berminyak,7235406683676167430
52,1,486,V5D0502,7422473988042326790,Positive,kk aku mau coba skincare deviena tp ga tau cara beli nya🤣😂,7421104723333483782
52,1,497,V5D0513,7586901112847811346,Neutral,enggak perlu pake ss kah ci?,7586827398084136200
52,1,498,V5D0514,7421581300744471314,Positive,nah gini ngakui kesalahan lwbih bagus dripada buat video panas...panas..panas🤣 @user gimana nih dok?,7421104723333483782
52,1,507,V5D0523,7439279057675731713,Neutral,gbee glow kapan di riview dok 🙏🏻 @user .okypratamaa_kedua,7428436533981613318
52,1,523,V5D0539,7430036877762069255,Neutral,katanya makeup nya sudah gak beredar..koq ini beredar lagi..apa cech,7429636271552728326
52,1,525,V5D0541,7441221750413263634,Neutral,wsp dok🙏,7428436533981613318
52,1,527,V5D0543,7428765866349576965,Neutral,dokter skincare seruni 🙏,7428436533981613318
52,1,532,V5D0548,7576331756246713095,Neutral,knp di jual kak?,7430007251076697350
52,1,538,V5D0554,7359973079684629254,Neutral,kenapa ya kk aku hbs 1 jar kulitku terkelupas semua dan kering???????,7359717817601543429
52,1,544,V5D0560,7310170521257526021,Neutral,pakai niacinamide wajib pakai toner ga ka?,7270117302614478086
52,1,545,V5D0561,7421751589221991174,Negative,"demi tuhan walaupun aku g ada salah, aku juga g ada niat pake produk daviena, aku lega belum pernah beli produk daviena 🥰",7421104723333483782
52,1,551,V5D0567,7432452091073233681,Neutral,dok. crem af juga donk😁,7428436533981613318
52,1,552,V5D0568,7341415062076130054,Neutral,aku mau preloved retinol daviena ada yang mau?,7340938843190725893
52,1,556,V5D0572,7228961271960781595,Neutral,maju mundur mau beli azarine atau the originote karna gw pemula banget mohon bantuan nya guys🥺,7185096421220158747
52,1,559,V5D0575,7428445714558288646,Neutral,coba crem jestham dok,7428436533981613318
52,1,567,V5D0583,7555401745272685320,Neutral,"aku pl 50k aja ,2 x pake itu juga nyolek aja",7262186413284822277
52,1,569,V5D0585,7331695893945565958,Neutral,kak kalo udah pake cica night cream nya npure boleh di gabung pake itu ngak?,7312025661835578629
52,1,587,V5D0603,7403252760781669126,Neutral,sya pke tik tol liet th..ga bisa liat tiktokshop,7401739344085585158
52,1,589,V5D0605,7428558838905684737,Neutral,krim anzora dok aman gak🙏🏻,7428436533981613318
52,1,591,V5D0607,7543477317735318288,Positive,banget kak,7523137946246008069
52,1,594,V5D0610,7428581753713443590,Neutral,dok tolong review medikacare ya dok?,7428436533981613318
52,1,599,V5D0615,7596241404831089415,Positive,terharu bgt🥺,7596239649517899016
52,1,604,V5D0620,7421707888513811206,Negative,saya td y mau pke devina tp takut jdi sy cansel resah krna seloweran d fyp,7421104723333483782
52,1,608,V5D0624,7252196305668440838,Neutral,serum vitamin c the originote bisa di barangin dengan ss azarine engk si,7242204399928593669
52,1,620,V5D0638,7419646837675655941,Neutral,ka klo serum hyalu c+mois originote hyalucera bisa?,7235406683676167430
52,1,623,V5D0641,7428593838652883719,Neutral,retinolny nggak terdeteksi ?...,7314309007341063429
52,1,626,V5D0644,7312715538097881861,Neutral,bagusan daviena apa avoskin??,7312025661835578629
52,1,631,V5D0649,7422709086627791621,Positive,siap kmbali kpngturan awal😁,7421104723333483782
52,1,634,V5D0652,7185942225934746395,Positive,eiem cintaku wlopun lama efeknya tp gapapeeee😭😭🤟,7185096421220158747
52,1,635,V5D0653,7428531740978922246,Neutral,dok celo skincare dong,7428436533981613318
52,1,637,V5D0655,7596255983220638465,Positive,ibu aku hamil pun masih percaya sma daviena emng mantul 🤗❤️,7596239649517899016
52,1,647,V5D0665,7195942615116120858,Positive,nice info ote chekout,7167562475641048347
52,1,656,V5D0674,7459698669538231058,Neutral,gmna kak masih pakek cream maryam nggak..riviewnya dong,7424146834534239493
52,1,657,V5D0675,7312106906608042758,Neutral,usia 18 blh gk sih,7312025661835578629
52,1,670,V5D0688,7428623252630700806,Positive,otw lngsung beli maryame apa glowglowing🥰😂,7428436533981613318
52,1,683,V5D0702,7433742975164973842,Neutral,iya dok reviw,7428436533981613318
52,1,693,V5D0712,7421891602454725381,Neutral,kunaon mbak ?,7421104723333483782
52,1,708,V5D0728,7477109059117810450,Neutral,aq jrwtan mau nangissss😭😭😭,7429636271552728326
52,1,713,V5D0734,7377359386622198534,Neutral,solo/surakarta,7340938843190725893
52,1,719,V5D0741,7421164502563177222,Negative,membualllll wayae hancurrr ditinggalkan pembeli kmuuu woeee!!!,7421104723333483782
52,1,722,V5D0744,7362935862613590785,Neutral,"mình pass cả2, mới dùng 2 lần ạ",7235406683676167430
52,1,725,V5D0747,7206173181325099803,Neutral,cara pakai serum kombinasi seperti itu gimana kak,7188119070884056347
52,1,731,V5D0753,7388779504784917253,Neutral,ada yang mau retinol daviena harga 100k kebawah,7378347819268082950
52,1,739,V5D0761,7475954060958155528,Neutral,pemakaian brp lama ka?,7312025661835578629
52,1,741,V5D0763,7291827364518291214A,Positive,baru order daviena semoga cocok kaya testimoni2 disini 🙏,7340938843190725893
52,1,743,V5D0765,7428565040456499976,Neutral,adleeva boleh dok?,7428436533981613318
52,1,744,V5D0766,7421190839814898437,Neutral,harganya brp ce?,7385065641595653382
52,1,745,V5D0767,7421196600356635397,Negative,untung gak jadi beli😁,7421104723333483782
52,1,750,V5D0772,7427340457074475782,Neutral,msh perlu sunscreen lg gak?,7418514646698642693
52,1,751,V5D0773,7446160096655131399,Positive,hi doc..bila pasaran di malaysia ☺️,7428436533981613318
52,1,752,V5D0774,7392898869703852805,Neutral,kalau gimna cara pesennya,7385065641595653382
52,1,757,V5D0779,7330945381041832709,Neutral,"@user :kak mau tanya klo yg buat pudarin bekas jerawat pagi nya hyalu-c, trs mlmnya pake dark spot boleh? dan yg dark spot itu dipakenya tiap mlm sama",7122773893844061466
52,1,763,V5D0785,7384477292082922246,Neutral,bisa buat cowok ga,7357662447248968966
52,1,769,V5D0791,7248778604158583557,Positive,the originote emang bagus yaaa,7194330759329631514
52,1,775,V5D0797,7422315876551492358,Positive,"wardah,skintific jg bguss lochh",7421104723333483782
52,1,777,V5D0799,7596511490770076424,Negative,kak 😭😭,7596239649517899016
52,1,778,V5D0800,7378082439157449488,Positive,ak baru mau coobaa,7376604456818920709
52,1,783,V5D0805,7354690934196192018,Negative,"pokoknya klw ad riview bgini, tpi gak trlalu puas dengarnya pst @user daviena skincare gak akn posting ulang😂😂",7340938843190725893
52,1,786,V5D0808,7429161664396821254,Neutral,cream ss donk dok,7428436533981613318
52,1,792,V5D0814,7148025327086977818,Positive,tapi lu ngomong setiap vt originote.. gua make juga kali😂 ngga kek omongan luu,7129446710400601371
52,1,798,V5D0820,7533843182586397448,Neutral,untuk jerawat ada kak?,7472351771025755410
52,1,799,V5D0821,7589854515161137927,Neutral,kalo retinol dari sekin0004 yh cii. di gabungin sama sekin0004 dari bio cica serum apa bisa yamarin jerawat,7586827398084136200
52,1,803,V5D0825,7210566646146466586,Neutral,kalo kulit sensitif lebih cocok pake yg mana ka?,7185096421220158747
52,1,807,V5D0829,7345325089178927878,Positive,tim pake retinol azarine nampooll 😂,7340938843190725893
52,1,816,V5D0838,7643966437199446804,Neutral,"boleh ngak sih, mlm ini pake azzarine peeling serum, trs besok mlm nya pake retinol azzarine?",7313383346447322373
52,1,823,V5D0845,7428542298210042629,Neutral,"@user glow donk riview dr @user .okypratamaa_kedua ,...",7428436533981613318
52,1,825,V5D0847,7213212866144912155,Neutral,avoskin & skintific dong,7185096421220158747
52,1,830,V5D0852,7421348619309466374,Negative,panik pasti pembelinya berkurang 😀,7421104723333483782
52,1,832,V5D0854,7450364666138215176,Neutral,dok gloglowing dong,7428436533981613318
52,1,837,V5D0859,7311402975774163718,Neutral,ka aku pake acne b5 sama astachiol gimana ya cara pakenya??,7306081689422351622
52,1,853,V5D0876,7428462255614903045,Neutral,skintific sudah direview kah dok?,7428436533981613318
52,1,855,V5D0878,7428505713109041925,Neutral,"dok,, kalau kdasbeauty?",7428436533981613318
52,1,857,V5D0880,7439937642861069064,Neutral,"klo sdh pakai crem siang, perlupakai sunscreen lg gak kak?",7385065641595653382
52,1,858,V5D0881,7341065217499218694,Positive,"aku ya glowing gitu kak tapi pake paketannya juga, serius, eh tapi balik lagi cocok2an sih",7340938843190725893
52,1,859,V5D0882,7312077960218968837,Neutral,retinol boleh dipakai di wajah jerawat?,7312025661835578629
52,1,868,V5D0891,7474478508086166290,Neutral,kena basuh tk lepas tu,7145783136914296090
52,1,871,V5D0894,7421219264373392133,Neutral,"sepertinya iya, karna jarang live jg",7421104723333483782
52,1,873,V5D0896,7390062328991056648,Positive,mau bgt pake kk aku ada flek hitam bandel🥺🙏,7389110955214490886
52,1,875,V5D0898,7378759654618383109,Neutral,lo gk cuci muka kak bangun pagi nya,7378347819268082950
52,1,876,V5D0899,7429183390959043333,Negative,cba ms glow dok. brani gak? 😂 jgn tebang pilih,7428436533981613318
52,1,882,V5D0905,7596249295739011858,Positive,yng pntng klu d komen jngn mrah hrus mmprbaiki .. smngt yahh kk 🥰🥰🥰,7596239649517899016
52,1,889,V5D0912,7428935280864019205,Neutral,kalo yang malem aman gak dok,7428436533981613318
52,1,894,V5D0917,7476722075688977158,Negative,iya sama kak aku pake day cream nya aja jadi jerawat gede gede mendem lagi,7262186413284822277
52,1,905,V5D0928,7428458533399708422,Positive,semangat dok,7428436533981613318
52,1,907,V5D0930,7205974000392389403,Positive,iya kak sesuai kebutuhan ya huhuu,7194330759329631514
52,1,913,V5D0936,7428474331259683602,Neutral,kalau olay aman dok?,7428436533981613318
52,1,934,V5D0958,7333246078068818695,Neutral,bisa gk kak ... retinol di pake sma skintifik panthenol acne kak,7319688011891936517
52,1,938,V5D0962,7364750970843202309,Positive,@user skinker idaman🥺,7357662447248968966
52,1,939,V5D0963,7357875660679119622,Negative,"lah tpi tadi katanya d'alba spray serum nya udh habis berbotol botol, ini blgnya ""yg mahal baru coba 3 hari"" mana yg bener kak?",7357662447248968966
52,1,951,V5D0975,7230456571851408154,Positive,pengen coba juga,7194330759329631514
52,1,953,V5D0977,7173560662416147226,Neutral,buat umur brp kak tolong respon🙏,7145783136914296090
52,1,956,V5D0980,7421407689852879622,Negative,"kok baru minta maaf ,hasilnya uji lab mandiri hasilnya sama dg doktif...kasihan costumernya",7421104723333483782
52,1,960,V5D0984,7421180385516061446,Negative,yakin gak ada niat??,7421104723333483782
52,1,961,V5D0985,4624523847139417318,Positive,"udah pakai daviena retinol 2 minggu, hasilnya mulai kelihatan cerahan dikit",7378347819268082950
52,1,964,V5D0988,7428733549812007685,Neutral,dok pngen review jestham,7428436533981613318
52,1,965,V5D0989,7291827364518291523A,Positive,"wah baru tau, makasih infonyaa ✨",7129446710400601371
52,1,966,V5D0990,7421326019841671942,Positive,😅😅😅😅😅😅,7421104723333483782
52,1,968,V5D0992,7422953830968656646,Negative,ini 0% kandungannya hindarn ya🙏 mending liat pembuktian di doktif,7389110955214490886
52,1,970,V5D0994,7329005428522763013,Neutral,eh maaf yg darksport nya untuk pagi ya??,7314309007341063429
52,1,971,V5D0995,7551353788402615048,Neutral,dipake nya malam hari atau pagi/siang hari?? #mohon dijawab krn aku udah beli #skincaretips wajib dicoba,7122773893844061466
52,1,973,V5D0997,7406272346392544006,Neutral,kk klu buat muka mrintis bs gk,7385065641595653382
52,1,975,V5D0999,7502035142522798868,Negative,kak ada yg mau gk preloved cream maryam siang mlm ny mash bnyk d aku g cocok. yg mau dm,7430007251076697350
52,1,976,V5D1000,7201419393484849946,Neutral,"aq tanya ke penjual di toko orange bilang nya gak bisa untuk malam,, hanya pemakaian siang aja",7182401543491128602
52,2,1,V5D0002,7428465430732063494,Neutral,arthaldt dok,7428436533981613318
52,2,6,V5D0008,7404712765484532486,Neutral,kak itu dia bisa sebegai sunscreen? tapi kok kaya sedikit ya kak make nya? apa cukup buat nangkal sinar uv? rill nanya kak🙏,7385065641595653382
52,2,8,V5D0010,7428466461372842770,Neutral,"cek bogota beauty dong dok, aman atau nggak",7428436533981613318
52,2,12,V5D0014,7469753688882676487,Neutral,"ada yg mau retinol daviena gak?? masih baru, belinya kelebihan soalnya",7418812570569641221
52,2,14,V5D0016,7371856064096404229,Neutral,d alba cocok ga buat oily skin&acne prone?,7357662447248968966
52,2,15,V5D0017,7428558389497709319,Positive,emg ga pernah ragu sih sm cream satu ituu🫠,7428436533981613318
52,2,17,V5D0019,7429596312189190919,Negative,tp aku udh buktikan kak ..pke 1 pket malah flek ku tumbuh banyak (maaf)🥺🥺🥺,7429265515434036485
52,2,20,V5D0022,7428970528692486918,Neutral,baru tau ada produk skincare maryame,7428436533981613318
52,2,31,V5D0034,7222643640995676955,Neutral,boleh di mix sm cream yg biasa aku pake ga ka ???,7185096421220158747
52,2,33,V5D0036,7268087108450173701,Positive,@user ini nihh solusinyaa🥺,7122773893844061466
52,2,38,V5D0041,7428463319042392838,Neutral,kymskiinn dong dok,7428436533981613318
52,2,41,V5D0044,7596587067858453256,Negative,"udah cek kak mungkin tp kecolongan 😭 misal cek hari ini besok produksi lagi ga ada yg pantau kan bisa masukkan jg , entahlah wkkw",7596239649517899016
52,2,43,V5D0046,7263047975642071813,Neutral,gmn cara pakai nya rangkaiannya apa aja??,7242204399928593669
52,2,50,V5D0053,7354309625463702278,Positive,awal puriging jerawat gede bat 2. abis itu byee rata muka gw😭🙏,7314309007341063429
52,2,53,V5D0056,7428793818436403973,Neutral,fa glow dok dicek juga soalny bnyak yg pakai cream ini karena harganya juga murah apakah aman @user @user .okypratamaa_kedua,7428436533981613318
52,2,54,V5D0057,7530313276208644871,Neutral,warnanya beda gk kak ?,7262186413284822277
52,2,63,V5D0066,7291827364518291296A,Positive,"udah repurchase ke-6 nih azarine, ga bakal ganti lagi 🔥",7327630114282573061
52,2,69,V5D0072,7597067551230657298,Negative,dan lucunya di terbitkan masi di bulan februari 2025 dan ada yang beli di bulan 3 cek di dr grand🤣,7596239649517899016
52,2,71,V5D0074,7146324370967970587,Positive,ini emng serum terbagus yg prnh gwe pakek,7129446710400601371
52,2,72,V5D0075,7226177713979540251,Neutral,cis yg dapet 75 .000☝ cc @user,7194330759329631514
52,2,75,V5D0078,7428587122002936593,Positive,cocok aku juga dokter🥰,7428436533981613318
52,2,76,V5D0079,7313184182673343238,Neutral,pemakaiannya bisa tiap hari ka?,7312025661835578629
52,2,78,V5D0081,7416355159028400901,Neutral,ada yg mau bayar retinol sama retinal gw ga?masi segel smua,7313744314927041797
52,2,81,V5D0084,7434795530326197000,Positive,bajunya kocak2 bgt dok😅,7428436533981613318
52,2,105,V5D0108,7388550448192307974,Positive,mulus banget kulit bun rahasia ny apa,7385065641595653382
52,2,106,V5D0109,7265642231578804997,Neutral,skip toner bole ngga??,7242204399928593669
52,2,114,V5D0117,7429583930292650757,Positive,"alhamdulillah aman aku pakai juga pakai produk maryame dri tahun 2023,sampai sekarang nh🙏🏻🙏🏻",7428436533981613318
52,2,121,V5D0125,7434027957185839877,Neutral,dok review putri glow dok,7428436533981613318
52,2,130,V5D0134,7425926701983548165,Neutral,bisa buat kulit berjerawat gak kak? @user .official bisa dijawab ga?,7418514646698642693
52,2,135,V5D0139,7596484652115280661,Negative,ga mau salah bgt😭,7596239649517899016
52,2,144,V5D0149,7428586108319171348,Neutral,dok review ziyan glow dong,7428436533981613318
52,2,146,V5D0151,7435202005210465079,Positive,pinjem seratus dok😭,7428436533981613318
52,2,156,V5D0161,7422487958329180934,Neutral,mending pakai bedak biasa klo dasar nya putih ya putih😂,7421104723333483782
52,2,158,V5D0163,7422345438684529414,Neutral,prettttt....drakor aja setelah tau ngibul,7421104723333483782
52,2,165,V5D0170,7321544623800058630,Positive,pakein serum hydrating yaa kaka cantikk🤗,7313744314927041797
52,2,168,V5D0174,7421487316415972101,Negative,keliatan banget takut miskin nya nih owner,7421104723333483782
52,2,169,V5D0175,7481651910073647877,Positive,emang bagus kak aq dulu pakek ms glow terus ganti daviena terus ganti maryame emang bagus,7472351771025755410
52,2,173,V5D0180,7422622090471555846,Negative,"skrg sdh dingin yah, kemarin bilang panas panas ,",7421104723333483782
52,2,176,V5D0183,7428551955032687365,Negative,turunin harga nya 🙏🫰,7428436533981613318
52,2,181,V5D0188,7428503466265527058,Positive,gws by agt dok,7428436533981613318
52,2,183,V5D0190,7596978948186489621,Neutral,kak boleh ga kalo facial wash nya salicil acid habis tuh pake serum originote hyaluc?,7235406683676167430
52,2,188,V5D0196,7601125604926554901,Neutral,kok bisaaaaa😭,7596239649517899016
52,2,192,V5D0200,7337170036774617861,Positive,iyaa,7270117302614478086
52,2,194,V5D0202,7426750837189378834,Negative,akhirnya ga diterusin soalnya malah jadi kusem😄,7421364555957275910
52,2,195,V5D0203,7135044523643126555,Neutral,boleh dicampur retinol ga,7129446710400601371
52,2,197,V5D0205,7421856464825254661,Neutral,nyapo......terbukti opo piye,7421104723333483782
52,2,201,V5D0209,7341001517657359109,Negative,"gk se wow itu kak trnyta😭aku kdg ttep pake tp buat siang itu jg gk tiap hari,klo pke malem bsoknya merah2",7312025661835578629
52,2,205,V5D0213,7422146394260390662,Negative,terselamatkan sempet mau beli tp ga jd..,7421104723333483782
52,2,209,V5D0217,7398124758925361925,Neutral,serum acne dan darkspot bisa d pake barengan ga untuk malam ka🩷,7314309007341063429
52,2,210,V5D0218,7422931902812521222,Negative,kena retur ribuan paket.,7421104723333483782
52,2,214,V5D0223,7421370129688806150,Negative,sy pke g cocok krem siang nya abu abu di wajah,7421104723333483782
52,2,216,V5D0225,7429634134492218118,Neutral,carismalux dong kak,7428436533981613318
52,2,224,V5D0234,7422111892829602566,Negative,"q merasa d tipu mbk,hrga mhall poll teryata 😁😁😁😁😁",7421104723333483782
52,2,235,V5D0246,7429710578112873221,Neutral,animate di cek dong dok,7428436533981613318
52,2,236,V5D0247,7428438795634393861,Neutral,coba suc dok soalnya banyak bamgat review ny,7428436533981613318
52,2,240,V5D0251,7429310628081582854,Positive,iya kak....sama...mana aku pake jestham udah hampir 2tahun🫣,7428436533981613318
52,2,244,V5D0256,7289034951538098950,Positive,kmrn dpt 3 200san😁,7289028668863663365
52,2,246,V5D0258,7364152118561768198,Positive,🤲🤲🤲🤲🤲🥰🥰,7363584993148357894
52,2,248,V5D0260,7428441322275898117,Positive,aman ka udh pernah di riview,7428436533981613318
52,2,252,V5D0265,7443037215536235282,Neutral,kk aku uda chat di konfir ya kak,7418812570569641221
52,2,254,V5D0267,7430072314844480262,Neutral,dokter tolongdong putri glo aman engga,7428436533981613318
52,2,255,V5D0268,7357877721735332614,Negative,"@user :muka keriput pake apa..ini mmpung belom parah masih tanda"" ..😭😭😭😭",7357662447248968966
52,2,256,V5D0269,7314544137566978822,Neutral,"aku beningg, mmg ada yg kuning yaa? bukannya kalo kuning itu udah teroksidasii 😭",7314309007341063429
52,2,258,V5D0271,7436906785996423943,Neutral,brapa,7385065641595653382
52,2,262,V5D0275,7313610614231597829,Neutral,kak serum retinol complex azarine sama ampoule retinol avoskin potent yg mana?,7237379067773766917
52,2,271,V5D0284,7422681512833630982,Negative,mereka claim produknya sendiri...lebih baik beli brand2 yg memang sdh diakui sprti wardah loreal skintific..jangan beli yg produknya dari owner perseorangan..,7421104723333483782
52,2,281,V5D0294,7447042709238711060,Neutral,review krim korea dok..😁,7428436533981613318
52,2,300,V5D0313,7428506518503867154,Neutral,dokk itu setelah di riview ke pake gak cream nya 😂. kalo gakk . kasih aku aja dong😂😂,7428436533981613318
52,2,301,V5D0314,7340544855153935110,Negative,harga ny ga kuattt😁,7284446766534102277
52,2,308,V5D0322,7428559862740189958,Neutral,seruni dokk,7428436533981613318
52,2,309,V5D0323,7436013793740260103,Positive,"iya kkaa, apalagi keluar rumah wajib pkai ss meskipun udah pkai day cream yaa☺️",7430007251076697350
52,2,315,V5D0329,7221729322082730778,Negative,"aku pake moisterizer nya tpi d kulit pipiku trasa kaku gtu,npa ya,smga d jawab 😊",7194330759329631514
52,2,328,V5D0342,7422802326895624965,Neutral,nah klu dr awal.ke gini minta maaf ga akan diserang netizen,7421104723333483782
52,2,337,V5D0352,7353431487743050501,Neutral,klo aku pas jadwal pkek retinol (retinol+moisturizer),7314309007341063429
52,2,345,V5D0360,7466218885093819154,Negative,kak kenapa aku make 3hari beruntusan+ kusem kak gimana lanjuta apa gak ya 😫😫😫😫,7279666593129434374
52,2,349,V5D0364,7429725517186777861,Neutral,dok coba cek cream rr beauty all in one.? soalnya anak saya pakai.,7428436533981613318
52,2,350,V5D0365,7389825787040301830,Neutral,untuk kulit berminyak bisa ka? pengen banget pake...,7376604456818920709
52,2,362,V5D0377,7432275971157934853,Negative,jng tergiur harga murah..bnyk yg palsu,7418514646698642693
52,2,367,V5D0382,7425814945621738246,Neutral,itu brp gr,7418514646698642693
52,2,378,V5D0393,7449831994965869330,Neutral,brrti cream siangny dri maryame trs fc moist dan ss dri merk lain blh gk ka ?,7429265515434036485
52,2,379,V5D0394,7421302351811658502,Negative,orang yg paling bener ini mah tumben minta maaf 😅,7421104723333483782
52,2,387,V5D0402,7222050375393510170,Neutral,mau tanya dong untuk pemula bagusan mna ya serum vit c originote sm avoskin bagusan mna,7208499827234131226
52,2,394,V5D0409,7325371703089414917,Neutral,"ka klo malemnya pake retinol, pagi nya pake pelembab brightening bisa ga?? (serius nanya)",7306081689422351622
52,2,398,V5D0413,7422887557006721798,Negative,dewi hani jayanti cancer nyah untuk mu kalo bisa bagikan keluar jabotabek wasalam suhanda duda untuk semuah,7401739344085585158
52,2,402,V5D0417,7421204986246136581,Negative,kalah jug mrntalnya..😁nitizen ko d lawan😂simpan sj uangmu..,7421104723333483782
52,2,409,V5D0424,7404723556577592069,Negative,merkuriiiiii itu kak,7385065641595653382
52,2,411,V5D0426,7428858051908518674,Neutral,dok tolong review cream ciglow 🙏,7428436533981613318
52,2,425,V5D0440,7425391042750579461,Neutral,300rb bk,7421364555957275910
52,2,426,V5D0441,7429189638557827857,Neutral,dok new fivez dong 🙏,7428436533981613318
52,2,428,V5D0443,7315340229861769989,Neutral,harus malah kak abs retinol harus ngt pake cream moisturizer,7237379067773766917
52,2,429,V5D0444,7421465379132048134,Negative,pantesan kaya mendadak😂😂,7421104723333483782
52,2,431,V5D0446,7418893608068023045,Neutral,aku juga masih ada retinol nya tetep aku pake,7418812570569641221
52,2,432,V5D0447,7428545714101175045,Positive,buat aku ajah dokter cream nya aku pake maryame soalnya🥰,7428436533981613318
52,2,446,V5D0462,7223215241575465754,Neutral,pigeon nya yg apa kak?,7194330759329631514
52,2,449,V5D0465,7421421131553850118,Positive,"skincare nya bukan berbahaya ya,,cuma kandungan nya yg gak sesuai klaim,& ini bukan kesengajaan juga, insyaallah kedepannya produknya akan jauh lebih bagus,spt kita yg mrsa di tipu,beliau juga di tipu",7421104723333483782
52,2,452,V5D0468,7243277284148298501,Neutral,untuk retinol yang advanced merk apa kak?,7185096421220158747
52,2,460,V5D0476,7440702612322779921,Neutral,dok can beauty plis,7428436533981613318
52,2,465,V5D0481,7366508638305846022,Neutral,kalo niacinamide nya dr brand lain aman ga kak?,7270117302614478086
52,2,473,V5D0489,7455502183196099336,Neutral,gmn ka cocok ga?,7424146834534239493
52,2,487,V5D0503,7317493942403531525,Neutral,baginda raja plissss jawab klo masih ada jerawat on off bole pake nggak?,7312025661835578629
52,2,492,V5D0508,7429257066198106886,Neutral,coba unic skincare dong dok🙏,7428436533981613318
52,2,502,V5D0518,7241087585115898629,Positive,murah banget,7194330759329631514
52,2,515,V5D0531,7189256002364736282,Neutral,"bantu jawab ya kak don't forget reapply sunscreen siang sampe sore kak, pengalaman aku awalnya aku juga kusam setelah di cari tau kurang jos di sc",7188119070884056347
52,2,521,V5D0537,7421713542413730566,Positive,otw hanasui😁,7421104723333483782
52,2,522,V5D0538,7477196261969904391,Neutral,"kk yang serum hyalu+vitamin c,itu apakah aka kandungan,hyaluronic acid nya? dan apakah cocok buat kulit kering serum nya kk?",7235406683676167430
52,2,524,V5D0540,7421808832056689414,Positive,tim wardah dari jaman smu😊,7421104723333483782
52,2,533,V5D0549,7291827364518291656A,Positive,wkwk sama kak🤣 🔥 (160),7279666593129434374
52,2,542,V5D0558,7421826715960640261,Negative,dia kaya dari duit customer,7421104723333483782
52,2,550,V5D0566,7211545502368858907,Neutral,kalo retinol the originote dan pelembab nya skintific bisa gak sih?,7185096421220158747
52,2,586,V5D0602,7422228722256544518,Negative,lah.. hasil doktifnya mana? 😂,7421835937988070662
52,2,588,V5D0604,7341250041532007173,Neutral,kalo buat bekas jerawat merah bisa g @user tolong dijawab,7340938843190725893
52,2,595,V5D0611,7456422205879698183,Neutral,kakak pakai serum lagi ga sblm pemakaian daycream,7430007251076697350
52,2,597,V5D0613,7422697883143127813,Positive,wardah yang cristal secret bagus banget aku pake soalnya,7421104723333483782
52,2,602,V5D0618,7596248273108779784,Positive,alhamdulilah aku setia pake produk body daviena kalo buat muka moist nya selalu pake dari daviena aku dan anak gadis aku 🥰🥰🥰,7596239649517899016
52,2,603,V5D0619,7312099945456288517,Neutral,klo pakek retinol daviena trus mois nya dri dorkskin bisa ga kak?,7312025661835578629
52,2,605,V5D0621,7428539140306748165,Positive,lanjutkan dr oky keren,7428436533981613318
52,2,606,V5D0622,7422724704727286534,Positive,panasss🔥🔥,7421104723333483782
52,2,624,V5D0642,7422355644098282246,Negative,"mana ada penipu ngaku dari awala kalo blm kaya,kalo skrng udh kaya udh aman lah yaa",7421104723333483782
52,2,627,V5D0645,7331330781526590214,Neutral,"moisturizer, retinol, moisturizer",7284446766534102277
52,2,630,V5D0648,7330858042642596614,Neutral,retinol buat kulit sensitif bisa gak si😩,7312025661835578629
52,2,636,V5D0654,7386963857154065158,Neutral,masi ada kak?,7378347819268082950
52,2,644,V5D0662,7434358065866670856,Positive,"ps, pinjam seratus dok.. 😁",7428436533981613318
52,2,645,V5D0663,7401073968936190726,Neutral,1 pket nya brph emng tth,7385065641595653382
52,2,650,V5D0668,7358747283016499973,Negative,bukan nya berbahaya yh merek deviena liat di yt dr.richart lee #skincareroutine harian wajib coba dan juga #skincaretips penting banget,7340938843190725893
52,2,652,V5D0670,7145296108637913882,Neutral,ini dipakai rutin ka? pagi sma malem ? pls jwb ka,7129446710400601371
52,2,653,V5D0671,7421720899924181766,Positive,"bagus hanasui....murah juga,isinya tidak abal2....tdk nipu2",7421104723333483782
52,2,660,V5D0678,7422990301986505478,Positive,aq pakai bagus bgt baru 1 minggu asli ni jujur,7421835937988070662
52,2,661,V5D0679,7421902223866970886,Negative,rugii tau yg beli,7421104723333483782
52,2,664,V5D0682,7185897540398646043,Positive,the orginot sama azarine bagus bangett engga bikin purging duluu ringan jugaa,7185096421220158747
52,2,667,V5D0685,7428857120789267218,Neutral,adlevaa donk dok pliss🥰,7428436533981613318
52,2,674,V5D0693,7421745867666801425,Negative,mau cepat kaya menipu secara halus minta pendapat @user .okypratamaa_kedua,7421104723333483782
52,2,676,V5D0695,7239147102642651909,Positive,plissss bgus bangett woyy😭,7194330759329631514
52,2,678,V5D0697,7525292614531875605,Neutral,ada shopee gk teh???,7363584993148357894
52,2,680,V5D0699,7603356104772698901,Neutral,oh aku kebalik pakek nya 🤭,7235406683676167430
52,2,688,V5D0707,7424460589176931078,Positive,makasiii banyak kaa semoga aku cocok 🥰,7424146834534239493
52,2,691,V5D0710,7299491805510337285,Neutral,berapahan ka?,7291631421565832453
52,2,703,V5D0723,7421879560059355909,Positive,"iya iya,aku pindah hanasui babay🥰",7421104723333483782
52,2,706,V5D0726,7421907017823306502,Negative,lha kemarin masih flexing ...,7421104723333483782
52,2,716,V5D0737,7621513144074437383,Neutral,yang mencerahkan yang mana kk?,7306081689422351622
52,2,718,V5D0739,7460737028528276242,Positive,hai ogs! tidak perlu khawatir sekarang serum kita sudah reformula ya 😍,7459337971108515090
52,2,724,V5D0746,7359161930970710802,Positive,mau dimodalin nnti lps nikah 🤭,7357662447248968966
52,2,733,V5D0755,7596364453017748231,Negative,coba berenti kak sebulan masih bangga gak sama produknya😂,7596239649517899016
52,2,734,V5D0756,7421589903853634309,Negative,kapokkk pindahh produk lain dah😊,7421104723333483782
52,2,738,V5D0760,7231724922862781211,Neutral,"kak mau tanya aq pake day dan night crem toner daviena, kalo serum nya ganti retinol the originote kira” bisa nggk ya",7185096421220158747
52,2,742,V5D0764,7428555225885557509,Neutral,bedak sw glows dok,7428436533981613318
52,2,749,V5D0771,7428442872905040646,Neutral,"gara2 ada cek2 semua merk jadi nongol semua,, tadinya gk tau merek2 tersebut jadi tau",7428436533981613318
52,2,755,V5D0777,7429150718055793424,Neutral,nitip dok ls cek,7428436533981613318
52,2,761,V5D0783,7402388015852929798,Positive,@user ✨🌈,7378347819268082950
52,2,773,V5D0795,7422886768478290693,Negative,tapi boong 🤣,7389110955214490886
52,2,776,V5D0798,7422125354108142342,Negative,"untung gak pernah pake daviena. lbh percaya produk hanasui, pons, olay, garnier, wardah, sk11 masuk #skincareroutine aku",7421104723333483782
52,2,780,V5D0802,7596544156719842056,Neutral,dlu beli dilive nya ka,7596239649517899016
52,2,781,V5D0803,7381301609462219526,Positive,bs ya,7235406683676167430
52,2,782,V5D0804,7335252778611622662,Neutral,sebelum pake retinol daviena pakai retinol apa ka?,7312025661835578629
52,2,785,V5D0807,7428543449080955655,Neutral,dok tolong yessica dok aman gk ?? ak mw co ragu2🥲🥲,7428436533981613318
52,2,788,V5D0810,7428446958446019335,Neutral,jesthan dok..aman gak,7428436533981613318
52,2,790,V5D0812,7428562102396338949,Neutral,dok zyan glow skincare dok aku pake udah jalan 4 paket tapi cream malem nya ada tulisan klinik padahal ada label halal sama bpom nya,7428436533981613318
52,2,796,V5D0818,7421431155021382405,Positive,"aku salah satu yg ngetag dia nyuruh buat minta maaf, bukan malah playing victim nyari pembenaran, akhirnya dia bikin jg video minta maaf, bukannya dr awal begini",7421104723333483782
52,2,800,V5D0822,7443242358738830098,Neutral,longsor ga kak,7430007251076697350
52,2,805,V5D0827,7135754334742938394,Neutral,boleh dipake tiap hari?,7129446710400601371
52,2,810,V5D0832,7421416082860622612,Positive,viva 😍😍😍bagus lembab nya,7421104723333483782
52,2,811,V5D0833,7502794114615542549,Negative,samaaa kak udah 2 tahunan pakai hnh tapi ga ada hasilnya sama sekali😭,7472351771025755410
52,2,812,V5D0834,7448086059635180306,Neutral,serius kaa itu bener2 bisa ilangkan flek,7429265515434036485
52,2,815,V5D0837,7433521882638631696,Neutral,kalau pakai hyalu c serum pada waktu pagi . tapi tak keluar rumah tak apa ke ?? or pakai time nk keluar sahaja ?,7235406683676167430
52,2,821,V5D0843,7431898865710334741,Neutral,dok ff dong dok,7428436533981613318
52,2,822,V5D0844,7429140142278312709,Neutral,sbc skincare dong dpc maju mundur nih,7428436533981613318
52,2,827,V5D0849,7424311367173489413,Neutral,"kak, stlh mke day cream trs make ss spf 50 bisa ga? dan klo night creamny, boleh dipake mosturizer dr produk yg lain ga stlh mke night creamny? atau mosturizer dlu trs night cream? bingung t_t",7312632181094894854
52,2,829,V5D0851,7416951985628283653,Neutral,"aku gk tau. pakai avoskin, somethinc, azarine, originote. udh pernah akj coba. jd aku cuma pakai bas8c skincare doang",7397028146429709573
52,2,840,V5D0863,7421568723998540550,Negative,huuu mhon maaf? balikin tu duit smua org yg udh ketipu sm km mba 😭😭,7421104723333483782
52,2,845,V5D0868,7368858357669921542,Neutral,"kalo udah pake night cream merk lain, boleh ngg sih di pakein ini juga? minta jawaban @user",7327630114282573061
52,2,847,V5D0870,7214734706151244570,Neutral,ini bisa dgnakan sama ms glow ga cc @user .okypratamaa_kedua,7122773893844061466
52,2,854,V5D0877,7529234924025905940,Positive,💯,7430007251076697350
52,2,856,V5D0879,7428551155473859333,Neutral,camile dan rynbee dok punya seleb semua itu dan aku pake,7428436533981613318
52,2,863,V5D0886,7291827364518291548A,Positive,wkwk sama kak🤣 🙏 (158),7279666593129434374
52,2,865,V5D0888,7406920288241648389,Neutral,bisa pake serum azarin trus cream malam merk lain nggak?,7397028146429709573
52,2,870,V5D0893,7422282713959498502,Negative,team yg ga mau pake daviena,7421104723333483782
52,2,872,V5D0895,7470425421143671559,Negative,ihvjadi ragu mau coba,7262186413284822277
52,2,874,V5D0897,7428543715701408518,Negative,ko kaya ikutin doktif si dok,7428436533981613318
52,2,877,V5D0900,7429243619733095173,Neutral,dok coba charismalux skincare dok..,7428436533981613318
52,2,878,V5D0901,7422256288850068230,Neutral,"gue gak pake paling beli sabun muka aja yg facial wash doang, sisanya berwudhu ajaa🤭",7421104723333483782
52,2,879,V5D0902,7596283045037458197,Positive,semangat terus yaa bu walaupun banyak huru hara aku tetep setia sama davienaa uda 3th ini❤️❤️,7596239649517899016
52,2,883,V5D0906,7564732627813466887,Neutral,pake cream malam nya gak ka? sekintific retinol untuk malam hari bagus ka,7523137946246008069
52,2,891,V5D0914,7422012540244886278,Positive,bener banget saya dari dulu tetap ke wardah karena aman dn jelas,7421104723333483782
52,2,895,V5D0918,7430740552104084240,Neutral,bikin abu ngga di kulit samo matang? tolong di bls pake vt buktikan abu apa nggak,7430007251076697350
52,2,897,V5D0920,7567683810008498951,Positive,"aku mau coba tapi masih ragu ragu udah banyak yg aku pakai gk ada hasil dari yg mahal sampe yg murah😭tipe kulitku normal, kering, kusam ka jawab vt",7472351771025755410
52,2,899,V5D0922,7389306194329027333,Neutral,sist itu paket komplit brp ya ?,7312632181094894854
52,2,902,V5D0925,7377686674590319365,Positive,"@🪐 ari pengen putih, akuta mong pengene mulus bae sing jerawat😁😁😁😁😁",7357662447248968966
52,2,911,V5D0934,7219231318407791386,Neutral,ka serumnya boleh digabung krim siang malem gt ga ka yg dr oshinbeauty?please bantu jawab,7185096421220158747
52,2,914,V5D0937,7330586626681471749,Positive,💕anytime,7237379067773766917
52,2,915,V5D0938,7379034747253048070,Neutral,mna keranjang kuning x teh,7361323225038540037
52,2,917,V5D0940,7455721579898225426,Negative,tahi lalatnya pun langsung hilang ya kak😂😂😂,7429265515434036485
52,2,929,V5D0953,7341028975865185030,Positive,kuningnya dari kandungan retinolnya kak bukan abal,7340938843190725893
52,2,935,V5D0959,7429999874567357189,Neutral,keranjang krimnya gk ada,7429636271552728326
52,2,944,V5D0968,7421920754231460614,Positive,"pengguna skincare @user cushion,lipstik,premier, sunscreen,serum,seting spray ...bagus semua dan murah...pertahankan harganya jangn dimahalin yah hanasui ♥️",7421104723333483782
52,2,962,V5D0986,7399665424495756038,Negative,kulit tth mh dh putih emng yg item lngsung glowing teh,7385065641595653382
52,2,963,V5D0987,7215808075610686234,Neutral,kk serum ini blh di gabung sma cream omg?,7122773893844061466
52,3,4,V5D0006,7428626719290475270,Neutral,dok rnc wbeauty dok,7428436533981613318
52,3,5,V5D0007,7205481982174708507,Neutral,xoba retinol implora ka,7185096421220158747
52,3,21,V5D0023,7396971488672334598,Neutral,ini untuk pemula aman ga kak pengen nyoba juga tapi takut masih pemula,7340938843190725893
52,3,22,V5D0024,7429265665872511764,Neutral,knpa ff nggak pernah di reviuw,7428436533981613318
52,3,26,V5D0029,7424332661257552645,Neutral,kaa.bisa gk pakai itu.tp cream malam dari produk lain,7421364555957275910
52,3,29,V5D0032,7314809794140226309,Negative,kuning ee 😭😭😭,7312025661835578629
52,3,32,V5D0035,7363277976844141318,Neutral,baru tau? hahaha,7340938843190725893
52,3,48,V5D0051,7429371249153426181,Neutral,cek cream erwa glow dok yang berasal dari sulawesi juga. soalnya saya ingin pakai cream tersebut karena banyak juga testi-testinya yang bertebaran. tapi saya ingin tahu dulu apakah aman?,7428436533981613318
52,3,57,V5D0060,7421232745344631558,Neutral,"dia tetap playing victim kok kak. perhatikan saja kalimat ""dituduh secara brutal""",7421104723333483782
52,3,58,V5D0061,7422641132512019206,Negative,klo udah gini baru panik,7421104723333483782
52,3,59,V5D0062,7429369065124758278,Positive,@user amann cahh,7428436533981613318
52,3,83,V5D0086,7421359329776141062,Positive,face wash nya bagussss bngettt kakkk,7421104723333483782
52,3,88,V5D0091,7384456174630765318,Neutral,kalo ga pake moist gpp kah? soalnya aku ga cocok pake moist,7378347819268082950
52,3,91,V5D0094,7134759817448637210,Neutral,blh di gabung sma retinol kak?,7129446710400601371
52,3,95,V5D0098,7596248191809864469,Negative,dari dulu salah fabrik,7596239649517899016
52,3,96,V5D0099,7499435142189089554,Neutral,mau yg dark spot nya kaaa..,7472351771025755410
52,3,99,V5D0102,7282403867173126917,Neutral,bukannya yang bright b3 itu di pake pagi dan malam ya? trs pas pemakaian pagi itu di layer kah?,7235406683676167430
52,3,102,V5D0105,7313400142961935110,Positive,otw langsung co😭😭,7312025661835578629
52,3,110,V5D0113,7262282647929701125,Positive,"iya karna bahanya aman jadi memang butuh waktu lebih lama ,rutin aja dlu ya",7242204399928593669
52,3,119,V5D0123,7134405182801068827,Neutral,"tolong jawab dong ,,pilih azarine vit c atau originote",7122773893844061466
52,3,120,V5D0124,7422276782764147461,Negative,mungkin lain org lain juga y kn kata dokter kulit ad kandungan yg ga cocok di kulit muka saya tp untuk org lain bisa jdi ccok,7421835937988070662
52,3,123,V5D0127,7428550132184679175,Neutral,garnier dong dok katanya sih sdh d boikot skincare garnier🙏🙏,7428436533981613318
52,3,127,V5D0131,7215072077446169370,Positive,"pratista sih bagus ,tp emg harga nya lumayan hehe",7185096421220158747
52,3,128,V5D0132,7363606454690038533,Neutral,"teh, buat kulit normal bagus pake yg mana,yang bisa buat cerah",7363584993148357894
52,3,129,V5D0133,7614004630998500116,Neutral,skrng aman ga,7596239649517899016
52,3,140,V5D0145,7421726363101594373,Neutral,kok dituduh secara brutal ?,7421104723333483782
52,3,143,V5D0148,7398393910903128837,Neutral,untuk umur brapa ka,7397028146429709573
52,3,145,V5D0150,7428464044477432582,Negative,"bogota dong tolong, muka gw ancur parah setelah brenti pake produknya",7428436533981613318
52,3,147,V5D0152,7397688210815894277,Positive,wishlist aww😭,7397028146429709573
52,3,150,V5D0155,7428456495719678726,Neutral,@user gelow dong dok 🙏🏻,7428436533981613318
52,3,160,V5D0165,7223177993568158490,Neutral,kalo retinol?,7208499827234131226
52,3,162,V5D0167,7228943450627818266,Neutral,retinol the originote sm retinol azarine bagusan mana buat kulit normal umur 18th cuma ada bkas jrwt & kusam?? tlng dijawab y k,7185096421220158747
52,3,167,V5D0173,7421755645148742405,Neutral,tapi awalnya marah2 sekarang minta maaf.🤣 kocak giliran penjualannya menurun,7421104723333483782
52,3,171,V5D0177,7341256392731640582,Neutral,ig nya apa kak?,7340938843190725893
52,3,172,V5D0178,7421849674984538886,Neutral,giliran ketauan kaya gitu 🗿,7421104723333483782
52,3,185,V5D0192,7291827364518291474A,Positive,iyaa sama disini jg gtu beneran,7122773893844061466
52,3,191,V5D0199,7396330329806455557,Neutral,retinol daviena boleh di gambung sama moisturizer garnier ga? atau sama moisturizer kymskin?,7378347819268082950
52,3,200,V5D0208,7422840491575608069,Negative,yang penting cuan😅,7421104723333483782
52,3,215,V5D0224,7421545619625476870,Negative,coba dari awal kak jadi kalo skrg udah pd ga respek,7421104723333483782
52,3,217,V5D0226,7312029508327408389,Neutral,ini dipakainya habis moist skintific aman? atau cukup ini aja?,7312025661835578629
52,3,218,V5D0228,7421183085544915717,Negative,brutal...ow..ow..,7421104723333483782
52,3,227,V5D0237,7357854087687717638,Neutral,cara memakainya tahapnya apa aja?,7357662447248968966
52,3,228,V5D0238,7310495560182956805,Negative,dosisny tinggi ga btw🥺,7289028668863663365
52,3,230,V5D0241,7428492089111347976,Neutral,zelux skincare dok,7428436533981613318
52,3,234,V5D0245,7424761693319922439,Negative,kak tapi aq pake maryame tapi klo kena keringet kok gatel d wajah gmn kak lanjutin pa gk,7385065641595653382
52,3,237,V5D0248,7315742221838844678,Neutral,ka aturan pakainya setelah serum acne eiem itu wajib pake moist gk? soalnya aku mlah jd byk brutusn krna ga pke moist🥺,7185096421220158747
52,3,239,V5D0250,7429134512951264005,Neutral,skincare adleeva dok 🙏🏻,7428436533981613318
52,3,249,V5D0261,7523851505490690823,Positive,mariame♥️blum habis 1 pot flek mulai pudar,7472351771025755410
52,3,257,V5D0270,7146460595809944347,Positive,iya ka hasilnya #kulitsehat bgt dan juga #skincaretips penting banget,7145783136914296090
52,3,261,V5D0274,7428602940444066567,Neutral,wbs cosmetic dong dokk,7428436533981613318
52,3,263,V5D0276,7624166199757030164,Positive,bolehhh,7586827398084136200
52,3,265,V5D0278,7596250608735290133,Positive,namanya juga hidup yah min sabar,7596239649517899016
52,3,266,V5D0279,7358385241129517825,Neutral,moistnya esate lauder tu pakai pagi & malam kan ? tlg siapa bantu jawab,7357662447248968966
52,3,267,V5D0280,7226259967468012315,Neutral,pernah purging?,7185096421220158747
52,3,269,V5D0282,7320859902308631302,Neutral,hyalu c serum isi nya di kalian bening or kuning??,7306081689422351622
52,3,273,V5D0286,7450473741806928661,Positive,alhmdulillah cocok walaupun harganya wow. nanti order l❤️🥰,7421835937988070662
52,3,276,V5D0289,7379414727000523525,Neutral,boleh dipke tiap mlm ga retinolnya ?,7378347819268082950
52,3,279,V5D0292,7421919025287938821,Neutral,kan gak pernah pakak..tau dri mana klo gak ngefek😂😂...pigmen kulit stiap orang beda,7421104723333483782
52,3,280,V5D0293,7422692250180485893,Neutral,"langsung ke inti nya ajaa, ini kenapa ya serius nanya😭",7421104723333483782
52,3,282,V5D0295,7428567760705667846,Negative,"cream malam h&h dok dari dr kamila jaidi, saya pas berhenti pkek itu jerawat muncul semua😭 sekrng jadi ketagihan😭",7428436533981613318
52,3,285,V5D0298,7350134246336709382,Neutral,serius kak??,7340938843190725893
52,3,287,V5D0300,7357966488806163205,Positive,mau ikutan ah kak sapa tau cocok 🥰,7357662447248968966
52,3,289,V5D0302,7509035578039632648,Neutral,jerawat menahun tolonggggg 😭😭😭,7507827983269350661
52,3,290,V5D0303,7361609549465682695,Neutral,harga nya berapa mbk,7361323225038540037
52,3,293,V5D0306,7359073173918204677,Positive,aku lg coba serum d’alba krna tmn pake itu bnr” glowing bgt jir😭 tapi di gw juga bagus sih 🥹,7357662447248968966
52,3,299,V5D0312,7366996862522147590,Neutral,ka minta link produk daviena yang asli plis mau co,7340938843190725893
52,3,306,V5D0319,7421357573640831749,Positive,"mau cerita, jauh sblm2 skinker viral aku pake hanasui, mlah g' ngaruh apa2 dmuka. pake wardah selalu muncul jerawat...bhkn aku pake olay malah pori2ku jd membesar. pake skintific, bioaqua dan originote. selalu jerwatn dan komedoan. skrg cma pake vit. c elsheskin viva dan sunscreen sariayu. mukaku bersih 🗿🗿",7421104723333483782
52,3,314,V5D0328,7132812502883173146,Neutral,tipe kulit apa ka??,7129446710400601371
52,3,322,V5D0336,7435178561441465095,Neutral,beli dinn,7385065641595653382
52,3,324,V5D0338,7375720856712758021,Neutral,serum bright b3 dibarengin mois hyalucare originote bisa ga?,7314309007341063429
52,3,325,V5D0339,7422874024470512390,Negative,untung ga jadi beli🫢,7421104723333483782
52,3,331,V5D0345,7429599501210665748,Negative,kalau mau untuk flek pake skintific atau hanasui itu memang ada khusus untuk flek tapi kalau maryame kan satu cream di bagi bagi jadi dikit dikit ingredients nya..satu cream ada toner.moiz.cousin..,7429265515434036485
52,3,334,V5D0349,7536696763191149333,Positive,kakk krimnya the best🥰🥰🥰🥰cocok di aku,7472351771025755410
52,3,336,V5D0351,7317303966168597254,Neutral,serum bright b3 klo kulit berminyak boleh gak?? sama itu dipakai ny boleh pagi dan malam kh??,7306081689422351622
52,3,338,V5D0353,7353145256851997445,Neutral,cara pake retinol untuk muka berjerawat kek gimna si ka??,7340938843190725893
52,3,343,V5D0358,7431520096692454145,Neutral,cream siang nya aja berapa emg?,7418514646698642693
52,3,354,V5D0369,7428462050001371909,Positive,aku jg pake cck tp hua,7428436533981613318
52,3,358,V5D0373,7341792453832409862,Neutral,tapi retinol warnanya emang kuning. avoskin sama somethinc yg retinol jga kuning,7340938843190725893
52,3,360,V5D0375,7229575712314868507,Positive,uhh cakepp dehh😭😍😍,7222981366173011226
52,3,363,V5D0378,7503382989650461447,Neutral,hasilnya seminggu kemudian mana kak?,7262186413284822277
52,3,372,V5D0387,7421835504654975749,Negative,penjualan menurun kak 😅,7421104723333483782
52,3,374,V5D0389,7428607378641994501,Positive,dok buat aku aja skincare maryame ny🤧,7428436533981613318
52,3,388,V5D0403,7600209196361270036,Neutral,ngaruh ga mba?,7523137946246008069
52,3,390,V5D0405,7422838690961523461,Negative,bisa2 nya msih bs ngomong dituduh scra brutal😂😂,7421104723333483782
52,3,391,V5D0406,7606575223073391368,Neutral,msh gak kk krim malamnya,7262186413284822277
52,3,401,V5D0416,7423225002176545541,Positive,"ga usah teteh, udah all in 😁",7418514646698642693
52,3,408,V5D0423,7627317362082317074,Negative,aku bru co bntr lgi smpe gimna ni bu owner msi aman kah di pke😭,7596239649517899016
52,3,413,V5D0428,7365907206207865605,Neutral,tiap malam ka pke nya ? terus hrs pke mois lagi gak,7359717817601543429
52,3,414,V5D0429,7430740592614114055,Neutral,"aku udh pesen,klo pke toner lagi boleh ga",7312632181094894854
52,3,438,V5D0453,7429134521465127681,Neutral,msi coba dok🙏🙏🙏,7428436533981613318
52,3,440,V5D0456,7428702023535231749,Negative,kenapa jadi ikut ikutan doktif dah 😅,7428436533981613318
52,3,442,V5D0458,7428562727986021125,Neutral,"dok,, review lavees cosmetik dong,,,,",7428436533981613318
52,3,443,V5D0459,7388047254906667782,Neutral,kk serum originote vit c bisa di ganung sama moist g2g yg ping gk?tlng bntu jwb ya kk mkasih🙏,7314309007341063429
52,3,445,V5D0461,7421790555249705733,Positive,azarin mantap juga lo .jerawat q lansg kering,7421104723333483782
52,3,448,V5D0464,7289462114761655045,Positive,bagus banget emanggg🥰,7289028668863663365
52,3,451,V5D0467,7306805076331676421,Positive,acne b5 emang bagus tapi lengket di muka dan ngilangin jerawat penuh dengan kesabaran nunggu 1-2 bln sampe sembuh total tapi setelah itu jarang ada j-,7306081689422351622
52,3,453,V5D0469,7422893085237199637,Neutral,memperkaya diri dengan mengorbankan org lain,7421104723333483782
52,3,467,V5D0483,7432249056577356551,Neutral,krim orlin aman ga guys?,7428436533981613318
52,3,468,V5D0484,7337149380291773190,Negative,kalo pake hydrating biasanya untuk pemula supaya ga kemerahan atau iritasi,7270117302614478086
52,3,469,V5D0485,7429693672302920449,Negative,"pake cream pagi malem, kok makin merah mukaku ya ... lanjut atau mang g cocok ya",7429265515434036485
52,3,474,V5D0490,7428441705572336390,Neutral,putri glow bpk fery🥺,7428436533981613318
52,3,478,V5D0494,7369301233809736454,Positive,"di aku ngaruh dikit, noda hitam bekas jerawat, bahkan bekas luka jadi berkurang",7145783136914296090
52,3,484,V5D0500,7596247319642014472,Positive,semangatt bu owner cantikk🥰,7596239649517899016
52,3,488,V5D0504,7421698778862502662,Neutral,kmrn ketawa2 skrg bru mnta maaf🤣,7421104723333483782
52,3,489,V5D0505,7146537155904553754,Neutral,ini bisa di pake stiap hari kak?,7145783136914296090
52,3,490,V5D0506,7428534568397374226,Positive,aman ko kak kan ad disitu tertulis gak ada merkurinya 😁,7428436533981613318
52,3,493,V5D0509,7228911733023539995,Neutral,versi highend dong,7185096421220158747
52,3,499,V5D0515,7212407412711162650,Neutral,yg isi 2 nya habis kak,7194330759329631514
52,3,503,V5D0519,7366194387636093701,Neutral,emang boleh di pake tiap hari ya kak?,7340938843190725893
52,3,504,V5D0520,7428571596284297990,Neutral,skincare yang aku pke blm ter review,7428436533981613318
52,3,505,V5D0521,7367333860603970309,Positive,"aku pakai ini bagus bnget gk ada ngelupas,dan sekarang gk jerawatan lg",7359717817601543429
52,3,506,V5D0522,7428648736677102354,Neutral,dok coba cek jenem glow dok,7428436533981613318
52,3,509,V5D0525,7421427934106157830,Positive,aq pake wardah dari gadis smp punya anak 2,7421104723333483782
52,3,510,V5D0526,7421216198165660434,Negative,segera tobat,7421104723333483782
52,3,512,V5D0528,7316619399573979906,Neutral,pakek moisturizer skintific pakek retinol daviena bisa gak ya,7312025661835578629
52,3,516,V5D0532,7221876623283618587,Neutral,kalau pakai retinol the originote di tambah serum vit c avoskin bagus ga🙏,7185096421220158747
52,3,518,V5D0534,7317327682290139910,Neutral,kk ini udah bpom blm sii?,7313744314927041797
52,3,520,V5D0536,7429050022912705286,Positive,dokter oki saya mau cream nya maryame nya klo udah enggak terpakek dok🙏🥰🥰,7428436533981613318
52,3,526,V5D0542,7422243712498025221,Negative,betul banget takut miskin dan jatib,7421104723333483782
52,3,530,V5D0546,7420113438171972358,Negative,aq udah tau isiy gk sesui wdahy. males bli 🙅‍♀️,7389110955214490886
52,3,534,V5D0550,7225395086561313563,Neutral,"minimal 14 thn, kecuali retinol",7194330759329631514
52,3,535,V5D0551,7131504500422394650,Positive,bener bgt aku masih semingguan udah cerah bgt 😁😁,7129446710400601371
52,3,536,V5D0552,7308159382267790086,Positive,"banyaaak bet, nutrishee, avoskin yg alpha arbutin, the originote juga banyak nii di video ini👆🏻😊",7306081689422351622
52,3,539,V5D0555,7421286980628873989,Positive,tq doktif,7421104723333483782
52,3,543,V5D0559,7428454859407491846,Neutral,produk fenny frans dok🙏,7428436533981613318
52,3,548,V5D0564,7357943153619845893,Neutral,kl buat kulit yg sensitif tuh pke serumny bs gaya?,7357662447248968966
52,3,554,V5D0570,7418898941242278661,Negative,😩😩,7418812570569641221
52,3,557,V5D0573,7305786578407588614,Positive,"saya sebelumnya jerawatan parah semuka full kak, exfo bikin makin iritasi. waktu kenal sama retinol ada progress makin membaik",7185096421220158747
52,3,564,V5D0580,7428786097200956166,Neutral,req @user solution dong dari makassar jg,7428436533981613318
52,3,570,V5D0586,7306831229831283462,Positive,"pemakaian 2 mgg masih bgus, 1 bln breakout kak. aku terusin ini jln paket ke 2 udh mulai mulus lg kak cuma masih kusam aja",7291631421565832453
52,3,572,V5D0588,7314133522335466245,Positive,bang tukeran muka yok😭😭😭😭,7312025661835578629
52,3,575,V5D0591,7428639782089720581,Neutral,dok coba cek skincare whitestory dok,7428436533981613318
52,3,576,V5D0592,7428777916232483589,Neutral,hadalabo dong dok,7428436533981613318
52,3,578,V5D0594,7421530196806828806,Positive,peluk jauh kaa🥺,7421104723333483782
52,3,581,V5D0597,7357910330913866502,Neutral,"iya tiap hari abis cuci muka kaya tonerr abis itu pake serum, dan moist kaya biasa",7357662447248968966
52,3,582,V5D0598,7207406424556946203,Neutral,"kak,kalo ceratinol the originote pernah coba gak..spill dongs..😁",7185096421220158747
52,3,583,V5D0599,7430625883742782214,Positive,"digabung sama skintific yang khusus flek ka ,,mantap hasilnya aku juga pke krim maryame sama skintific wajah cerah bersih fleknya udah tipis",7429265515434036485
52,3,592,V5D0608,7312225890799239937,Positive,langsung chect out kalo banginda udh kasi 10/10 manjalita ulalaaaa🥰,7312025661835578629
52,3,593,V5D0609,7402114653931979525,Positive,🥰🥰🥰🥰,7389110955214490886
52,3,617,V5D0635,7421558771988595461,Negative,liat ownernya udh gak tertarik beli kak🤣🤣,7421104723333483782
52,3,619,V5D0637,7433977626526368519,Neutral,gmn cara pesen ny ka..,7421364555957275910
52,3,625,V5D0643,7421863836947743494,Neutral,ah masaaa,7421104723333483782
52,3,632,V5D0650,7580165088302105351,Neutral,masih ada ga ka??,7262186413284822277
52,3,640,V5D0658,7428853330980291333,Neutral,dok kalo monwhite gimana 🥺,7428436533981613318
52,3,649,V5D0667,7431455877863359238,Neutral,starlite ka tolong cek,7428436533981613318
52,3,651,V5D0669,7421865431479468806,Negative,@user 🐑🌻 mana paket guwe jalan kesini duwa paket 😭,7421104723333483782
52,3,658,V5D0676,7291827364518291786A,Positive,wah kak reply mulu 😂 beneran (160),7429636271552728326
52,3,659,V5D0677,7428575491026060040,Neutral,dok coba review dr.pure ?,7428436533981613318
52,3,668,V5D0686,7319104741186749189,Negative,"aku sekarang pake retinol dari skintific, rencana mau ganti the originote masih mikir2😩",7185096421220158747
52,3,669,V5D0687,7422190964259963653,Positive,maka merendah itu lebih baik dan elok.. #davinaskincare juara wajib di #skincareroutine harian,7421104723333483782
52,3,672,V5D0691,7367799658213491461,Neutral,lu pada ngomongin skincare yg malah under 1 juta😂 liat tuh sk 2 tauu ga harganya brp????😂😂,7357662447248968966
52,3,673,V5D0692,7129168989910876954,Neutral,cocok ga kak klau make cream ms glow?,7122773893844061466
52,3,681,V5D0700,7424336032188973830,Positive,gpp sih yaa mahal klo manjur efeknya keliatan aku br pengin coba😊,7421364555957275910
52,3,689,V5D0708,7333633889121174277,Negative,aku pake retinol daycream temulawak jdi berjerawat😩,7319688011891936517
52,3,697,V5D0717,7439339206302057234,Neutral,apa masih ada?,7430007251076697350
52,3,699,V5D0719,7127057753080152859,Neutral,kak bagus the originote apa somethinc #kulitsehat dengan produk ini #skincaretips wajib dicoba,7122773893844061466
52,3,702,V5D0722,7186164376185275163,Positive,oke makasih kak. si avoskin ini emang byk bgt yg rekomendasiin ini,7185096421220158747
52,3,707,V5D0727,7148023689761375002,Negative,"gw nggak ngejatuhin kalii-_- tuh serum overclaimed. kalo gw ngejatuhin, gw bakal bilang tuh serum jelek, bikin jerawat, bikin kusem",7129446710400601371
52,3,709,V5D0730,7379543100685124358,Neutral,"kak kira"" kl yg punya blackhead bagusnya serum yg mana??",7306081689422351622
52,3,710,V5D0731,7435175388186559240,Neutral,dok zhiriana di cek juga ya dok tolong,7428436533981613318
52,3,723,V5D0745,7429154454706897672,Neutral,dok tolong cek suv super skin dong. sy udah 2 thn pakai nya. semoga aman aja.🙏,7428436533981613318
52,3,729,V5D0751,7422966363545404166,Positive,tetap kely serum hanusui dan marina paling mantap dah ngefek bener ... milia hilang smpe akar2 nya,7421104723333483782
52,3,732,V5D0754,7291827364518291854A,Positive,noted kak makasih ya btw (160),7313383346447322373
52,3,735,V5D0757,7365046924066145030,Neutral,kalo pake the originote trs retinol nya daviena boleh ga kak,7319688011891936517
52,3,736,V5D0758,7422904657301340934,Negative,lagian kok mau mau nya sih pake cream yg dr org yg basic nya gda dr kesehatan..minimal dokter kek,7421104723333483782
52,3,753,V5D0775,7421713253213389573,Negative,saya tinggal di kota palembang sumsel..daviena itu org jambi...dinkota ini mana ada yg pakek produk dia..tdk di kenal orang di kota ini...kok bisa2 nya di luar pulau bnyak yg beliii🤣🤣🤣🤣🤣🤣.,7421104723333483782
52,3,754,V5D0776,7428640556832146182,Neutral,cek gloglowing jg dok,7428436533981613318
52,3,762,V5D0784,7424318706023940869,Neutral,"brarti rata"" emang gtu y efeknya,.ini aman gk si plis,syang bnget kan beli mahal,itu efek dari kndunganya yg tinggi atau gmna",7424146834534239493
52,3,765,V5D0787,7423574265956926213,Neutral,pke kunyit ktnya 😅,7389110955214490886
52,3,766,V5D0788,7430421378194653957,Neutral,dok prodak dorskin aman nggak? ☺🙏,7428436533981613318
52,3,768,V5D0790,7461984986057540370,Neutral,"ada yg mau gantiin gk ? beli di owner lgsg msh ada box+cara pakai, day cream msh segel, night care+fw msh 98% minat dm ya, bisa co di oren kalo mau 🥰",7429265515434036485
52,3,787,V5D0809,7442583122065736469,Neutral,coba cek skincare doraemon dari bioaqua dok🙏,7428436533981613318
52,3,797,V5D0819,7421874566928663302,Negative,"udah kaya melintir ini, aman lah",7421104723333483782
52,3,801,V5D0823,7430387412109132552,Positive,"pantas aku cocok ternyata lolos uji leb alhamdulillah terselamatkan mukaku dengan maryam, terimakasih kak owner @user hani jayanti 🥰",7428436533981613318
52,3,802,V5D0824,7199115308878119706,Neutral,"bagus originote apa azarine ya, bingung",7145783136914296090
52,3,806,V5D0828,7438976648101561143,Neutral,ke akun asli nya langsung kak @user hani jayanti,7418514646698642693
52,3,819,V5D0841,7422823380447134470,Negative,sorrry yeee.. ga prnh pake produk lu,7421104723333483782
52,3,824,V5D0846,7212671125078852379,Neutral,bingung antara the originote atau azarine,7185096421220158747
52,3,844,V5D0867,7231059908393124635,Positive,keren kaka,7194330759329631514
52,3,848,V5D0871,7421357101487932165,Negative,akhirnya ngakuuu🤣🤣🤣🤣🤣,7421104723333483782
52,3,849,V5D0872,7422817015612637958,Neutral,ini knp sih prdukny ada apanya aq kok gatau,7421104723333483782
52,3,850,V5D0873,7323892174956249861,Neutral,kak kalau aku pake mooist skintifik yg pink dan sanskrin azarin boleh ngak kak??,7319688011891936517
52,3,852,V5D0875,7595118155971478292,Neutral,buat flek hitam membandel pk apa kak,7507827983269350661
52,3,866,V5D0889,7431584077281559304,Neutral,bisa buat kulit berminyak berjerawat ga ya kak ?,7429636271552728326
52,3,884,V5D0907,7596456593643569928,Neutral,"kak mending pilih yg pasti2 aja deh, kayaj wardah viva avoskin. dibanding nanti nyesal 😌",7596239649517899016
52,3,885,V5D0908,7455898479229027080,Positive,"sama aku juga ngga pernah jerawatan,kalaupun ada karna mau haid itu pun pling 1 dan ngga pernah berbekas",7262186413284822277
52,3,888,V5D0911,7451820520520499976,Neutral,"ada yang mau gantiin night cream ku ngga ? masih segelan kok, belinya langsung di official storenya langsung",7424146834534239493
52,3,892,V5D0915,7291827364518291284A,Positive,"udah repurchase ke-1 nih maryame, ga bakal ganti lagi beneran",7429265515434036485
52,3,898,V5D0921,7430724037443322631,Neutral,1 pot u/ pemakaian brp lama sih?,7418514646698642693
52,3,901,V5D0924,7262621137107190533,Negative,gtau si😭,7235406683676167430
52,3,909,V5D0932,7436668274957861650,Neutral,ada yg untuk kulit yg berjerawat nggk?,7385065641595653382
52,3,910,V5D0933,7596272316439675666,Neutral,emg yg sekarang mash di cv surya permata ?,7596239649517899016
52,3,916,V5D0939,7421407663404352261,Negative,"klo ga di uji lab doktif, ga akn kebongkar kan? berdagang itu yg jujur. sekarang minta maaf, nangis2.. kemarin bilang panas panas 🔥🔥",7421104723333483782
52,3,919,V5D0942,7258353060636279558,Positive,originote emg deh gapernah gagal,7258280563352587526
52,3,942,V5D0966,7327940817191027461,Neutral,mending retinol avoskin atau daviena yah kak?,7319688011891936517
52,3,969,V5D0993,7429248183777166085,Neutral,@user . oky pratama real dok tolong cek ls skincare tolong bgt aku usa setahun pakai tkut ada ap2 nya 🙏🙏🙏🙏🙏,7428436533981613318
52,4,2,V5D0004,7429695657998304006,Neutral,dok tolong cek charismalux pliss🙏🙏🙏🙏,7428436533981613318
52,4,3,V5D0005,7431462545418732293,Neutral,banyk yg jual tapi toko yg sama kk liat @user .official,7428436533981613318
52,4,7,V5D0009,7211544143301051162,Positive,"percayalah mau kulit kaya seleb2 itu tuh perwatan rajinn pake 1merek ajaa, rajin maskeran dan perawatan ke klinik kecantikann wkwkwkkw",7167562475641048347
52,4,11,V5D0013,7348971114062004998,Positive,tp emng iyaa aku udah ngrasain sendiri,7340938843190725893
52,4,13,V5D0015,7421985096692040454,Negative,"allah maha pemaaf, tpi perbuatanmu akan dipertanggung jawabkan kelak..",7421104723333483782
52,4,18,V5D0020,7428452804514022161,Neutral,dok klau pesan online gitu pakai akun dokter atau tidak sih?? penasaran,7428436533981613318
52,4,25,V5D0028,7388535550314382086,Neutral,"iya bun tergantung kulit juga,,,",7385065641595653382
52,4,30,V5D0033,7388871082793239302,Neutral,kk kalok selesai expo harus pakai skincare yg hydrating kalok pakek npure yg cica atau yg licorice? jawabb,7235406683676167430
52,4,34,V5D0037,7316417871726691077,Neutral,"wajahku agk kering, bruntus an, komedo an, sekarang agk jerawat an jugaa, gradakan pokonya mnding pake astachiol atau ceratides barrier?",7306081689422351622
52,4,35,V5D0038,7389280868278518534,Neutral,order ny dmn,7357662447248968966
52,4,37,V5D0040,7392146535734018821,Negative,yg g cocok kantong nya kk😂,7389110955214490886
52,4,46,V5D0049,7431783760650437396,Neutral,"aku beli kmrin d akun ownerny ada kok,cm emng rebutan",7418514646698642693
52,4,55,V5D0058,7378504446278337285,Positive,aku pakai daviena bikin glowing,7378347819268082950
52,4,60,V5D0063,7430131200897991445,Negative,"@user .okypratamaa_kedua astaghfirullah dok, biar apa coba? memangnya ini bagian prioritas dokter oky ya? mending cari kesibukan lain dok🙏 stop mencari2 kesalahan orang. mending perbanyak ibadah aja dok",7428436533981613318
52,4,61,V5D0064,7349799428226417413,Negative,mereka glowing nya lebay menurutku,7340938843190725893
52,4,67,V5D0070,7388449877641118469,Positive,"bismillah smga bisa kebeli suatu saat nnti, smga aku mudah rezeki sllu🥰affiliate pemula nih bntu yuuu🙏🥰",7357662447248968966
52,4,70,V5D0073,7286629712545628933,Positive,pen coba🥰,7284446766534102277
52,4,77,V5D0080,7421326666972005126,Neutral,kejayaan ada masa nya,7421104723333483782
52,4,79,V5D0082,7406690914268185349,Neutral,"ada yang mau gantiin retinol daviena 6pcs 400 ribu ga , edisi mubazir karena hamil , beli di tiktok owner pengiriman dari owner palembang ada bukti co",7378347819268082950
52,4,82,V5D0085,7442710503598801720,Neutral,sunscren nya ad gak,7429636271552728326
52,4,84,V5D0087,7428494080936723208,Neutral,dok. tolong krim eliza beauty 🙏🙏🙏🙏,7428436533981613318
52,4,85,V5D0088,7284619372399919878,Neutral,kak kalau pakai toner skintific pink+ serum originote b3 bisa?,7258280563352587526
52,4,87,V5D0090,7225442410770301723,Neutral,pakainya serum dulu apa kremnya ?,7185096421220158747
52,4,89,V5D0092,7381094718857544453,Positive,@user 🧚🏻‍♀️ penasaran gw sm retinol ini,7378347819268082950
52,4,90,V5D0093,7313205855935775493,Neutral,ka pake skincare jglow bisa ga pake retinol ini?,7312025661835578629
52,4,92,V5D0095,7429283486462903057,Neutral,bajunya kok langka semua ya dok😅,7428436533981613318
52,4,94,V5D0097,7418937311796888325,Neutral,klo lgi pke kb pke ini skinker ngaruh gk sih,7418514646698642693
52,4,98,V5D0101,7287822127722152710,Neutral,aku juga pake azarine mau coba the originote di kaka bagus ga the originote?,7185096421220158747
52,4,101,V5D0104,7358565004284723969,Neutral,urutan pakenya gmn?,7357662447248968966
52,4,108,V5D0111,7365984980529513222,Negative,ko ak make b3 makin kusam yaa,7306081689422351622
52,4,109,V5D0112,7329005283437478661,Neutral,"nah ini nih yg aku takutkan, soalnya dlu pakai punya wardah vit.c juga jerawatan 😭 jadi takut pngen nyoba yg originote nya",7314309007341063429
52,4,115,V5D0118,7425727365714477829,Positive,aku jg suka marayame krna simpel tp sayang di aku bkn jrwat skitar dagu bnyk bgt ada kli 10 biji + kering😭😭,7424146834534239493
52,4,117,V5D0121,7421448378847724294,Positive,"hanasui serum jg mantul ,lebih jatuh cinta produk ekonomis 😘😘😘 cocok banget buat #skincareroutine",7421104723333483782
52,4,118,V5D0122,7586861179604943624,Neutral,ngilangi bekas jerat yg item2 pake apa ci?? fw: cetaphil ampul pink+serum niacinamide dr ordinary moise:pake minimalis,7586827398084136200
52,4,137,V5D0142,7424549561480250118,Positive,"ya kalo gak ada yg berani mah , gak bakalan kebuka minusnya kosmetik2 yg kurang baik",7421104723333483782
52,4,139,V5D0144,7253468669740024582,Positive,bagusan retinol azarine dibanding originote sory😭😭,7185096421220158747
52,4,149,V5D0154,7431074034856575764,Neutral,ms glow aman g sih dok?🥺,7428436533981613318
52,4,166,V5D0171,7436925306126566145,Neutral,dok cek cream saraskin,7428436533981613318
52,4,170,V5D0176,7429961039381283590,Neutral,kymskin dok review,7428436533981613318
52,4,174,V5D0181,7429140132215571216,Neutral,arumi glow dok,7428436533981613318
52,4,175,V5D0182,7362870777459720966,Positive,😭😂😂,7340938843190725893
52,4,179,V5D0186,7421350073168249605,Neutral,"tapi kk kayaknya bukan karna gak cocok kak,mungkin sunscreen kk belum benar aja pakai nya kak, soalnya kalau gak cocok tu jerawatan atau panas gitu",7421104723333483782
52,4,182,V5D0189,7359471486618305285,Neutral,@user menangisst dompet ini,7357662447248968966
52,4,184,V5D0191,7467497101116670726,Positive,sama donk kk,7279666593129434374
52,4,186,V5D0194,7428742399616647943,Neutral,chalonese dok plis,7428436533981613318
52,4,187,V5D0195,7440719396559864594,Neutral,skinmetis dok di cek dong,7428436533981613318
52,4,190,V5D0198,7363657630299095813,Neutral,teh kalo pertama kali make suka gatel pa gk...sama gerah,7363584993148357894
52,4,198,V5D0206,7421714688328041221,Positive,ternyata bagusan maydooza wkwk,7421104723333483782
52,4,203,V5D0211,7225959258344866587,Positive,panutanku membuat konten ini,7194330759329631514
52,4,213,V5D0222,7431070093537526533,Neutral,rk aman gak yaa?,7428436533981613318
52,4,221,V5D0231,7421574431127962374,Negative,pantesan aza dia cepet kaya .modal dikit untung bnyk...,7421104723333483782
52,4,238,V5D0249,7388484413699490565,Neutral,kak kalo semisal moist nya pakek merk lain gimana ya bisa gak ya ??? pliss jawab kak🙏🏻 terimakasih,7376604456818920709
52,4,241,V5D0252,7587057407076057876,Neutral,"ampoule pink manaaa??? tambahin ampoule pink pakai pagi malam setiap hari bareng soothing cream ada dietalase aku yaaa, untuk penjelasan lengkapnya kmu bisa tonton vt atau pantengin live aku bsk siang",7586827398084136200
52,4,242,V5D0253,7421177048759403285,Negative,panas panas panas😂,7421104723333483782
52,4,243,V5D0255,7357865829151490822,Negative,nangis bngt dompet aing mah😭,7357662447248968966
52,4,245,V5D0257,7364017026459599622,Negative,udahh habis mau 3 tifak bisa cerah kak😅,7359717817601543429
52,4,247,V5D0259,7291827364518291479A,Positive,iyaa sama disini jg gtu!!,7319688011891936517
52,4,250,V5D0263,7404058814818272005,Neutral,satu paket brpa?,7385065641595653382
52,4,259,V5D0272,7405193546632053510,Positive,"baru pake 12hari teteh emng raosen lembut ,kenyal , tinggal nunggu segelowing teth🤲",7401739344085585158
52,4,264,V5D0277,7491870546584781576,Neutral,buat flek parah bisakah?,7472351771025755410
52,4,270,V5D0283,7470356733387883284,Neutral,ada yg mau gantiin paket acne maryame aku gk? baru dipakai 5 kali masih penuh,7429265515434036485
52,4,274,V5D0287,7422460621708591877,Negative,kesian bgt yg udah beli.😳,7421104723333483782
52,4,275,V5D0288,7357764292546462469,Positive,@user bgn tidur anti korep🤣,7357662447248968966
52,4,277,V5D0290,7428467529268134662,Neutral,wbs kosmetic dok,7428436533981613318
52,4,286,V5D0299,7132160441505973018,Neutral,"kombinasi gradakan bisa kak?? mau nyoba jga, klo moist nya eiem boleh ya? tolong jawab dong butuh bnget",7129446710400601371
52,4,304,V5D0317,7430110365348201221,Neutral,ini bisa buat kulit berjerawat gk?,7429636271552728326
52,4,319,V5D0333,7358269639912145669,Neutral,bisa buat kulit sensitif gasi?,7357662447248968966
52,4,320,V5D0334,7490875047200965384,Neutral,untuk kulit berminyak dan kusam yang cocok apa ka?,7194330759329631514
52,4,329,V5D0343,7209493054671438618,Positive,"iii jadi pengen coba.. tapi masih maju mundur takut purging, terus kalo pelembab nya pake wardah acnederm ok gak ya",7185096421220158747
52,4,333,V5D0348,7430017472550699781,Neutral,"sold out truz,pdhal crem malam tinggal dkit drmah",7429636271552728326
52,4,335,V5D0350,7586907773637198610,Neutral,"ak udah seminggu ini ngga pakai apa2 cii, tapi sebelumnya ak pakai semuanya dari emina",7586827398084136200
52,4,339,V5D0354,7209246334254449435,Neutral,"mending azarine atau originote ya guys? honest reviewnya dongg, mau co tp bingung",7185096421220158747
52,4,341,V5D0356,7359909123755016966,Neutral,ambil aja 130 kak aku beli kemarin masih 185an,7340938843190725893
52,4,342,V5D0357,7358290970628227846,Negative,aamiin .. makasih ka berhenti krim etiket biru nya dokter ya allah muka bruntusan semua 😭,7284446766534102277
52,4,356,V5D0371,7422951482696336133,Negative,gpp udah terlanjur kaya kok,7421104723333483782
52,4,357,V5D0372,7429264999758021381,Neutral,skinaza dok pliz!🙏,7428436533981613318
52,4,366,V5D0381,7132746806702703387,Neutral,ini dipake siang apa mlm??,7129446710400601371
52,4,369,V5D0384,7456999977735488274,Neutral,kalau mlm pake apa kak?,7429265515434036485
52,4,376,V5D0391,7271591355427373829,Neutral,"krn area deket mata, bibir dan hidung lebih tipis jadi hindari pemakaian di area itu. cmiiw",7270117302614478086
52,4,377,V5D0392,7433696396286722823,Positive,"dok, info link baju yg lu pake aja dah dok, unik unik perasaan",7428436533981613318
52,4,382,V5D0397,7428760668075819781,Neutral,dok coba gloglowingg,7428436533981613318
52,4,393,V5D0408,7421731370269770502,Negative,gak mau lagi titik!,7421104723333483782
52,4,397,V5D0412,7359432950708781829,Neutral,pke produk doang gak treatment ya hampa to syang😂,7340938843190725893
52,4,400,V5D0415,7431134095440331527,Neutral,viral setelah dicek doktif oky 😁,7429636271552728326
52,4,405,V5D0420,7428810147436380934,Neutral,drw yg pink dok,7428436533981613318
52,4,406,V5D0421,7319819310787527430,Neutral,bingung mau coba the originote atau azarine soalnya pertama kali,7185096421220158747
52,4,418,V5D0433,7428459955710395142,Neutral,dok review charismalux dong @user .okypratamaa_kedua,7428436533981613318
52,4,421,V5D0436,7394110663125779206,Neutral,ada yng mau ga retinol daviena ku baru 1x pakai nihh 😁😁,7378347819268082950
52,4,422,V5D0437,7421760941856916229,Negative,1 th aq gak ada perubahan ternyata gak ada kandungannya yahhh. sgitu percaya nya eyke sm daviena. 😂😂,7421104723333483782
52,4,427,V5D0442,7393997428980089606,Positive,"masih ka, akumau",7378347819268082950
52,4,435,V5D0450,7372153939532301061,Neutral,"q jg pke sdh jln 4 pot ,msh d 5 pot lg yg mw q jual murce aj krn beli bnyak",7312025661835578629
52,4,436,V5D0451,7421368721497522949,Negative,😜😜 tadi nya ngeyelllll prodak ny bgus✌️✌️,7421104723333483782
52,4,441,V5D0457,7428527236854498053,Neutral,dokter coba cek kedas beauty dok,7428436533981613318
52,4,447,V5D0463,7421769292679299845,Negative,boikot saja,7421104723333483782
52,4,450,V5D0466,7291827364518291762A,Positive,cocok2 aja emg tiap kulit beda ✨ (160),7306081689422351622
52,4,462,V5D0478,7423827689792357125,Negative,bruntusan bisa pke gk,7421364555957275910
52,4,471,V5D0487,7429739557694456594,Neutral,whitelab dong dok 😁,7428436533981613318
52,4,475,V5D0491,7421727190465233670,Neutral,daviena d daerah ku g ada,7421104723333483782
52,4,477,V5D0493,7428440682564649734,Neutral,hanazui dok,7428436533981613318
52,4,479,V5D0495,7507916895397266196,Neutral,"fw wardah aku, moisny skintific, sunscreen facetology",7279666593129434374
52,4,483,V5D0499,7523861564434498324,Positive,mba cantik saya sudah pesan 👍🏻,7472351771025755410
52,4,485,V5D0501,7368835636738622214,Neutral,mundur saya liat skincarenya☹️,7357662447248968966
52,4,494,V5D0510,7421785675832640262,Negative,pada rame2 ngerasa korban yahhh 😂😂😂😂😂,7421104723333483782
52,4,500,V5D0516,7421735224298963718,Neutral,minta maaf karna terancam miskiiin🤣,7421104723333483782
52,4,501,V5D0517,7327197165993001734,Neutral,kak yg cocok buat malam hari apa ya?,7306081689422351622
52,4,511,V5D0527,7429132393128723208,Positive,"udah gak kepake kan dok krim nya??? boleh buat saya aja dok, daripada mubazir😁😁😁",7428436533981613318
52,4,513,V5D0529,7619015755362976530,Positive,aku uda pakai banyak botol tapi belum ada perubahan cerahnya. tambah alus iya tapi kalo cerah ga,7429265515434036485
52,4,517,V5D0533,7394380256469533445,Neutral,kalo pake retinol tu bisa dipake sleepmask apa 60detik trs dibilas si gais? masi bingung🥺,7378347819268082950
52,4,519,V5D0535,7429711486278255368,Positive,dok bajumu unik2 dok.. 🤏🏻🤏🏻😁,7428436533981613318
52,4,541,V5D0557,7378411124293927681,Neutral,habis cuci muka pakai toner lg apa ga?,7378347819268082950
52,4,558,V5D0574,7428795241626338055,Neutral,dok coba cek produk yessica's,7428436533981613318
52,4,561,V5D0577,7202375042428584731,Neutral,ini tuh skincare malam?,7194330759329631514
52,4,562,V5D0578,7319478317047825158,Neutral,hydra yang mana kak?,7313383346447322373
52,4,574,V5D0590,7428817649927635730,Neutral,cream malam maryame nya gmn dok?,7428436533981613318
52,4,579,V5D0595,7423160710555779846,Negative,"biasalah ngomong begini,kalau sdh ketahuan😏",7421104723333483782
52,4,584,V5D0600,7400261684675560198,Neutral,kak moisturizer nya di ganti scintific pink boleh ngak🙏,7378347819268082950
52,4,590,V5D0606,7257155956555252486,Neutral,kalau gitu cocok nya pake toner yg mana ya??,7242204399928593669
52,4,601,V5D0617,7422095239567213317,Negative,untung aku tidak pernah pake davina🤣,7421104723333483782
52,4,607,V5D0623,7421217151782781701,Positive,"lw g ada foktif mungkin masih bnyk korban2 masyarakat , kasian masyarakat habis2an 🤣🤣🤣",7421104723333483782
52,4,611,V5D0627,7306837881149981445,Neutral,busui bisa gak?,7291631421565832453
52,4,614,V5D0630,7341228709884003077,Positive,oke terimakasih bnyk infonya kk 🤗,7340938843190725893
52,4,616,V5D0634,7421489865839313669,Negative,seharusnya dr awal diam..introspeksi.. mintamaaf lebih elegan..drpd teriak panas panas panas,7421104723333483782
52,4,621,V5D0639,7422818731858199302,Neutral,"produk nya di pasarkan di daerah mana aja ya? online doang kah, gak ada sales sekelas daviena krna di toko cosmetic tidak ada yg menjual nya",7421104723333483782
52,4,628,V5D0646,7421360951366599429,Positive,benerrrrrrrrrrrrrrrrrrrrrrr👍👍👍👍👍👍👍,7421104723333483782
52,4,629,V5D0647,7421829085763027718,Negative,sengaja aja biar untung banyak,7421104723333483782
52,4,633,V5D0651,7378547325406724870,Neutral,sblum retinol blh pake serum ga? @user tolong dijawab,7378347819268082950
52,4,638,V5D0656,7328076938319987462,Neutral,"npure cica kak, boleh kah sebelum pake retinol?",7313744314927041797
52,4,639,V5D0657,7364572001426014981,Positive,hdr pg ka,7361323225038540037
52,4,641,V5D0659,7443972500545127176,Positive,"alhamdulillah aku pakai juga udah lama,tpi habis stok ga tau kenapa ownerx blum jual 🥹",7428436533981613318
52,4,643,V5D0661,7470169873571808055,Neutral,premiere beaute cek dok🙏,7428436533981613318
52,4,654,V5D0672,7587007928872878849,Neutral,ci pake moist minimalist pagi malam boleh kan ci?,7586827398084136200
52,4,662,V5D0680,7312274471740654342,Neutral,"iya klo lagi retinolan lebih baik cuma pakai retinol aja, takut iritasi, aku kurang tau paket daivena, g pake soalnya🙏",7312025661835578629
52,4,663,V5D0681,7428465318764839685,Neutral,coba nezma dok lg ramai solnya,7428436533981613318
52,4,665,V5D0683,7226656761787335450,Neutral,kl itu boleh di timpa bedak gk,7194330759329631514
52,4,666,V5D0684,7422913915628405510,Positive,aq sering nyoba2 skincare tp semua yg aq coba cocoknya di kfskin klinik,7421104723333483782
52,4,677,V5D0696,7396300229253022469,Neutral,kalo jerawat bisa pake retinol ga sih?,7378347819268082950
52,4,679,V5D0698,7254967177392227078,Negative,serum b3 sama serum pink .itu sama kandungannya ka .niacinamide .jadi mending pilih salah satu kaa,7242204399928593669
52,4,682,V5D0701,7421420854011560709,Positive,iyaa ihh,7421104723333483782
52,4,685,V5D0704,7422499469767688967,Positive,tim yang hobby mancing 🗿😂,7421104723333483782
52,4,686,V5D0705,7181376667158610715,Negative,"aku pake originote satu set,kok malah kusam yaaa😭",7145783136914296090
52,4,690,V5D0709,7423355241032303365,Positive,air kunyit awokawok,7357662447248968966
52,4,692,V5D0711,7431783057360962312,Negative,iya kak malah aku dpt harga 136 dpt 3 stlh aku buka ternyata palsu,7418514646698642693
52,4,695,V5D0714,7595116704122077969,Neutral,klu siang pake maryame.. malam ny pake skintific boleh gak ya...,7507827983269350661
52,4,698,V5D0718,7323471158598550278,Neutral,"sepemikiran,,, gue pake retinol azarine mau comboin sm moist skintific yg pink aja gue ga berani, 😳",7270117302614478086
52,4,700,V5D0720,7456851510438937364,Positive,pinginn tp harganay😢😌,7429636271552728326
52,4,701,V5D0721,7379946373913346821,Neutral,kaka pake 3x seminggu setiap mau tidur ya ka ?,7313744314927041797
52,4,711,V5D0732,7531765798068208391,Neutral,brapa harga nya kk,7389110955214490886
52,4,712,V5D0733,7246394430667162373,Neutral,"kalo tiap pagi serum vit c + ss , terus tiap malemnya moisturizing retinol , aman ga ka ??",7242204399928593669
52,4,717,V5D0738,7398943389520462598,Neutral,boleh gak vit c buat malam kk?,7314309007341063429
52,4,721,V5D0743,7312211617604420357,Positive,emang mantul banget retinolnya daviena tuh . aku dah habis 3 jar,7312025661835578629
52,4,726,V5D0748,7429755155941229317,Neutral,"dok seruni skincare dok, katanya aman buat bumil sama busui dok",7428436533981613318
52,4,730,V5D0752,7226313920100909851,Neutral,gluta bright serum bisa dipakai setiap hari kak?,7222981366173011226
52,4,740,V5D0762,7428726838706979589,Positive,🥰🥰🥰🥰🥰🥰 klo yg cek dr.ini aq suka,7428436533981613318
52,4,747,V5D0769,7428785012152075013,Neutral,cream zeluxe dong dok,7428436533981613318
52,4,758,V5D0780,7454447588231856912,Neutral,"klo untuk kulit berminyak, kadang2 muncul jerawat tp aku gada jerawatnya sih cuma suka munncul 1-2 . trs suka kemerahan . pake paketan yg mana ya",7429636271552728326
52,4,759,V5D0781,7445547970005762824,Neutral,"tutor yg acne kak, soalnya baru mau pake",7312632181094894854
52,4,760,V5D0782,7328985877346534149,Neutral,azarine atau the originote?😩😩,7313383346447322373
52,4,770,V5D0792,7273877845063402246,Neutral,kalo pake retinol merek eim trs moisturizer merek lain boleh gak sih? cc @user,7185096421220158747
52,4,771,V5D0793,7341667168893141765,Neutral,"ka bgusan mana retinol originote atau daviena ,aku sebelumnya pke originote mau coba tapi masih maju mundur",7340938843190725893
52,4,772,V5D0794,7421138023641187077,Positive,"setuju kak,",7421104723333483782
52,4,779,V5D0801,7314311427788636934,Neutral,kak ada instagram ga mau tanya tanya ttg kondisi muka aku sekarang bolee?,7314309007341063429
52,4,784,V5D0806,7355903183260025605,Neutral,make toner originote jg gk?,7314309007341063429
52,4,804,V5D0826,7439420525141328647,Positive,spill bajunya #pinjem seratus 🗿 cocok masuk #skincareroutine,7428436533981613318
52,4,809,V5D0831,7380289757048718085,Negative,"dek, sy pke cream mlm nya tiap hari sdh 1 minggu, gpp kan ? tp mmg blm ada perubahan sdikit pun, mlh flek qu jd klhtn. gmn ini dek, apa hrs d teruskan at gmn ? mohon pnjlsan nya 🙏",7312632181094894854
52,4,813,V5D0835,7225422393333613338,Neutral,jd moisturizer the originote di gabung sm serum wardah oren kak?,7194330759329631514
52,4,814,V5D0836,7429330150351651589,Neutral,"maryame dok, bukan maryam 😁",7428436533981613318
52,4,817,V5D0839,7422155811139175173,Positive,"lipstikny bagus , 🤭",7421104723333483782
52,4,820,V5D0842,7369941576564966150,Neutral,buat pemula mending azarine apa originote,7313383346447322373
52,4,831,V5D0853,7315366877788635910,Positive,mau kk🥺,7312025661835578629
52,4,834,V5D0856,7357729820916155141,Neutral,este yg anr worth every penny g ?,7357662447248968966
52,4,835,V5D0857,7223675390920196890,Negative,lebih suka yang dulu cc @user,7222981366173011226
52,4,838,V5D0860,7428644515911713544,Neutral,dok glad2glow dok ....,7428436533981613318
52,4,839,V5D0861,7545445112887001874,Neutral,glogglowing nya pake yang mana kak?,7262186413284822277
52,4,843,V5D0866,7431160665194414853,Positive,mau beli knp tidak d di kranjang,7429636271552728326
52,4,860,V5D0883,7429283354283705096,Neutral,beli di mana ya cream nya,7428436533981613318
52,4,861,V5D0884,7458185770361537286,Neutral,kenapa review yg lain satu paket tapi pas review orlin malah cuman eceran aja dok?cuman nanya tapi tolong jelasin,7428436533981613318
52,4,864,V5D0887,7358640831698813701,Neutral,"g lah , klw itu mah masih bisa tidur, klw gitu g usah tidur siang mbak🙃",7357662447248968966
52,4,880,V5D0903,7596590847011128084,Negative,lagu lama,7596239649517899016
52,4,886,V5D0909,7430806617417401089,Neutral,yu chun mei dok,7428436533981613318
52,4,887,V5D0910,7325026830090617605,Neutral,retinol daviena vs retinol avoskin bagus mana kak?,7312025661835578629
52,4,890,V5D0913,7596351697502028565,Negative,"dijahatin , orang dia juga masih kerjasama , sama pt nya 🤣",7596239649517899016
52,4,896,V5D0919,7430264576795198225,Neutral,kak udh sold kah?,7429636271552728326
52,4,918,V5D0941,7230256714229056283,Neutral,cara pesan nya gimana,7194330759329631514
52,4,921,V5D0945,7299475018064741125,Neutral,kk klok ada beruntusan sm bekas jerawat bisa pake acne sm yg retinol?,7258280563352587526
52,4,922,V5D0946,7387223408628548357,Neutral,retinol boleh di pakek pas jerawat an kak?,7237379067773766917
52,4,925,V5D0949,7424421045639791366,Positive,assalamualaikum kk cantik 🙏🥰,7421364555957275910
52,4,926,V5D0950,7352455008632718086,Neutral,"kak chicken skin, kering pake serum mn? @user .okypratamaa_kedua bener ga dok?",7242204399928593669
52,4,931,V5D0955,7224461656032985882,Positive,langsung co aja ga sihhh 😭,7194330759329631514
52,4,937,V5D0961,7428440399403172616,Neutral,charidmalux dok,7428436533981613318
52,4,941,V5D0965,7596575166102012679,Negative,"kan masih ada pabrik lain kenapa masih di pabrik sana,dan kenapa nggak di cek selama ini .......???? ini kyak menyalahkan pabrik, 😏😏😏",7596239649517899016
52,4,943,V5D0967,7445571486331044613,Neutral,gush pkk suscren gpp it kn udh ad uv filternya,7424146834534239493
52,4,948,V5D0972,7422599658553508615,Positive,tim devuena,7418812570569641221
52,4,954,V5D0978,7422535207067403013,Negative,minimal tantrum lah dikit,7421104723333483782
52,4,958,V5D0982,7227676993152107270,Neutral,bsa untk umr 14 ngga ka?,7167562475641048347
52,4,967,V5D0991,7363955762236900102,Positive,bliin gh mmh hapid.. 🥰,7363584993148357894
52,4,974,V5D0998,7428784440577393413,Neutral,"terbukti gak overclaim brrti ya dok, yang di @user mau di review juga dok",7428436533981613318
52,5,0,V5D0001,7378281168229483270,Neutral,msh kak?,7340938843190725893
52,5,10,V5D0012,7422628136745714437,Negative,cewek yg glowing cuma muka nya aja buat apa,7421104723333483782
52,5,16,V5D0018,7354423016614855429,Negative,"aku juga pake serum gluta bright sama mois brightening ka,kalo serumnya enak dan cukup mutihin di aku,tp mois brightening lengket bgt dan bikin gerah😭",7306081689422351622
52,5,19,V5D0021,7421132587369825029,Negative,kk udh kaya 😭 tp baru minta maaf,7421104723333483782
52,5,23,V5D0025,7341658925454639877,Positive,yaallah mau coba tpi harganya 🥹,7312025661835578629
52,5,24,V5D0027,7213892254514610971,Positive,eiem adalah retinol kedua stlh whitelab diaku malah bagusan eiem 🫠,7185096421220158747
52,5,28,V5D0031,7431368899185083144,Neutral,dok tolong review ms glow,7428436533981613318
52,5,39,V5D0042,7422546942758273797,Neutral,untungnya aku ga pake ..,7421104723333483782
52,5,40,V5D0043,7233947484875211546,Neutral,bagus pratista apa azarine apa originote🥺,7185096421220158747
52,5,44,V5D0047,7421448432185918213,Negative,untung aq ngak pke daviena.. yg murah2 aj dipake yg penting hasilx bgus.. wardah dihati🥰🤭 #davinaskincare juara wajib di #skincareroutine harian,7421104723333483782
52,5,47,V5D0050,7421243631548285701,Neutral,🤭berasa ya mbak banyak stoknya yg gak kejual???😂😂,7421104723333483782
52,5,51,V5D0054,7430708336749921030,Neutral,"dok,apakah cream zeluxe aman kah ?",7428436533981613318
52,5,56,V5D0059,7429196018933269265,Neutral,dok erha skincare gmn??,7428436533981613318
52,5,62,V5D0065,7596245886977999633,Positive,"sebagai mitra daviena, saya menjadi saksi bahwa produk intensive night cream with aha sudah ditarik secara massal sekitar 1 tahun lalu oleh @user daviena skincare penarikan ini dilakukan sebagai bentuk tanggung jawab dan kehati-hatian brand terhadap konsumen. kami sebagai mitra mengikuti arahan tersebut dan tidak lagi menjual produk terkait. semoga klarifikasi ini bisa meluruskan informasi dan memberi ketenangan bagi masyarakat.terimakasih🙏🥹",7596239649517899016
52,5,64,V5D0067,7421781656674140934,Negative,"pernah mau beli, tapi mikir trs liat riview orang, eh ternyata dikit amat isi nya sedangkan harga nya mahal banget, mendingan beli skintific atau wardah atau g2g😭",7421104723333483782
52,5,65,V5D0068,7151675086725645083,Neutral,kulit kering bisa pake yg mana ka,7145783136914296090
52,5,66,V5D0069,7313084475474674438,Neutral,kalo untuk bekas jerawat cocoknya yang mana?,7185096421220158747
52,5,74,V5D0077,7421913700023452421,Negative,"astagfirullah,uda 2 x beli ol nih daviena😭hasilnya nihil.",7421104723333483782
52,5,80,V5D0083,7333989331428672262,Positive,thankyouuu🫶🏻,7185096421220158747
52,5,86,V5D0089,7421368276100121350,Negative,baru aja dateng satu paket deviena sama retinol nya😓malah tau vidio ini,7421104723333483782
52,5,93,V5D0096,7188747827001508634,Neutral,gmana caranya,7182401543491128602
52,5,97,V5D0100,7312037181693952774,Neutral,kalau retinol daviena sama retinol skintific bagusan mana baginda @user,7312025661835578629
52,5,104,V5D0107,7402212044461572870,Neutral,dalba dipakai malem bareng retinol apa gmn kak?,7357662447248968966
52,5,122,V5D0126,7276968479436079877,Neutral,boleh di pake di kulit sensitif ga?,7270117302614478086
52,5,124,V5D0128,7223506286888960794,Neutral,klo malem pakek retinol di timpa vitamin c malam nya juga bisa?,7208499827234131226
52,5,126,V5D0130,7335028321748812549,Neutral,"tolong recommend retinol originote, pratista, somethinc, atau breylee? 🥺 #skincaretips wajib tau",7185096421220158747
52,5,132,V5D0136,7380998547795247877,Negative,"kalo kulit normal gmna kak, aku pake retinol hari pertama besok paginya keluar bruntusan dikit doang sih, apa karna aku pake mois? bls kak",7378347819268082950
52,5,134,V5D0138,7429237295297889032,Positive,paket the face nya bangkuhh 🔥🔥🔥🔥,7428436533981613318
52,5,138,V5D0143,7182175934395532058,Positive,affh iyah,7145783136914296090
52,5,141,V5D0146,7422166828950995717,Negative,"trus gmn nih custemer yang udh beli mana 4 pot lagi, nyesel😭",7421104723333483782
52,5,154,V5D0159,7449888684188992263,Positive,pinjem seratus bajunya😭😭😭,7428436533981613318
52,5,157,V5D0162,7272943984077882118,Neutral,"retinol smooth ,moisturizernya skintific yang pink . boleh gak ??",7237379067773766917
52,5,164,V5D0169,7385503227850556166,Neutral,"mnurutku sih jangan , pake yg biasanya dlu",7237379067773766917
52,5,178,V5D0185,7188798174281106181,Neutral,kala.u kenak panas bisa buk cc @user .okypratamaa_kedua,7182401543491128602
52,5,189,V5D0197,7421422410724180742,Neutral,benran bgus?,7421104723333483782
52,5,199,V5D0207,7377309705897378566,Neutral,harga nya brpa si,7376604456818920709
52,5,204,V5D0212,7429782663776731910,Neutral,coba skincare nadfiecha aesthetic dok🙏🏻,7428436533981613318
52,5,206,V5D0214,7404388439568728838,Negative,"seriusan ka, aq br pake semingguan soalnya malah tergoda fyp skintific jadi bingung pdhl aku pny semua series originote 😩",7314309007341063429
52,5,207,V5D0215,7160586074413990658,Neutral,"aku ada serum dan skincare untuk permasalan kulit di wajah, yang bisa kalian tanya untuk kebutuhan kulit di wajah, aku spill @user skincare official",7129446710400601371
52,5,211,V5D0219,7422152257032536837,Positive,semngat trs ya bu ownerr smgaa mslhnya cpet selesai😊😇 jangan menyr setiap orng pasti juga punya maslh,7421104723333483782
52,5,222,V5D0232,7422962768472572677,Positive,"awalx tdk jujur.mau di sembunyi sampai kapanpun,akan tetap ketahuan,. alhamdulillah owner sudah mengungkapkan rasa bersalah dan minta maaf.insya allah kedapan lebih baik lagi penjualanx.dan berkah",7421104723333483782
52,5,225,V5D0235,7381055506892342021,Negative,"kalau hrga normal ga salah 240 an, tp kalau ada event tgl kembar biasanya harganya ambyar",7378347819268082950
52,5,226,V5D0236,7422091652397007621,Neutral,udah lama beralih dari daviena ke skintific,7421104723333483782
52,5,260,V5D0273,7429975265041810182,Neutral,produk celo dong dok? 🙏,7428436533981613318
52,5,272,V5D0285,7281965499579204357,Neutral,udh dua pot jln,7279666593129434374
52,5,288,V5D0301,7596262281970762512,Positive,kaaa sabar yaaaa msihh setia sma daviena mlhhan jerawat kuu ilang karena daviena🥰🥰,7596239649517899016
52,5,291,V5D0304,7428554548510180102,Positive,@user dok🙏,7428436533981613318
52,5,295,V5D0308,7421571316304036616,Neutral,wes keep sdh bnyk yg ketipu,7421104723333483782
52,5,296,V5D0309,7430289813422686983,Positive,"iyaa ka😁 emng produk bpom itu kan ngga instan, selama aman2 aja dimuka yah pake aja terus 😁",7430007251076697350
52,5,302,V5D0315,7422657796011606789,Neutral,kemarin2 nantangin. hahhaa. sudah saatnya roda berputar,7421104723333483782
52,5,303,V5D0316,7430030536678769413,Positive,hahahah🤣🤣,7397028146429709573
52,5,307,V5D0320,7421868886453371654,Negative,"pnts aj gda prbhan pke daviena dh abis 3 pot,",7421104723333483782
52,5,311,V5D0325,7428561017163514625,Neutral,sama yang krim malamnya warna ungu bukan kak jelly sama toner,7428436533981613318
52,5,312,V5D0326,7421502672643375878,Neutral,pket series daviena yg gold apakah overclam juga?,7421104723333483782
52,5,316,V5D0330,7226860139013751578,Neutral,belum pernah coba,7194330759329631514
52,5,317,V5D0331,7456656623547204373,Neutral,aku pake 3 hari lgsng bruntusan sma gatel banget ..knpa ya lanjut apa ngga ya ?,7429265515434036485
52,5,318,V5D0332,7428990615768433414,Neutral,"dokter oky , coba cek skincare wsc dan body care puth skin dok 🙏",7428436533981613318
52,5,323,V5D0337,7421353330138350341,Neutral,wkwkwkwkwkwkwkw wkwkwkwkwkwk wkkwkwkwkw kwwkwkwkkww kwkwkw @user gimana nih dok?,7421104723333483782
52,5,327,V5D0341,7391505530118406917,Positive,@👌👌👌👌👸👍🌹🌹❤️,7385065641595653382
52,5,330,V5D0344,7421510066397102855,Neutral,"apakah sebelum produk itu di jual, seharusnya kan di uji di lab dulu, berapa kandungan nya",7421104723333483782
52,5,340,V5D0355,7421206731243619077,Negative,"minta maaf nya udh bagus, tp kok masih blg ga terima di tuduh brutal? klu tulus & ikhlas kan ga perlu ngucap gitu",7421104723333483782
52,5,344,V5D0359,7506484875252695815,Neutral,skrg pindah pake apa kak?,7279666593129434374
52,5,347,V5D0362,7428812855099654920,Neutral,dok krim ff dong,7428436533981613318
52,5,353,V5D0368,7226279049839117082,Neutral,kombinasi retinol + bright b3 bisa gk?,7188119070884056347
52,5,355,V5D0370,7596258563522822929,Positive,"apapun omongan di luar sana aku lebih percaya sama owner devina, walaupun sempat ada kesalahan juga dari devina skincare tapi setidaknya dia sudah berusaha memperbaiki semua, kagum sih sama owner devina yg setiap ada kesalahan dia maju perbaiki semuanya bukan malah omong kosong menye"", aku pengguna devina udh cocok sama produk"" nya dan aman"" aja😍 semangat terus devina skincare",7596239649517899016
52,5,361,V5D0376,7149873475649012506,Negative,bnr jd breakout parah,7122773893844061466
52,5,364,V5D0379,7421325338586743557,Negative,kemaren ketawa” ngak ngok,7421104723333483782
52,5,365,V5D0380,7312036931763356421,Neutral,ini cocok untuk pemula gak baginda ???,7312025661835578629
52,5,371,V5D0386,7281926255611265797,Neutral,sudah brpa lama kk?,7279666593129434374
52,5,380,V5D0395,7471535690979934992,Negative,iya ka klo abis pake day creamnya pda di serbu e comedo ih,7279666593129434374
52,5,381,V5D0396,7429220739784426258,Neutral,nyoman dok,7428436533981613318
52,5,383,V5D0398,7596488364121129749,Negative,🤣🤣🤣🤣 lu ngmng apa sbnrnya lu lihat data ngga????? kata2 itu pantas nya untuk orang yg ngga punya salah tapi ketika dia di puncak ada aja cobaannya lah ini jls2 salah data pun ada kwkwkwkwkww duh netizen konoha kadang2,7596239649517899016
52,5,392,V5D0407,7422859898281607941,Negative,super dosting air wudhu🗿,7389110955214490886
52,5,396,V5D0411,7461902917785371410,Neutral,aman buat busui gak?,7421835937988070662
52,5,399,V5D0414,7596262143189222151,Neutral,salah pabrik tapi sekarang ttp masih produksi di pabrik itu lagi ? ini konsepnya gmna sih 🙏,7596239649517899016
52,5,403,V5D0418,7574301625432097544,Neutral,@user :ada yg mau bayariin day cream acne maryame ga soalnya mau ganti,7430007251076697350
52,5,404,V5D0419,7428625064844100359,Neutral,kf skin dok,7428436533981613318
52,5,407,V5D0422,7392560185485017862,Neutral,ka retinol daviena boleh di mix mois skintific yg niacinamide pink ga ka,7378347819268082950
52,5,410,V5D0425,7422626955580097285,Neutral,pas semua udah diretur... baru tau rasa...,7421104723333483782
52,5,412,V5D0427,7596412635395441415,Neutral,punyaku masih dri cv surya aman ga yaa aku beli dithn kemarin,7596239649517899016
52,5,416,V5D0431,7130820699131953946,Neutral,bukannya niacin aman diapake habis eksfoliasi? karna ada vitamin c nya kali,7129446710400601371
52,5,430,V5D0445,7466044209569465106,Neutral,ada yg mau gantiin cream malam 2 sama day cream yang pink.. masih baru segel..🙏🏻🙏🏻,7262186413284822277
52,5,437,V5D0452,7285352804154655493,Neutral,combi sama retinol nya berapa kali seminggu kak??,7270117302614478086
52,5,444,V5D0460,7364426048546652934,Negative,"gw pake ini metode sandwich 1 mggu 2x kluar beberapa jerawat gede,trus 1 mggu 1x sama aja.akhirnya aq stop dlu ngilangin jerwatnya.lanjut apa gak ya?",7359717817601543429
52,5,454,V5D0470,7422072997354570502,Neutral,kocak yaa 😅 orang di agk nuduh. cuman di intropeksi.,7421104723333483782
52,5,456,V5D0472,7286007396114973446,Neutral,dipake setelahh krim pagi kak?,7284446766534102277
52,5,459,V5D0475,7328899594589340422,Neutral,"aku pake skintific kak yang pink, serum sama moisnya, toner hadalabo, gimana ya cara pakenya? baru beli retinol daviena nya minta pendapat @user .okypratamaa_kedua",7313744314927041797
52,5,464,V5D0480,7357905077607449350,Negative,ini kalo niru beli saya puasa 1 tahun kak😭,7357662447248968966
52,5,480,V5D0496,7358173107779863301,Negative,takutnya muka siang tangan maghrib😂,7357662447248968966
52,5,481,V5D0497,7428507573353071365,Neutral,skinker ff dok yg dri makassar,7428436533981613318
52,5,491,V5D0507,7518299884795183879,Positive,💗💗💗💗,7507827983269350661
52,5,495,V5D0511,7421314514108482309,Neutral,klu gini minta maaf ...kemaren2 gmn oy..,7421104723333483782
52,5,496,V5D0512,7432169371277591302,Neutral,"lengah dikit buka tiktok , daviena, glowglowing, maryame .",7421835937988070662
52,5,508,V5D0524,7428457850211304198,Positive,grgr doktif semua dokter jd kontennya uji lab😂😂😂 baguss sih lanjutkann dokkk,7428436533981613318
52,5,514,V5D0530,7227108593794597658,Neutral,ga bisa di cod,7194330759329631514
52,5,528,V5D0544,7260757117660218118,Neutral,"bisa buat pemula ga, aku baru mau coba pake serum?",7122773893844061466
52,5,529,V5D0545,7312267949943227141,Neutral,busui boleh pake gasih,7312025661835578629
52,5,531,V5D0547,7291827364518291142A,Positive,dulu ragu coba daviena eh taunya cocok bgt di aku 🔥,7289028668863663365
52,5,537,V5D0553,7317334750782898950,Neutral,untuk cowok bisa kak,7313744314927041797
52,5,540,V5D0556,7360091970368865029,Neutral,pake retinol berapa kali seminggu ya kak?,7185096421220158747
52,5,546,V5D0562,7388781962108633862,Positive,mau,7378347819268082950
52,5,547,V5D0563,7428457075107775238,Neutral,coba charismalux dokter,7428436533981613318
52,5,549,V5D0565,7422176302756741893,Negative,tkt bangkrut,7421104723333483782
52,5,553,V5D0569,7430684505067930374,Neutral,ada pengelupasan ga si klo pake krimnya,7429265515434036485
52,5,555,V5D0571,7422881901168263942,Positive,beralih ke hanasui aja gaes harga murah kualitas oke 😋,7421104723333483782
52,5,560,V5D0576,7398907208283456262,Positive,"masyaa allah, cantik bgt kkanya🙏 cc @user",7145783136914296090
52,5,563,V5D0579,7596881418031055633,Negative,ia makanya pada kaya ibaratnya hpp 20 rebu di jual nya beratus ratus ribu apalagi si ss,7596239649517899016
52,5,565,V5D0581,7430093962310025992,Neutral,jenem glow dong dok.. please,7428436533981613318
52,5,566,V5D0582,7421218660721869574,Positive,kasian ownernya penjualan sepiiii...,7421104723333483782
52,5,568,V5D0584,7209274227056018203,Positive,mending pake originote astachiol ka,7185096421220158747
52,5,571,V5D0587,7597968915114083088,Negative,kmrn memang kecurangan dari pabrik,7596239649517899016
52,5,573,V5D0589,7430327757631275794,Negative,"masa kak,padahal udh excited bgt pengen nyobain, tergiur sama iklanya",7429265515434036485
52,5,577,V5D0593,7365294038922806021,Neutral,vit c nya aman gk ya buat busui?,7314309007341063429
52,5,580,V5D0596,7428645246266082055,Neutral,skinaza dokkkk sama kymskin,7428436533981613318
52,5,585,V5D0601,7597770970602504977,Positive,"kak kk kuat bgt sih dan bangga nya aku tuh kk ttp semanagt walaupun ya allah kak banyak bgt cobaan nya kk di bisnis ini semoga kk slalu kuat slalu menjaga prodak kk semoga kk di curangi pihak ketiga terus doa terbaik lah buat kk,semoga kk di permudah ya segala urusan nya hasilnya #kulitsehat bgt wajib di #skincareroutine harian",7596239649517899016
52,5,596,V5D0612,7381056111942075142,Neutral,"ndak ka, kalau lg retinolan tu retinol duluan",7378347819268082950
52,5,598,V5D0614,7391751250373198598,Neutral,kk klo pake pealing elformula sama slepeng mask davina gmn?,7378347819268082950
52,5,600,V5D0616,7421433928169325317,Negative,helehhh telat,7421104723333483782
52,5,609,V5D0625,7398108371004113682,Neutral,satu pket berapa? tpi sayang jauh lah,7385065641595653382
52,5,610,V5D0626,7361232832751076102,Positive,murah meriah....,7340938843190725893
52,5,612,V5D0628,7236712127872090885,Neutral,kak... klo pake retinol pratista atau originote dilayer sama moisturizer skintific yg pink bisa ga sih ka? takutnya too much niacinamide nya .. #skincareroutine harian wajib coba dan juga #skincaretips penting banget,7185096421220158747
52,5,613,V5D0629,7321228550420808454,Positive,gua follow lu bang lu asyik😘,7312025661835578629
52,5,615,V5D0631,7429344744281719558,Neutral,dok coba periksa fenny frans di tggu soal nya aku pake itu,7428436533981613318
52,5,618,V5D0636,7616939696555541255,Neutral,aku pernah baca kalo kaya gitu katanya udah teroksidasi kak dan kalo bisa jangan dipake lagi . dan kalo mau terjaga taro di kulkas aja,7235406683676167430
52,5,622,V5D0640,7358420239945696006,Neutral,ada yang mau gantiin retinol daviena aku ngga? masih baru,7340938843190725893
52,5,642,V5D0660,7596247980975817490,Positive,kak nular yah rezekimu 🥰,7596239649517899016
52,5,646,V5D0664,7465690561199325970,Neutral,ini d pake pagi apa malam kak,7459337971108515090
52,5,648,V5D0666,7421326899676644102,Negative,davina q lansung g q pake,7421104723333483782
52,5,655,V5D0673,7485287995295220486,Neutral,brp ya k,7279666593129434374
52,5,671,V5D0690,7365111033763103494,Neutral,laaa aku pake nya 2 x sehari 😳,7313383346447322373
52,5,675,V5D0694,7388436411832304389,Negative,nitip🥺,7385065641595653382
52,5,684,V5D0703,7422820600689738501,Negative,overclaim,7389110955214490886
52,5,687,V5D0706,7425891960679826181,Positive,coba aku mau co penasan,7401739344085585158
52,5,694,V5D0713,7362760730779616005,Neutral,emg harus pake ss kalo pagi. kalo malem jgn lah wkwk sayang duit nya,7314309007341063429
52,5,696,V5D0716,7596242693640356616,Positive,tenang daviena gue masih ngejar loee❤,7596239649517899016
52,5,704,V5D0724,7453277503772312328,Neutral,ih bener jerawat malah tambah banyak pake maryame acne gimana dong ini😭,7279666593129434374
52,5,705,V5D0725,7373669500116566789,Neutral,ka boleh ga sih abis retinol daviena moisnya skintific biru yg ceramide ? bantu jawab tolonggg,7319688011891936517
52,5,714,V5D0735,7430736166042206984,Neutral,oshin beauty dong dok🙏,7428436533981613318
52,5,715,V5D0736,7494973858173600530,Neutral,pake sabun maryame jg,7472351771025755410
52,5,720,V5D0742,7338447818037003013,Neutral,kak kalo pemula pake retinolnya tiap malam ?,7314309007341063429
52,5,727,V5D0749,7227789969930421019,Neutral,retinol bisa ga kak buat nyembuhin urat”di muka??,7185096421220158747
52,5,728,V5D0750,7422811824159130374,Neutral,lah berarti dulu ? 😭,7421104723333483782
52,5,737,V5D0759,7627431540138132231,Neutral,kak skrng pakai skincare apa,7430007251076697350
52,5,746,V5D0768,7418877886965138182,Positive,"tapi kayanya awet ko kak, aku aja pake nya dikit tapi udah glow baguss 😁",7418514646698642693
52,5,748,V5D0770,7429229570509980421,Neutral,glo glowing sm sav glow dok,7428436533981613318
52,5,756,V5D0778,7329037215219073797,Neutral,kak emang nggapap ya kan sekarang aku make moiz msh skintific mau aku campur retinolnya daviena?,7319688011891936517
52,5,764,V5D0786,7440847838386373432,Positive,"gapernah fokus ke produk, tapi selalu salfok sama kaos dokter lucu2🤣",7428436533981613318
52,5,767,V5D0789,7422821025110770438,Neutral,cari kekayaan dgn bodohi orang,7421104723333483782
52,5,774,V5D0796,7421731352520229637,Negative,makin kaya dia mahh😅,7421104723333483782
52,5,789,V5D0811,7447512232336933650,Neutral,aku ga berani bilang sih kak.. tp menurutku harus konsulin ke dokter obgyn nya dulu juga..,7429265515434036485
52,5,791,V5D0813,7429518518851781381,Neutral,brapa harga nya maryame satu pket nya ya,7428436533981613318
52,5,793,V5D0815,7225879577549570842,Neutral,"14 tahun bisa, kecuali retinol",7194330759329631514
52,5,794,V5D0816,7434739306382263047,Neutral,dimna woy belinya 🥹,7428436533981613318
52,5,795,V5D0817,7418896861611197189,Neutral,"adaa yangg mauuu gantiin retinol davienaku? aku ada 2, lgsg dm ajaa yaaa🥺",7340938843190725893
52,5,808,V5D0830,7373924788002226950,Neutral,tiap malem pake gapapa kak?,7359717817601543429
52,5,818,V5D0840,7249994919514145541,Neutral,buat muka sensitif banyak bopeng pake yg mana ka,7185096421220158747
52,5,826,V5D0848,7346249836465341190,Neutral,boleh ngak sih kak pakai retinol azarine tp moist nyan pakai skintific 🙃,7327630114282573061
52,5,828,V5D0850,7428625455856698117,Neutral,"diarika beauty dong dok, soalnya aneh apa lagi yang krim malamnya jd berubah warna kata ownernya sih klo ga d masukin ke kulkas bakal berubah warna aman ga sii dok?",7428436533981613318
52,5,833,V5D0855,7312049845089436421,Neutral,baginda live setiap jam berapa?,7312025661835578629
52,5,836,V5D0858,7361770630368838405,Negative,"cream malamnya aku blm coba kak 🥺 tapi harus liat isinya apa dulu, kalo aha/retinol mending pilih salah 1 aja",7359717817601543429
52,5,841,V5D0864,7429092124836692757,Neutral,kalo onliyou gimana dok🙏🙏,7428436533981613318
52,5,842,V5D0865,7428474896634151685,Neutral,kalo reglow dr sindhi aman nggak y,7428436533981613318
52,5,846,V5D0869,7385092850814632709,Negative,iya lah cocok d muka si tetehnya..orang dia ga pernah kena matahari hidupnya beda cerita kl kita2 yg tiap hari kerjanya kena matahari ga bakal ngefek mau abis 1 ember juga😏,7385065641595653382
52,5,851,V5D0874,7428463702829384455,Neutral,serum blemis vavl beauty dok,7428436533981613318
52,5,862,V5D0885,7422667236064592646,Positive,semangat bunda,7421104723333483782
52,5,867,V5D0890,7360287133611934469,Negative,yakin puluhan botol ?? yaiyyalah d endos 🤣...mna botol nya coba,7357662447248968966
52,5,869,V5D0892,7532542644297024272,Negative,iya aku juga jerawatan terus muka gatal2,7122773893844061466
52,5,881,V5D0904,7378711054807040774,Negative,bau cuka sih,7258280563352587526
52,5,893,V5D0916,7225978865163174683,Neutral,di pakai serum dulu apa moisturizer nya kak?,7194330759329631514
52,5,900,V5D0923,7430092435390268165,Neutral,aman bang .?,7428436533981613318
52,5,903,V5D0926,7431074526119019269,Neutral,dok tolong cek skincare rci dong ?,7428436533981613318
52,5,904,V5D0927,7428775837903733511,Neutral,dok charismalux dong sliweran mulu,7428436533981613318
52,5,906,V5D0929,7316772918313124613,Neutral,buat bertekstur bagusan azarine/eiem/originote,7185096421220158747
52,5,908,V5D0931,7388527177245541125,Neutral,bisa buat bumil gak,7385065641595653382
52,5,912,V5D0935,7421416306853610258,Negative,maaf tp ttp udah gk percaya lagi sama daviena 🙏,7421104723333483782
52,5,920,V5D0943,7252679209003860741,Neutral,mending pake ini atau retinol?,7122773893844061466
52,5,923,V5D0947,7357883991233774341,Negative,mundur alon alon saya mbak😭,7357662447248968966
52,5,924,V5D0948,7419559990623453957,Neutral,bakal abu2 ga??,7418514646698642693
52,5,927,V5D0951,7439675557355045688,Positive,pengen banget beli tapi kantong nya tidak memadai,7428436533981613318
52,5,928,V5D0952,7213003912172028699,Neutral,"aku make moisturizer skintific pink, bisa gak pake retinol b3 originote??",7185096421220158747
52,5,930,V5D0954,7422890561911210757,Negative,lihat pengecekan doktif. pintar dikit ya.,7284446766534102277
52,5,932,V5D0956,7324266967304504069,Negative,"aku pake the originote, tapi kalau habis itu aku ganti wardah acne dream soalnya kek sama ajah gitu, tapi lebih mahal the originote hohoho",7270117302614478086
52,5,933,V5D0957,7587048872708817685,Neutral,"oh iya ci mau tanya lagi, kalau untuk hyalucica cream sma shooting cream itu dipakainya secukupnya aja apa juga harus banyak ya ci ?",7586827398084136200
52,5,936,V5D0960,7457532474718405383,Neutral,gak ada merkuri nya ya dok gimana aman ya dok,7428436533981613318
52,5,940,V5D0964,7403332791587783425,Positive,want to try sister🥲,7389110955214490886
52,5,945,V5D0969,7428525726812979973,Positive,"langsung beli 3 dok,kirimin dong dok😅 @user .okypratamaa_kedua bener ga dok?",7428436533981613318
52,5,946,V5D0970,7363616607535678213,Positive,mau pesan cuman apa daya ibu ibu pengangguran kaya kami ga bsa beli bgittuann.,7363584993148357894
52,5,947,V5D0971,7188487048394523418,Positive,bisa bunda,7182401543491128602
52,5,949,V5D0973,7421926983472562949,Positive,@user skincare yang kuat yah kk smga peluk jauh 🥺🥰,7421104723333483782
52,5,950,V5D0974,7428504957399941904,Neutral,dok review dabe beauty dok,7428436533981613318
52,5,952,V5D0976,7198752630121136922,Neutral,"serum the originote boleh di pake bareng moist skintific yang pink sama ss azarine, ga sih?",7145783136914296090
52,5,955,V5D0979,7426332503847387909,Positive,iyah aman.... krn 0000🔥,7397028146429709573
52,5,957,V5D0981,7428557419229217542,Negative,dok tolong review dr.pure apakah aman soalx mengelupas kalo di pakai agak perih juga,7428436533981613318
52,5,959,V5D0983,7310095696719659781,Neutral,kk mois the originote yg brightening dicampur serum skintific yg pink boleh ngak?,7306081689422351622
52,5,972,V5D0996,7428444878726906642,Neutral,medika skincare dok udh paket lengkap,7428436533981613318
62,1,1,V5D0002,7428465430732063494,Neutral,arthaldt dok,7428436533981613318
62,1,5,V5D0007,7205481982174708507,Neutral,xoba retinol implora ka,7185096421220158747
62,1,12,V5D0014,7469753688882676487,Neutral,"ada yg mau retinol daviena gak?? masih baru, belinya kelebihan soalnya",7418812570569641221
62,1,15,V5D0017,7428558389497709319,Positive,emg ga pernah ragu sih sm cream satu ituu🫠,7428436533981613318
62,1,21,V5D0023,7396971488672334598,Neutral,ini untuk pemula aman ga kak pengen nyoba juga tapi takut masih pemula,7340938843190725893
62,1,28,V5D0031,7431368899185083144,Neutral,dok tolong review ms glow,7428436533981613318
62,1,45,V5D0048,7421841447160529670,Negative,omset menurun niyee,7421104723333483782
62,1,54,V5D0057,7530313276208644871,Neutral,warnanya beda gk kak ?,7262186413284822277
62,1,64,V5D0067,7421781656674140934,Negative,"pernah mau beli, tapi mikir trs liat riview orang, eh ternyata dikit amat isi nya sedangkan harga nya mahal banget, mendingan beli skintific atau wardah atau g2g😭",7421104723333483782
62,1,66,V5D0069,7313084475474674438,Neutral,kalo untuk bekas jerawat cocoknya yang mana?,7185096421220158747
62,1,67,V5D0070,7388449877641118469,Positive,"bismillah smga bisa kebeli suatu saat nnti, smga aku mudah rezeki sllu🥰affiliate pemula nih bntu yuuu🙏🥰",7357662447248968966
62,1,68,V5D0071,7431231439754576645,Positive,salfok sama bajunya pinjam seratus 😅😅😅,7428436533981613318
62,1,71,V5D0074,7146324370967970587,Positive,ini emng serum terbagus yg prnh gwe pakek,7129446710400601371
62,1,83,V5D0086,7421359329776141062,Positive,face wash nya bagussss bngettt kakkk,7421104723333483782
62,1,84,V5D0087,7428494080936723208,Neutral,dok. tolong krim eliza beauty 🙏🙏🙏🙏,7428436533981613318
62,1,94,V5D0097,7418937311796888325,Neutral,klo lgi pke kb pke ini skinker ngaruh gk sih,7418514646698642693
62,1,100,V5D0103,7586997153370850069,Neutral,1 pipet kanan kiri ci,7586827398084136200
62,1,103,V5D0106,7329504634706526981,Neutral,tolong di jawab bisa tidak retinol the originote + mois nya dari wardah?,7185096421220158747
62,1,107,V5D0110,7205521440455410459,Neutral,"habis pratista 1btol trs nyobain azarine, next deh mo beli originote..",7185096421220158747
62,1,109,V5D0112,7329005283437478661,Neutral,"nah ini nih yg aku takutkan, soalnya dlu pakai punya wardah vit.c juga jerawatan 😭 jadi takut pngen nyoba yg originote nya",7314309007341063429
62,1,112,V5D0115,7415890301053010693,Positive,"pengen nyobain,tapi belum kebeli 🥺",7401739344085585158
62,1,116,V5D0119,7421871512594924293,Neutral,gak di tuduh secara brutal kak tapi kenyataan overclime brutal kak,7421104723333483782
62,1,118,V5D0122,7586861179604943624,Neutral,ngilangi bekas jerat yg item2 pake apa ci?? fw: cetaphil ampul pink+serum niacinamide dr ordinary moise:pake minimalis,7586827398084136200
62,1,120,V5D0124,7422276782764147461,Negative,mungkin lain org lain juga y kn kata dokter kulit ad kandungan yg ga cocok di kulit muka saya tp untuk org lain bisa jdi ccok,7421835937988070662
62,1,121,V5D0125,7434027957185839877,Neutral,dok review putri glow dok,7428436533981613318
62,1,128,V5D0132,7363606454690038533,Neutral,"teh, buat kulit normal bagus pake yg mana,yang bisa buat cerah",7363584993148357894
62,1,138,V5D0143,7182175934395532058,Positive,affh iyah,7145783136914296090
62,1,139,V5D0144,7253468669740024582,Positive,bagusan retinol azarine dibanding originote sory😭😭,7185096421220158747
62,1,143,V5D0148,7398393910903128837,Neutral,untuk umur brapa ka,7397028146429709573
62,1,145,V5D0150,7428464044477432582,Negative,"bogota dong tolong, muka gw ancur parah setelah brenti pake produknya",7428436533981613318
62,1,155,V5D0160,7224547619275162395,Neutral,kak klw untuk membuat muka glowing make yg mna yah 😁,7194330759329631514
62,1,159,V5D0164,7428925775191982854,Neutral,ka spil bg skincare,7428436533981613318
62,1,171,V5D0177,7341256392731640582,Neutral,ig nya apa kak?,7340938843190725893
62,1,177,V5D0184,7223734856881111834,Positive,udah bisa blm kak? saya udh bisa ini😭,7222981366173011226
62,1,179,V5D0186,7421350073168249605,Neutral,"tapi kk kayaknya bukan karna gak cocok kak,mungkin sunscreen kk belum benar aja pakai nya kak, soalnya kalau gak cocok tu jerawatan atau panas gitu",7421104723333483782
62,1,193,V5D0201,7421892644949426949,Neutral,aku baru pesan kak,7401739344085585158
62,1,196,V5D0204,7430828021533639429,Neutral,coba tes kedas beauty @user .okypratamaa_kedua apakah amaaaaaaaaan.??,7428436533981613318
62,1,197,V5D0205,7421856464825254661,Neutral,nyapo......terbukti opo piye,7421104723333483782
62,1,202,V5D0210,7419238366283645701,Negative,tp kok dimuka lama nyerap nya,7418514646698642693
62,1,205,V5D0213,7422146394260390662,Negative,terselamatkan sempet mau beli tp ga jd..,7421104723333483782
62,1,209,V5D0217,7398124758925361925,Neutral,serum acne dan darkspot bisa d pake barengan ga untuk malam ka🩷,7314309007341063429
62,1,212,V5D0221,7439315101640901383,Neutral,dok coba cek skincare shinesskin,7428436533981613318
62,1,218,V5D0228,7421183085544915717,Negative,brutal...ow..ow..,7421104723333483782
62,1,219,V5D0229,7349117635366175494,Neutral,"guys ada yg mau prlvd retinol daviena,hb dosting daviena,serum dna salmon,moisturizer nya juga ,stok punya aku guys masi segel nnti aku kasi harga di bawah hrga belinya",7340938843190725893
62,1,220,V5D0230,7285026497781023493,Neutral,pake tiap hari?,7284446766534102277
62,1,237,V5D0248,7315742221838844678,Neutral,ka aturan pakainya setelah serum acne eiem itu wajib pake moist gk? soalnya aku mlah jd byk brutusn krna ga pke moist🥺,7185096421220158747
62,1,238,V5D0249,7388484413699490565,Neutral,kak kalo semisal moist nya pakek merk lain gimana ya bisa gak ya ??? pliss jawab kak🙏🏻 terimakasih,7376604456818920709
62,1,240,V5D0251,7429310628081582854,Positive,iya kak....sama...mana aku pake jestham udah hampir 2tahun🫣,7428436533981613318
62,1,241,V5D0252,7587057407076057876,Neutral,"ampoule pink manaaa??? tambahin ampoule pink pakai pagi malam setiap hari bareng soothing cream ada dietalase aku yaaa, untuk penjelasan lengkapnya kmu bisa tonton vt atau pantengin live aku bsk siang",7586827398084136200
62,1,242,V5D0253,7421177048759403285,Negative,panas panas panas😂,7421104723333483782
62,1,252,V5D0265,7443037215536235282,Neutral,kk aku uda chat di konfir ya kak,7418812570569641221
62,1,278,V5D0291,7589120809390752520,Neutral,ci ini boleh di gabung ga?,7586827398084136200
62,1,280,V5D0293,7422692250180485893,Neutral,"langsung ke inti nya ajaa, ini kenapa ya serius nanya😭",7421104723333483782
62,1,281,V5D0294,7447042709238711060,Neutral,review krim korea dok..😁,7428436533981613318
62,1,283,V5D0296,7223560620402131739,Neutral,mau cobain serum b3ny the originote tpi kta dokter dokter ga boleh pake niacenemide di atas 5%,7208499827234131226
62,1,297,V5D0310,7428660801815036677,Neutral,gloglowing dong dok pliss,7428436533981613318
62,1,305,V5D0318,7286459273470509829,Positive,sukses selalu,7284446766534102277
62,1,309,V5D0323,7436013793740260103,Positive,"iya kkaa, apalagi keluar rumah wajib pkai ss meskipun udah pkai day cream yaa☺️",7430007251076697350
62,1,310,V5D0324,7430459356100363014,Negative,"baunya kaya mana kak , aku punya tp gasuka baunya",7430007251076697350
62,1,311,V5D0325,7428561017163514625,Neutral,sama yang krim malamnya warna ungu bukan kak jelly sama toner,7428436533981613318
62,1,321,V5D0335,7359269256930624262,Negative,moistnya yg warna apa kak.. aq juga berminyak,7313383346447322373
62,1,325,V5D0339,7422874024470512390,Negative,untung ga jadi beli🫢,7421104723333483782
62,1,332,V5D0347,7436002969713427201,Neutral,brpaan,7385065641595653382
62,1,333,V5D0348,7430017472550699781,Neutral,"sold out truz,pdhal crem malam tinggal dkit drmah",7429636271552728326
62,1,340,V5D0355,7421206731243619077,Negative,"minta maaf nya udh bagus, tp kok masih blg ga terima di tuduh brutal? klu tulus & ikhlas kan ga perlu ngucap gitu",7421104723333483782
62,1,342,V5D0357,7358290970628227846,Negative,aamiin .. makasih ka berhenti krim etiket biru nya dokter ya allah muka bruntusan semua 😭,7284446766534102277
62,1,343,V5D0358,7431520096692454145,Neutral,cream siang nya aja berapa emg?,7418514646698642693
62,1,344,V5D0359,7506484875252695815,Neutral,skrg pindah pake apa kak?,7279666593129434374
62,1,348,V5D0363,7315041519958147846,Positive,"aku pake facetology, waktu itu muka breakout parah gegara kena cacarr cekat cekit bgt belum bruntusan sma jerawat. pake itu jadi muluss",7314309007341063429
62,1,355,V5D0370,7596258563522822929,Positive,"apapun omongan di luar sana aku lebih percaya sama owner devina, walaupun sempat ada kesalahan juga dari devina skincare tapi setidaknya dia sudah berusaha memperbaiki semua, kagum sih sama owner devina yg setiap ada kesalahan dia maju perbaiki semuanya bukan malah omong kosong menye"", aku pengguna devina udh cocok sama produk"" nya dan aman"" aja😍 semangat terus devina skincare",7596239649517899016
62,1,359,V5D0374,7358870448745399045,Neutral,"kalo retinolnya pake daviena ini, pas eksfo pake avoskin lactic boleh gaa kak?",7319688011891936517
62,1,360,V5D0375,7229575712314868507,Positive,uhh cakepp dehh😭😍😍,7222981366173011226
62,1,373,V5D0388,7312620096789152518,Positive,masha allah🥰,7312025661835578629
62,1,375,V5D0390,7428721627371848453,Neutral,coba amura dok,7428436533981613318
62,1,377,V5D0392,7433696396286722823,Positive,"dok, info link baju yg lu pake aja dah dok, unik unik perasaan",7428436533981613318
62,1,384,V5D0399,7429021415838483206,Neutral,white story aman gasii??,7428436533981613318
62,1,394,V5D0409,7325371703089414917,Neutral,"ka klo malemnya pake retinol, pagi nya pake pelembab brightening bisa ga?? (serius nanya)",7306081689422351622
62,1,396,V5D0411,7461902917785371410,Neutral,aman buat busui gak?,7421835937988070662
62,1,409,V5D0424,7404723556577592069,Negative,merkuriiiiii itu kak,7385065641595653382
62,1,415,V5D0430,7360987376292676358,Positive,aku kemaren pake tiap malam aman,7340938843190725893
62,1,420,V5D0435,7365389040390456069,Negative,biasanya orang2 gni dpt endors an cmn ngaku nya g di endors berkedok review jujur,7340938843190725893
62,1,424,V5D0439,7431010452530463494,Neutral,dok boleh tolong review skincare thailand q care white 🙏 @user .okypratamaa_kedua,7428436533981613318
62,1,425,V5D0440,7425391042750579461,Neutral,300rb bk,7421364555957275910
62,1,429,V5D0444,7421465379132048134,Negative,pantesan kaya mendadak😂😂,7421104723333483782
62,1,434,V5D0449,7429539064603673350,Positive,alhamdulillah aku pengguna maryame,7428436533981613318
62,1,437,V5D0452,7285352804154655493,Neutral,combi sama retinol nya berapa kali seminggu kak??,7270117302614478086
62,1,449,V5D0465,7421421131553850118,Positive,"skincare nya bukan berbahaya ya,,cuma kandungan nya yg gak sesuai klaim,& ini bukan kesengajaan juga, insyaallah kedepannya produknya akan jauh lebih bagus,spt kita yg mrsa di tipu,beliau juga di tipu",7421104723333483782
62,1,466,V5D0482,7355756025897403142,Neutral,kalau udah pakai 2 ini gak perlu pakai mois?,7270117302614478086
62,1,467,V5D0483,7432249056577356551,Neutral,krim orlin aman ga guys?,7428436533981613318
62,1,470,V5D0486,7357884348962079493,Neutral,"mall mall kaya gi, pim",7357662447248968966
62,1,475,V5D0491,7421727190465233670,Neutral,daviena d daerah ku g ada,7421104723333483782
62,1,477,V5D0493,7428440682564649734,Neutral,hanazui dok,7428436533981613318
62,1,489,V5D0505,7146537155904553754,Neutral,ini bisa di pake stiap hari kak?,7145783136914296090
62,1,493,V5D0509,7228911733023539995,Neutral,versi highend dong,7185096421220158747
62,1,494,V5D0510,7421785675832640262,Negative,pada rame2 ngerasa korban yahhh 😂😂😂😂😂,7421104723333483782
62,1,495,V5D0511,7421314514108482309,Neutral,klu gini minta maaf ...kemaren2 gmn oy..,7421104723333483782
62,1,507,V5D0523,7439279057675731713,Neutral,gbee glow kapan di riview dok 🙏🏻 @user .okypratamaa_kedua,7428436533981613318
62,1,508,V5D0524,7428457850211304198,Positive,grgr doktif semua dokter jd kontennya uji lab😂😂😂 baguss sih lanjutkann dokkk,7428436533981613318
62,1,513,V5D0529,7619015755362976530,Positive,aku uda pakai banyak botol tapi belum ada perubahan cerahnya. tambah alus iya tapi kalo cerah ga,7429265515434036485
62,1,514,V5D0530,7227108593794597658,Neutral,ga bisa di cod,7194330759329631514
62,1,517,V5D0533,7394380256469533445,Neutral,kalo pake retinol tu bisa dipake sleepmask apa 60detik trs dibilas si gais? masi bingung🥺,7378347819268082950
62,1,521,V5D0537,7421713542413730566,Positive,otw hanasui😁,7421104723333483782
62,1,522,V5D0538,7477196261969904391,Neutral,"kk yang serum hyalu+vitamin c,itu apakah aka kandungan,hyaluronic acid nya? dan apakah cocok buat kulit kering serum nya kk?",7235406683676167430
62,1,523,V5D0539,7430036877762069255,Neutral,katanya makeup nya sudah gak beredar..koq ini beredar lagi..apa cech,7429636271552728326
62,1,527,V5D0543,7428765866349576965,Neutral,dokter skincare seruni 🙏,7428436533981613318
62,1,532,V5D0548,7576331756246713095,Neutral,knp di jual kak?,7430007251076697350
62,1,538,V5D0554,7359973079684629254,Neutral,kenapa ya kk aku hbs 1 jar kulitku terkelupas semua dan kering???????,7359717817601543429
62,1,542,V5D0558,7421826715960640261,Negative,dia kaya dari duit customer,7421104723333483782
62,1,553,V5D0569,7430684505067930374,Neutral,ada pengelupasan ga si klo pake krimnya,7429265515434036485
62,1,554,V5D0570,7418898941242278661,Negative,😩😩,7418812570569641221
62,1,556,V5D0572,7228961271960781595,Neutral,maju mundur mau beli azarine atau the originote karna gw pemula banget mohon bantuan nya guys🥺,7185096421220158747
62,1,560,V5D0576,7398907208283456262,Positive,"masyaa allah, cantik bgt kkanya🙏 cc @user",7145783136914296090
62,1,564,V5D0580,7428786097200956166,Neutral,req @user solution dong dari makassar jg,7428436533981613318
62,1,568,V5D0584,7209274227056018203,Positive,mending pake originote astachiol ka,7185096421220158747
62,1,587,V5D0603,7403252760781669126,Neutral,sya pke tik tol liet th..ga bisa liat tiktokshop,7401739344085585158
62,1,591,V5D0607,7543477317735318288,Positive,banget kak,7523137946246008069
62,1,603,V5D0619,7312099945456288517,Neutral,klo pakek retinol daviena trus mois nya dri dorkskin bisa ga kak?,7312025661835578629
62,1,611,V5D0627,7306837881149981445,Neutral,busui bisa gak?,7291631421565832453
62,1,617,V5D0635,7421558771988595461,Negative,liat ownernya udh gak tertarik beli kak🤣🤣,7421104723333483782
62,1,621,V5D0639,7422818731858199302,Neutral,"produk nya di pasarkan di daerah mana aja ya? online doang kah, gak ada sales sekelas daviena krna di toko cosmetic tidak ada yg menjual nya",7421104723333483782
62,1,633,V5D0651,7378547325406724870,Neutral,sblum retinol blh pake serum ga? @user tolong dijawab,7378347819268082950
62,1,634,V5D0652,7185942225934746395,Positive,eiem cintaku wlopun lama efeknya tp gapapeeee😭😭🤟,7185096421220158747
62,1,643,V5D0661,7470169873571808055,Neutral,premiere beaute cek dok🙏,7428436533981613318
62,1,650,V5D0668,7358747283016499973,Negative,bukan nya berbahaya yh merek deviena liat di yt dr.richart lee #skincareroutine harian wajib coba dan juga #skincaretips penting banget,7340938843190725893
62,1,653,V5D0671,7421720899924181766,Positive,"bagus hanasui....murah juga,isinya tidak abal2....tdk nipu2",7421104723333483782
62,1,656,V5D0674,7459698669538231058,Neutral,gmna kak masih pakek cream maryam nggak..riviewnya dong,7424146834534239493
62,1,659,V5D0677,7428575491026060040,Neutral,dok coba review dr.pure ?,7428436533981613318
62,1,663,V5D0681,7428465318764839685,Neutral,coba nezma dok lg ramai solnya,7428436533981613318
62,1,664,V5D0682,7185897540398646043,Positive,the orginot sama azarine bagus bangett engga bikin purging duluu ringan jugaa,7185096421220158747
62,1,671,V5D0690,7365111033763103494,Neutral,laaa aku pake nya 2 x sehari 😳,7313383346447322373
62,1,676,V5D0695,7239147102642651909,Positive,plissss bgus bangett woyy😭,7194330759329631514
62,1,682,V5D0701,7421420854011560709,Positive,iyaa ihh,7421104723333483782
62,1,683,V5D0702,7433742975164973842,Neutral,iya dok reviw,7428436533981613318
62,1,691,V5D0710,7299491805510337285,Neutral,berapahan ka?,7291631421565832453
62,1,698,V5D0718,7323471158598550278,Neutral,"sepemikiran,,, gue pake retinol azarine mau comboin sm moist skintific yg pink aja gue ga berani, 😳",7270117302614478086
62,1,699,V5D0719,7127057753080152859,Neutral,kak bagus the originote apa somethinc #kulitsehat dengan produk ini #skincaretips wajib dicoba,7122773893844061466
62,1,701,V5D0721,7379946373913346821,Neutral,kaka pake 3x seminggu setiap mau tidur ya ka ?,7313744314927041797
62,1,702,V5D0722,7186164376185275163,Positive,oke makasih kak. si avoskin ini emang byk bgt yg rekomendasiin ini,7185096421220158747
62,1,711,V5D0732,7531765798068208391,Neutral,brapa harga nya kk,7389110955214490886
62,1,719,V5D0741,7421164502563177222,Negative,membualllll wayae hancurrr ditinggalkan pembeli kmuuu woeee!!!,7421104723333483782
62,1,723,V5D0745,7429154454706897672,Neutral,dok tolong cek suv super skin dong. sy udah 2 thn pakai nya. semoga aman aja.🙏,7428436533981613318
62,1,725,V5D0747,7206173181325099803,Neutral,cara pakai serum kombinasi seperti itu gimana kak,7188119070884056347
62,1,731,V5D0753,7388779504784917253,Neutral,ada yang mau retinol daviena harga 100k kebawah,7378347819268082950
62,1,737,V5D0759,7627431540138132231,Neutral,kak skrng pakai skincare apa,7430007251076697350
62,1,739,V5D0761,7475954060958155528,Neutral,pemakaian brp lama ka?,7312025661835578629
62,1,741,V5D0763,7291827364518291214A,Positive,baru order daviena semoga cocok kaya testimoni2 disini 🙏,7340938843190725893
62,1,744,V5D0766,7421190839814898437,Neutral,harganya brp ce?,7385065641595653382
62,1,750,V5D0772,7427340457074475782,Neutral,msh perlu sunscreen lg gak?,7418514646698642693
62,1,752,V5D0774,7392898869703852805,Neutral,kalau gimna cara pesennya,7385065641595653382
62,1,756,V5D0778,7329037215219073797,Neutral,kak emang nggapap ya kan sekarang aku make moiz msh skintific mau aku campur retinolnya daviena?,7319688011891936517
62,1,757,V5D0779,7330945381041832709,Neutral,"@user :kak mau tanya klo yg buat pudarin bekas jerawat pagi nya hyalu-c, trs mlmnya pake dark spot boleh? dan yg dark spot itu dipakenya tiap mlm sama",7122773893844061466
62,1,760,V5D0782,7328985877346534149,Neutral,azarine atau the originote?😩😩,7313383346447322373
62,1,761,V5D0783,7402388015852929798,Positive,@user ✨🌈,7378347819268082950
62,1,763,V5D0785,7384477292082922246,Neutral,bisa buat cowok ga,7357662447248968966
62,1,765,V5D0787,7423574265956926213,Neutral,pke kunyit ktnya 😅,7389110955214490886
62,1,777,V5D0799,7596511490770076424,Negative,kak 😭😭,7596239649517899016
62,1,778,V5D0800,7378082439157449488,Positive,ak baru mau coobaa,7376604456818920709
62,1,782,V5D0804,7335252778611622662,Neutral,sebelum pake retinol daviena pakai retinol apa ka?,7312025661835578629
62,1,796,V5D0818,7421431155021382405,Positive,"aku salah satu yg ngetag dia nyuruh buat minta maaf, bukan malah playing victim nyari pembenaran, akhirnya dia bikin jg video minta maaf, bukannya dr awal begini",7421104723333483782
62,1,797,V5D0819,7421874566928663302,Negative,"udah kaya melintir ini, aman lah",7421104723333483782
62,1,800,V5D0822,7443242358738830098,Neutral,longsor ga kak,7430007251076697350
62,1,805,V5D0827,7135754334742938394,Neutral,boleh dipake tiap hari?,7129446710400601371
62,1,809,V5D0831,7380289757048718085,Negative,"dek, sy pke cream mlm nya tiap hari sdh 1 minggu, gpp kan ? tp mmg blm ada perubahan sdikit pun, mlh flek qu jd klhtn. gmn ini dek, apa hrs d teruskan at gmn ? mohon pnjlsan nya 🙏",7312632181094894854
62,1,813,V5D0835,7225422393333613338,Neutral,jd moisturizer the originote di gabung sm serum wardah oren kak?,7194330759329631514
62,1,823,V5D0845,7428542298210042629,Neutral,"@user glow donk riview dr @user .okypratamaa_kedua ,...",7428436533981613318
62,1,825,V5D0847,7213212866144912155,Neutral,avoskin & skintific dong,7185096421220158747
62,1,829,V5D0851,7416951985628283653,Neutral,"aku gk tau. pakai avoskin, somethinc, azarine, originote. udh pernah akj coba. jd aku cuma pakai bas8c skincare doang",7397028146429709573
62,1,831,V5D0853,7315366877788635910,Positive,mau kk🥺,7312025661835578629
62,1,838,V5D0860,7428644515911713544,Neutral,dok glad2glow dok ....,7428436533981613318
62,1,840,V5D0863,7421568723998540550,Negative,huuu mhon maaf? balikin tu duit smua org yg udh ketipu sm km mba 😭😭,7421104723333483782
62,1,841,V5D0864,7429092124836692757,Neutral,kalo onliyou gimana dok🙏🙏,7428436533981613318
62,1,852,V5D0875,7595118155971478292,Neutral,buat flek hitam membandel pk apa kak,7507827983269350661
62,1,854,V5D0877,7529234924025905940,Positive,💯,7430007251076697350
62,1,859,V5D0882,7312077960218968837,Neutral,retinol boleh dipakai di wajah jerawat?,7312025661835578629
62,1,868,V5D0891,7474478508086166290,Neutral,kena basuh tk lepas tu,7145783136914296090
62,1,874,V5D0897,7428543715701408518,Negative,ko kaya ikutin doktif si dok,7428436533981613318
62,1,876,V5D0899,7429183390959043333,Negative,cba ms glow dok. brani gak? 😂 jgn tebang pilih,7428436533981613318
62,1,879,V5D0902,7596283045037458197,Positive,semangat terus yaa bu walaupun banyak huru hara aku tetep setia sama davienaa uda 3th ini❤️❤️,7596239649517899016
62,1,882,V5D0905,7596249295739011858,Positive,yng pntng klu d komen jngn mrah hrus mmprbaiki .. smngt yahh kk 🥰🥰🥰,7596239649517899016
62,1,890,V5D0913,7596351697502028565,Negative,"dijahatin , orang dia juga masih kerjasama , sama pt nya 🤣",7596239649517899016
62,1,891,V5D0914,7422012540244886278,Positive,bener banget saya dari dulu tetap ke wardah karena aman dn jelas,7421104723333483782
62,1,897,V5D0920,7567683810008498951,Positive,"aku mau coba tapi masih ragu ragu udah banyak yg aku pakai gk ada hasil dari yg mahal sampe yg murah😭tipe kulitku normal, kering, kusam ka jawab vt",7472351771025755410
62,1,899,V5D0922,7389306194329027333,Neutral,sist itu paket komplit brp ya ?,7312632181094894854
62,1,904,V5D0927,7428775837903733511,Neutral,dok charismalux dong sliweran mulu,7428436533981613318
62,1,913,V5D0936,7428474331259683602,Neutral,kalau olay aman dok?,7428436533981613318
62,1,921,V5D0945,7299475018064741125,Neutral,kk klok ada beruntusan sm bekas jerawat bisa pake acne sm yg retinol?,7258280563352587526
62,1,934,V5D0958,7333246078068818695,Neutral,bisa gk kak ... retinol di pake sma skintifik panthenol acne kak,7319688011891936517
62,1,939,V5D0963,7357875660679119622,Negative,"lah tpi tadi katanya d'alba spray serum nya udh habis berbotol botol, ini blgnya ""yg mahal baru coba 3 hari"" mana yg bener kak?",7357662447248968966
62,1,948,V5D0972,7422599658553508615,Positive,tim devuena,7418812570569641221
62,1,952,V5D0976,7198752630121136922,Neutral,"serum the originote boleh di pake bareng moist skintific yang pink sama ss azarine, ga sih?",7145783136914296090
62,1,960,V5D0984,7421180385516061446,Negative,yakin gak ada niat??,7421104723333483782
62,1,962,V5D0986,7399665424495756038,Negative,kulit tth mh dh putih emng yg item lngsung glowing teh,7385065641595653382
62,1,964,V5D0988,7428733549812007685,Neutral,dok pngen review jestham,7428436533981613318
62,1,965,V5D0989,7291827364518291523A,Positive,"wah baru tau, makasih infonyaa ✨",7129446710400601371
62,1,968,V5D0992,7422953830968656646,Negative,ini 0% kandungannya hindarn ya🙏 mending liat pembuktian di doktif,7389110955214490886
62,2,8,V5D0010,7428466461372842770,Neutral,"cek bogota beauty dong dok, aman atau nggak",7428436533981613318
62,2,17,V5D0019,7429596312189190919,Negative,tp aku udh buktikan kak ..pke 1 pket malah flek ku tumbuh banyak (maaf)🥺🥺🥺,7429265515434036485
62,2,20,V5D0022,7428970528692486918,Neutral,baru tau ada produk skincare maryame,7428436533981613318
62,2,22,V5D0024,7429265665872511764,Neutral,knpa ff nggak pernah di reviuw,7428436533981613318
62,2,26,V5D0029,7424332661257552645,Neutral,kaa.bisa gk pakai itu.tp cream malam dari produk lain,7421364555957275910
62,2,29,V5D0032,7314809794140226309,Negative,kuning ee 😭😭😭,7312025661835578629
62,2,33,V5D0036,7268087108450173701,Positive,@user ini nihh solusinyaa🥺,7122773893844061466
62,2,39,V5D0042,7422546942758273797,Neutral,untungnya aku ga pake ..,7421104723333483782
62,2,41,V5D0044,7596587067858453256,Negative,"udah cek kak mungkin tp kecolongan 😭 misal cek hari ini besok produksi lagi ga ada yg pantau kan bisa masukkan jg , entahlah wkkw",7596239649517899016
62,2,49,V5D0052,7428444676753392389,Neutral,produk fenny frans dok,7428436533981613318
62,2,50,V5D0053,7354309625463702278,Positive,awal puriging jerawat gede bat 2. abis itu byee rata muka gw😭🙏,7314309007341063429
62,2,52,V5D0055,7226164707778413338,Neutral,bagusan the originote atau azarine?,7185096421220158747
62,2,55,V5D0058,7378504446278337285,Positive,aku pakai daviena bikin glowing,7378347819268082950
62,2,57,V5D0060,7421232745344631558,Neutral,"dia tetap playing victim kok kak. perhatikan saja kalimat ""dituduh secara brutal""",7421104723333483782
62,2,59,V5D0062,7429369065124758278,Positive,@user amann cahh,7428436533981613318
62,2,75,V5D0078,7428587122002936593,Positive,cocok aku juga dokter🥰,7428436533981613318
62,2,76,V5D0079,7313184182673343238,Neutral,pemakaiannya bisa tiap hari ka?,7312025661835578629
62,2,82,V5D0085,7442710503598801720,Neutral,sunscren nya ad gak,7429636271552728326
62,2,91,V5D0094,7134759817448637210,Neutral,blh di gabung sma retinol kak?,7129446710400601371
62,2,98,V5D0101,7287822127722152710,Neutral,aku juga pake azarine mau coba the originote di kaka bagus ga the originote?,7185096421220158747
62,2,104,V5D0107,7402212044461572870,Neutral,dalba dipakai malem bareng retinol apa gmn kak?,7357662447248968966
62,2,111,V5D0114,7289031409960256261,Neutral,aku jg co di tiktokshop pas penutupan harga 99rb ajaa 😂,7289028668863663365
62,2,124,V5D0128,7223506286888960794,Neutral,klo malem pakek retinol di timpa vitamin c malam nya juga bisa?,7208499827234131226
62,2,133,V5D0137,7426041386850337541,Neutral,berapa persen niacinimide serum c nya?,7235406683676167430
62,2,142,V5D0147,7422844901123752710,Neutral,"telattt, kemarin ketawa"" cb dr awal kyk gini 😎",7421104723333483782
62,2,146,V5D0151,7435202005210465079,Positive,pinjem seratus dok😭,7428436533981613318
62,2,147,V5D0152,7397688210815894277,Positive,wishlist aww😭,7397028146429709573
62,2,148,V5D0153,7430468312541741832,Neutral,dok coba skincare ls,7428436533981613318
62,2,151,V5D0156,7428692227004957448,Positive,lagi mau nabung buat beli maryame sambil nunggu krim nya ready 🥰,7428436533981613318
62,2,153,V5D0158,7388919329192100614,Neutral,isi nya msi bnyk?,7378347819268082950
62,2,161,V5D0166,7462280135233471239,Neutral,150k++,7429265515434036485
62,2,165,V5D0170,7321544623800058630,Positive,pakein serum hydrating yaa kaka cantikk🤗,7313744314927041797
62,2,167,V5D0173,7421755645148742405,Neutral,tapi awalnya marah2 sekarang minta maaf.🤣 kocak giliran penjualannya menurun,7421104723333483782
62,2,168,V5D0174,7421487316415972101,Negative,keliatan banget takut miskin nya nih owner,7421104723333483782
62,2,172,V5D0178,7421849674984538886,Neutral,giliran ketauan kaya gitu 🗿,7421104723333483782
62,2,183,V5D0190,7596978948186489621,Neutral,kak boleh ga kalo facial wash nya salicil acid habis tuh pake serum originote hyaluc?,7235406683676167430
62,2,186,V5D0194,7428742399616647943,Neutral,chalonese dok plis,7428436533981613318
62,2,191,V5D0199,7396330329806455557,Neutral,retinol daviena boleh di gambung sama moisturizer garnier ga? atau sama moisturizer kymskin?,7378347819268082950
62,2,200,V5D0208,7422840491575608069,Negative,yang penting cuan😅,7421104723333483782
62,2,203,V5D0211,7225959258344866587,Positive,panutanku membuat konten ini,7194330759329631514
62,2,204,V5D0212,7429782663776731910,Neutral,coba skincare nadfiecha aesthetic dok🙏🏻,7428436533981613318
62,2,213,V5D0222,7431070093537526533,Neutral,rk aman gak yaa?,7428436533981613318
62,2,223,V5D0233,7421552742801769221,Negative,🤣🤣🤣🤣🤣🤣 mkny jjr,7421104723333483782
62,2,229,V5D0239,7535443005458088722,Neutral,mau tau hasil lanjutan nya kak cocok atau gaknya,7262186413284822277
62,2,232,V5D0243,7472240111187837716,Neutral,ini jualan?,7385065641595653382
62,2,248,V5D0260,7428441322275898117,Positive,aman ka udh pernah di riview,7428436533981613318
62,2,250,V5D0263,7404058814818272005,Neutral,satu paket brpa?,7385065641595653382
62,2,254,V5D0267,7430072314844480262,Neutral,dokter tolongdong putri glo aman engga,7428436533981613318
62,2,255,V5D0268,7357877721735332614,Negative,"@user :muka keriput pake apa..ini mmpung belom parah masih tanda"" ..😭😭😭😭",7357662447248968966
62,2,256,V5D0269,7314544137566978822,Neutral,"aku beningg, mmg ada yg kuning yaa? bukannya kalo kuning itu udah teroksidasii 😭",7314309007341063429
62,2,264,V5D0277,7491870546584781576,Neutral,buat flek parah bisakah?,7472351771025755410
62,2,269,V5D0282,7320859902308631302,Neutral,hyalu c serum isi nya di kalian bening or kuning??,7306081689422351622
62,2,270,V5D0283,7470356733387883284,Neutral,ada yg mau gantiin paket acne maryame aku gk? baru dipakai 5 kali masih penuh,7429265515434036485
62,2,271,V5D0284,7422681512833630982,Negative,mereka claim produknya sendiri...lebih baik beli brand2 yg memang sdh diakui sprti wardah loreal skintific..jangan beli yg produknya dari owner perseorangan..,7421104723333483782
62,2,273,V5D0286,7450473741806928661,Positive,alhmdulillah cocok walaupun harganya wow. nanti order l❤️🥰,7421835937988070662
62,2,276,V5D0289,7379414727000523525,Neutral,boleh dipke tiap mlm ga retinolnya ?,7378347819268082950
62,2,282,V5D0295,7428567760705667846,Negative,"cream malam h&h dok dari dr kamila jaidi, saya pas berhenti pkek itu jerawat muncul semua😭 sekrng jadi ketagihan😭",7428436533981613318
62,2,285,V5D0298,7350134246336709382,Neutral,serius kak??,7340938843190725893
62,2,290,V5D0303,7361609549465682695,Neutral,harga nya berapa mbk,7361323225038540037
62,2,292,V5D0305,7188648225750090522,Neutral,kk untk flek gimn,7182401543491128602
62,2,294,V5D0307,7431363029701460744,Neutral,dok tolong chekin skinnaza🙏,7428436533981613318
62,2,296,V5D0309,7430289813422686983,Positive,"iyaa ka😁 emng produk bpom itu kan ngga instan, selama aman2 aja dimuka yah pake aja terus 😁",7430007251076697350
62,2,298,V5D0311,7421196085283193605,Negative,buktinya mana ??? cc @user,7421104723333483782
62,2,300,V5D0313,7428506518503867154,Neutral,dokk itu setelah di riview ke pake gak cream nya 😂. kalo gakk . kasih aku aja dong😂😂,7428436533981613318
62,2,303,V5D0316,7430030536678769413,Positive,hahahah🤣🤣,7397028146429709573
62,2,315,V5D0329,7221729322082730778,Negative,"aku pake moisterizer nya tpi d kulit pipiku trasa kaku gtu,npa ya,smga d jawab 😊",7194330759329631514
62,2,323,V5D0337,7421353330138350341,Neutral,wkwkwkwkwkwkwkw wkwkwkwkwkwk wkkwkwkwkw kwwkwkwkkww kwkwkw @user gimana nih dok?,7421104723333483782
62,2,328,V5D0342,7422802326895624965,Neutral,nah klu dr awal.ke gini minta maaf ga akan diserang netizen,7421104723333483782
62,2,335,V5D0350,7586907773637198610,Neutral,"ak udah seminggu ini ngga pakai apa2 cii, tapi sebelumnya ak pakai semuanya dari emina",7586827398084136200
62,2,336,V5D0351,7317303966168597254,Neutral,serum bright b3 klo kulit berminyak boleh gak?? sama itu dipakai ny boleh pagi dan malam kh??,7306081689422351622
62,2,338,V5D0353,7353145256851997445,Neutral,cara pake retinol untuk muka berjerawat kek gimna si ka??,7340938843190725893
62,2,339,V5D0354,7209246334254449435,Neutral,"mending azarine atau originote ya guys? honest reviewnya dongg, mau co tp bingung",7185096421220158747
62,2,346,V5D0361,7292043212242993925,Neutral,oh berarti mislanya sholat subuh itu ga usah pake apa apa ya pake air biasa aja trs kalo udah jam 8 baru pake mos sama ss tah?,7291631421565832453
62,2,347,V5D0362,7428812855099654920,Neutral,dok krim ff dong,7428436533981613318
62,2,352,V5D0367,7334535180910199557,Neutral,untuk umur 15 boleh gsih?,7313744314927041797
62,2,362,V5D0377,7432275971157934853,Negative,jng tergiur harga murah..bnyk yg palsu,7418514646698642693
62,2,365,V5D0380,7312036931763356421,Neutral,ini cocok untuk pemula gak baginda ???,7312025661835578629
62,2,369,V5D0384,7456999977735488274,Neutral,kalau mlm pake apa kak?,7429265515434036485
62,2,376,V5D0391,7271591355427373829,Neutral,"krn area deket mata, bibir dan hidung lebih tipis jadi hindari pemakaian di area itu. cmiiw",7270117302614478086
62,2,389,V5D0404,7428554718538269461,Neutral,skincare ku dong dok.. animate,7428436533981613318
62,2,393,V5D0408,7421731370269770502,Negative,gak mau lagi titik!,7421104723333483782
62,2,395,V5D0410,7461956409942721288,Positive,serius beb aku beli waktu owner live ambyar 2 retinol 100k😭,7418812570569641221
62,2,399,V5D0414,7596262143189222151,Neutral,salah pabrik tapi sekarang ttp masih produksi di pabrik itu lagi ? ini konsepnya gmna sih 🙏,7596239649517899016
62,2,405,V5D0420,7428810147436380934,Neutral,drw yg pink dok,7428436533981613318
62,2,416,V5D0431,7130820699131953946,Neutral,bukannya niacin aman diapake habis eksfoliasi? karna ada vitamin c nya kali,7129446710400601371
62,2,428,V5D0443,7315340229861769989,Neutral,harus malah kak abs retinol harus ngt pake cream moisturizer,7237379067773766917
62,2,430,V5D0445,7466044209569465106,Neutral,ada yg mau gantiin cream malam 2 sama day cream yang pink.. masih baru segel..🙏🏻🙏🏻,7262186413284822277
62,2,435,V5D0450,7372153939532301061,Neutral,"q jg pke sdh jln 4 pot ,msh d 5 pot lg yg mw q jual murce aj krn beli bnyak",7312025661835578629
62,2,438,V5D0453,7429134521465127681,Neutral,msi coba dok🙏🙏🙏,7428436533981613318
62,2,444,V5D0460,7364426048546652934,Negative,"gw pake ini metode sandwich 1 mggu 2x kluar beberapa jerawat gede,trus 1 mggu 1x sama aja.akhirnya aq stop dlu ngilangin jerwatnya.lanjut apa gak ya?",7359717817601543429
62,2,446,V5D0462,7223215241575465754,Neutral,pigeon nya yg apa kak?,7194330759329631514
62,2,447,V5D0463,7421769292679299845,Negative,boikot saja,7421104723333483782
62,2,448,V5D0464,7289462114761655045,Positive,bagus banget emanggg🥰,7289028668863663365
62,2,454,V5D0470,7422072997354570502,Neutral,kocak yaa 😅 orang di agk nuduh. cuman di intropeksi.,7421104723333483782
62,2,455,V5D0471,7315580194844001029,Neutral,sebenarnya serum acne nya disarankan pda malam hari karna malam hari kita tidur jadi cepet sembuh nya di bandingkan di pake pagi hari yang kita me-,7306081689422351622
62,2,457,V5D0473,7350084651250238214,Negative,pliss sm bgt aku pertama kali pake daviena jerawat gtu anjir nyesekkk😭😭,7340938843190725893
62,2,462,V5D0478,7423827689792357125,Negative,bruntusan bisa pke gk,7421364555957275910
62,2,465,V5D0481,7366508638305846022,Neutral,kalo niacinamide nya dr brand lain aman ga kak?,7270117302614478086
62,2,472,V5D0488,7360257027970450182,Positive,mirip loverrukk dikit,7357662447248968966
62,2,473,V5D0489,7455502183196099336,Neutral,gmn ka cocok ga?,7424146834534239493
62,2,484,V5D0500,7596247319642014472,Positive,semangatt bu owner cantikk🥰,7596239649517899016
62,2,491,V5D0507,7518299884795183879,Positive,💗💗💗💗,7507827983269350661
62,2,502,V5D0518,7241087585115898629,Positive,murah banget,7194330759329631514
62,2,506,V5D0522,7428648736677102354,Neutral,dok coba cek jenem glow dok,7428436533981613318
62,2,509,V5D0525,7421427934106157830,Positive,aq pake wardah dari gadis smp punya anak 2,7421104723333483782
62,2,515,V5D0531,7189256002364736282,Neutral,"bantu jawab ya kak don't forget reapply sunscreen siang sampe sore kak, pengalaman aku awalnya aku juga kusam setelah di cari tau kurang jos di sc",7188119070884056347
62,2,518,V5D0534,7317327682290139910,Neutral,kk ini udah bpom blm sii?,7313744314927041797
62,2,519,V5D0535,7429711486278255368,Positive,dok bajumu unik2 dok.. 🤏🏻🤏🏻😁,7428436533981613318
62,2,528,V5D0544,7260757117660218118,Neutral,"bisa buat pemula ga, aku baru mau coba pake serum?",7122773893844061466
62,2,534,V5D0550,7225395086561313563,Neutral,"minimal 14 thn, kecuali retinol",7194330759329631514
62,2,535,V5D0551,7131504500422394650,Positive,bener bgt aku masih semingguan udah cerah bgt 😁😁,7129446710400601371
62,2,537,V5D0553,7317334750782898950,Neutral,untuk cowok bisa kak,7313744314927041797
62,2,539,V5D0555,7421286980628873989,Positive,tq doktif,7421104723333483782
62,2,545,V5D0561,7421751589221991174,Negative,"demi tuhan walaupun aku g ada salah, aku juga g ada niat pake produk daviena, aku lega belum pernah beli produk daviena 🥰",7421104723333483782
62,2,546,V5D0562,7388781962108633862,Positive,mau,7378347819268082950
62,2,565,V5D0581,7430093962310025992,Neutral,jenem glow dong dok.. please,7428436533981613318
62,2,566,V5D0582,7421218660721869574,Positive,kasian ownernya penjualan sepiiii...,7421104723333483782
62,2,581,V5D0597,7357910330913866502,Neutral,"iya tiap hari abis cuci muka kaya tonerr abis itu pake serum, dan moist kaya biasa",7357662447248968966
62,2,582,V5D0598,7207406424556946203,Neutral,"kak,kalo ceratinol the originote pernah coba gak..spill dongs..😁",7185096421220158747
62,2,585,V5D0601,7597770970602504977,Positive,"kak kk kuat bgt sih dan bangga nya aku tuh kk ttp semanagt walaupun ya allah kak banyak bgt cobaan nya kk di bisnis ini semoga kk slalu kuat slalu menjaga prodak kk semoga kk di curangi pihak ketiga terus doa terbaik lah buat kk,semoga kk di permudah ya segala urusan nya hasilnya #kulitsehat bgt wajib di #skincareroutine harian",7596239649517899016
62,2,586,V5D0602,7422228722256544518,Negative,lah.. hasil doktifnya mana? 😂,7421835937988070662
62,2,588,V5D0604,7341250041532007173,Neutral,kalo buat bekas jerawat merah bisa g @user tolong dijawab,7340938843190725893
62,2,590,V5D0606,7257155956555252486,Neutral,kalau gitu cocok nya pake toner yg mana ya??,7242204399928593669
62,2,593,V5D0609,7402114653931979525,Positive,🥰🥰🥰🥰,7389110955214490886
62,2,595,V5D0611,7456422205879698183,Neutral,kakak pakai serum lagi ga sblm pemakaian daycream,7430007251076697350
62,2,599,V5D0615,7596241404831089415,Positive,terharu bgt🥺,7596239649517899016
62,2,604,V5D0620,7421707888513811206,Negative,saya td y mau pke devina tp takut jdi sy cansel resah krna seloweran d fyp,7421104723333483782
62,2,606,V5D0622,7422724704727286534,Positive,panasss🔥🔥,7421104723333483782
62,2,607,V5D0623,7421217151782781701,Positive,"lw g ada foktif mungkin masih bnyk korban2 masyarakat , kasian masyarakat habis2an 🤣🤣🤣",7421104723333483782
62,2,613,V5D0629,7321228550420808454,Positive,gua follow lu bang lu asyik😘,7312025661835578629
62,2,620,V5D0638,7419646837675655941,Neutral,ka klo serum hyalu c+mois originote hyalucera bisa?,7235406683676167430
62,2,627,V5D0645,7331330781526590214,Neutral,"moisturizer, retinol, moisturizer",7284446766534102277
62,2,636,V5D0654,7386963857154065158,Neutral,masi ada kak?,7378347819268082950
62,2,644,V5D0662,7434358065866670856,Positive,"ps, pinjam seratus dok.. 😁",7428436533981613318
62,2,645,V5D0663,7401073968936190726,Neutral,1 pket nya brph emng tth,7385065641595653382
62,2,646,V5D0664,7465690561199325970,Neutral,ini d pake pagi apa malam kak,7459337971108515090
62,2,647,V5D0665,7195942615116120858,Positive,nice info ote chekout,7167562475641048347
62,2,651,V5D0669,7421865431479468806,Negative,@user 🐑🌻 mana paket guwe jalan kesini duwa paket 😭,7421104723333483782
62,2,658,V5D0676,7291827364518291786A,Positive,wah kak reply mulu 😂 beneran (160),7429636271552728326
62,2,662,V5D0680,7312274471740654342,Neutral,"iya klo lagi retinolan lebih baik cuma pakai retinol aja, takut iritasi, aku kurang tau paket daivena, g pake soalnya🙏",7312025661835578629
62,2,669,V5D0687,7422190964259963653,Positive,maka merendah itu lebih baik dan elok.. #davinaskincare juara wajib di #skincareroutine harian,7421104723333483782
62,2,670,V5D0688,7428623252630700806,Positive,otw lngsung beli maryame apa glowglowing🥰😂,7428436533981613318
62,2,680,V5D0699,7603356104772698901,Neutral,oh aku kebalik pakek nya 🤭,7235406683676167430
62,2,685,V5D0704,7422499469767688967,Positive,tim yang hobby mancing 🗿😂,7421104723333483782
62,2,687,V5D0706,7425891960679826181,Positive,coba aku mau co penasan,7401739344085585158
62,2,695,V5D0714,7595116704122077969,Neutral,klu siang pake maryame.. malam ny pake skintific boleh gak ya...,7507827983269350661
62,2,697,V5D0717,7439339206302057234,Neutral,apa masih ada?,7430007251076697350
62,2,703,V5D0723,7421879560059355909,Positive,"iya iya,aku pindah hanasui babay🥰",7421104723333483782
62,2,712,V5D0733,7246394430667162373,Neutral,"kalo tiap pagi serum vit c + ss , terus tiap malemnya moisturizing retinol , aman ga ka ??",7242204399928593669
62,2,720,V5D0742,7338447818037003013,Neutral,kak kalo pemula pake retinolnya tiap malam ?,7314309007341063429
62,2,721,V5D0743,7312211617604420357,Positive,emang mantul banget retinolnya daviena tuh . aku dah habis 3 jar,7312025661835578629
62,2,724,V5D0746,7359161930970710802,Positive,mau dimodalin nnti lps nikah 🤭,7357662447248968966
62,2,726,V5D0748,7429755155941229317,Neutral,"dok seruni skincare dok, katanya aman buat bumil sama busui dok",7428436533981613318
62,2,730,V5D0752,7226313920100909851,Neutral,gluta bright serum bisa dipakai setiap hari kak?,7222981366173011226
62,2,738,V5D0760,7231724922862781211,Neutral,"kak mau tanya aq pake day dan night crem toner daviena, kalo serum nya ganti retinol the originote kira” bisa nggk ya",7185096421220158747
62,2,742,V5D0764,7428555225885557509,Neutral,bedak sw glows dok,7428436533981613318
62,2,743,V5D0765,7428565040456499976,Neutral,adleeva boleh dok?,7428436533981613318
62,2,745,V5D0767,7421196600356635397,Negative,untung gak jadi beli😁,7421104723333483782
62,2,766,V5D0788,7430421378194653957,Neutral,dok prodak dorskin aman nggak? ☺🙏,7428436533981613318
62,2,772,V5D0794,7421138023641187077,Positive,"setuju kak,",7421104723333483782
62,2,775,V5D0797,7422315876551492358,Positive,"wardah,skintific jg bguss lochh",7421104723333483782
62,2,781,V5D0803,7381301609462219526,Positive,bs ya,7235406683676167430
62,2,785,V5D0807,7428543449080955655,Neutral,dok tolong yessica dok aman gk ?? ak mw co ragu2🥲🥲,7428436533981613318
62,2,786,V5D0808,7429161664396821254,Neutral,cream ss donk dok,7428436533981613318
62,2,791,V5D0813,7429518518851781381,Neutral,brapa harga nya maryame satu pket nya ya,7428436533981613318
62,2,794,V5D0816,7434739306382263047,Neutral,dimna woy belinya 🥹,7428436533981613318
62,2,802,V5D0824,7199115308878119706,Neutral,"bagus originote apa azarine ya, bingung",7145783136914296090
62,2,806,V5D0828,7438976648101561143,Neutral,ke akun asli nya langsung kak @user hani jayanti,7418514646698642693
62,2,808,V5D0830,7373924788002226950,Neutral,tiap malem pake gapapa kak?,7359717817601543429
62,2,814,V5D0836,7429330150351651589,Neutral,"maryame dok, bukan maryam 😁",7428436533981613318
62,2,817,V5D0839,7422155811139175173,Positive,"lipstikny bagus , 🤭",7421104723333483782
62,2,819,V5D0841,7422823380447134470,Negative,sorrry yeee.. ga prnh pake produk lu,7421104723333483782
62,2,834,V5D0856,7357729820916155141,Neutral,este yg anr worth every penny g ?,7357662447248968966
62,2,835,V5D0857,7223675390920196890,Negative,lebih suka yang dulu cc @user,7222981366173011226
62,2,842,V5D0865,7428474896634151685,Neutral,kalo reglow dr sindhi aman nggak y,7428436533981613318
62,2,853,V5D0876,7428462255614903045,Neutral,skintific sudah direview kah dok?,7428436533981613318
62,2,855,V5D0878,7428505713109041925,Neutral,"dok,, kalau kdasbeauty?",7428436533981613318
62,2,857,V5D0880,7439937642861069064,Neutral,"klo sdh pakai crem siang, perlupakai sunscreen lg gak kak?",7385065641595653382
62,2,858,V5D0881,7341065217499218694,Positive,"aku ya glowing gitu kak tapi pake paketannya juga, serius, eh tapi balik lagi cocok2an sih",7340938843190725893
62,2,866,V5D0889,7431584077281559304,Neutral,bisa buat kulit berminyak berjerawat ga ya kak ?,7429636271552728326
62,2,867,V5D0890,7360287133611934469,Negative,yakin puluhan botol ?? yaiyyalah d endos 🤣...mna botol nya coba,7357662447248968966
62,2,870,V5D0893,7422282713959498502,Negative,team yg ga mau pake daviena,7421104723333483782
62,2,872,V5D0895,7470425421143671559,Negative,ihvjadi ragu mau coba,7262186413284822277
62,2,877,V5D0900,7429243619733095173,Neutral,dok coba charismalux skincare dok..,7428436533981613318
62,2,883,V5D0906,7564732627813466887,Neutral,pake cream malam nya gak ka? sekintific retinol untuk malam hari bagus ka,7523137946246008069
62,2,888,V5D0911,7451820520520499976,Neutral,"ada yang mau gantiin night cream ku ngga ? masih segelan kok, belinya langsung di official storenya langsung",7424146834534239493
62,2,892,V5D0915,7291827364518291284A,Positive,"udah repurchase ke-1 nih maryame, ga bakal ganti lagi beneran",7429265515434036485
62,2,895,V5D0918,7430740552104084240,Neutral,bikin abu ngga di kulit samo matang? tolong di bls pake vt buktikan abu apa nggak,7430007251076697350
62,2,896,V5D0919,7430264576795198225,Neutral,kak udh sold kah?,7429636271552728326
62,2,919,V5D0942,7258353060636279558,Positive,originote emg deh gapernah gagal,7258280563352587526
62,2,932,V5D0956,7324266967304504069,Negative,"aku pake the originote, tapi kalau habis itu aku ganti wardah acne dream soalnya kek sama ajah gitu, tapi lebih mahal the originote hohoho",7270117302614478086
62,2,935,V5D0959,7429999874567357189,Neutral,keranjang krimnya gk ada,7429636271552728326
62,2,936,V5D0960,7457532474718405383,Neutral,gak ada merkuri nya ya dok gimana aman ya dok,7428436533981613318
62,2,944,V5D0968,7421920754231460614,Positive,"pengguna skincare @user cushion,lipstik,premier, sunscreen,serum,seting spray ...bagus semua dan murah...pertahankan harganya jangn dimahalin yah hanasui ♥️",7421104723333483782
62,2,963,V5D0987,7215808075610686234,Neutral,kk serum ini blh di gabung sma cream omg?,7122773893844061466
62,2,976,V5D1000,7201419393484849946,Neutral,"aq tanya ke penjual di toko orange bilang nya gak bisa untuk malam,, hanya pemakaian siang aja",7182401543491128602
62,3,2,V5D0004,7429695657998304006,Neutral,dok tolong cek charismalux pliss🙏🙏🙏🙏,7428436533981613318
62,3,7,V5D0009,7211544143301051162,Positive,"percayalah mau kulit kaya seleb2 itu tuh perwatan rajinn pake 1merek ajaa, rajin maskeran dan perawatan ke klinik kecantikann wkwkwkkw",7167562475641048347
62,3,24,V5D0027,7213892254514610971,Positive,eiem adalah retinol kedua stlh whitelab diaku malah bagusan eiem 🫠,7185096421220158747
62,3,32,V5D0035,7363277976844141318,Neutral,baru tau? hahaha,7340938843190725893
62,3,37,V5D0040,7392146535734018821,Negative,yg g cocok kantong nya kk😂,7389110955214490886
62,3,38,V5D0041,7428463319042392838,Neutral,kymskiinn dong dok,7428436533981613318
62,3,40,V5D0043,7233947484875211546,Neutral,bagus pratista apa azarine apa originote🥺,7185096421220158747
62,3,43,V5D0046,7263047975642071813,Neutral,gmn cara pakai nya rangkaiannya apa aja??,7242204399928593669
62,3,48,V5D0051,7429371249153426181,Neutral,cek cream erwa glow dok yang berasal dari sulawesi juga. soalnya saya ingin pakai cream tersebut karena banyak juga testi-testinya yang bertebaran. tapi saya ingin tahu dulu apakah aman?,7428436533981613318
62,3,56,V5D0059,7429196018933269265,Neutral,dok erha skincare gmn??,7428436533981613318
62,3,63,V5D0066,7291827364518291296A,Positive,"udah repurchase ke-6 nih azarine, ga bakal ganti lagi 🔥",7327630114282573061
62,3,65,V5D0068,7151675086725645083,Neutral,kulit kering bisa pake yg mana ka,7145783136914296090
62,3,69,V5D0072,7597067551230657298,Negative,dan lucunya di terbitkan masi di bulan februari 2025 dan ada yang beli di bulan 3 cek di dr grand🤣,7596239649517899016
62,3,70,V5D0073,7286629712545628933,Positive,pen coba🥰,7284446766534102277
62,3,72,V5D0075,7226177713979540251,Neutral,cis yg dapet 75 .000☝ cc @user,7194330759329631514
62,3,73,V5D0076,7255305345508934406,Neutral,bruntusan sm bekas jerawat bagusnya yang mna kak?,7242204399928593669
62,3,74,V5D0077,7421913700023452421,Negative,"astagfirullah,uda 2 x beli ol nih daviena😭hasilnya nihil.",7421104723333483782
62,3,77,V5D0080,7421326666972005126,Neutral,kejayaan ada masa nya,7421104723333483782
62,3,79,V5D0082,7406690914268185349,Neutral,"ada yang mau gantiin retinol daviena 6pcs 400 ribu ga , edisi mubazir karena hamil , beli di tiktok owner pengiriman dari owner palembang ada bukti co",7378347819268082950
62,3,88,V5D0091,7384456174630765318,Neutral,kalo ga pake moist gpp kah? soalnya aku ga cocok pake moist,7378347819268082950
62,3,89,V5D0092,7381094718857544453,Positive,@user 🧚🏻‍♀️ penasaran gw sm retinol ini,7378347819268082950
62,3,92,V5D0095,7429283486462903057,Neutral,bajunya kok langka semua ya dok😅,7428436533981613318
62,3,101,V5D0104,7358565004284723969,Neutral,urutan pakenya gmn?,7357662447248968966
62,3,102,V5D0105,7313400142961935110,Positive,otw langsung co😭😭,7312025661835578629
62,3,105,V5D0108,7388550448192307974,Positive,mulus banget kulit bun rahasia ny apa,7385065641595653382
62,3,106,V5D0109,7265642231578804997,Neutral,skip toner bole ngga??,7242204399928593669
62,3,108,V5D0111,7365984980529513222,Negative,ko ak make b3 makin kusam yaa,7306081689422351622
62,3,110,V5D0113,7262282647929701125,Positive,"iya karna bahanya aman jadi memang butuh waktu lebih lama ,rutin aja dlu ya",7242204399928593669
62,3,113,V5D0116,7323206537618555654,Neutral,azarine sma originote bagus mana si😩 bingung,7313383346447322373
62,3,114,V5D0117,7429583930292650757,Positive,"alhamdulillah aman aku pakai juga pakai produk maryame dri tahun 2023,sampai sekarang nh🙏🏻🙏🏻",7428436533981613318
62,3,119,V5D0123,7134405182801068827,Neutral,"tolong jawab dong ,,pilih azarine vit c atau originote",7122773893844061466
62,3,123,V5D0127,7428550132184679175,Neutral,garnier dong dok katanya sih sdh d boikot skincare garnier🙏🙏,7428436533981613318
62,3,125,V5D0129,7358129257644065541,Positive,gua jg bisa sbnernya muka kyk kk ny tp duit gw g mndkung 🤌,7357662447248968966
62,3,130,V5D0134,7425926701983548165,Neutral,bisa buat kulit berjerawat gak kak? @user .official bisa dijawab ga?,7418514646698642693
62,3,131,V5D0135,7456403019271668488,Positive,"ga jugaaa kakk, yang ori di official store nya langsunggg🫶🏻",7418514646698642693
62,3,134,V5D0138,7429237295297889032,Positive,paket the face nya bangkuhh 🔥🔥🔥🔥,7428436533981613318
62,3,136,V5D0141,7389488816266887942,Neutral,aman enggk buatt busuii,7376604456818920709
62,3,137,V5D0142,7424549561480250118,Positive,"ya kalo gak ada yg berani mah , gak bakalan kebuka minusnya kosmetik2 yg kurang baik",7421104723333483782
62,3,141,V5D0146,7422166828950995717,Negative,"trus gmn nih custemer yang udh beli mana 4 pot lagi, nyesel😭",7421104723333483782
62,3,149,V5D0154,7431074034856575764,Neutral,ms glow aman g sih dok?🥺,7428436533981613318
62,3,157,V5D0162,7272943984077882118,Neutral,"retinol smooth ,moisturizernya skintific yang pink . boleh gak ??",7237379067773766917
62,3,158,V5D0163,7422345438684529414,Neutral,prettttt....drakor aja setelah tau ngibul,7421104723333483782
62,3,160,V5D0165,7223177993568158490,Neutral,kalo retinol?,7208499827234131226
62,3,175,V5D0182,7362870777459720966,Positive,😭😂😂,7340938843190725893
62,3,182,V5D0189,7359471486618305285,Neutral,@user menangisst dompet ini,7357662447248968966
62,3,185,V5D0192,7291827364518291474A,Positive,iyaa sama disini jg gtu beneran,7122773893844061466
62,3,190,V5D0198,7363657630299095813,Neutral,teh kalo pertama kali make suka gatel pa gk...sama gerah,7363584993148357894
62,3,195,V5D0203,7135044523643126555,Neutral,boleh dicampur retinol ga,7129446710400601371
62,3,198,V5D0206,7421714688328041221,Positive,ternyata bagusan maydooza wkwk,7421104723333483782
62,3,201,V5D0209,7341001517657359109,Negative,"gk se wow itu kak trnyta😭aku kdg ttep pake tp buat siang itu jg gk tiap hari,klo pke malem bsoknya merah2",7312025661835578629
62,3,221,V5D0231,7421574431127962374,Negative,pantesan aza dia cepet kaya .modal dikit untung bnyk...,7421104723333483782
62,3,224,V5D0234,7422111892829602566,Negative,"q merasa d tipu mbk,hrga mhall poll teryata 😁😁😁😁😁",7421104723333483782
62,3,235,V5D0246,7429710578112873221,Neutral,animate di cek dong dok,7428436533981613318
62,3,243,V5D0255,7357865829151490822,Negative,nangis bngt dompet aing mah😭,7357662447248968966
62,3,244,V5D0256,7289034951538098950,Positive,kmrn dpt 3 200san😁,7289028668863663365
62,3,251,V5D0264,7428477246225335046,Neutral,nuface dol,7428436533981613318
62,3,253,V5D0266,7342910566968099590,Neutral,ada yg mau prlov sleepmask daviena ga?,7340938843190725893
62,3,257,V5D0270,7146460595809944347,Positive,iya ka hasilnya #kulitsehat bgt dan juga #skincaretips penting banget,7145783136914296090
62,3,258,V5D0271,7436906785996423943,Neutral,brapa,7385065641595653382
62,3,267,V5D0280,7226259967468012315,Neutral,pernah purging?,7185096421220158747
62,3,275,V5D0288,7357764292546462469,Positive,@user bgn tidur anti korep🤣,7357662447248968966
62,3,277,V5D0290,7428467529268134662,Neutral,wbs kosmetic dok,7428436533981613318
62,3,279,V5D0292,7421919025287938821,Neutral,kan gak pernah pakak..tau dri mana klo gak ngefek😂😂...pigmen kulit stiap orang beda,7421104723333483782
62,3,286,V5D0299,7132160441505973018,Neutral,"kombinasi gradakan bisa kak?? mau nyoba jga, klo moist nya eiem boleh ya? tolong jawab dong butuh bnget",7129446710400601371
62,3,288,V5D0301,7596262281970762512,Positive,kaaa sabar yaaaa msihh setia sma daviena mlhhan jerawat kuu ilang karena daviena🥰🥰,7596239649517899016
62,3,289,V5D0302,7509035578039632648,Neutral,jerawat menahun tolonggggg 😭😭😭,7507827983269350661
62,3,293,V5D0306,7359073173918204677,Positive,aku lg coba serum d’alba krna tmn pake itu bnr” glowing bgt jir😭 tapi di gw juga bagus sih 🥹,7357662447248968966
62,3,299,V5D0312,7366996862522147590,Neutral,ka minta link produk daviena yang asli plis mau co,7340938843190725893
62,3,301,V5D0314,7340544855153935110,Negative,harga ny ga kuattt😁,7284446766534102277
62,3,304,V5D0317,7430110365348201221,Neutral,ini bisa buat kulit berjerawat gk?,7429636271552728326
62,3,307,V5D0320,7421868886453371654,Negative,"pnts aj gda prbhan pke daviena dh abis 3 pot,",7421104723333483782
62,3,322,V5D0336,7435178561441465095,Neutral,beli dinn,7385065641595653382
62,3,351,V5D0366,7596542376719434504,Negative,di rilis selepas live sm dd april hadduuuu,7596239649517899016
62,3,354,V5D0369,7428462050001371909,Positive,aku jg pake cck tp hua,7428436533981613318
62,3,356,V5D0371,7422951482696336133,Negative,gpp udah terlanjur kaya kok,7421104723333483782
62,3,357,V5D0372,7429264999758021381,Neutral,skinaza dok pliz!🙏,7428436533981613318
62,3,367,V5D0382,7425814945621738246,Neutral,itu brp gr,7418514646698642693
62,3,371,V5D0386,7281926255611265797,Neutral,sudah brpa lama kk?,7279666593129434374
62,3,374,V5D0389,7428607378641994501,Positive,dok buat aku aja skincare maryame ny🤧,7428436533981613318
62,3,382,V5D0397,7428760668075819781,Neutral,dok coba gloglowingg,7428436533981613318
62,3,385,V5D0400,7208468520174600986,Positive,"pantes gw pakek retinolnya azarine dh abis 2 btol mskipun lama cerahnya tp komedo minggat,next mw cba yg the originote,cp tw ada hasil mencerahkan😅",7185096421220158747
62,3,386,V5D0401,7421331163879572230,Neutral,abis tantrum trs nangis skrg bru sdar🗿,7421104723333483782
62,3,397,V5D0412,7359432950708781829,Neutral,pke produk doang gak treatment ya hampa to syang😂,7340938843190725893
62,3,398,V5D0413,7422887557006721798,Negative,dewi hani jayanti cancer nyah untuk mu kalo bisa bagikan keluar jabotabek wasalam suhanda duda untuk semuah,7401739344085585158
62,3,400,V5D0415,7431134095440331527,Neutral,viral setelah dicek doktif oky 😁,7429636271552728326
62,3,402,V5D0417,7421204986246136581,Negative,kalah jug mrntalnya..😁nitizen ko d lawan😂simpan sj uangmu..,7421104723333483782
62,3,406,V5D0421,7319819310787527430,Neutral,bingung mau coba the originote atau azarine soalnya pertama kali,7185096421220158747
62,3,408,V5D0423,7627317362082317074,Negative,aku bru co bntr lgi smpe gimna ni bu owner msi aman kah di pke😭,7596239649517899016
62,3,412,V5D0427,7596412635395441415,Neutral,punyaku masih dri cv surya aman ga yaa aku beli dithn kemarin,7596239649517899016
62,3,418,V5D0433,7428459955710395142,Neutral,dok review charismalux dong @user .okypratamaa_kedua,7428436533981613318
62,3,421,V5D0436,7394110663125779206,Neutral,ada yng mau ga retinol daviena ku baru 1x pakai nihh 😁😁,7378347819268082950
62,3,433,V5D0448,7362055697032774405,Neutral,lewat terus dr tdi 🗿,7340938843190725893
62,3,439,V5D0455,7431083278448902918,Neutral,kak jd selama 7 hari itu qt lngsung pake maryame atau gimana kk krna abis pake daviena,7424146834534239493
62,3,440,V5D0456,7428702023535231749,Negative,kenapa jadi ikut ikutan doktif dah 😅,7428436533981613318
62,3,441,V5D0457,7428527236854498053,Neutral,dokter coba cek kedas beauty dok,7428436533981613318
62,3,442,V5D0458,7428562727986021125,Neutral,"dok,, review lavees cosmetik dong,,,,",7428436533981613318
62,3,453,V5D0469,7422893085237199637,Neutral,memperkaya diri dengan mengorbankan org lain,7421104723333483782
62,3,463,V5D0479,7329538045564945158,Neutral,kak retinol daviena boleh ga pakek most skintific?,7319688011891936517
62,3,464,V5D0480,7357905077607449350,Negative,ini kalo niru beli saya puasa 1 tahun kak😭,7357662447248968966
62,3,469,V5D0485,7429693672302920449,Negative,"pake cream pagi malem, kok makin merah mukaku ya ... lanjut atau mang g cocok ya",7429265515434036485
62,3,471,V5D0487,7429739557694456594,Neutral,whitelab dong dok 😁,7428436533981613318
62,3,476,V5D0492,7186112718947435291,Neutral,bisa kalau kulitnya udah toleransi (tiap malam hari),7185096421220158747
62,3,479,V5D0495,7507916895397266196,Neutral,"fw wardah aku, moisny skintific, sunscreen facetology",7279666593129434374
62,3,482,V5D0498,7351629075142329094,Negative,langsung ss bisa gk sih? kalau kebanyakan di layer takut nya malah berminyak,7235406683676167430
62,3,483,V5D0499,7523861564434498324,Positive,mba cantik saya sudah pesan 👍🏻,7472351771025755410
62,3,492,V5D0508,7429257066198106886,Neutral,coba unic skincare dong dok🙏,7428436533981613318
62,3,501,V5D0517,7327197165993001734,Neutral,kak yg cocok buat malam hari apa ya?,7306081689422351622
62,3,504,V5D0520,7428571596284297990,Neutral,skincare yang aku pke blm ter review,7428436533981613318
62,3,510,V5D0526,7421216198165660434,Negative,segera tobat,7421104723333483782
62,3,511,V5D0527,7429132393128723208,Positive,"udah gak kepake kan dok krim nya??? boleh buat saya aja dok, daripada mubazir😁😁😁",7428436533981613318
62,3,524,V5D0540,7421808832056689414,Positive,tim wardah dari jaman smu😊,7421104723333483782
62,3,529,V5D0545,7312267949943227141,Neutral,busui boleh pake gasih,7312025661835578629
62,3,530,V5D0546,7420113438171972358,Negative,aq udah tau isiy gk sesui wdahy. males bli 🙅‍♀️,7389110955214490886
62,3,531,V5D0547,7291827364518291142A,Positive,dulu ragu coba daviena eh taunya cocok bgt di aku 🔥,7289028668863663365
62,3,536,V5D0552,7308159382267790086,Positive,"banyaaak bet, nutrishee, avoskin yg alpha arbutin, the originote juga banyak nii di video ini👆🏻😊",7306081689422351622
62,3,548,V5D0564,7357943153619845893,Neutral,kl buat kulit yg sensitif tuh pke serumny bs gaya?,7357662447248968966
62,3,552,V5D0568,7341415062076130054,Neutral,aku mau preloved retinol daviena ada yang mau?,7340938843190725893
62,3,559,V5D0575,7428445714558288646,Neutral,coba crem jestham dok,7428436533981613318
62,3,562,V5D0578,7319478317047825158,Neutral,hydra yang mana kak?,7313383346447322373
62,3,569,V5D0585,7331695893945565958,Neutral,kak kalo udah pake cica night cream nya npure boleh di gabung pake itu ngak?,7312025661835578629
62,3,576,V5D0592,7428777916232483589,Neutral,hadalabo dong dok,7428436533981613318
62,3,592,V5D0608,7312225890799239937,Positive,langsung chect out kalo banginda udh kasi 10/10 manjalita ulalaaaa🥰,7312025661835578629
62,3,598,V5D0614,7391751250373198598,Neutral,kk klo pake pealing elformula sama slepeng mask davina gmn?,7378347819268082950
62,3,601,V5D0617,7422095239567213317,Negative,untung aku tidak pernah pake davina🤣,7421104723333483782
62,3,602,V5D0618,7596248273108779784,Positive,alhamdulilah aku setia pake produk body daviena kalo buat muka moist nya selalu pake dari daviena aku dan anak gadis aku 🥰🥰🥰,7596239649517899016
62,3,609,V5D0625,7398108371004113682,Neutral,satu pket berapa? tpi sayang jauh lah,7385065641595653382
62,3,610,V5D0626,7361232832751076102,Positive,murah meriah....,7340938843190725893
62,3,612,V5D0628,7236712127872090885,Neutral,kak... klo pake retinol pratista atau originote dilayer sama moisturizer skintific yg pink bisa ga sih ka? takutnya too much niacinamide nya .. #skincareroutine harian wajib coba dan juga #skincaretips penting banget,7185096421220158747
62,3,614,V5D0630,7341228709884003077,Positive,oke terimakasih bnyk infonya kk 🤗,7340938843190725893
62,3,618,V5D0636,7616939696555541255,Neutral,aku pernah baca kalo kaya gitu katanya udah teroksidasi kak dan kalo bisa jangan dipake lagi . dan kalo mau terjaga taro di kulkas aja,7235406683676167430
62,3,624,V5D0642,7422355644098282246,Negative,"mana ada penipu ngaku dari awala kalo blm kaya,kalo skrng udh kaya udh aman lah yaa",7421104723333483782
62,3,628,V5D0646,7421360951366599429,Positive,benerrrrrrrrrrrrrrrrrrrrrrr👍👍👍👍👍👍👍,7421104723333483782
62,3,631,V5D0649,7422709086627791621,Positive,siap kmbali kpngturan awal😁,7421104723333483782
62,3,632,V5D0650,7580165088302105351,Neutral,masih ada ga ka??,7262186413284822277
62,3,635,V5D0653,7428531740978922246,Neutral,dok celo skincare dong,7428436533981613318
62,3,637,V5D0655,7596255983220638465,Positive,ibu aku hamil pun masih percaya sma daviena emng mantul 🤗❤️,7596239649517899016
62,3,639,V5D0657,7364572001426014981,Positive,hdr pg ka,7361323225038540037
62,3,652,V5D0670,7145296108637913882,Neutral,ini dipakai rutin ka? pagi sma malem ? pls jwb ka,7129446710400601371
62,3,665,V5D0683,7226656761787335450,Neutral,kl itu boleh di timpa bedak gk,7194330759329631514
62,3,667,V5D0685,7428857120789267218,Neutral,adlevaa donk dok pliss🥰,7428436533981613318
62,3,674,V5D0693,7421745867666801425,Negative,mau cepat kaya menipu secara halus minta pendapat @user .okypratamaa_kedua,7421104723333483782
62,3,679,V5D0698,7254967177392227078,Negative,serum b3 sama serum pink .itu sama kandungannya ka .niacinamide .jadi mending pilih salah satu kaa,7242204399928593669
62,3,686,V5D0705,7181376667158610715,Negative,"aku pake originote satu set,kok malah kusam yaaa😭",7145783136914296090
62,3,688,V5D0707,7424460589176931078,Positive,makasiii banyak kaa semoga aku cocok 🥰,7424146834534239493
62,3,694,V5D0713,7362760730779616005,Neutral,emg harus pake ss kalo pagi. kalo malem jgn lah wkwk sayang duit nya,7314309007341063429
62,3,707,V5D0727,7148023689761375002,Negative,"gw nggak ngejatuhin kalii-_- tuh serum overclaimed. kalo gw ngejatuhin, gw bakal bilang tuh serum jelek, bikin jerawat, bikin kusem",7129446710400601371
62,3,708,V5D0728,7477109059117810450,Neutral,aq jrwtan mau nangissss😭😭😭,7429636271552728326
62,3,710,V5D0731,7435175388186559240,Neutral,dok zhiriana di cek juga ya dok tolong,7428436533981613318
62,3,714,V5D0735,7430736166042206984,Neutral,oshin beauty dong dok🙏,7428436533981613318
62,3,717,V5D0738,7398943389520462598,Neutral,boleh gak vit c buat malam kk?,7314309007341063429
62,3,733,V5D0755,7596364453017748231,Negative,coba berenti kak sebulan masih bangga gak sama produknya😂,7596239649517899016
62,3,746,V5D0768,7418877886965138182,Positive,"tapi kayanya awet ko kak, aku aja pake nya dikit tapi udah glow baguss 😁",7418514646698642693
62,3,747,V5D0769,7428785012152075013,Neutral,cream zeluxe dong dok,7428436533981613318
62,3,755,V5D0777,7429150718055793424,Neutral,nitip dok ls cek,7428436533981613318
62,3,758,V5D0780,7454447588231856912,Neutral,"klo untuk kulit berminyak, kadang2 muncul jerawat tp aku gada jerawatnya sih cuma suka munncul 1-2 . trs suka kemerahan . pake paketan yg mana ya",7429636271552728326
62,3,771,V5D0793,7341667168893141765,Neutral,"ka bgusan mana retinol originote atau daviena ,aku sebelumnya pke originote mau coba tapi masih maju mundur",7340938843190725893
62,3,798,V5D0820,7533843182586397448,Neutral,untuk jerawat ada kak?,7472351771025755410
62,3,799,V5D0821,7589854515161137927,Neutral,kalo retinol dari sekin0004 yh cii. di gabungin sama sekin0004 dari bio cica serum apa bisa yamarin jerawat,7586827398084136200
62,3,803,V5D0825,7210566646146466586,Neutral,kalo kulit sensitif lebih cocok pake yg mana ka?,7185096421220158747
62,3,804,V5D0826,7439420525141328647,Positive,spill bajunya #pinjem seratus 🗿 cocok masuk #skincareroutine,7428436533981613318
62,3,807,V5D0829,7345325089178927878,Positive,tim pake retinol azarine nampooll 😂,7340938843190725893
62,3,815,V5D0837,7433521882638631696,Neutral,kalau pakai hyalu c serum pada waktu pagi . tapi tak keluar rumah tak apa ke ?? or pakai time nk keluar sahaja ?,7235406683676167430
62,3,816,V5D0838,7643966437199446804,Neutral,"boleh ngak sih, mlm ini pake azzarine peeling serum, trs besok mlm nya pake retinol azzarine?",7313383346447322373
62,3,820,V5D0842,7369941576564966150,Neutral,buat pemula mending azarine apa originote,7313383346447322373
62,3,822,V5D0844,7429140142278312709,Neutral,sbc skincare dong dpc maju mundur nih,7428436533981613318
62,3,832,V5D0854,7450364666138215176,Neutral,dok gloglowing dong,7428436533981613318
62,3,836,V5D0858,7361770630368838405,Negative,"cream malamnya aku blm coba kak 🥺 tapi harus liat isinya apa dulu, kalo aha/retinol mending pilih salah 1 aja",7359717817601543429
62,3,844,V5D0867,7231059908393124635,Positive,keren kaka,7194330759329631514
62,3,848,V5D0871,7421357101487932165,Negative,akhirnya ngakuuu🤣🤣🤣🤣🤣,7421104723333483782
62,3,860,V5D0883,7429283354283705096,Neutral,beli di mana ya cream nya,7428436533981613318
62,3,871,V5D0894,7421219264373392133,Neutral,"sepertinya iya, karna jarang live jg",7421104723333483782
62,3,875,V5D0898,7378759654618383109,Neutral,lo gk cuci muka kak bangun pagi nya,7378347819268082950
62,3,880,V5D0903,7596590847011128084,Negative,lagu lama,7596239649517899016
62,3,884,V5D0907,7596456593643569928,Neutral,"kak mending pilih yg pasti2 aja deh, kayaj wardah viva avoskin. dibanding nanti nyesal 😌",7596239649517899016
62,3,885,V5D0908,7455898479229027080,Positive,"sama aku juga ngga pernah jerawatan,kalaupun ada karna mau haid itu pun pling 1 dan ngga pernah berbekas",7262186413284822277
62,3,887,V5D0910,7325026830090617605,Neutral,retinol daviena vs retinol avoskin bagus mana kak?,7312025661835578629
62,3,894,V5D0917,7476722075688977158,Negative,iya sama kak aku pake day cream nya aja jadi jerawat gede gede mendem lagi,7262186413284822277
62,3,898,V5D0921,7430724037443322631,Neutral,1 pot u/ pemakaian brp lama sih?,7418514646698642693
62,3,903,V5D0926,7431074526119019269,Neutral,dok tolong cek skincare rci dong ?,7428436533981613318
62,3,905,V5D0928,7428458533399708422,Positive,semangat dok,7428436533981613318
62,3,906,V5D0929,7316772918313124613,Neutral,buat bertekstur bagusan azarine/eiem/originote,7185096421220158747
62,3,914,V5D0937,7330586626681471749,Positive,💕anytime,7237379067773766917
62,3,915,V5D0938,7379034747253048070,Neutral,mna keranjang kuning x teh,7361323225038540037
62,3,917,V5D0940,7455721579898225426,Negative,tahi lalatnya pun langsung hilang ya kak😂😂😂,7429265515434036485
62,3,918,V5D0941,7230256714229056283,Neutral,cara pesan nya gimana,7194330759329631514
62,3,926,V5D0950,7352455008632718086,Neutral,"kak chicken skin, kering pake serum mn? @user .okypratamaa_kedua bener ga dok?",7242204399928593669
62,3,940,V5D0964,7403332791587783425,Positive,want to try sister🥲,7389110955214490886
62,3,942,V5D0966,7327940817191027461,Neutral,mending retinol avoskin atau daviena yah kak?,7319688011891936517
62,3,946,V5D0970,7363616607535678213,Positive,mau pesan cuman apa daya ibu ibu pengangguran kaya kami ga bsa beli bgittuann.,7363584993148357894
62,3,954,V5D0978,7422535207067403013,Negative,minimal tantrum lah dikit,7421104723333483782
62,3,966,V5D0990,7421326019841671942,Positive,😅😅😅😅😅😅,7421104723333483782
62,3,967,V5D0991,7363955762236900102,Positive,bliin gh mmh hapid.. 🥰,7363584993148357894
62,3,969,V5D0993,7429248183777166085,Neutral,@user . oky pratama real dok tolong cek ls skincare tolong bgt aku usa setahun pakai tkut ada ap2 nya 🙏🙏🙏🙏🙏,7428436533981613318
62,3,971,V5D0995,7551353788402615048,Neutral,dipake nya malam hari atau pagi/siang hari?? #mohon dijawab krn aku udah beli #skincaretips wajib dicoba,7122773893844061466
62,3,973,V5D0997,7406272346392544006,Neutral,kk klu buat muka mrintis bs gk,7385065641595653382
62,4,3,V5D0005,7431462545418732293,Neutral,banyk yg jual tapi toko yg sama kk liat @user .official,7428436533981613318
62,4,4,V5D0006,7428626719290475270,Neutral,dok rnc wbeauty dok,7428436533981613318
62,4,11,V5D0013,7348971114062004998,Positive,tp emng iyaa aku udah ngrasain sendiri,7340938843190725893
62,4,13,V5D0015,7421985096692040454,Negative,"allah maha pemaaf, tpi perbuatanmu akan dipertanggung jawabkan kelak..",7421104723333483782
62,4,14,V5D0016,7371856064096404229,Neutral,d alba cocok ga buat oily skin&acne prone?,7357662447248968966
62,4,16,V5D0018,7354423016614855429,Negative,"aku juga pake serum gluta bright sama mois brightening ka,kalo serumnya enak dan cukup mutihin di aku,tp mois brightening lengket bgt dan bikin gerah😭",7306081689422351622
62,4,19,V5D0021,7421132587369825029,Negative,kk udh kaya 😭 tp baru minta maaf,7421104723333483782
62,4,23,V5D0025,7341658925454639877,Positive,yaallah mau coba tpi harganya 🥹,7312025661835578629
62,4,31,V5D0034,7222643640995676955,Neutral,boleh di mix sm cream yg biasa aku pake ga ka ???,7185096421220158747
62,4,44,V5D0047,7421448432185918213,Negative,untung aq ngak pke daviena.. yg murah2 aj dipake yg penting hasilx bgus.. wardah dihati🥰🤭 #davinaskincare juara wajib di #skincareroutine harian,7421104723333483782
62,4,46,V5D0049,7431783760650437396,Neutral,"aku beli kmrin d akun ownerny ada kok,cm emng rebutan",7418514646698642693
62,4,51,V5D0054,7430708336749921030,Neutral,"dok,apakah cream zeluxe aman kah ?",7428436533981613318
62,4,53,V5D0056,7428793818436403973,Neutral,fa glow dok dicek juga soalny bnyak yg pakai cream ini karena harganya juga murah apakah aman @user @user .okypratamaa_kedua,7428436533981613318
62,4,60,V5D0063,7430131200897991445,Negative,"@user .okypratamaa_kedua astaghfirullah dok, biar apa coba? memangnya ini bagian prioritas dokter oky ya? mending cari kesibukan lain dok🙏 stop mencari2 kesalahan orang. mending perbanyak ibadah aja dok",7428436533981613318
62,4,61,V5D0064,7349799428226417413,Negative,mereka glowing nya lebay menurutku,7340938843190725893
62,4,80,V5D0083,7333989331428672262,Positive,thankyouuu🫶🏻,7185096421220158747
62,4,87,V5D0090,7225442410770301723,Neutral,pakainya serum dulu apa kremnya ?,7185096421220158747
62,4,90,V5D0093,7313205855935775493,Neutral,ka pake skincare jglow bisa ga pake retinol ini?,7312025661835578629
62,4,95,V5D0098,7596248191809864469,Negative,dari dulu salah fabrik,7596239649517899016
62,4,115,V5D0118,7425727365714477829,Positive,aku jg suka marayame krna simpel tp sayang di aku bkn jrwat skitar dagu bnyk bgt ada kli 10 biji + kering😭😭,7424146834534239493
62,4,129,V5D0133,7614004630998500116,Neutral,skrng aman ga,7596239649517899016
62,4,135,V5D0139,7596484652115280661,Negative,ga mau salah bgt😭,7596239649517899016
62,4,140,V5D0145,7421726363101594373,Neutral,kok dituduh secara brutal ?,7421104723333483782
62,4,152,V5D0157,7252511473133617925,Neutral,"iya,saya slh tulis",7235406683676167430
62,4,164,V5D0169,7385503227850556166,Neutral,"mnurutku sih jangan , pake yg biasanya dlu",7237379067773766917
62,4,170,V5D0176,7429961039381283590,Neutral,kymskin dok review,7428436533981613318
62,4,174,V5D0181,7429140132215571216,Neutral,arumi glow dok,7428436533981613318
62,4,181,V5D0188,7428503466265527058,Positive,gws by agt dok,7428436533981613318
62,4,189,V5D0197,7421422410724180742,Neutral,benran bgus?,7421104723333483782
62,4,207,V5D0215,7160586074413990658,Neutral,"aku ada serum dan skincare untuk permasalan kulit di wajah, yang bisa kalian tanya untuk kebutuhan kulit di wajah, aku spill @user skincare official",7129446710400601371
62,4,211,V5D0219,7422152257032536837,Positive,semngat trs ya bu ownerr smgaa mslhnya cpet selesai😊😇 jangan menyr setiap orng pasti juga punya maslh,7421104723333483782
62,4,216,V5D0225,7429634134492218118,Neutral,carismalux dong kak,7428436533981613318
62,4,217,V5D0226,7312029508327408389,Neutral,ini dipakainya habis moist skintific aman? atau cukup ini aja?,7312025661835578629
62,4,225,V5D0235,7381055506892342021,Negative,"kalau hrga normal ga salah 240 an, tp kalau ada event tgl kembar biasanya harganya ambyar",7378347819268082950
62,4,226,V5D0236,7422091652397007621,Neutral,udah lama beralih dari daviena ke skintific,7421104723333483782
62,4,230,V5D0241,7428492089111347976,Neutral,zelux skincare dok,7428436533981613318
62,4,233,V5D0244,7421426517073691397,Positive,iyh,7421104723333483782
62,4,236,V5D0247,7428438795634393861,Neutral,coba suc dok soalnya banyak bamgat review ny,7428436533981613318
62,4,239,V5D0250,7429134512951264005,Neutral,skincare adleeva dok 🙏🏻,7428436533981613318
62,4,245,V5D0257,7364017026459599622,Negative,udahh habis mau 3 tifak bisa cerah kak😅,7359717817601543429
62,4,246,V5D0258,7364152118561768198,Positive,🤲🤲🤲🤲🤲🥰🥰,7363584993148357894
62,4,247,V5D0259,7291827364518291479A,Positive,iyaa sama disini jg gtu!!,7319688011891936517
62,4,259,V5D0272,7405193546632053510,Positive,"baru pake 12hari teteh emng raosen lembut ,kenyal , tinggal nunggu segelowing teth🤲",7401739344085585158
62,4,260,V5D0273,7429975265041810182,Neutral,produk celo dong dok? 🙏,7428436533981613318
62,4,262,V5D0275,7313610614231597829,Neutral,kak serum retinol complex azarine sama ampoule retinol avoskin potent yg mana?,7237379067773766917
62,4,265,V5D0278,7596250608735290133,Positive,namanya juga hidup yah min sabar,7596239649517899016
62,4,268,V5D0281,7432573708420399878,Negative,klo nekas jerawat hilang dlm 1 minggu mungkin q percaya.. tpi klo flek hitam/melasma.. kyaknya q mikir2 dlu deh..,7429265515434036485
62,4,284,V5D0297,7429892719764701958,Negative,sama kak aku juga pake malah kusem,7429265515434036485
62,4,291,V5D0304,7428554548510180102,Positive,@user dok🙏,7428436533981613318
62,4,295,V5D0308,7421571316304036616,Neutral,wes keep sdh bnyk yg ketipu,7421104723333483782
62,4,313,V5D0327,7163286735940928282,Neutral,buat bruntusan+kusam bisa gk kak? btw aman buat yg belum pernah pake serum gk?,7145783136914296090
62,4,314,V5D0328,7132812502883173146,Neutral,tipe kulit apa ka??,7129446710400601371
62,4,316,V5D0330,7226860139013751578,Neutral,belum pernah coba,7194330759329631514
62,4,317,V5D0331,7456656623547204373,Neutral,aku pake 3 hari lgsng bruntusan sma gatel banget ..knpa ya lanjut apa ngga ya ?,7429265515434036485
62,4,318,V5D0332,7428990615768433414,Neutral,"dokter oky , coba cek skincare wsc dan body care puth skin dok 🙏",7428436533981613318
62,4,319,V5D0333,7358269639912145669,Neutral,bisa buat kulit sensitif gasi?,7357662447248968966
62,4,326,V5D0340,7382073462989685509,Neutral,cream buat malamnya ada gak?... 🙏,7363584993148357894
62,4,327,V5D0341,7391505530118406917,Positive,@👌👌👌👌👸👍🌹🌹❤️,7385065641595653382
62,4,330,V5D0344,7421510066397102855,Neutral,"apakah sebelum produk itu di jual, seharusnya kan di uji di lab dulu, berapa kandungan nya",7421104723333483782
62,4,334,V5D0349,7536696763191149333,Positive,kakk krimnya the best🥰🥰🥰🥰cocok di aku,7472351771025755410
62,4,341,V5D0356,7359909123755016966,Neutral,ambil aja 130 kak aku beli kemarin masih 185an,7340938843190725893
62,4,345,V5D0360,7466218885093819154,Negative,kak kenapa aku make 3hari beruntusan+ kusem kak gimana lanjuta apa gak ya 😫😫😫😫,7279666593129434374
62,4,361,V5D0376,7149873475649012506,Negative,bnr jd breakout parah,7122773893844061466
62,4,364,V5D0379,7421325338586743557,Negative,kemaren ketawa” ngak ngok,7421104723333483782
62,4,368,V5D0383,7129780359894041371,Neutral,minimal umur brp si kk,7122773893844061466
62,4,379,V5D0394,7421302351811658502,Negative,orang yg paling bener ini mah tumben minta maaf 😅,7421104723333483782
62,4,380,V5D0395,7471535690979934992,Negative,iya ka klo abis pake day creamnya pda di serbu e comedo ih,7279666593129434374
62,4,381,V5D0396,7429220739784426258,Neutral,nyoman dok,7428436533981613318
62,4,387,V5D0402,7222050375393510170,Neutral,mau tanya dong untuk pemula bagusan mna ya serum vit c originote sm avoskin bagusan mna,7208499827234131226
62,4,388,V5D0403,7600209196361270036,Neutral,ngaruh ga mba?,7523137946246008069
62,4,391,V5D0406,7606575223073391368,Neutral,msh gak kk krim malamnya,7262186413284822277
62,4,392,V5D0407,7422859898281607941,Negative,super dosting air wudhu🗿,7389110955214490886
62,4,404,V5D0419,7428625064844100359,Neutral,kf skin dok,7428436533981613318
62,4,407,V5D0422,7392560185485017862,Neutral,ka retinol daviena boleh di mix mois skintific yg niacinamide pink ga ka,7378347819268082950
62,4,410,V5D0425,7422626955580097285,Neutral,pas semua udah diretur... baru tau rasa...,7421104723333483782
62,4,411,V5D0426,7428858051908518674,Neutral,dok tolong review cream ciglow 🙏,7428436533981613318
62,4,414,V5D0429,7430740592614114055,Neutral,"aku udh pesen,klo pke toner lagi boleh ga",7312632181094894854
62,4,417,V5D0432,7429220550487261957,Neutral,harga cream nya dibawah 200rb,7428436533981613318
62,4,422,V5D0437,7421760941856916229,Negative,1 th aq gak ada perubahan ternyata gak ada kandungannya yahhh. sgitu percaya nya eyke sm daviena. 😂😂,7421104723333483782
62,4,423,V5D0438,7596264402303664904,Positive,"pingin nyoba deviena,tpi harganya tidak sesuai dompet anak smp kls 9😭🙏🏾",7596239649517899016
62,4,436,V5D0451,7421368721497522949,Negative,😜😜 tadi nya ngeyelllll prodak ny bgus✌️✌️,7421104723333483782
62,4,445,V5D0461,7421790555249705733,Positive,azarin mantap juga lo .jerawat q lansg kering,7421104723333483782
62,4,451,V5D0467,7306805076331676421,Positive,acne b5 emang bagus tapi lengket di muka dan ngilangin jerawat penuh dengan kesabaran nunggu 1-2 bln sampe sembuh total tapi setelah itu jarang ada j-,7306081689422351622
62,4,452,V5D0468,7243277284148298501,Neutral,untuk retinol yang advanced merk apa kak?,7185096421220158747
62,4,456,V5D0472,7286007396114973446,Neutral,dipake setelahh krim pagi kak?,7284446766534102277
62,4,459,V5D0475,7328899594589340422,Neutral,"aku pake skintific kak yang pink, serum sama moisnya, toner hadalabo, gimana ya cara pakenya? baru beli retinol daviena nya minta pendapat @user .okypratamaa_kedua",7313744314927041797
62,4,460,V5D0476,7440702612322779921,Neutral,dok can beauty plis,7428436533981613318
62,4,468,V5D0484,7337149380291773190,Negative,kalo pake hydrating biasanya untuk pemula supaya ga kemerahan atau iritasi,7270117302614478086
62,4,474,V5D0490,7428441705572336390,Neutral,putri glow bpk fery🥺,7428436533981613318
62,4,478,V5D0494,7369301233809736454,Positive,"di aku ngaruh dikit, noda hitam bekas jerawat, bahkan bekas luka jadi berkurang",7145783136914296090
62,4,481,V5D0497,7428507573353071365,Neutral,skinker ff dok yg dri makassar,7428436533981613318
62,4,486,V5D0502,7422473988042326790,Positive,kk aku mau coba skincare deviena tp ga tau cara beli nya🤣😂,7421104723333483782
62,4,488,V5D0504,7421698778862502662,Neutral,kmrn ketawa2 skrg bru mnta maaf🤣,7421104723333483782
62,4,496,V5D0512,7432169371277591302,Neutral,"lengah dikit buka tiktok , daviena, glowglowing, maryame .",7421835937988070662
62,4,499,V5D0515,7212407412711162650,Neutral,yg isi 2 nya habis kak,7194330759329631514
62,4,503,V5D0519,7366194387636093701,Neutral,emang boleh di pake tiap hari ya kak?,7340938843190725893
62,4,512,V5D0528,7316619399573979906,Neutral,pakek moisturizer skintific pakek retinol daviena bisa gak ya,7312025661835578629
62,4,516,V5D0532,7221876623283618587,Neutral,kalau pakai retinol the originote di tambah serum vit c avoskin bagus ga🙏,7185096421220158747
62,4,526,V5D0542,7422243712498025221,Negative,betul banget takut miskin dan jatib,7421104723333483782
62,4,533,V5D0549,7291827364518291656A,Positive,wkwk sama kak🤣 🔥 (160),7279666593129434374
62,4,550,V5D0566,7211545502368858907,Neutral,kalo retinol the originote dan pelembab nya skintific bisa gak sih?,7185096421220158747
62,4,558,V5D0574,7428795241626338055,Neutral,dok coba cek produk yessica's,7428436533981613318
62,4,570,V5D0586,7306831229831283462,Positive,"pemakaian 2 mgg masih bgus, 1 bln breakout kak. aku terusin ini jln paket ke 2 udh mulai mulus lg kak cuma masih kusam aja",7291631421565832453
62,4,573,V5D0589,7430327757631275794,Negative,"masa kak,padahal udh excited bgt pengen nyobain, tergiur sama iklanya",7429265515434036485
62,4,575,V5D0591,7428639782089720581,Neutral,dok coba cek skincare whitestory dok,7428436533981613318
62,4,577,V5D0593,7365294038922806021,Neutral,vit c nya aman gk ya buat busui?,7314309007341063429
62,4,583,V5D0599,7430625883742782214,Positive,"digabung sama skintific yang khusus flek ka ,,mantap hasilnya aku juga pke krim maryame sama skintific wajah cerah bersih fleknya udah tipis",7429265515434036485
62,4,584,V5D0600,7400261684675560198,Neutral,kak moisturizer nya di ganti scintific pink boleh ngak🙏,7378347819268082950
62,4,589,V5D0605,7428558838905684737,Neutral,krim anzora dok aman gak🙏🏻,7428436533981613318
62,4,594,V5D0610,7428581753713443590,Neutral,dok tolong review medikacare ya dok?,7428436533981613318
62,4,597,V5D0613,7422697883143127813,Positive,wardah yang cristal secret bagus banget aku pake soalnya,7421104723333483782
62,4,600,V5D0616,7421433928169325317,Negative,helehhh telat,7421104723333483782
62,4,608,V5D0624,7252196305668440838,Neutral,serum vitamin c the originote bisa di barangin dengan ss azarine engk si,7242204399928593669
62,4,616,V5D0634,7421489865839313669,Negative,seharusnya dr awal diam..introspeksi.. mintamaaf lebih elegan..drpd teriak panas panas panas,7421104723333483782
62,4,619,V5D0637,7433977626526368519,Neutral,gmn cara pesen ny ka..,7421364555957275910
62,4,623,V5D0641,7428593838652883719,Neutral,retinolny nggak terdeteksi ?...,7314309007341063429
62,4,625,V5D0643,7421863836947743494,Neutral,ah masaaa,7421104723333483782
62,4,626,V5D0644,7312715538097881861,Neutral,bagusan daviena apa avoskin??,7312025661835578629
62,4,640,V5D0658,7428853330980291333,Neutral,dok kalo monwhite gimana 🥺,7428436533981613318
62,4,655,V5D0673,7485287995295220486,Neutral,brp ya k,7279666593129434374
62,4,657,V5D0675,7312106906608042758,Neutral,usia 18 blh gk sih,7312025661835578629
62,4,661,V5D0679,7421902223866970886,Negative,rugii tau yg beli,7421104723333483782
62,4,666,V5D0684,7422913915628405510,Positive,aq sering nyoba2 skincare tp semua yg aq coba cocoknya di kfskin klinik,7421104723333483782
62,4,668,V5D0686,7319104741186749189,Negative,"aku sekarang pake retinol dari skintific, rencana mau ganti the originote masih mikir2😩",7185096421220158747
62,4,672,V5D0691,7367799658213491461,Neutral,lu pada ngomongin skincare yg malah under 1 juta😂 liat tuh sk 2 tauu ga harganya brp????😂😂,7357662447248968966
62,4,673,V5D0692,7129168989910876954,Neutral,cocok ga kak klau make cream ms glow?,7122773893844061466
62,4,677,V5D0696,7396300229253022469,Neutral,kalo jerawat bisa pake retinol ga sih?,7378347819268082950
62,4,678,V5D0697,7525292614531875605,Neutral,ada shopee gk teh???,7363584993148357894
62,4,681,V5D0700,7424336032188973830,Positive,gpp sih yaa mahal klo manjur efeknya keliatan aku br pengin coba😊,7421364555957275910
62,4,684,V5D0703,7422820600689738501,Negative,overclaim,7389110955214490886
62,4,692,V5D0711,7431783057360962312,Negative,iya kak malah aku dpt harga 136 dpt 3 stlh aku buka ternyata palsu,7418514646698642693
62,4,696,V5D0716,7596242693640356616,Positive,tenang daviena gue masih ngejar loee❤,7596239649517899016
62,4,700,V5D0720,7456851510438937364,Positive,pinginn tp harganay😢😌,7429636271552728326
62,4,704,V5D0724,7453277503772312328,Neutral,ih bener jerawat malah tambah banyak pake maryame acne gimana dong ini😭,7279666593129434374
62,4,705,V5D0725,7373669500116566789,Neutral,ka boleh ga sih abis retinol daviena moisnya skintific biru yg ceramide ? bantu jawab tolonggg,7319688011891936517
62,4,706,V5D0726,7421907017823306502,Negative,lha kemarin masih flexing ...,7421104723333483782
62,4,713,V5D0734,7377359386622198534,Neutral,solo/surakarta,7340938843190725893
62,4,718,V5D0739,7460737028528276242,Positive,hai ogs! tidak perlu khawatir sekarang serum kita sudah reformula ya 😍,7459337971108515090
62,4,722,V5D0744,7362935862613590785,Neutral,"mình pass cả2, mới dùng 2 lần ạ",7235406683676167430
62,4,727,V5D0749,7227789969930421019,Neutral,retinol bisa ga kak buat nyembuhin urat”di muka??,7185096421220158747
62,4,732,V5D0754,7291827364518291854A,Positive,noted kak makasih ya btw (160),7313383346447322373
62,4,736,V5D0758,7422904657301340934,Negative,lagian kok mau mau nya sih pake cream yg dr org yg basic nya gda dr kesehatan..minimal dokter kek,7421104723333483782
62,4,740,V5D0762,7428726838706979589,Positive,🥰🥰🥰🥰🥰🥰 klo yg cek dr.ini aq suka,7428436533981613318
62,4,748,V5D0770,7429229570509980421,Neutral,glo glowing sm sav glow dok,7428436533981613318
62,4,751,V5D0773,7446160096655131399,Positive,hi doc..bila pasaran di malaysia ☺️,7428436533981613318
62,4,753,V5D0775,7421713253213389573,Negative,saya tinggal di kota palembang sumsel..daviena itu org jambi...dinkota ini mana ada yg pakek produk dia..tdk di kenal orang di kota ini...kok bisa2 nya di luar pulau bnyak yg beliii🤣🤣🤣🤣🤣🤣.,7421104723333483782
62,4,754,V5D0776,7428640556832146182,Neutral,cek gloglowing jg dok,7428436533981613318
62,4,759,V5D0781,7445547970005762824,Neutral,"tutor yg acne kak, soalnya baru mau pake",7312632181094894854
62,4,762,V5D0784,7424318706023940869,Neutral,"brarti rata"" emang gtu y efeknya,.ini aman gk si plis,syang bnget kan beli mahal,itu efek dari kndunganya yg tinggi atau gmna",7424146834534239493
62,4,764,V5D0786,7440847838386373432,Positive,"gapernah fokus ke produk, tapi selalu salfok sama kaos dokter lucu2🤣",7428436533981613318
62,4,768,V5D0790,7461984986057540370,Neutral,"ada yg mau gantiin gk ? beli di owner lgsg msh ada box+cara pakai, day cream msh segel, night care+fw msh 98% minat dm ya, bisa co di oren kalo mau 🥰",7429265515434036485
62,4,769,V5D0791,7248778604158583557,Positive,the originote emang bagus yaaa,7194330759329631514
62,4,773,V5D0795,7422886768478290693,Negative,tapi boong 🤣,7389110955214490886
62,4,774,V5D0796,7421731352520229637,Negative,makin kaya dia mahh😅,7421104723333483782
62,4,779,V5D0801,7314311427788636934,Neutral,kak ada instagram ga mau tanya tanya ttg kondisi muka aku sekarang bolee?,7314309007341063429
62,4,783,V5D0805,7354690934196192018,Negative,"pokoknya klw ad riview bgini, tpi gak trlalu puas dengarnya pst @user daviena skincare gak akn posting ulang😂😂",7340938843190725893
62,4,787,V5D0809,7442583122065736469,Neutral,coba cek skincare doraemon dari bioaqua dok🙏,7428436533981613318
62,4,792,V5D0814,7148025327086977818,Positive,tapi lu ngomong setiap vt originote.. gua make juga kali😂 ngga kek omongan luu,7129446710400601371
62,4,811,V5D0833,7502794114615542549,Negative,samaaa kak udah 2 tahunan pakai hnh tapi ga ada hasilnya sama sekali😭,7472351771025755410
62,4,812,V5D0834,7448086059635180306,Neutral,serius kaa itu bener2 bisa ilangkan flek,7429265515434036485
62,4,821,V5D0843,7431898865710334741,Neutral,dok ff dong dok,7428436533981613318
62,4,824,V5D0846,7212671125078852379,Neutral,bingung antara the originote atau azarine,7185096421220158747
62,4,826,V5D0848,7346249836465341190,Neutral,boleh ngak sih kak pakai retinol azarine tp moist nyan pakai skintific 🙃,7327630114282573061
62,4,827,V5D0849,7424311367173489413,Neutral,"kak, stlh mke day cream trs make ss spf 50 bisa ga? dan klo night creamny, boleh dipake mosturizer dr produk yg lain ga stlh mke night creamny? atau mosturizer dlu trs night cream? bingung t_t",7312632181094894854
62,4,830,V5D0852,7421348619309466374,Negative,panik pasti pembelinya berkurang 😀,7421104723333483782
62,4,833,V5D0855,7312049845089436421,Neutral,baginda live setiap jam berapa?,7312025661835578629
62,4,843,V5D0866,7431160665194414853,Positive,mau beli knp tidak d di kranjang,7429636271552728326
62,4,845,V5D0868,7368858357669921542,Neutral,"kalo udah pake night cream merk lain, boleh ngg sih di pakein ini juga? minta jawaban @user",7327630114282573061
62,4,847,V5D0870,7214734706151244570,Neutral,ini bisa dgnakan sama ms glow ga cc @user .okypratamaa_kedua,7122773893844061466
62,4,849,V5D0872,7422817015612637958,Neutral,ini knp sih prdukny ada apanya aq kok gatau,7421104723333483782
62,4,850,V5D0873,7323892174956249861,Neutral,kak kalau aku pake mooist skintifik yg pink dan sanskrin azarin boleh ngak kak??,7319688011891936517
62,4,851,V5D0874,7428463702829384455,Neutral,serum blemis vavl beauty dok,7428436533981613318
62,4,856,V5D0879,7428551155473859333,Neutral,camile dan rynbee dok punya seleb semua itu dan aku pake,7428436533981613318
62,4,861,V5D0884,7458185770361537286,Neutral,kenapa review yg lain satu paket tapi pas review orlin malah cuman eceran aja dok?cuman nanya tapi tolong jelasin,7428436533981613318
62,4,865,V5D0888,7406920288241648389,Neutral,bisa pake serum azarin trus cream malam merk lain nggak?,7397028146429709573
62,4,869,V5D0892,7532542644297024272,Negative,iya aku juga jerawatan terus muka gatal2,7122773893844061466
62,4,873,V5D0896,7390062328991056648,Positive,mau bgt pake kk aku ada flek hitam bandel🥺🙏,7389110955214490886
62,4,909,V5D0932,7436668274957861650,Neutral,ada yg untuk kulit yg berjerawat nggk?,7385065641595653382
62,4,910,V5D0933,7596272316439675666,Neutral,emg yg sekarang mash di cv surya permata ?,7596239649517899016
62,4,916,V5D0939,7421407663404352261,Negative,"klo ga di uji lab doktif, ga akn kebongkar kan? berdagang itu yg jujur. sekarang minta maaf, nangis2.. kemarin bilang panas panas 🔥🔥",7421104723333483782
62,4,920,V5D0943,7252679209003860741,Neutral,mending pake ini atau retinol?,7122773893844061466
62,4,923,V5D0947,7357883991233774341,Negative,mundur alon alon saya mbak😭,7357662447248968966
62,4,924,V5D0948,7419559990623453957,Neutral,bakal abu2 ga??,7418514646698642693
62,4,937,V5D0961,7428440399403172616,Neutral,charidmalux dok,7428436533981613318
62,4,938,V5D0962,7364750970843202309,Positive,@user skinker idaman🥺,7357662447248968966
62,4,941,V5D0965,7596575166102012679,Negative,"kan masih ada pabrik lain kenapa masih di pabrik sana,dan kenapa nggak di cek selama ini .......???? ini kyak menyalahkan pabrik, 😏😏😏",7596239649517899016
62,4,943,V5D0967,7445571486331044613,Neutral,gush pkk suscren gpp it kn udh ad uv filternya,7424146834534239493
62,4,945,V5D0969,7428525726812979973,Positive,"langsung beli 3 dok,kirimin dong dok😅 @user .okypratamaa_kedua bener ga dok?",7428436533981613318
62,4,950,V5D0974,7428504957399941904,Neutral,dok review dabe beauty dok,7428436533981613318
62,4,951,V5D0975,7230456571851408154,Positive,pengen coba juga,7194330759329631514
62,4,953,V5D0977,7173560662416147226,Neutral,buat umur brp kak tolong respon🙏,7145783136914296090
62,4,956,V5D0980,7421407689852879622,Negative,"kok baru minta maaf ,hasilnya uji lab mandiri hasilnya sama dg doktif...kasihan costumernya",7421104723333483782
62,4,958,V5D0982,7227676993152107270,Neutral,bsa untk umr 14 ngga ka?,7167562475641048347
62,4,959,V5D0983,7310095696719659781,Neutral,kk mois the originote yg brightening dicampur serum skintific yg pink boleh ngak?,7306081689422351622
62,4,970,V5D0994,7329005428522763013,Neutral,eh maaf yg darksport nya untuk pagi ya??,7314309007341063429
62,4,972,V5D0996,7428444878726906642,Neutral,medika skincare dok udh paket lengkap,7428436533981613318
62,5,0,V5D0001,7378281168229483270,Neutral,msh kak?,7340938843190725893
62,5,6,V5D0008,7404712765484532486,Neutral,kak itu dia bisa sebegai sunscreen? tapi kok kaya sedikit ya kak make nya? apa cukup buat nangkal sinar uv? rill nanya kak🙏,7385065641595653382
62,5,9,V5D0011,7374193529352684293,Neutral,ini cowo bisa ga kak?,7357662447248968966
62,5,10,V5D0012,7422628136745714437,Negative,cewek yg glowing cuma muka nya aja buat apa,7421104723333483782
62,5,18,V5D0020,7428452804514022161,Neutral,dok klau pesan online gitu pakai akun dokter atau tidak sih?? penasaran,7428436533981613318
62,5,25,V5D0028,7388535550314382086,Neutral,"iya bun tergantung kulit juga,,,",7385065641595653382
62,5,27,V5D0030,7598017188595843847,Positive,dalba bagus kak harganya juga lumayan,7596239649517899016
62,5,30,V5D0033,7388871082793239302,Neutral,kk kalok selesai expo harus pakai skincare yg hydrating kalok pakek npure yg cica atau yg licorice? jawabb,7235406683676167430
62,5,34,V5D0037,7316417871726691077,Neutral,"wajahku agk kering, bruntus an, komedo an, sekarang agk jerawat an jugaa, gradakan pokonya mnding pake astachiol atau ceratides barrier?",7306081689422351622
62,5,35,V5D0038,7389280868278518534,Neutral,order ny dmn,7357662447248968966
62,5,36,V5D0039,7428467843191177990,Neutral,bogota dok ..,7428436533981613318
62,5,42,V5D0045,7422270687748539141,Negative,benar ramalan hard gumay.. akan ada skincare yg gulung tikar,7421104723333483782
62,5,47,V5D0050,7421243631548285701,Neutral,🤭berasa ya mbak banyak stoknya yg gak kejual???😂😂,7421104723333483782
62,5,58,V5D0061,7422641132512019206,Negative,klo udah gini baru panik,7421104723333483782
62,5,62,V5D0065,7596245886977999633,Positive,"sebagai mitra daviena, saya menjadi saksi bahwa produk intensive night cream with aha sudah ditarik secara massal sekitar 1 tahun lalu oleh @user daviena skincare penarikan ini dilakukan sebagai bentuk tanggung jawab dan kehati-hatian brand terhadap konsumen. kami sebagai mitra mengikuti arahan tersebut dan tidak lagi menjual produk terkait. semoga klarifikasi ini bisa meluruskan informasi dan memberi ketenangan bagi masyarakat.terimakasih🙏🥹",7596239649517899016
62,5,78,V5D0081,7416355159028400901,Neutral,ada yg mau bayar retinol sama retinal gw ga?masi segel smua,7313744314927041797
62,5,81,V5D0084,7434795530326197000,Positive,bajunya kocak2 bgt dok😅,7428436533981613318
62,5,85,V5D0088,7284619372399919878,Neutral,kak kalau pakai toner skintific pink+ serum originote b3 bisa?,7258280563352587526
62,5,86,V5D0089,7421368276100121350,Negative,baru aja dateng satu paket deviena sama retinol nya😓malah tau vidio ini,7421104723333483782
62,5,93,V5D0096,7188747827001508634,Neutral,gmana caranya,7182401543491128602
62,5,96,V5D0099,7499435142189089554,Neutral,mau yg dark spot nya kaaa..,7472351771025755410
62,5,97,V5D0100,7312037181693952774,Neutral,kalau retinol daviena sama retinol skintific bagusan mana baginda @user,7312025661835578629
62,5,99,V5D0102,7282403867173126917,Neutral,bukannya yang bright b3 itu di pake pagi dan malam ya? trs pas pemakaian pagi itu di layer kah?,7235406683676167430
62,5,117,V5D0121,7421448378847724294,Positive,"hanasui serum jg mantul ,lebih jatuh cinta produk ekonomis 😘😘😘 cocok banget buat #skincareroutine",7421104723333483782
62,5,122,V5D0126,7276968479436079877,Neutral,boleh di pake di kulit sensitif ga?,7270117302614478086
62,5,126,V5D0130,7335028321748812549,Neutral,"tolong recommend retinol originote, pratista, somethinc, atau breylee? 🥺 #skincaretips wajib tau",7185096421220158747
62,5,127,V5D0131,7215072077446169370,Positive,"pratista sih bagus ,tp emg harga nya lumayan hehe",7185096421220158747
62,5,132,V5D0136,7380998547795247877,Negative,"kalo kulit normal gmna kak, aku pake retinol hari pertama besok paginya keluar bruntusan dikit doang sih, apa karna aku pake mois? bls kak",7378347819268082950
62,5,144,V5D0149,7428586108319171348,Neutral,dok review ziyan glow dong,7428436533981613318
62,5,150,V5D0155,7428456495719678726,Neutral,@user gelow dong dok 🙏🏻,7428436533981613318
62,5,154,V5D0159,7449888684188992263,Positive,pinjem seratus bajunya😭😭😭,7428436533981613318
62,5,156,V5D0161,7422487958329180934,Neutral,mending pakai bedak biasa klo dasar nya putih ya putih😂,7421104723333483782
62,5,162,V5D0167,7228943450627818266,Neutral,retinol the originote sm retinol azarine bagusan mana buat kulit normal umur 18th cuma ada bkas jrwt & kusam?? tlng dijawab y k,7185096421220158747
62,5,163,V5D0168,7428550685057123077,Neutral,dok review glossy face🙏 cc @user .official,7428436533981613318
62,5,166,V5D0171,7436925306126566145,Neutral,dok cek cream saraskin,7428436533981613318
62,5,169,V5D0175,7481651910073647877,Positive,emang bagus kak aq dulu pakek ms glow terus ganti daviena terus ganti maryame emang bagus,7472351771025755410
62,5,173,V5D0180,7422622090471555846,Negative,"skrg sdh dingin yah, kemarin bilang panas panas ,",7421104723333483782
62,5,176,V5D0183,7428551955032687365,Negative,turunin harga nya 🙏🫰,7428436533981613318
62,5,178,V5D0185,7188798174281106181,Neutral,kala.u kenak panas bisa buk cc @user .okypratamaa_kedua,7182401543491128602
62,5,180,V5D0187,7536432594940314389,Neutral,ada kaaa bantu jawab,7507827983269350661
62,5,184,V5D0191,7467497101116670726,Positive,sama donk kk,7279666593129434374
62,5,187,V5D0195,7440719396559864594,Neutral,skinmetis dok di cek dong,7428436533981613318
62,5,188,V5D0196,7601125604926554901,Neutral,kok bisaaaaa😭,7596239649517899016
62,5,192,V5D0200,7337170036774617861,Positive,iyaa,7270117302614478086
62,5,194,V5D0202,7426750837189378834,Negative,akhirnya ga diterusin soalnya malah jadi kusem😄,7421364555957275910
62,5,199,V5D0207,7377309705897378566,Neutral,harga nya brpa si,7376604456818920709
62,5,206,V5D0214,7404388439568728838,Negative,"seriusan ka, aq br pake semingguan soalnya malah tergoda fyp skintific jadi bingung pdhl aku pny semua series originote 😩",7314309007341063429
62,5,208,V5D0216,7421245299434750725,Negative,menyesal karna salah❎ menyesal karna ketahuan ✅,7421104723333483782
62,5,210,V5D0218,7422931902812521222,Negative,kena retur ribuan paket.,7421104723333483782
62,5,214,V5D0223,7421370129688806150,Negative,sy pke g cocok krem siang nya abu abu di wajah,7421104723333483782
62,5,215,V5D0224,7421545619625476870,Negative,coba dari awal kak jadi kalo skrg udah pd ga respek,7421104723333483782
62,5,222,V5D0232,7422962768472572677,Positive,"awalx tdk jujur.mau di sembunyi sampai kapanpun,akan tetap ketahuan,. alhamdulillah owner sudah mengungkapkan rasa bersalah dan minta maaf.insya allah kedapan lebih baik lagi penjualanx.dan berkah",7421104723333483782
62,5,227,V5D0237,7357854087687717638,Neutral,cara memakainya tahapnya apa aja?,7357662447248968966
62,5,228,V5D0238,7310495560182956805,Negative,dosisny tinggi ga btw🥺,7289028668863663365
62,5,231,V5D0242,7431620000517522184,Positive,ang ang ang😂😂😂😂😂😂😂,7421104723333483782
62,5,234,V5D0245,7424761693319922439,Negative,kak tapi aq pake maryame tapi klo kena keringet kok gatel d wajah gmn kak lanjutin pa gk,7385065641595653382
62,5,249,V5D0261,7523851505490690823,Positive,mariame♥️blum habis 1 pot flek mulai pudar,7472351771025755410
62,5,261,V5D0274,7428602940444066567,Neutral,wbs cosmetic dong dokk,7428436533981613318
62,5,263,V5D0276,7624166199757030164,Positive,bolehhh,7586827398084136200
62,5,266,V5D0279,7358385241129517825,Neutral,moistnya esate lauder tu pakai pagi & malam kan ? tlg siapa bantu jawab,7357662447248968966
62,5,272,V5D0285,7281965499579204357,Neutral,udh dua pot jln,7279666593129434374
62,5,274,V5D0287,7422460621708591877,Negative,kesian bgt yg udah beli.😳,7421104723333483782
62,5,287,V5D0300,7357966488806163205,Positive,mau ikutan ah kak sapa tau cocok 🥰,7357662447248968966
62,5,302,V5D0315,7422657796011606789,Neutral,kemarin2 nantangin. hahhaa. sudah saatnya roda berputar,7421104723333483782
62,5,306,V5D0319,7421357573640831749,Positive,"mau cerita, jauh sblm2 skinker viral aku pake hanasui, mlah g' ngaruh apa2 dmuka. pake wardah selalu muncul jerawat...bhkn aku pake olay malah pori2ku jd membesar. pake skintific, bioaqua dan originote. selalu jerwatn dan komedoan. skrg cma pake vit. c elsheskin viva dan sunscreen sariayu. mukaku bersih 🗿🗿",7421104723333483782
62,5,308,V5D0322,7428559862740189958,Neutral,seruni dokk,7428436533981613318
62,5,312,V5D0326,7421502672643375878,Neutral,pket series daviena yg gold apakah overclam juga?,7421104723333483782
62,5,320,V5D0334,7490875047200965384,Neutral,untuk kulit berminyak dan kusam yang cocok apa ka?,7194330759329631514
62,5,324,V5D0338,7375720856712758021,Neutral,serum bright b3 dibarengin mois hyalucare originote bisa ga?,7314309007341063429
62,5,329,V5D0343,7209493054671438618,Positive,"iii jadi pengen coba.. tapi masih maju mundur takut purging, terus kalo pelembab nya pake wardah acnederm ok gak ya",7185096421220158747
62,5,331,V5D0345,7429599501210665748,Negative,kalau mau untuk flek pake skintific atau hanasui itu memang ada khusus untuk flek tapi kalau maryame kan satu cream di bagi bagi jadi dikit dikit ingredients nya..satu cream ada toner.moiz.cousin..,7429265515434036485
62,5,337,V5D0352,7353431487743050501,Neutral,klo aku pas jadwal pkek retinol (retinol+moisturizer),7314309007341063429
62,5,349,V5D0364,7429725517186777861,Neutral,dok coba cek cream rr beauty all in one.? soalnya anak saya pakai.,7428436533981613318
62,5,350,V5D0365,7389825787040301830,Neutral,untuk kulit berminyak bisa ka? pengen banget pake...,7376604456818920709
62,5,353,V5D0368,7226279049839117082,Neutral,kombinasi retinol + bright b3 bisa gk?,7188119070884056347
62,5,358,V5D0373,7341792453832409862,Neutral,tapi retinol warnanya emang kuning. avoskin sama somethinc yg retinol jga kuning,7340938843190725893
62,5,363,V5D0378,7503382989650461447,Neutral,hasilnya seminggu kemudian mana kak?,7262186413284822277
62,5,366,V5D0381,7132746806702703387,Neutral,ini dipake siang apa mlm??,7129446710400601371
62,5,370,V5D0385,7463686725706531602,Negative,q ada night dan day yg pink masih segel. terlanjur stok ternyta di aku bruntusan. jual rugi aja? dm ya,7429265515434036485
62,5,372,V5D0387,7421835504654975749,Negative,penjualan menurun kak 😅,7421104723333483782
62,5,378,V5D0393,7449831994965869330,Neutral,brrti cream siangny dri maryame trs fc moist dan ss dri merk lain blh gk ka ?,7429265515434036485
62,5,383,V5D0398,7596488364121129749,Negative,🤣🤣🤣🤣 lu ngmng apa sbnrnya lu lihat data ngga????? kata2 itu pantas nya untuk orang yg ngga punya salah tapi ketika dia di puncak ada aja cobaannya lah ini jls2 salah data pun ada kwkwkwkwkww duh netizen konoha kadang2,7596239649517899016
62,5,390,V5D0405,7422838690961523461,Negative,bisa2 nya msih bs ngomong dituduh scra brutal😂😂,7421104723333483782
62,5,401,V5D0416,7423225002176545541,Positive,"ga usah teteh, udah all in 😁",7418514646698642693
62,5,403,V5D0418,7574301625432097544,Neutral,@user :ada yg mau bayariin day cream acne maryame ga soalnya mau ganti,7430007251076697350
62,5,413,V5D0428,7365907206207865605,Neutral,tiap malam ka pke nya ? terus hrs pke mois lagi gak,7359717817601543429
62,5,419,V5D0434,7377329573119197958,Neutral,boleh dipake di kulit beruntusan ga kak?,7376604456818920709
62,5,426,V5D0441,7429189638557827857,Neutral,dok new fivez dong 🙏,7428436533981613318
62,5,427,V5D0442,7393997428980089606,Positive,"masih ka, akumau",7378347819268082950
62,5,431,V5D0446,7418893608068023045,Neutral,aku juga masih ada retinol nya tetep aku pake,7418812570569641221
62,5,432,V5D0447,7428545714101175045,Positive,buat aku ajah dokter cream nya aku pake maryame soalnya🥰,7428436533981613318
62,5,443,V5D0459,7388047254906667782,Neutral,kk serum originote vit c bisa di ganung sama moist g2g yg ping gk?tlng bntu jwb ya kk mkasih🙏,7314309007341063429
62,5,450,V5D0466,7291827364518291762A,Positive,cocok2 aja emg tiap kulit beda ✨ (160),7306081689422351622
62,5,458,V5D0474,7331265862643942150,Negative,klo buat yg tipe kulit normal to dry pake apa yg bgus😔btw kulitku badak bgt😔,7270117302614478086
62,5,461,V5D0477,7341175872806929157,Neutral,kaka emang bisa di pakai buat ibu menyusui?,7284446766534102277
62,5,480,V5D0496,7358173107779863301,Negative,takutnya muka siang tangan maghrib😂,7357662447248968966
62,5,485,V5D0501,7368835636738622214,Neutral,mundur saya liat skincarenya☹️,7357662447248968966
62,5,487,V5D0503,7317493942403531525,Neutral,baginda raja plissss jawab klo masih ada jerawat on off bole pake nggak?,7312025661835578629
62,5,490,V5D0506,7428534568397374226,Positive,aman ko kak kan ad disitu tertulis gak ada merkurinya 😁,7428436533981613318
62,5,497,V5D0513,7586901112847811346,Neutral,enggak perlu pake ss kah ci?,7586827398084136200
62,5,498,V5D0514,7421581300744471314,Positive,nah gini ngakui kesalahan lwbih bagus dripada buat video panas...panas..panas🤣 @user gimana nih dok?,7421104723333483782
62,5,500,V5D0516,7421735224298963718,Neutral,minta maaf karna terancam miskiiin🤣,7421104723333483782
62,5,505,V5D0521,7367333860603970309,Positive,"aku pakai ini bagus bnget gk ada ngelupas,dan sekarang gk jerawatan lg",7359717817601543429
62,5,520,V5D0536,7429050022912705286,Positive,dokter oki saya mau cream nya maryame nya klo udah enggak terpakek dok🙏🥰🥰,7428436533981613318
62,5,525,V5D0541,7441221750413263634,Neutral,wsp dok🙏,7428436533981613318
62,5,540,V5D0556,7360091970368865029,Neutral,pake retinol berapa kali seminggu ya kak?,7185096421220158747
62,5,541,V5D0557,7378411124293927681,Neutral,habis cuci muka pakai toner lg apa ga?,7378347819268082950
62,5,543,V5D0559,7428454859407491846,Neutral,produk fenny frans dok🙏,7428436533981613318
62,5,544,V5D0560,7310170521257526021,Neutral,pakai niacinamide wajib pakai toner ga ka?,7270117302614478086
62,5,547,V5D0563,7428457075107775238,Neutral,coba charismalux dokter,7428436533981613318
62,5,549,V5D0565,7422176302756741893,Negative,tkt bangkrut,7421104723333483782
62,5,551,V5D0567,7432452091073233681,Neutral,dok. crem af juga donk😁,7428436533981613318
62,5,555,V5D0571,7422881901168263942,Positive,beralih ke hanasui aja gaes harga murah kualitas oke 😋,7421104723333483782
62,5,557,V5D0573,7305786578407588614,Positive,"saya sebelumnya jerawatan parah semuka full kak, exfo bikin makin iritasi. waktu kenal sama retinol ada progress makin membaik",7185096421220158747
62,5,561,V5D0577,7202375042428584731,Neutral,ini tuh skincare malam?,7194330759329631514
62,5,563,V5D0579,7596881418031055633,Negative,ia makanya pada kaya ibaratnya hpp 20 rebu di jual nya beratus ratus ribu apalagi si ss,7596239649517899016
62,5,567,V5D0583,7555401745272685320,Neutral,"aku pl 50k aja ,2 x pake itu juga nyolek aja",7262186413284822277
62,5,571,V5D0587,7597968915114083088,Negative,kmrn memang kecurangan dari pabrik,7596239649517899016
62,5,572,V5D0588,7314133522335466245,Positive,bang tukeran muka yok😭😭😭😭,7312025661835578629
62,5,574,V5D0590,7428817649927635730,Neutral,cream malam maryame nya gmn dok?,7428436533981613318
62,5,578,V5D0594,7421530196806828806,Positive,peluk jauh kaa🥺,7421104723333483782
62,5,579,V5D0595,7423160710555779846,Negative,"biasalah ngomong begini,kalau sdh ketahuan😏",7421104723333483782
62,5,580,V5D0596,7428645246266082055,Neutral,skinaza dokkkk sama kymskin,7428436533981613318
62,5,596,V5D0612,7381056111942075142,Neutral,"ndak ka, kalau lg retinolan tu retinol duluan",7378347819268082950
62,5,605,V5D0621,7428539140306748165,Positive,lanjutkan dr oky keren,7428436533981613318
62,5,615,V5D0631,7429344744281719558,Neutral,dok coba periksa fenny frans di tggu soal nya aku pake itu,7428436533981613318
62,5,622,V5D0640,7358420239945696006,Neutral,ada yang mau gantiin retinol daviena aku ngga? masih baru,7340938843190725893
62,5,629,V5D0647,7421829085763027718,Negative,sengaja aja biar untung banyak,7421104723333483782
62,5,630,V5D0648,7330858042642596614,Neutral,retinol buat kulit sensitif bisa gak si😩,7312025661835578629
62,5,638,V5D0656,7328076938319987462,Neutral,"npure cica kak, boleh kah sebelum pake retinol?",7313744314927041797
62,5,641,V5D0659,7443972500545127176,Positive,"alhamdulillah aku pakai juga udah lama,tpi habis stok ga tau kenapa ownerx blum jual 🥹",7428436533981613318
62,5,642,V5D0660,7596247980975817490,Positive,kak nular yah rezekimu 🥰,7596239649517899016
62,5,648,V5D0666,7421326899676644102,Negative,davina q lansung g q pake,7421104723333483782
62,5,649,V5D0667,7431455877863359238,Neutral,starlite ka tolong cek,7428436533981613318
62,5,654,V5D0672,7587007928872878849,Neutral,ci pake moist minimalist pagi malam boleh kan ci?,7586827398084136200
62,5,660,V5D0678,7422990301986505478,Positive,aq pakai bagus bgt baru 1 minggu asli ni jujur,7421835937988070662
62,5,675,V5D0694,7388436411832304389,Negative,nitip🥺,7385065641595653382
62,5,689,V5D0708,7333633889121174277,Negative,aku pake retinol daycream temulawak jdi berjerawat😩,7319688011891936517
62,5,690,V5D0709,7423355241032303365,Positive,air kunyit awokawok,7357662447248968966
62,5,693,V5D0712,7421891602454725381,Neutral,kunaon mbak ?,7421104723333483782
62,5,709,V5D0730,7379543100685124358,Neutral,"kak kira"" kl yg punya blackhead bagusnya serum yg mana??",7306081689422351622
62,5,715,V5D0736,7494973858173600530,Neutral,pake sabun maryame jg,7472351771025755410
62,5,716,V5D0737,7621513144074437383,Neutral,yang mencerahkan yang mana kk?,7306081689422351622
62,5,728,V5D0750,7422811824159130374,Neutral,lah berarti dulu ? 😭,7421104723333483782
62,5,729,V5D0751,7422966363545404166,Positive,tetap kely serum hanusui dan marina paling mantap dah ngefek bener ... milia hilang smpe akar2 nya,7421104723333483782
62,5,734,V5D0756,7421589903853634309,Negative,kapokkk pindahh produk lain dah😊,7421104723333483782
62,5,735,V5D0757,7365046924066145030,Neutral,kalo pake the originote trs retinol nya daviena boleh ga kak,7319688011891936517
62,5,749,V5D0771,7428442872905040646,Neutral,"gara2 ada cek2 semua merk jadi nongol semua,, tadinya gk tau merek2 tersebut jadi tau",7428436533981613318
62,5,767,V5D0789,7422821025110770438,Neutral,cari kekayaan dgn bodohi orang,7421104723333483782
62,5,770,V5D0792,7273877845063402246,Neutral,kalo pake retinol merek eim trs moisturizer merek lain boleh gak sih? cc @user,7185096421220158747
62,5,776,V5D0798,7422125354108142342,Negative,"untung gak pernah pake daviena. lbh percaya produk hanasui, pons, olay, garnier, wardah, sk11 masuk #skincareroutine aku",7421104723333483782
62,5,780,V5D0802,7596544156719842056,Neutral,dlu beli dilive nya ka,7596239649517899016
62,5,784,V5D0806,7355903183260025605,Neutral,make toner originote jg gk?,7314309007341063429
62,5,788,V5D0810,7428446958446019335,Neutral,jesthan dok..aman gak,7428436533981613318
62,5,789,V5D0811,7447512232336933650,Neutral,aku ga berani bilang sih kak.. tp menurutku harus konsulin ke dokter obgyn nya dulu juga..,7429265515434036485
62,5,790,V5D0812,7428562102396338949,Neutral,dok zyan glow skincare dok aku pake udah jalan 4 paket tapi cream malem nya ada tulisan klinik padahal ada label halal sama bpom nya,7428436533981613318
62,5,793,V5D0815,7225879577549570842,Neutral,"14 tahun bisa, kecuali retinol",7194330759329631514
62,5,795,V5D0817,7418896861611197189,Neutral,"adaa yangg mauuu gantiin retinol davienaku? aku ada 2, lgsg dm ajaa yaaa🥺",7340938843190725893
62,5,801,V5D0823,7430387412109132552,Positive,"pantas aku cocok ternyata lolos uji leb alhamdulillah terselamatkan mukaku dengan maryam, terimakasih kak owner @user hani jayanti 🥰",7428436533981613318
62,5,810,V5D0832,7421416082860622612,Positive,viva 😍😍😍bagus lembab nya,7421104723333483782
62,5,818,V5D0840,7249994919514145541,Neutral,buat muka sensitif banyak bopeng pake yg mana ka,7185096421220158747
62,5,828,V5D0850,7428625455856698117,Neutral,"diarika beauty dong dok, soalnya aneh apa lagi yang krim malamnya jd berubah warna kata ownernya sih klo ga d masukin ke kulkas bakal berubah warna aman ga sii dok?",7428436533981613318
62,5,837,V5D0859,7311402975774163718,Neutral,ka aku pake acne b5 sama astachiol gimana ya cara pakenya??,7306081689422351622
62,5,839,V5D0861,7545445112887001874,Neutral,glogglowing nya pake yang mana kak?,7262186413284822277
62,5,846,V5D0869,7385092850814632709,Negative,iya lah cocok d muka si tetehnya..orang dia ga pernah kena matahari hidupnya beda cerita kl kita2 yg tiap hari kerjanya kena matahari ga bakal ngefek mau abis 1 ember juga😏,7385065641595653382
62,5,862,V5D0885,7422667236064592646,Positive,semangat bunda,7421104723333483782
62,5,863,V5D0886,7291827364518291548A,Positive,wkwk sama kak🤣 🙏 (158),7279666593129434374
62,5,864,V5D0887,7358640831698813701,Neutral,"g lah , klw itu mah masih bisa tidur, klw gitu g usah tidur siang mbak🙃",7357662447248968966
62,5,878,V5D0901,7422256288850068230,Neutral,"gue gak pake paling beli sabun muka aja yg facial wash doang, sisanya berwudhu ajaa🤭",7421104723333483782
62,5,881,V5D0904,7378711054807040774,Negative,bau cuka sih,7258280563352587526
62,5,886,V5D0909,7430806617417401089,Neutral,yu chun mei dok,7428436533981613318
62,5,889,V5D0912,7428935280864019205,Neutral,kalo yang malem aman gak dok,7428436533981613318
62,5,893,V5D0916,7225978865163174683,Neutral,di pakai serum dulu apa moisturizer nya kak?,7194330759329631514
62,5,900,V5D0923,7430092435390268165,Neutral,aman bang .?,7428436533981613318
62,5,901,V5D0924,7262621137107190533,Negative,gtau si😭,7235406683676167430
62,5,902,V5D0925,7377686674590319365,Positive,"@🪐 ari pengen putih, akuta mong pengene mulus bae sing jerawat😁😁😁😁😁",7357662447248968966
62,5,907,V5D0930,7205974000392389403,Positive,iya kak sesuai kebutuhan ya huhuu,7194330759329631514
62,5,908,V5D0931,7388527177245541125,Neutral,bisa buat bumil gak,7385065641595653382
62,5,911,V5D0934,7219231318407791386,Neutral,ka serumnya boleh digabung krim siang malem gt ga ka yg dr oshinbeauty?please bantu jawab,7185096421220158747
62,5,912,V5D0935,7421416306853610258,Negative,maaf tp ttp udah gk percaya lagi sama daviena 🙏,7421104723333483782
62,5,922,V5D0946,7387223408628548357,Neutral,retinol boleh di pakek pas jerawat an kak?,7237379067773766917
62,5,925,V5D0949,7424421045639791366,Positive,assalamualaikum kk cantik 🙏🥰,7421364555957275910
62,5,927,V5D0951,7439675557355045688,Positive,pengen banget beli tapi kantong nya tidak memadai,7428436533981613318
62,5,928,V5D0952,7213003912172028699,Neutral,"aku make moisturizer skintific pink, bisa gak pake retinol b3 originote??",7185096421220158747
62,5,929,V5D0953,7341028975865185030,Positive,kuningnya dari kandungan retinolnya kak bukan abal,7340938843190725893
62,5,930,V5D0954,7422890561911210757,Negative,lihat pengecekan doktif. pintar dikit ya.,7284446766534102277
62,5,931,V5D0955,7224461656032985882,Positive,langsung co aja ga sihhh 😭,7194330759329631514
62,5,933,V5D0957,7587048872708817685,Neutral,"oh iya ci mau tanya lagi, kalau untuk hyalucica cream sma shooting cream itu dipakainya secukupnya aja apa juga harus banyak ya ci ?",7586827398084136200
62,5,947,V5D0971,7188487048394523418,Positive,bisa bunda,7182401543491128602
62,5,949,V5D0973,7421926983472562949,Positive,@user skincare yang kuat yah kk smga peluk jauh 🥺🥰,7421104723333483782
62,5,955,V5D0979,7426332503847387909,Positive,iyah aman.... krn 0000🔥,7397028146429709573
62,5,957,V5D0981,7428557419229217542,Negative,dok tolong review dr.pure apakah aman soalx mengelupas kalo di pakai agak perih juga,7428436533981613318
62,5,961,V5D0985,4624523847139417318,Positive,"udah pakai daviena retinol 2 minggu, hasilnya mulai kelihatan cerahan dikit",7378347819268082950
62,5,974,V5D0998,7428784440577393413,Neutral,"terbukti gak overclaim brrti ya dok, yang di @user mau di review juga dok",7428436533981613318
62,5,975,V5D0999,7502035142522798868,Negative,kak ada yg mau gk preloved cream maryam siang mlm ny mash bnyk d aku g cocok. yg mau dm,7430007251076697350
