input_mode,max_length,learning_rate,classifier_dropout,loss,label_smoothing,warmup_ratio,weight_decay,model_id,trial_id,stage,seed,fold,best_epoch,max_epochs,early_stopping_patience,class_weights_source,class_weights_negative,class_weights_neutral,class_weights_positive,model_revision,training_seconds,n,accuracy,macro_f1,weighted_f1,balanced_accuracy,mcc,min_class_recall,positive_recall,selection_score_raw,selection_score,class_collapse,auto_disqualified,negative_prediction_share,negative_prediction_drift,predicted_negative,predicted_neutral,predicted_positive,ece,brier_score,mean_confidence,negative_precision,negative_recall,negative_f1,negative_support,neutral_precision,neutral_recall,neutral_f1,neutral_support,positive_precision,positive_f1,positive_support
comment_only,128,1e-05,0.1,cross_entropy,0.0,0.06,0.01,indobenchmark/indobert-base-p2,indobert_base_p2__comment_only__len128__lr1em05__drop0p1__cross_entropy__ls0p0,stage1,42,1,5,8,2,training_fold_only,1.8389830589294434,0.5771276354789734,1.382165551185608,94b4e0a82081fa57f227fcc2024d1ea89b57ac1f,18.42905020713806,326,0.745398773006135,0.6835520035520036,0.7446977970904352,0.6850143137672416,0.5504939858699163,0.5,0.726027397260274,0.6391637090547803,0.6391637090547803,False,True,0.17484662576687116,0.009202453987730064,57,192,77,0.08495568287518854,0.12232897516776858,0.8303544521331787,0.5263157894736842,0.5,0.5128205128205128,60,0.8333333333333334,0.8290155440414507,0.8311688311688312,193,0.6883116883116883,0.7066666666666667,73
comment_only,128,1e-05,0.1,cross_entropy,0.0,0.06,0.01,indobenchmark/indobert-base-p2,indobert_base_p2__comment_only__len128__lr1em05__drop0p1__cross_entropy__ls0p0,stage1,42,2,7,8,2,training_fold_only,1.7359999418258667,0.5817694664001465,1.4183006286621094,94b4e0a82081fa57f227fcc2024d1ea89b57ac1f,19.615548133850098,326,0.8128834355828221,0.7313824331213964,0.8032823038132,0.7165464813712793,0.6533079147551084,0.4339622641509434,0.7922077922077922,0.6813861677385782,0.6813861677385782,False,True,0.11042944785276074,0.052147239263803685,36,213,77,0.10371583352791017,0.10235074544394955,0.8976430892944336,0.6388888888888888,0.4339622641509434,0.5168539325842697,53,0.8497652582159625,0.923469387755102,0.8850855745721271,196,0.7922077922077922,0.7922077922077922,77
comment_only,128,1e-05,0.1,cross_entropy,0.0,0.06,0.01,indobenchmark/indobert-base-p2,indobert_base_p2__comment_only__len128__lr1em05__drop0p1__cross_entropy__ls0p0,stage1,42,3,4,8,2,training_fold_only,1.9233038425445557,0.558697521686554,1.448888897895813,94b4e0a82081fa57f227fcc2024d1ea89b57ac1f,14.371092796325684,325,0.7353846153846154,0.6763373448520807,0.7357722133911221,0.6749287749287749,0.5530918035290258,0.5692307692307692,0.6,0.6268422980584264,0.6268422980584264,False,False,0.2246153846153846,0.024615384615384595,73,183,69,0.05373577337998611,0.12087015614500347,0.7839052081108093,0.5068493150684932,0.5692307692307692,0.5362318840579711,65,0.8415300546448088,0.8555555555555555,0.8484848484848485,180,0.6956521739130435,0.6442953020134228,80
comment_only,128,1e-05,0.1,cross_entropy,0.0,0.06,0.01,indobenchmark/indobert-base-p2,indobert_base_p2__comment_only__len128__lr1em05__drop0p1__cross_entropy__ls0p0,stage1,42,ALL_OOF,5,8,2,training_fold_only,1.9233038425445557,0.558697521686554,1.448888897895813,94b4e0a82081fa57f227fcc2024d1ea89b57ac1f,14.371092796325684,977,0.7645854657113613,0.698049598257601,0.7620410079948522,0.6933043598459059,0.583544322480957,0.5056179775280899,0.7043478260869566,0.6496062798575978,0.6496062798575978,False,True,0.1699078812691914,0.012282497441146373,166,588,223,0.07277011331418648,0.11517747138388945,0.8373555790255477,0.5421686746987951,0.5056179775280899,0.5232558139534884,178,0.8418367346938775,0.8699472759226714,0.8556611927398444,569,0.726457399103139,0.7152317880794702,230
comment_only,128,2e-05,0.2,cross_entropy,0.025,0.06,0.01,indobenchmark/indobert-base-p2,indobert_base_p2__comment_only__len128__lr2em05__drop0p2__cross_entropy__ls0p025,stage1,42,1,7,8,2,training_fold_only,1.8389830589294434,0.5771276354789734,1.382165551185608,94b4e0a82081fa57f227fcc2024d1ea89b57ac1f,20.97458004951477,326,0.7484662576687117,0.6872506321325219,0.7484622763353259,0.6924196181418129,0.5597790887713092,0.5,0.7534246575342466,0.6476894109293274,0.6476894109293274,False,True,0.17484662576687116,0.009202453987730064,57,188,81,0.15880861311602446,0.13293221596672603,0.8930121064186096,0.5263157894736842,0.5,0.5128205128205128,60,0.8457446808510638,0.8238341968911918,0.8346456692913385,193,0.6790123456790124,0.7142857142857143,73
comment_only,128,2e-05,0.2,cross_entropy,0.025,0.06,0.01,indobenchmark/indobert-base-p2,indobert_base_p2__comment_only__len128__lr2em05__drop0p2__cross_entropy__ls0p025,stage1,42,2,5,8,2,training_fold_only,1.7359999418258667,0.5817694664001465,1.4183006286621094,94b4e0a82081fa57f227fcc2024d1ea89b57ac1f,17.091443300247192,326,0.8067484662576687,0.7259963291764145,0.7966207346626769,0.7164414650937562,0.6449435177246262,0.41509433962264153,0.8311688311688312,0.6810529777893846,0.6810529777893846,False,True,0.10122699386503067,0.06134969325153375,33,208,85,0.1016029179827567,0.10808540385085469,0.9014149308204651,0.6666666666666666,0.41509433962264153,0.5116279069767442,53,0.8509615384615384,0.9030612244897959,0.8762376237623762,196,0.7529411764705882,0.7901234567901234,77
comment_only,128,2e-05,0.2,cross_entropy,0.025,0.06,0.01,indobenchmark/indobert-base-p2,indobert_base_p2__comment_only__len128__lr2em05__drop0p2__cross_entropy__ls0p025,stage1,42,3,4,8,2,training_fold_only,1.9233038425445557,0.558697521686554,1.448888897895813,94b4e0a82081fa57f227fcc2024d1ea89b57ac1f,14.834676027297974,325,0.72,0.6750738871970062,0.726515062845538,0.6847578347578347,0.5425125233367574,0.6153846153846154,0.65,0.6400302357258624,0.6400302357258624,False,False,0.24923076923076923,0.04923076923076922,81,165,79,0.10142928526951717,0.12788015873749806,0.8214293718338013,0.49382716049382713,0.6153846153846154,0.547945205479452,65,0.8606060606060606,0.7888888888888889,0.8231884057971014,180,0.6582278481012658,0.6540880503144654,80
comment_only,128,2e-05,0.2,cross_entropy,0.025,0.06,0.01,indobenchmark/indobert-base-p2,indobert_base_p2__comment_only__len128__lr2em05__drop0p2__cross_entropy__ls0p025,stage1,42,ALL_OOF,5,8,2,training_fold_only,1.9233038425445557,0.558697521686554,1.448888897895813,94b4e0a82081fa57f227fcc2024d1ea89b57ac1f,14.834676027297974,977,0.7584442169907881,0.6977461098291791,0.7582695424797994,0.7001341640745355,0.5798394682009114,0.5168539325842697,0.7434782608695653,0.6574032937799987,0.6574032937799987,False,True,0.1750255885363357,0.007164790174002067,171,561,245,0.11889418962668011,0.12296089616097376,0.8720037806607561,0.5380116959064327,0.5168539325842697,0.5272206303724928,178,0.8520499108734403,0.8400702987697716,0.8460176991150442,569,0.6979591836734694,0.72,230
comment_only,128,3e-05,0.3,cross_entropy,0.0,0.06,0.01,indobenchmark/indobert-base-p2,indobert_base_p2__comment_only__len128__lr3em05__drop0p3__cross_entropy__ls0p0,stage1,42,1,3,8,2,training_fold_only,1.8389830589294434,0.5771276354789734,1.382165551185608,94b4e0a82081fa57f227fcc2024d1ea89b57ac1f,12.886054277420044,326,0.7423312883435583,0.6784613806463322,0.743582161440454,0.6768775482843195,0.544638665711667,0.5833333333333334,0.6027397260273972,0.6289461112820678,0.6289461112820678,False,False,0.2147239263803681,0.03067484662576689,70,195,61,0.05635449454828273,0.12168377043448864,0.7964149117469788,0.5,0.5833333333333334,0.5384615384615384,60,0.8358974358974359,0.844559585492228,0.8402061855670103,193,0.7213114754098361,0.6567164179104478,73
comment_only,128,3e-05,0.3,cross_entropy,0.0,0.06,0.01,indobenchmark/indobert-base-p2,indobert_base_p2__comment_only__len128__lr3em05__drop0p3__cross_entropy__ls0p0,stage1,42,2,6,8,2,training_fold_only,1.7359999418258667,0.5817694664001465,1.4183006286621094,94b4e0a82081fa57f227fcc2024d1ea89b57ac1f,19.883700847625732,326,0.7975460122699386,0.7164666758584204,0.7882602339354039,0.7087111002205342,0.6289696424923239,0.41509433962264153,0.8181818181818182,0.6715215417913426,0.6715215417913426,False,True,0.10429447852760736,0.058282208588957066,34,206,86,0.135536056171897,0.11505238564133279,0.9196557402610779,0.6470588235294118,0.41509433962264153,0.5057471264367817,53,0.8495145631067961,0.8928571428571429,0.8706467661691543,196,0.7325581395348837,0.7730061349693251,77
comment_only,128,3e-05,0.3,cross_entropy,0.0,0.06,0.01,indobenchmark/indobert-base-p2,indobert_base_p2__comment_only__len128__lr3em05__drop0p3__cross_entropy__ls0p0,stage1,42,3,4,8,2,training_fold_only,1.9233038425445557,0.558697521686554,1.448888897895813,94b4e0a82081fa57f227fcc2024d1ea89b57ac1f,14.317119598388672,325,0.7169230769230769,0.6682471721837021,0.7238897643648899,0.6773148148148147,0.5374408544144376,0.6,0.6375,0.6314840807379298,0.6314840807379298,False,False,0.24923076923076923,0.04923076923076922,81,165,79,0.11376278932277972,0.13143687026210105,0.8245019316673279,0.48148148148148145,0.6,0.5342465753424658,65,0.8666666666666667,0.7944444444444444,0.8289855072463768,180,0.6455696202531646,0.6415094339622641,80
comment_only,128,3e-05,0.3,cross_entropy,0.0,0.06,0.01,indobenchmark/indobert-base-p2,indobert_base_p2__comment_only__len128__lr3em05__drop0p3__cross_entropy__ls0p0,stage1,42,ALL_OOF,4,8,2,training_fold_only,1.9233038425445557,0.558697521686554,1.448888897895813,94b4e0a82081fa57f227fcc2024d1ea89b57ac1f,14.317119598388672,977,0.7523029682702149,0.6898283894953584,0.75312803570279,0.6905416903127986,0.5682484500309986,0.5393258426966292,0.6869565217391305,0.6457726285214738,0.6457726285214738,False,True,0.18935516888433981,0.007164790174002039,185,566,226,0.09457741767747618,0.1227154244342357,0.8468803859476911,0.518918918918919,0.5393258426966292,0.5289256198347108,178,0.8498233215547704,0.8453427065026362,0.8475770925110132,569,0.6991150442477876,0.6929824561403509,230
comment_only,128,1e-05,0.2,weighted_cross_entropy,0.0,0.06,0.01,indobenchmark/indobert-base-p2,indobert_base_p2__comment_only__len128__lr1em05__drop0p2__weighted_cross_entropy__ls0p0,stage1,42,1,4,8,2,training_fold_only,1.8389830589294434,0.5771276354789734,1.382165551185608,94b4e0a82081fa57f227fcc2024d1ea89b57ac1f,15.093908786773682,326,0.745398773006135,0.6945615262675219,0.7517844805541527,0.7173626390959061,0.5797966773716497,0.5666666666666667,0.8082191780821918,0.6765750602230272,0.6765750602230272,False,False,0.18711656441717792,0.003067484662576697,61,166,99,0.05075453230939758,0.12357155795198471,0.7594843506813049,0.5573770491803278,0.5666666666666667,0.5619834710743802,60,0.9036144578313253,0.7772020725388601,0.8356545961002786,193,0.5959595959595959,0.686046511627907,73
comment_only,128,1e-05,0.2,weighted_cross_entropy,0.0,0.06,0.01,indobenchmark/indobert-base-p2,indobert_base_p2__comment_only__len128__lr1em05__drop0p2__weighted_cross_entropy__ls0p0,stage1,42,2,7,8,2,training_fold_only,1.7359999418258667,0.5817694664001465,1.4183006286621094,94b4e0a82081fa57f227fcc2024d1ea89b57ac1f,20.55605387687683,326,0.803680981595092,0.7395562383541598,0.8039067165778873,0.7468611801495898,0.6543922898263381,0.5471698113207547,0.8311688311688312,0.7120745990369182,0.7120745990369182,False,True,0.147239263803681,0.01533742331288343,48,187,91,0.0596363484128121,0.10355584978795228,0.8570908904075623,0.6041666666666666,0.5471698113207547,0.5742574257425742,53,0.9037433155080213,0.8622448979591837,0.8825065274151436,196,0.7032967032967034,0.7619047619047619,77
comment_only,128,1e-05,0.2,weighted_cross_entropy,0.0,0.06,0.01,indobenchmark/indobert-base-p2,indobert_base_p2__comment_only__len128__lr1em05__drop0p2__weighted_cross_entropy__ls0p0,stage1,42,3,8,8,2,training_fold_only,1.9233038425445557,0.558697521686554,1.448888897895813,94b4e0a82081fa57f227fcc2024d1ea89b57ac1f,20.11317276954651,325,0.7353846153846154,0.6921224815796294,0.7434064695995225,0.7069444444444445,0.5744483311031936,0.6,0.7375,0.6667034062736658,0.6667034062736658,False,False,0.24,0.03999999999999998,78,157,90,0.1179779396607326,0.13497254980963,0.8293935656547546,0.5,0.6,0.5454545454545454,65,0.8980891719745223,0.7833333333333333,0.8367952522255193,180,0.6555555555555556,0.6941176470588235,80
comment_only,128,1e-05,0.2,weighted_cross_entropy,0.0,0.06,0.01,indobenchmark/indobert-base-p2,indobert_base_p2__comment_only__len128__lr1em05__drop0p2__weighted_cross_entropy__ls0p0,stage1,42,ALL_OOF,7,8,2,training_fold_only,1.9233038425445557,0.558697521686554,1.448888897895813,94b4e0a82081fa57f227fcc2024d1ea89b57ac1f,20.11317276954651,977,0.7615148413510747,0.7084236447847218,0.7664224295002398,0.7242579693546131,0.6017763203837435,0.5730337078651685,0.7913043478260869,0.6850392195650938,0.6850392195650938,False,False,0.19140225179119755,0.009211873080859773,187,510,280,0.07067628270405954,0.1206853774093823,0.8153085481669056,0.5454545454545454,0.5730337078651685,0.5589041095890411,178,0.9019607843137255,0.8084358523725835,0.8526413345690455,569,0.65,0.7137254901960784,230
comment_only,128,2e-05,0.3,weighted_cross_entropy,0.025,0.06,0.01,indobenchmark/indobert-base-p2,indobert_base_p2__comment_only__len128__lr2em05__drop0p3__weighted_cross_entropy__ls0p025,stage1,42,1,2,8,2,training_fold_only,1.8389830589294434,0.5771276354789734,1.382165551185608,94b4e0a82081fa57f227fcc2024d1ea89b57ac1f,10.361461162567139,326,0.7361963190184049,0.6647495325207832,0.740279619018778,0.6741547779591643,0.5469603893240743,0.5,0.6986301369863014,0.627014753085709,0.627014753085709,False,True,0.18098159509202455,0.0030674846625766694,59,180,87,0.030374319458300356,0.12685242825425588,0.7220079898834229,0.5084745762711864,0.5,0.5042016806722689,60,0.8833333333333333,0.8238341968911918,0.8525469168900804,193,0.5862068965517241,0.6375,73
comment_only,128,2e-05,0.3,weighted_cross_entropy,0.025,0.06,0.01,indobenchmark/indobert-base-p2,indobert_base_p2__comment_only__len128__lr2em05__drop0p3__weighted_cross_entropy__ls0p025,stage1,42,2,7,8,2,training_fold_only,1.7359999418258667,0.5817694664001465,1.4183006286621094,94b4e0a82081fa57f227fcc2024d1ea89b57ac1f,21.110047340393066,326,0.8067484662576687,0.7448839093258983,0.8042325754667574,0.7525262248981925,0.6621243684345173,0.5094339622641509,0.8961038961038961,0.7203191980661071,0.7203191980661071,False,True,0.12269938650306748,0.03987730061349694,40,186,100,0.08911833157934293,0.10784167469474938,0.8811821341514587,0.675,0.5094339622641509,0.5806451612903226,53,0.8978494623655914,0.8520408163265306,0.8743455497382199,196,0.69,0.7796610169491526,77
comment_only,128,2e-05,0.3,weighted_cross_entropy,0.025,0.06,0.01,indobenchmark/indobert-base-p2,indobert_base_p2__comment_only__len128__lr2em05__drop0p3__weighted_cross_entropy__ls0p025,stage1,42,3,5,8,2,training_fold_only,1.9233038425445557,0.558697521686554,1.448888897895813,94b4e0a82081fa57f227fcc2024d1ea89b57ac1f,16.849832773208618,325,0.72,0.6777019250413144,0.7296647495762749,0.6917022792022792,0.5506530192271318,0.6153846153846154,0.6875,0.6493292332539032,0.6493292332539032,False,False,0.26153846153846155,0.06153846153846154,85,157,83,0.09831533312797545,0.13290054548293323,0.8154817819595337,0.47058823529411764,0.6153846153846154,0.5333333333333333,65,0.8853503184713376,0.7722222222222223,0.8249258160237388,180,0.6626506024096386,0.6748466257668712,80
comment_only,128,2e-05,0.3,weighted_cross_entropy,0.025,0.06,0.01,indobenchmark/indobert-base-p2,indobert_base_p2__comment_only__len128__lr2em05__drop0p3__weighted_cross_entropy__ls0p025,stage1,42,ALL_OOF,5,8,2,training_fold_only,1.9233038425445557,0.558697521686554,1.448888897895813,94b4e0a82081fa57f227fcc2024d1ea89b57ac1f,16.849832773208618,977,0.7543500511770727,0.6958533179527654,0.7584239276164608,0.7076788613453783,0.5849778605594435,0.5449438202247191,0.7608695652173914,0.6660841842443259,0.6660841842443259,False,True,0.18833162743091095,0.0061412487205731725,184,523,270,0.05822223071066114,0.12252093631936135,0.8062145170072206,0.5271739130434783,0.5449438202247191,0.5359116022099447,178,0.8891013384321224,0.8172231985940246,0.8516483516483516,569,0.6481481481481481,0.7,230
comment_only,128,3e-05,0.1,weighted_cross_entropy,0.0,0.06,0.01,indobenchmark/indobert-base-p2,indobert_base_p2__comment_only__len128__lr3em05__drop0p1__weighted_cross_entropy__ls0p0,stage1,42,1,3,8,2,training_fold_only,1.8389830589294434,0.5771276354789734,1.382165551185608,94b4e0a82081fa57f227fcc2024d1ea89b57ac1f,12.492644548416138,326,0.7760736196319018,0.7356602021059886,0.7808674804559298,0.7521841310399761,0.6201145143412756,0.6712328767123288,0.6712328767123288,0.6985483235980412,0.6985483235980412,False,False,0.24846625766871167,0.06441717791411045,81,179,66,0.13485153257115487,0.12286492045683767,0.9004971385002136,0.5679012345679012,0.7666666666666667,0.6524822695035462,60,0.88268156424581,0.8186528497409327,0.8494623655913979,193,0.7424242424242424,0.7050359712230215,73
comment_only,128,3e-05,0.1,weighted_cross_entropy,0.0,0.06,0.01,indobenchmark/indobert-base-p2,indobert_base_p2__comment_only__len128__lr3em05__drop0p1__weighted_cross_entropy__ls0p0,stage1,42,2,3,8,2,training_fold_only,1.7359999418258667,0.5817694664001465,1.4183006286621094,94b4e0a82081fa57f227fcc2024d1ea89b57ac1f,12.851260423660278,326,0.803680981595092,0.7353682291993064,0.8002226963684226,0.7324272762278153,0.6451799851897969,0.5094339622641509,0.8051948051948052,0.6967418737819472,0.6967418737819472,False,True,0.13190184049079753,0.03067484662576689,43,198,85,0.11432165391971728,0.10708202001343624,0.9049661755561829,0.627906976744186,0.5094339622641509,0.5625,53,0.8737373737373737,0.8826530612244898,0.8781725888324873,196,0.7294117647058823,0.7654320987654321,77
comment_only,128,3e-05,0.1,weighted_cross_entropy,0.0,0.06,0.01,indobenchmark/indobert-base-p2,indobert_base_p2__comment_only__len128__lr3em05__drop0p1__weighted_cross_entropy__ls0p0,stage1,42,3,4,8,2,training_fold_only,1.9233038425445557,0.558697521686554,1.448888897895813,94b4e0a82081fa57f227fcc2024d1ea89b57ac1f,15.02182388305664,325,0.7230769230769231,0.6880964211545567,0.7372207962507239,0.7132122507122508,0.5729451025433313,0.6875,0.6875,0.6716594220936019,0.6624286528628326,False,False,0.29846153846153844,0.09846153846153843,97,143,85,0.20349733591079708,0.15774768749535747,0.9223664999008179,0.4742268041237113,0.7076923076923077,0.5679012345679012,65,0.9370629370629371,0.7444444444444445,0.8297213622291022,180,0.6470588235294118,0.6666666666666666,80
comment_only,128,3e-05,0.1,weighted_cross_entropy,0.0,0.06,0.01,indobenchmark/indobert-base-p2,indobert_base_p2__comment_only__len128__lr3em05__drop0p1__weighted_cross_entropy__ls0p0,stage1,42,ALL_OOF,3,8,2,training_fold_only,1.9233038425445557,0.558697521686554,1.448888897895813,94b4e0a82081fa57f227fcc2024d1ea89b57ac1f,15.02182388305664,977,0.7676560900716479,0.7209773567865442,0.7737573843955694,0.735833884957168,0.6100738337335004,0.6685393258426966,0.7217391304347827,0.696350455879974,0.696350455879974,False,False,0.2262026612077789,0.04401228249744113,221,520,236,0.14594230214429363,0.12920235518080986,0.9092632603803945,0.5384615384615384,0.6685393258426966,0.5964912280701754,178,0.8942307692307693,0.8172231985940246,0.8539944903581267,569,0.7033898305084746,0.7124463519313304,230
comment_only,128,1e-05,0.3,focal_loss_gamma_1.0,0.025,0.06,0.01,indobenchmark/indobert-base-p2,indobert_base_p2__comment_only__len128__lr1em05__drop0p3__focal_loss_gamma_1.0__ls0p025,stage1,42,1,7,8,2,training_fold_only,1.8389830589294434,0.5771276354789734,1.382165551185608,94b4e0a82081fa57f227fcc2024d1ea89b57ac1f,19.636780500411987,326,0.7331288343558282,0.6362230113473636,0.7249670774632828,0.6501884843179471,0.5360228951661064,0.31666666666666665,0.7945205479452054,0.5996325526432238,0.5996325526432238,False,True,0.1165644171779141,0.06748466257668712,38,188,100,0.050819945481657275,0.1196329028751592,0.7307333946228027,0.5,0.31666666666666665,0.3877551020408163,60,0.8617021276595744,0.8393782383419689,0.8503937007874016,193,0.58,0.6705202312138728,73
comment_only,128,1e-05,0.3,focal_loss_gamma_1.0,0.025,0.06,0.01,indobenchmark/indobert-base-p2,indobert_base_p2__comment_only__len128__lr1em05__drop0p3__focal_loss_gamma_1.0__ls0p025,stage1,42,2,7,8,2,training_fold_only,1.7359999418258667,0.5817694664001465,1.4183006286621094,94b4e0a82081fa57f227fcc2024d1ea89b57ac1f,20.662030696868896,326,0.7822085889570553,0.7044745290855615,0.7778684091020847,0.6942392737540986,0.5993617259116603,0.5094339622641509,0.6753246753246753,0.6516630572907189,0.6516630572907189,False,True,0.147239263803681,0.01533742331288343,48,208,70,0.0545033540096751,0.1081125317603822,0.7449758052825928,0.5625,0.5094339622641509,0.5346534653465347,53,0.8461538461538461,0.8979591836734694,0.8712871287128713,196,0.7428571428571429,0.7074829931972789,77
comment_only,128,1e-05,0.3,focal_loss_gamma_1.0,0.025,0.06,0.01,indobenchmark/indobert-base-p2,indobert_base_p2__comment_only__len128__lr1em05__drop0p3__focal_loss_gamma_1.0__ls0p025,stage1,42,3,8,8,2,training_fold_only,1.9233038425445557,0.558697521686554,1.448888897895813,94b4e0a82081fa57f227fcc2024d1ea89b57ac1f,19.645339965820312,325,0.7292307692307692,0.6627097182652738,0.7266637446124625,0.6608262108262108,0.5397887717561811,0.47692307692307695,0.65,0.6113004260827969,0.6113004260827969,False,True,0.18153846153846154,0.018461538461538474,59,184,82,0.03679918325864352,0.12198918630621876,0.7204949259757996,0.5254237288135594,0.47692307692307695,0.5,65,0.8369565217391305,0.8555555555555555,0.8461538461538461,180,0.6341463414634146,0.6419753086419753,80
comment_only,128,1e-05,0.3,focal_loss_gamma_1.0,0.025,0.06,0.01,indobenchmark/indobert-base-p2,indobert_base_p2__comment_only__len128__lr1em05__drop0p3__focal_loss_gamma_1.0__ls0p025,stage1,42,ALL_OOF,7,8,2,training_fold_only,1.9233038425445557,0.558697521686554,1.448888897895813,94b4e0a82081fa57f227fcc2024d1ea89b57ac1f,19.645339965820312,977,0.7482088024564995,0.6684587409079089,0.7438715449601044,0.6672023213132282,0.5564398102484597,0.43258426966292135,0.7043478260869566,0.6197933660246215,0.6197933660246215,False,True,0.14841351074718526,0.03377686796315252,145,580,252,0.022480693297840085,0.11657266860895521,0.7320799032033649,0.5310344827586206,0.43258426966292135,0.47678018575851394,178,0.8482758620689655,0.8646748681898067,0.856396866840731,569,0.6428571428571429,0.6721991701244814,230
comment_only,128,2e-05,0.1,focal_loss_gamma_1.0,0.0,0.06,0.01,indobenchmark/indobert-base-p2,indobert_base_p2__comment_only__len128__lr2em05__drop0p1__focal_loss_gamma_1.0__ls0p0,stage1,42,1,5,8,2,training_fold_only,1.8389830589294434,0.5771276354789734,1.382165551185608,94b4e0a82081fa57f227fcc2024d1ea89b57ac1f,16.898619174957275,326,0.7484662576687117,0.6928016726403824,0.7496467994810564,0.6945272513623709,0.5574606964367419,0.5833333333333334,0.6712328767123288,0.6492062521102031,0.6492062521102031,False,False,0.19631901840490798,0.012269938650306761,64,191,71,0.13045922835911708,0.12374245758204179,0.8751899600028992,0.546875,0.5833333333333334,0.5645161290322581,60,0.837696335078534,0.8290155440414507,0.8333333333333334,193,0.6901408450704225,0.6805555555555556,73
comment_only,128,2e-05,0.1,focal_loss_gamma_1.0,0.0,0.06,0.01,indobenchmark/indobert-base-p2,indobert_base_p2__comment_only__len128__lr2em05__drop0p1__focal_loss_gamma_1.0__ls0p0,stage1,42,2,6,8,2,training_fold_only,1.7359999418258667,0.5817694664001465,1.4183006286621094,94b4e0a82081fa57f227fcc2024d1ea89b57ac1f,20.369707822799683,326,0.7883435582822086,0.7144422294911461,0.7860445190791887,0.7200032671730785,0.624511121267975,0.4716981132075472,0.8311688311688312,0.6823606546315646,0.6823606546315646,False,True,0.13496932515337423,0.02760736196319019,44,190,92,0.1329936902581548,0.11363500249166504,0.9206025004386902,0.5681818181818182,0.4716981132075472,0.5154639175257731,53,0.8842105263157894,0.8571428571428571,0.8704663212435233,196,0.6956521739130435,0.757396449704142,77
comment_only,128,2e-05,0.1,focal_loss_gamma_1.0,0.0,0.06,0.01,indobenchmark/indobert-base-p2,indobert_base_p2__comment_only__len128__lr2em05__drop0p1__focal_loss_gamma_1.0__ls0p0,stage1,42,3,4,8,2,training_fold_only,1.9233038425445557,0.558697521686554,1.448888897895813,94b4e0a82081fa57f227fcc2024d1ea89b57ac1f,14.40682053565979,325,0.72,0.6795010145144085,0.730543090049951,0.6961182336182336,0.5559774699684145,0.5875,0.5875,0.6325443943459318,0.6171597789613165,False,True,0.31076923076923074,0.11076923076923073,101,158,66,0.11756777625817516,0.13296648629799254,0.8329992890357971,0.46534653465346537,0.7230769230769231,0.5662650602409639,65,0.8860759493670886,0.7777777777777778,0.8284023668639053,180,0.7121212121212122,0.6438356164383562,80
comment_only,128,2e-05,0.1,focal_loss_gamma_1.0,0.0,0.06,0.01,indobenchmark/indobert-base-p2,indobert_base_p2__comment_only__len128__lr2em05__drop0p1__focal_loss_gamma_1.0__ls0p0,stage1,42,ALL_OOF,5,8,2,training_fold_only,1.9233038425445557,0.558697521686554,1.448888897895813,94b4e0a82081fa57f227fcc2024d1ea89b57ac1f,14.40682053565979,977,0.7523029682702149,0.6983015583929881,0.7568567088954713,0.7064237919151836,0.577330011284754,0.601123595505618,0.6956521739130435,0.6634576640645445,0.6634576640645445,False,False,0.21392016376663256,0.031729785056294785,209,539,229,0.12493410794981427,0.12343823962683968,0.8763081425288073,0.5119617224880383,0.601123595505618,0.5529715762273901,178,0.8682745825602969,0.8224956063268892,0.8447653429602888,569,0.6986899563318777,0.6971677559912854,230
comment_only,128,3e-05,0.2,focal_loss_gamma_1.5,0.025,0.06,0.01,indobenchmark/indobert-base-p2,indobert_base_p2__comment_only__len128__lr3em05__drop0p2__focal_loss_gamma_1.5__ls0p025,stage1,42,1,1,8,2,training_fold_only,1.8389830589294434,0.5771276354789734,1.382165551185608,94b4e0a82081fa57f227fcc2024d1ea89b57ac1f,7.479673862457275,326,0.7177914110429447,0.6336967863878677,0.7162198894383089,0.6278732028927216,0.49567540114126,0.5068493150684932,0.5068493150684932,0.5710782824764585,0.5710782824764585,False,True,0.21779141104294478,0.03374233128834356,71,202,53,0.09021454327311253,0.12693075179969432,0.6415639519691467,0.43661971830985913,0.5166666666666667,0.4732824427480916,60,0.8217821782178217,0.8601036269430051,0.8405063291139241,193,0.6981132075471698,0.5873015873015873,73
comment_only,128,3e-05,0.2,focal_loss_gamma_1.5,0.025,0.06,0.01,indobenchmark/indobert-base-p2,indobert_base_p2__comment_only__len128__lr3em05__drop0p2__focal_loss_gamma_1.5__ls0p025,stage1,42,2,3,8,2,training_fold_only,1.7359999418258667,0.5817694664001465,1.4183006286621094,94b4e0a82081fa57f227fcc2024d1ea89b57ac1f,12.824524641036987,326,0.7944785276073619,0.7189550506197363,0.7878180920601292,0.710931027642618,0.6234130094562425,0.4528301886792453,0.7922077922077922,0.67308719358813,0.67308719358813,False,True,0.1196319018404908,0.04294478527607362,39,205,82,0.05318453697704827,0.10040373187137451,0.795559287071228,0.6153846153846154,0.4528301886792453,0.5217391304347826,53,0.848780487804878,0.8877551020408163,0.8678304239401496,196,0.7439024390243902,0.7672955974842768,77
comment_only,128,3e-05,0.2,focal_loss_gamma_1.5,0.025,0.06,0.01,indobenchmark/indobert-base-p2,indobert_base_p2__comment_only__len128__lr3em05__drop0p2__focal_loss_gamma_1.5__ls0p025,stage1,42,3,4,8,2,training_fold_only,1.9233038425445557,0.558697521686554,1.448888897895813,94b4e0a82081fa57f227fcc2024d1ea89b57ac1f,15.55839204788208,325,0.7230769230769231,0.6840635527540032,0.7328417288979714,0.7002849002849003,0.5592203350932369,0.6,0.6,0.6390707814179744,0.626763089110282,False,False,0.3046153846153846,0.10461538461538461,99,159,67,0.08278881072998047,0.12636055266018378,0.8023437261581421,0.47474747474747475,0.7230769230769231,0.573170731707317,65,0.8805031446540881,0.7777777777777778,0.8259587020648967,180,0.7164179104477612,0.6530612244897959,80
comment_only,128,3e-05,0.2,focal_loss_gamma_1.5,0.025,0.06,0.01,indobenchmark/indobert-base-p2,indobert_base_p2__comment_only__len128__lr3em05__drop0p2__focal_loss_gamma_1.5__ls0p025,stage1,42,ALL_OOF,3,8,2,training_fold_only,1.9233038425445557,0.558697521686554,1.448888897895813,94b4e0a82081fa57f227fcc2024d1ea89b57ac1f,15.55839204788208,977,0.7451381780962129,0.6829575622817435,0.7477596139142931,0.6838005179397229,0.5576227185076263,0.5730337078651685,0.6347826086956522,0.6374533942488394,0.6374533942488394,False,False,0.21392016376663256,0.031729785056294785,209,566,202,0.040207358044758064,0.11788968405398853,0.7464318602148562,0.4880382775119617,0.5730337078651685,0.5271317829457365,178,0.8480565371024735,0.843585237258348,0.8458149779735683,569,0.7227722772277227,0.6759259259259259,230
comment_only,128,2e-05,0.2,focal_loss_gamma_1.5,0.0,0.06,0.01,indobenchmark/indobert-base-p2,indobert_base_p2__comment_only__len128__lr2em05__drop0p2__focal_loss_gamma_1.5__ls0p0,stage1,42,1,7,8,2,training_fold_only,1.8389830589294434,0.5771276354789734,1.382165551185608,94b4e0a82081fa57f227fcc2024d1ea89b57ac1f,18.790372133255005,326,0.7331288343558282,0.6622698840130316,0.7329214495612549,0.6666205313838219,0.5318455156315833,0.45,0.726027397260274,0.6183212317131713,0.6183212317131713,False,True,0.17484662576687116,0.009202453987730064,57,189,80,0.10563293465076047,0.12519101555826062,0.8356181979179382,0.47368421052631576,0.45,0.46153846153846156,60,0.8412698412698413,0.8238341968911918,0.8324607329842932,193,0.6625,0.6928104575163399,73
comment_only,128,2e-05,0.2,focal_loss_gamma_1.5,0.0,0.06,0.01,indobenchmark/indobert-base-p2,indobert_base_p2__comment_only__len128__lr2em05__drop0p2__focal_loss_gamma_1.5__ls0p0,stage1,42,2,6,8,2,training_fold_only,1.7359999418258667,0.5817694664001465,1.4183006286621094,94b4e0a82081fa57f227fcc2024d1ea89b57ac1f,19.889076709747314,326,0.8098159509202454,0.7330447330447329,0.8017289459007251,0.7306157454405433,0.6559525851044297,0.4339622641509434,0.8701298701298701,0.6966794670583121,0.6966794670583121,False,True,0.10736196319018405,0.05521472392638037,35,200,91,0.08265303029604482,0.09955095167104631,0.8777879476547241,0.6571428571428571,0.4339622641509434,0.5227272727272727,53,0.87,0.8877551020408163,0.8787878787878788,196,0.7362637362637363,0.7976190476190477,77
comment_only,128,2e-05,0.2,focal_loss_gamma_1.5,0.0,0.06,0.01,indobenchmark/indobert-base-p2,indobert_base_p2__comment_only__len128__lr2em05__drop0p2__focal_loss_gamma_1.5__ls0p0,stage1,42,3,5,8,2,training_fold_only,1.9233038425445557,0.558697521686554,1.448888897895813,94b4e0a82081fa57f227fcc2024d1ea89b57ac1f,17.795210123062134,325,0.7292307692307692,0.6707710577537928,0.7301793958302591,0.6733618233618234,0.5461806070696972,0.49230769230769234,0.7,0.6269089428324446,0.6269089428324446,False,True,0.2,0.0,65,176,84,0.0605888274999765,0.1235133562806776,0.7790902256965637,0.49230769230769234,0.49230769230769234,0.49230769230769234,65,0.8465909090909091,0.8277777777777777,0.8370786516853933,180,0.6666666666666666,0.6829268292682927,80
comment_only,128,2e-05,0.2,focal_loss_gamma_1.5,0.0,0.06,0.01,indobenchmark/indobert-base-p2,indobert_base_p2__comment_only__len128__lr2em05__drop0p2__focal_loss_gamma_1.5__ls0p0,stage1,42,ALL_OOF,6,8,2,training_fold_only,1.9233038425445557,0.558697521686554,1.448888897895813,94b4e0a82081fa57f227fcc2024d1ea89b57ac1f,17.795210123062134,977,0.7574206755373593,0.6884712060345919,0.755136448235263,0.6909972414515476,0.5768364218412988,0.4606741573033708,0.7652173913043478,0.647439300235243,0.647439300235243,False,True,0.16069600818833163,0.021494370522006145,157,565,255,0.07346443479600441,0.11607750479371783,0.8308851103333637,0.5222929936305732,0.4606741573033708,0.48955223880597015,178,0.8530973451327434,0.8471001757469244,0.8500881834215167,569,0.6901960784313725,0.7257731958762886,230
comment_only,128,3e-05,0.3,focal_loss_gamma_2.0,0.025,0.06,0.01,indobenchmark/indobert-base-p2,indobert_base_p2__comment_only__len128__lr3em05__drop0p3__focal_loss_gamma_2.0__ls0p025,stage1,42,1,2,8,2,training_fold_only,1.8389830589294434,0.5771276354789734,1.382165551185608,94b4e0a82081fa57f227fcc2024d1ea89b57ac1f,9.7367582321167,326,0.7239263803680982,0.6382217485631637,0.7212319839420861,0.6508142680262774,0.5241684606707147,0.36666666666666664,0.7671232876712328,0.6008167950492792,0.6008167950492792,False,True,0.13496932515337423,0.04907975460122699,44,183,99,0.08698668262344195,0.12601113167086075,0.6452615857124329,0.5,0.36666666666666664,0.4230769230769231,60,0.8633879781420765,0.8186528497409327,0.8404255319148937,193,0.5656565656565656,0.6511627906976745,73
comment_only,128,3e-05,0.3,focal_loss_gamma_2.0,0.025,0.06,0.01,indobenchmark/indobert-base-p2,indobert_base_p2__comment_only__len128__lr3em05__drop0p3__focal_loss_gamma_2.0__ls0p025,stage1,42,2,7,8,2,training_fold_only,1.7359999418258667,0.5817694664001465,1.4183006286621094,94b4e0a82081fa57f227fcc2024d1ea89b57ac1f,20.306870460510254,326,0.7914110429447853,0.7155665880155418,0.7847946055018038,0.7151550156940992,0.6246429724628556,0.4339622641509434,0.8441558441558441,0.6781395130285339,0.6781395130285339,False,True,0.11042944785276074,0.052147239263803685,36,197,93,0.07388566470950661,0.10717439158274328,0.8582995533943176,0.6388888888888888,0.4339622641509434,0.5168539325842697,53,0.8629441624365483,0.8673469387755102,0.8651399491094147,196,0.6989247311827957,0.7647058823529411,77
comment_only,128,3e-05,0.3,focal_loss_gamma_2.0,0.025,0.06,0.01,indobenchmark/indobert-base-p2,indobert_base_p2__comment_only__len128__lr3em05__drop0p3__focal_loss_gamma_2.0__ls0p025,stage1,42,3,4,8,2,training_fold_only,1.9233038425445557,0.558697521686554,1.448888897895813,94b4e0a82081fa57f227fcc2024d1ea89b57ac1f,15.66684079170227,325,0.7169230769230769,0.6655031127933576,0.7215162570602153,0.6717236467236467,0.5320897892372801,0.5846153846153846,0.625,0.6244269269289864,0.6244269269289864,False,False,0.23384615384615384,0.03384615384615383,76,170,79,0.0447343124793126,0.12117001776913529,0.7284566760063171,0.5,0.5846153846153846,0.5390070921985816,65,0.8529411764705882,0.8055555555555556,0.8285714285714286,180,0.6329113924050633,0.6289308176100629,80
comment_only,128,3e-05,0.3,focal_loss_gamma_2.0,0.025,0.06,0.01,indobenchmark/indobert-base-p2,indobert_base_p2__comment_only__len128__lr3em05__drop0p3__focal_loss_gamma_2.0__ls0p025,stage1,42,ALL_OOF,4,8,2,training_fold_only,1.9233038425445557,0.558697521686554,1.448888897895813,94b4e0a82081fa57f227fcc2024d1ea89b57ac1f,15.66684079170227,977,0.744114636642784,0.6750127983532489,0.7436072997123192,0.6803511160831187,0.5583955043586784,0.46629213483146065,0.7434782608695653,0.6351738148639646,0.6351738148639646,False,True,0.15967246673490276,0.022517911975435012,156,550,271,0.0167116444698986,0.11811539047441218,0.7440218946828813,0.532051282051282,0.46629213483146065,0.49700598802395207,178,0.86,0.8312829525483304,0.8453976764968723,569,0.6309963099630996,0.6826347305389222,230
comment_only,128,2e-05,0.1,cross_entropy,0.05,0.06,0.01,indobenchmark/indobert-base-p2,indobert_base_p2__comment_only__len128__lr2em05__drop0p1__cross_entropy__ls0p05,stage1,42,1,6,8,2,training_fold_only,1.8389830589294434,0.5771276354789734,1.382165551185608,94b4e0a82081fa57f227fcc2024d1ea89b57ac1f,18.688474655151367,326,0.7484662576687117,0.6856631341167424,0.7481412869591986,0.6840312773558569,0.5535756576806199,0.55,0.6575342465753424,0.637490620406218,0.637490620406218,False,False,0.18711656441717792,0.003067484662576697,61,195,70,0.15871633360722312,0.13216827743598814,0.894191324710846,0.5409836065573771,0.55,0.5454545454545454,60,0.8358974358974359,0.844559585492228,0.8402061855670103,193,0.6857142857142857,0.6713286713286714,73
comment_only,128,2e-05,0.1,cross_entropy,0.05,0.06,0.01,indobenchmark/indobert-base-p2,indobert_base_p2__comment_only__len128__lr2em05__drop0p1__cross_entropy__ls0p05,stage1,42,2,6,8,2,training_fold_only,1.7359999418258667,0.5817694664001465,1.4183006286621094,94b4e0a82081fa57f227fcc2024d1ea89b57ac1f,19.775453567504883,326,0.7975460122699386,0.732408990186768,0.7959817990083838,0.7336145435875894,0.6372119785574881,0.5283018867924528,0.8051948051948052,0.6971693563872932,0.6971693563872932,False,True,0.1441717791411043,0.018404907975460127,47,194,85,0.12344929082262009,0.1090248414139902,0.9135228395462036,0.5957446808510638,0.5283018867924528,0.56,53,0.8762886597938144,0.8673469387755102,0.8717948717948718,196,0.7294117647058823,0.7654320987654321,77
comment_only,128,2e-05,0.1,cross_entropy,0.05,0.06,0.01,indobenchmark/indobert-base-p2,indobert_base_p2__comment_only__len128__lr2em05__drop0p1__cross_entropy__ls0p05,stage1,42,3,4,8,2,training_fold_only,1.9233038425445557,0.558697521686554,1.448888897895813,94b4e0a82081fa57f227fcc2024d1ea89b57ac1f,15.235439538955688,325,0.7138461538461538,0.6715828572947435,0.7242171709558753,0.6872150997150998,0.5434980352555268,0.6125,0.6125,0.633480649010119,0.6288652643947344,False,False,0.28923076923076924,0.08923076923076922,94,157,74,0.13850064314328708,0.13552606635563738,0.8523467779159546,0.46808510638297873,0.676923076923077,0.5534591194968553,65,0.8853503184713376,0.7722222222222223,0.8249258160237388,180,0.6621621621621622,0.6363636363636364,80
comment_only,128,2e-05,0.1,cross_entropy,0.05,0.06,0.01,indobenchmark/indobert-base-p2,indobert_base_p2__comment_only__len128__lr2em05__drop0p1__cross_entropy__ls0p05,stage1,42,ALL_OOF,6,8,2,training_fold_only,1.9233038425445557,0.558697521686554,1.448888897895813,94b4e0a82081fa57f227fcc2024d1ea89b57ac1f,15.235439538955688,977,0.7533265097236438,0.6973596025880523,0.7568589039420112,0.7035724905265225,0.5765698938725764,0.5898876404494382,0.691304347826087,0.6602135012543439,0.6602135012543439,False,False,0.2067553735926305,0.024564994882292718,202,546,229,0.13357302958303974,0.1255628745003863,0.8867221495390183,0.5198019801980198,0.5898876404494382,0.5526315789473685,178,0.8644688644688645,0.8295254833040422,0.8466367713004485,569,0.6943231441048034,0.6928104575163399,230
context_sep_comment,128,1e-05,0.1,cross_entropy,0.0,0.06,0.01,indobenchmark/indobert-base-p2,indobert_base_p2__context_sep_comment__len128__lr1em05__drop0p1__cross_entropy__ls0p0,stage1,42,1,5,8,2,training_fold_only,1.8389830589294434,0.5771276354789734,1.382165551185608,94b4e0a82081fa57f227fcc2024d1ea89b57ac1f,17.80198097229004,326,0.7638036809815951,0.7105234447422936,0.7654750833200443,0.7173583015906814,0.5895606719247246,0.5833333333333334,0.7397260273972602,0.6756637440473232,0.6756637440473232,False,False,0.18098159509202455,0.0030674846625766694,59,185,82,0.06169137239821849,0.11260325963361868,0.8254950642585754,0.5932203389830508,0.5833333333333334,0.5882352941176471,60,0.8648648648648649,0.8290155440414507,0.8465608465608465,193,0.6585365853658537,0.6967741935483871,73
context_sep_comment,128,1e-05,0.1,cross_entropy,0.0,0.06,0.01,indobenchmark/indobert-base-p2,indobert_base_p2__context_sep_comment__len128__lr1em05__drop0p1__cross_entropy__ls0p0,stage1,42,2,6,8,2,training_fold_only,1.7359999418258667,0.5817694664001465,1.4183006286621094,94b4e0a82081fa57f227fcc2024d1ea89b57ac1f,20.98646879196167,326,0.7699386503067485,0.6949940947167318,0.7721037123165579,0.6992421325305421,0.5912845415037237,0.5471698113207547,0.6883116883116883,0.6556730159462401,0.6556730159462401,False,True,0.17177914110429449,0.009202453987730064,56,191,79,0.07285871352154785,0.10663612890276923,0.8427973985671997,0.5178571428571429,0.5471698113207547,0.5321100917431193,53,0.8848167539267016,0.8622448979591837,0.8733850129198967,196,0.6708860759493671,0.6794871794871795,77
context_sep_comment,128,1e-05,0.1,cross_entropy,0.0,0.06,0.01,indobenchmark/indobert-base-p2,indobert_base_p2__context_sep_comment__len128__lr1em05__drop0p1__cross_entropy__ls0p0,stage1,42,3,5,8,2,training_fold_only,1.9233038425445557,0.558697521686554,1.448888897895813,94b4e0a82081fa57f227fcc2024d1ea89b57ac1f,18.67176580429077,325,0.7446153846153846,0.6814432516744655,0.7431097418958691,0.6839743589743589,0.5713852286678114,0.47692307692307695,0.725,0.6389519612162812,0.6389519612162812,False,True,0.16923076923076924,0.03076923076923077,55,177,93,0.0888891305373265,0.12414037241083568,0.8023688197135925,0.5636363636363636,0.47692307692307695,0.5166666666666667,65,0.864406779661017,0.85,0.8571428571428571,180,0.6236559139784946,0.6705202312138728,80
context_sep_comment,128,1e-05,0.1,cross_entropy,0.0,0.06,0.01,indobenchmark/indobert-base-p2,indobert_base_p2__context_sep_comment__len128__lr1em05__drop0p1__cross_entropy__ls0p0,stage1,42,ALL_OOF,5,8,2,training_fold_only,1.9233038425445557,0.558697521686554,1.448888897895813,94b4e0a82081fa57f227fcc2024d1ea89b57ac1f,18.67176580429077,977,0.759467758444217,0.6956584096543529,0.7603638998458176,0.6993997817544299,0.583951933892251,0.5337078651685393,0.717391304347826,0.65622320889259,0.65622320889259,False,True,0.17400204708290687,0.008188331627430906,170,553,254,0.06463948798155224,0.11445001189793047,0.8235754289548985,0.5588235294117647,0.5337078651685393,0.5459770114942529,178,0.8716094032549728,0.8471001757469244,0.8591800356506238,569,0.6496062992125984,0.6818181818181818,230
context_sep_comment,128,2e-05,0.2,cross_entropy,0.025,0.06,0.01,indobenchmark/indobert-base-p2,indobert_base_p2__context_sep_comment__len128__lr2em05__drop0p2__cross_entropy__ls0p025,stage1,42,1,3,8,2,training_fold_only,1.8389830589294434,0.5771276354789734,1.382165551185608,94b4e0a82081fa57f227fcc2024d1ea89b57ac1f,12.652872085571289,326,0.7638036809815951,0.7071238917479731,0.7644927001958634,0.7078516730940608,0.5833584935773328,0.5666666666666667,0.7123287671232876,0.6650625053888448,0.6650625053888448,False,False,0.1901840490797546,0.006134969325153394,62,192,72,0.05291820267226799,0.115273400352503,0.8057700395584106,0.5483870967741935,0.5666666666666667,0.5573770491803278,60,0.8489583333333334,0.844559585492228,0.8467532467532467,193,0.7222222222222222,0.7172413793103448,73
context_sep_comment,128,2e-05,0.2,cross_entropy,0.025,0.06,0.01,indobenchmark/indobert-base-p2,indobert_base_p2__context_sep_comment__len128__lr2em05__drop0p2__cross_entropy__ls0p025,stage1,42,2,6,8,2,training_fold_only,1.7359999418258667,0.5817694664001465,1.4183006286621094,94b4e0a82081fa57f227fcc2024d1ea89b57ac1f,21.002814292907715,326,0.7791411042944786,0.7113552037918279,0.783426133394378,0.7181100570588441,0.6104417991308212,0.6037735849056604,0.6883116883116883,0.6763190183832163,0.6763190183832163,False,False,0.19631901840490798,0.03374233128834356,64,190,72,0.09818086156084496,0.10749171158592209,0.8735780119895935,0.5,0.6037735849056604,0.5470085470085471,53,0.8894736842105263,0.8622448979591837,0.8756476683937824,196,0.7361111111111112,0.7114093959731543,77
context_sep_comment,128,2e-05,0.2,cross_entropy,0.025,0.06,0.01,indobenchmark/indobert-base-p2,indobert_base_p2__context_sep_comment__len128__lr2em05__drop0p2__cross_entropy__ls0p025,stage1,42,3,6,8,2,training_fold_only,1.9233038425445557,0.558697521686554,1.448888897895813,94b4e0a82081fa57f227fcc2024d1ea89b57ac1f,20.745800256729126,325,0.7476923076923077,0.6962600095130215,0.7507724897900987,0.7018162393162394,0.5812444713154582,0.5846153846153846,0.6875,0.6588790675815179,0.6588790675815179,False,False,0.20923076923076922,0.009230769230769209,68,171,86,0.1220113582794483,0.13084007758260982,0.8686192035675049,0.5588235294117647,0.5846153846153846,0.5714285714285714,65,0.8771929824561403,0.8333333333333334,0.8547008547008547,180,0.6395348837209303,0.6626506024096386,80
context_sep_comment,128,2e-05,0.2,cross_entropy,0.025,0.06,0.01,indobenchmark/indobert-base-p2,indobert_base_p2__context_sep_comment__len128__lr2em05__drop0p2__cross_entropy__ls0p025,stage1,42,ALL_OOF,6,8,2,training_fold_only,1.9233038425445557,0.558697521686554,1.448888897895813,94b4e0a82081fa57f227fcc2024d1ea89b57ac1f,20.745800256729126,977,0.7635619242579325,0.7046573315033013,0.7660187533322774,0.7090073375271054,0.5917815281915527,0.5842696629213483,0.6956521739130435,0.6664884777576123,0.6664884777576123,False,False,0.1985670419651996,0.016376663254861812,194,553,230,0.08906182353913848,0.11785511955076962,0.8493026686849467,0.5360824742268041,0.5842696629213483,0.5591397849462365,178,0.8716094032549728,0.8471001757469244,0.8591800356506238,569,0.6956521739130435,0.6956521739130435,230
context_sep_comment,128,3e-05,0.3,cross_entropy,0.0,0.06,0.01,indobenchmark/indobert-base-p2,indobert_base_p2__context_sep_comment__len128__lr3em05__drop0p3__cross_entropy__ls0p0,stage1,42,1,3,8,2,training_fold_only,1.8389830589294434,0.5771276354789734,1.382165551185608,94b4e0a82081fa57f227fcc2024d1ea89b57ac1f,12.806783676147461,326,0.7638036809815951,0.7117274753704538,0.7694015402363306,0.7241547779591645,0.5967620476690472,0.65,0.6986301369863014,0.6825999385652808,0.6825999385652808,False,False,0.22392638036809817,0.03987730061349695,73,179,74,0.07565845997055616,0.11651970395538835,0.8052060008049011,0.5342465753424658,0.65,0.5864661654135338,60,0.888268156424581,0.8238341968911918,0.8548387096774194,193,0.6891891891891891,0.6938775510204082,73
context_sep_comment,128,3e-05,0.3,cross_entropy,0.0,0.06,0.01,indobenchmark/indobert-base-p2,indobert_base_p2__context_sep_comment__len128__lr3em05__drop0p3__cross_entropy__ls0p0,stage1,42,2,5,8,2,training_fold_only,1.7359999418258667,0.5817694664001465,1.4183006286621094,94b4e0a82081fa57f227fcc2024d1ea89b57ac1f,18.583500623703003,326,0.7852760736196319,0.7158101014400228,0.789337553219129,0.7254757820795557,0.6242183725704744,0.5660377358490566,0.7532467532467533,0.6860478333353648,0.6860478333353648,False,False,0.17791411042944785,0.01533742331288343,58,185,83,0.07311964062459629,0.10933234330401898,0.8425542116165161,0.5172413793103449,0.5660377358490566,0.5405405405405406,53,0.9081081081081082,0.8571428571428571,0.8818897637795275,196,0.6987951807228916,0.725,77
context_sep_comment,128,3e-05,0.3,cross_entropy,0.0,0.06,0.01,indobenchmark/indobert-base-p2,indobert_base_p2__context_sep_comment__len128__lr3em05__drop0p3__cross_entropy__ls0p0,stage1,42,3,4,8,2,training_fold_only,1.9233038425445557,0.558697521686554,1.448888897895813,94b4e0a82081fa57f227fcc2024d1ea89b57ac1f,16.197594165802002,325,0.7384615384615385,0.6964343786295006,0.7479017242919682,0.7126424501424502,0.5817049595377063,0.6615384615384615,0.6875,0.6722569227472527,0.6722569227472527,False,False,0.26153846153846155,0.06153846153846154,85,156,84,0.06186329685724701,0.12325286586912837,0.7879535555839539,0.5058823529411764,0.6615384615384615,0.5733333333333334,65,0.9102564102564102,0.7888888888888889,0.8452380952380952,180,0.6547619047619048,0.6707317073170732,80
context_sep_comment,128,3e-05,0.3,cross_entropy,0.0,0.06,0.01,indobenchmark/indobert-base-p2,indobert_base_p2__context_sep_comment__len128__lr3em05__drop0p3__cross_entropy__ls0p0,stage1,42,ALL_OOF,4,8,2,training_fold_only,1.9233038425445557,0.558697521686554,1.448888897895813,94b4e0a82081fa57f227fcc2024d1ea89b57ac1f,16.197594165802002,977,0.7625383828045036,0.7087530854927738,0.7691613792952823,0.7221700123260382,0.6010331528544736,0.6292134831460674,0.7130434782608696,0.6812943677605614,0.6812943677605614,False,False,0.2210849539406346,0.038894575230296824,216,520,241,0.0604200883860964,0.11636125777997065,0.8119291129656433,0.5185185185185185,0.6292134831460674,0.5685279187817259,178,0.9019230769230769,0.8242530755711776,0.8613406795224977,569,0.6804979253112033,0.6963906581740976,230
context_sep_comment,128,1e-05,0.2,weighted_cross_entropy,0.0,0.06,0.01,indobenchmark/indobert-base-p2,indobert_base_p2__context_sep_comment__len128__lr1em05__drop0p2__weighted_cross_entropy__ls0p0,stage1,42,1,1,8,2,training_fold_only,1.8389830589294434,0.5771276354789734,1.382165551185608,94b4e0a82081fa57f227fcc2024d1ea89b57ac1f,7.683188199996948,326,0.6748466257668712,0.6252938107020821,0.6883696186578906,0.6503663220321606,0.47336253295664504,0.6027397260273972,0.6027397260273972,0.5956334727698445,0.5956334727698445,False,False,0.2392638036809816,0.05521472392638038,78,157,91,0.19370352636817048,0.17910797444262525,0.4811430871486664,0.48717948717948717,0.6333333333333333,0.5507246376811594,60,0.8789808917197452,0.7150259067357513,0.7885714285714286,193,0.4835164835164835,0.5365853658536586,73
context_sep_comment,128,1e-05,0.2,weighted_cross_entropy,0.0,0.06,0.01,indobenchmark/indobert-base-p2,indobert_base_p2__context_sep_comment__len128__lr1em05__drop0p2__weighted_cross_entropy__ls0p0,stage1,42,2,8,8,2,training_fold_only,1.7359999418258667,0.5817694664001465,1.4183006286621094,94b4e0a82081fa57f227fcc2024d1ea89b57ac1f,20.691438913345337,326,0.7668711656441718,0.703070165542243,0.7746517821089903,0.7204845917783923,0.6007945207127021,0.6415094339622641,0.6883116883116883,0.6778400905070812,0.6778400905070812,False,False,0.20552147239263804,0.04294478527607362,67,178,81,0.0769011731162393,0.1150116061387354,0.8266186118125916,0.5074626865671642,0.6415094339622641,0.5666666666666667,53,0.9157303370786517,0.8316326530612245,0.8716577540106952,196,0.654320987654321,0.6708860759493671,77
context_sep_comment,128,1e-05,0.2,weighted_cross_entropy,0.0,0.06,0.01,indobenchmark/indobert-base-p2,indobert_base_p2__context_sep_comment__len128__lr1em05__drop0p2__weighted_cross_entropy__ls0p0,stage1,42,3,5,8,2,training_fold_only,1.9233038425445557,0.558697521686554,1.448888897895813,94b4e0a82081fa57f227fcc2024d1ea89b57ac1f,18.679492235183716,325,0.72,0.6790141816457607,0.7303367519156992,0.6969017094017094,0.5549802365102375,0.6615384615384615,0.6625,0.6547357038245988,0.6547357038245988,False,False,0.2676923076923077,0.06769230769230766,87,153,85,0.05620540435497577,0.13206864570106838,0.7627843022346497,0.4942528735632184,0.6615384615384615,0.5657894736842105,65,0.9019607843137255,0.7666666666666667,0.8288288288288288,180,0.6235294117647059,0.6424242424242425,80
context_sep_comment,128,1e-05,0.2,weighted_cross_entropy,0.0,0.06,0.01,indobenchmark/indobert-base-p2,indobert_base_p2__context_sep_comment__len128__lr1em05__drop0p2__weighted_cross_entropy__ls0p0,stage1,42,ALL_OOF,5,8,2,training_fold_only,1.9233038425445557,0.558697521686554,1.448888897895813,94b4e0a82081fa57f227fcc2024d1ea89b57ac1f,18.679492235183716,977,0.7205731832139202,0.6692149425928373,0.7309916835238877,0.689923442338782,0.5426304906264519,0.6460674157303371,0.6521739130434783,0.6445793807180245,0.6445793807180245,False,False,0.2374616171954964,0.055271238485158636,232,488,257,0.09496249025163288,0.14207297137937983,0.6901076608694929,0.4956896551724138,0.6460674157303371,0.5609756097560976,178,0.8995901639344263,0.7715289982425307,0.8306527909176916,569,0.5836575875486382,0.6160164271047228,230
context_sep_comment,128,2e-05,0.3,weighted_cross_entropy,0.025,0.06,0.01,indobenchmark/indobert-base-p2,indobert_base_p2__context_sep_comment__len128__lr2em05__drop0p3__weighted_cross_entropy__ls0p025,stage1,42,1,5,8,2,training_fold_only,1.8389830589294434,0.5771276354789734,1.382165551185608,94b4e0a82081fa57f227fcc2024d1ea89b57ac1f,18.281819820404053,326,0.7515337423312883,0.7014458360203193,0.7573749835761564,0.7181067184012745,0.5812910540227229,0.6166666666666667,0.7397260273972602,0.6762766047160327,0.6762766047160327,False,False,0.19938650306748465,0.01533742331288343,65,173,88,0.07768427374904142,0.1180672633321146,0.8292180299758911,0.5692307692307692,0.6166666666666667,0.592,60,0.8901734104046243,0.7979274611398963,0.8415300546448088,193,0.6136363636363636,0.6708074534161491,73
context_sep_comment,128,2e-05,0.3,weighted_cross_entropy,0.025,0.06,0.01,indobenchmark/indobert-base-p2,indobert_base_p2__context_sep_comment__len128__lr2em05__drop0p3__weighted_cross_entropy__ls0p025,stage1,42,2,7,8,2,training_fold_only,1.7359999418258667,0.5817694664001465,1.4183006286621094,94b4e0a82081fa57f227fcc2024d1ea89b57ac1f,21.346261262893677,326,0.7822085889570553,0.7201496787809253,0.7874495754046001,0.7362487018821251,0.6269000728437296,0.5849056603773585,0.7922077922077922,0.6983446219760278,0.6983446219760278,False,False,0.17177914110429449,0.009202453987730064,56,177,93,0.09350732718508667,0.11303396064705395,0.8574666380882263,0.5535714285714286,0.5849056603773585,0.5688073394495413,53,0.9209039548022598,0.8316326530612245,0.8739946380697051,196,0.6559139784946236,0.7176470588235294,77
context_sep_comment,128,2e-05,0.3,weighted_cross_entropy,0.025,0.06,0.01,indobenchmark/indobert-base-p2,indobert_base_p2__context_sep_comment__len128__lr2em05__drop0p3__weighted_cross_entropy__ls0p025,stage1,42,3,2,8,2,training_fold_only,1.9233038425445557,0.558697521686554,1.448888897895813,94b4e0a82081fa57f227fcc2024d1ea89b57ac1f,11.009268760681152,325,0.6553846153846153,0.6108027235552108,0.671285944484618,0.6281339031339032,0.4628918780971019,0.5538461538461539,0.625,0.5805019909811576,0.5805019909811576,False,False,0.24,0.03999999999999998,78,141,106,0.04434824255796581,0.14919882145737884,0.6578631401062012,0.46153846153846156,0.5538461538461539,0.5034965034965035,65,0.900709219858156,0.7055555555555556,0.7912772585669782,180,0.4716981132075472,0.5376344086021505,80
context_sep_comment,128,2e-05,0.3,weighted_cross_entropy,0.025,0.06,0.01,indobenchmark/indobert-base-p2,indobert_base_p2__context_sep_comment__len128__lr2em05__drop0p3__weighted_cross_entropy__ls0p025,stage1,42,ALL_OOF,5,8,2,training_fold_only,1.9233038425445557,0.558697521686554,1.448888897895813,94b4e0a82081fa57f227fcc2024d1ea89b57ac1f,11.009268760681152,977,0.72978505629478,0.6759192864426881,0.7386766686829371,0.6939924372443821,0.5555966117280344,0.5842696629213483,0.717391304347826,0.6506360293102705,0.6506360293102705,False,False,0.20368474923234392,0.021494370522006145,199,491,287,0.05185745322472486,0.12674372138322343,0.7816425095195048,0.5226130653266332,0.5842696629213483,0.5517241379310345,178,0.9042769857433809,0.7803163444639719,0.8377358490566038,569,0.5749128919860628,0.6382978723404256,230
context_sep_comment,128,3e-05,0.1,weighted_cross_entropy,0.0,0.06,0.01,indobenchmark/indobert-base-p2,indobert_base_p2__context_sep_comment__len128__lr3em05__drop0p1__weighted_cross_entropy__ls0p0,stage1,42,1,2,8,2,training_fold_only,1.8389830589294434,0.5771276354789734,1.382165551185608,94b4e0a82081fa57f227fcc2024d1ea89b57ac1f,10.290823936462402,326,0.7423312883435583,0.7070149850764639,0.7562303776406901,0.7455315809812225,0.5969558340115022,0.7123287671232876,0.7123287671232876,0.6960664238218252,0.6793179575641565,False,False,0.29754601226993865,0.11349693251533743,97,152,77,0.030131087347042326,0.12344746280854617,0.7646272778511047,0.4845360824742268,0.7833333333333333,0.5987261146496815,60,0.9407894736842105,0.7409326424870466,0.8289855072463768,193,0.6753246753246753,0.6933333333333334,73
context_sep_comment,128,3e-05,0.1,weighted_cross_entropy,0.0,0.06,0.01,indobenchmark/indobert-base-p2,indobert_base_p2__context_sep_comment__len128__lr3em05__drop0p1__weighted_cross_entropy__ls0p0,stage1,42,2,5,8,2,training_fold_only,1.7359999418258667,0.5817694664001465,1.4183006286621094,94b4e0a82081fa57f227fcc2024d1ea89b57ac1f,17.498257875442505,326,0.7668711656441718,0.6969331279318437,0.7707118378286325,0.7054264244291198,0.5908753998698191,0.5471698113207547,0.7272727272727273,0.6630035859139797,0.6630035859139797,False,True,0.17791411042944785,0.01533742331288343,58,186,82,0.1857610570689652,0.1377649821780426,0.9504493474960327,0.5,0.5471698113207547,0.5225225225225225,53,0.8870967741935484,0.8418367346938775,0.8638743455497382,196,0.6829268292682927,0.7044025157232704,77
context_sep_comment,128,3e-05,0.1,weighted_cross_entropy,0.0,0.06,0.01,indobenchmark/indobert-base-p2,indobert_base_p2__context_sep_comment__len128__lr3em05__drop0p1__weighted_cross_entropy__ls0p0,stage1,42,3,4,8,2,training_fold_only,1.9233038425445557,0.558697521686554,1.448888897895813,94b4e0a82081fa57f227fcc2024d1ea89b57ac1f,16.272813081741333,325,0.7292307692307692,0.6863320555339504,0.7390574608377808,0.7018874643874643,0.5671648745161367,0.6153846153846154,0.7125,0.6610377124334387,0.6610377124334387,False,False,0.2553846153846154,0.055384615384615365,83,155,87,0.16093897856198822,0.1381067007791205,0.8892593383789062,0.4819277108433735,0.6153846153846154,0.5405405405405406,65,0.9032258064516129,0.7777777777777778,0.835820895522388,180,0.6551724137931034,0.6826347305389222,80
context_sep_comment,128,3e-05,0.1,weighted_cross_entropy,0.0,0.06,0.01,indobenchmark/indobert-base-p2,indobert_base_p2__context_sep_comment__len128__lr3em05__drop0p1__weighted_cross_entropy__ls0p0,stage1,42,ALL_OOF,4,8,2,training_fold_only,1.9233038425445557,0.558697521686554,1.448888897895813,94b4e0a82081fa57f227fcc2024d1ea89b57ac1f,16.272813081741333,977,0.7461617195496417,0.698220255797524,0.7561753080197746,0.7188076396824593,0.5840729822911652,0.651685393258427,0.717391304347826,0.677800778962526,0.677800778962526,False,False,0.2436028659160696,0.061412487205731836,238,493,246,0.12192863283894322,0.13310126381679088,0.868090352388585,0.48739495798319327,0.651685393258427,0.5576923076923077,178,0.9087221095334685,0.7873462214411248,0.8436911487758946,569,0.6707317073170732,0.6932773109243697,230
comment_only,128,3e-05,0.1,weighted_cross_entropy,0.0,0.06,0.01,indobenchmark/indobert-base-p2,indobert_base_p2__comment_only__len128__lr3em05__drop0p1__weighted_cross_entropy__ls0p0,stage2,42,1,5,12,3,training_fold_only,1.8078703880310059,0.5837070345878601,1.3630017042160034,94b4e0a82081fa57f227fcc2024d1ea89b57ac1f,22.831916570663452,196,0.8214285714285714,0.7671266037279109,0.8223733938019651,0.7733264662963372,0.6715077341110414,0.6470588235294118,0.7948717948717948,0.738109512345063,0.738109512345063,False,False,0.17346938775510204,0.0,34,120,42,0.13908711167014376,0.10411814743892435,0.9587394595146179,0.6470588235294118,0.6470588235294118,0.6470588235294118,34,0.9,0.8780487804878049,0.8888888888888888,123,0.7380952380952381,0.7654320987654321,39
comment_only,128,3e-05,0.1,weighted_cross_entropy,0.0,0.06,0.01,indobenchmark/indobert-base-p2,indobert_base_p2__comment_only__len128__lr3em05__drop0p1__weighted_cross_entropy__ls0p0,stage2,42,2,3,12,3,training_fold_only,1.8729016780853271,0.577235758304596,1.3630017042160034,94b4e0a82081fa57f227fcc2024d1ea89b57ac1f,16.275753498077393,196,0.7857142857142857,0.7354865049090226,0.7865069864807026,0.7440243372446762,0.6224532355875441,0.5897435897435898,0.7948717948717948,0.7041451627717217,0.7041451627717217,False,False,0.19387755102040816,0.005102040816326536,38,114,44,0.14951914640105504,0.1215037002130807,0.9101771116256714,0.6052631578947368,0.5897435897435898,0.5974025974025974,39,0.8771929824561403,0.847457627118644,0.8620689655172413,118,0.7045454545454546,0.7469879518072289,39
comment_only,128,3e-05,0.1,weighted_cross_entropy,0.0,0.06,0.01,indobenchmark/indobert-base-p2,indobert_base_p2__comment_only__len128__lr3em05__drop0p1__weighted_cross_entropy__ls0p0,stage2,42,3,4,12,3,training_fold_only,1.7732425928115845,0.5703865885734558,1.4644194841384888,94b4e0a82081fa57f227fcc2024d1ea89b57ac1f,19.416943311691284,195,0.764102564102564,0.7147102959143842,0.7698481138436425,0.7303852061916579,0.6026776446224293,0.6774193548387096,0.6923076923076923,0.688954329418502,0.688954329418502,False,False,0.21025641025641026,0.051282051282051294,41,105,49,0.17716380541141216,0.13893619544032929,0.9304212331771851,0.5121951219512195,0.6774193548387096,0.5833333333333334,31,0.8761904761904762,0.8214285714285714,0.847926267281106,112,0.7346938775510204,0.7128712871287128,52
comment_only,128,3e-05,0.1,weighted_cross_entropy,0.0,0.06,0.01,indobenchmark/indobert-base-p2,indobert_base_p2__comment_only__len128__lr3em05__drop0p1__weighted_cross_entropy__ls0p0,stage2,42,4,4,12,3,training_fold_only,1.8619047403335571,0.5703865885734558,1.4090089797973633,94b4e0a82081fa57f227fcc2024d1ea89b57ac1f,19.530136346817017,195,0.7589743589743589,0.7102315539326494,0.7648962945128829,0.7244395711500974,0.6004114253937383,0.6052631578947368,0.7555555555555555,0.6845996127581911,0.6845996127581911,False,False,0.2205128205128205,0.025641025641025633,43,101,51,0.1775427133609087,0.13605411720283464,0.9311642646789551,0.5348837209302325,0.6052631578947368,0.5679012345679012,38,0.900990099009901,0.8125,0.8544600938967136,112,0.6666666666666666,0.7083333333333334,45
comment_only,128,3e-05,0.1,weighted_cross_entropy,0.0,0.06,0.01,indobenchmark/indobert-base-p2,indobert_base_p2__comment_only__len128__lr3em05__drop0p1__weighted_cross_entropy__ls0p0,stage2,42,5,4,12,3,training_fold_only,1.8356807231903076,0.5605734586715698,1.4895237684249878,94b4e0a82081fa57f227fcc2024d1ea89b57ac1f,18.37062931060791,195,0.7948717948717948,0.7409234803601001,0.7943297577100393,0.7406630406630407,0.6589559980378084,0.5555555555555556,0.7818181818181819,0.7055043281798452,0.7055043281798452,False,False,0.1794871794871795,0.005128205128205138,35,104,56,0.1406369797694378,0.11040115039971672,0.9212504625320435,0.5714285714285714,0.5555555555555556,0.5633802816901409,36,0.8846153846153846,0.8846153846153846,0.8846153846153846,104,0.7678571428571429,0.7747747747747747,55
comment_only,128,3e-05,0.1,weighted_cross_entropy,0.0,0.06,0.01,indobenchmark/indobert-base-p2,indobert_base_p2__comment_only__len128__lr3em05__drop0p1__weighted_cross_entropy__ls0p0,stage2,42,ALL_OOF,4,12,3,training_fold_only,1.8356807231903076,0.5605734586715698,1.4895237684249878,94b4e0a82081fa57f227fcc2024d1ea89b57ac1f,18.37062931060791,977,0.7850562947799385,0.733411953296593,0.78767635175058,0.7406955869234673,0.6311575645165993,0.6123595505617978,0.7608695652173914,0.7029608007180369,0.7029608007180369,False,False,0.195496417604913,0.013306038894575212,191,544,242,0.15216590846939249,0.12218343642708772,0.9303589008115575,0.5706806282722513,0.6123595505617978,0.5907859078590786,178,0.8878676470588235,0.8488576449912126,0.8679245283018868,569,0.7231404958677686,0.7415254237288136,230
comment_only,128,1e-05,0.2,weighted_cross_entropy,0.0,0.06,0.01,indobenchmark/indobert-base-p2,indobert_base_p2__comment_only__len128__lr1em05__drop0p2__weighted_cross_entropy__ls0p0,stage2,42,1,7,12,3,training_fold_only,1.8078703880310059,0.5837070345878601,1.3630017042160034,94b4e0a82081fa57f227fcc2024d1ea89b57ac1f,28.142905950546265,196,0.8061224489795918,0.7575580586844667,0.810892867785412,0.779384173932237,0.6578026715939441,0.7058823529411765,0.7948717948717948,0.7422461283972782,0.7422461283972782,False,False,0.19387755102040816,0.020408163265306117,38,112,46,0.09005064182743733,0.10121665054454039,0.8753034472465515,0.631578947368421,0.7058823529411765,0.6666666666666666,34,0.9196428571428571,0.8373983739837398,0.8765957446808511,123,0.6739130434782609,0.7294117647058823,39
comment_only,128,1e-05,0.2,weighted_cross_entropy,0.0,0.06,0.01,indobenchmark/indobert-base-p2,indobert_base_p2__comment_only__len128__lr1em05__drop0p2__weighted_cross_entropy__ls0p0,stage2,42,2,2,12,3,training_fold_only,1.8729016780853271,0.577235758304596,1.3630017042160034,94b4e0a82081fa57f227fcc2024d1ea89b57ac1f,13.962560653686523,196,0.7806122448979592,0.7274316771842283,0.7880506251027932,0.7526437780675069,0.63334922174365,0.6153846153846154,0.8205128205128205,0.7134717468878019,0.7134717468878019,False,False,0.2193877551020408,0.020408163265306117,43,103,50,0.10320866776972398,0.1233125298162711,0.6774035692214966,0.5581395348837209,0.6153846153846154,0.5853658536585366,39,0.941747572815534,0.8220338983050848,0.8778280542986425,118,0.64,0.7191011235955056,39
comment_only,128,1e-05,0.2,weighted_cross_entropy,0.0,0.06,0.01,indobenchmark/indobert-base-p2,indobert_base_p2__comment_only__len128__lr1em05__drop0p2__weighted_cross_entropy__ls0p0,stage2,42,3,4,12,3,training_fold_only,1.7732425928115845,0.5703865885734558,1.4644194841384888,94b4e0a82081fa57f227fcc2024d1ea89b57ac1f,18.7227623462677,195,0.7076923076923077,0.6555559804531649,0.7233196495503944,0.6811857497341368,0.5342365722682006,0.5806451612903226,0.7307692307692307,0.6390702337073071,0.638044592681666,False,False,0.24102564102564103,0.08205128205128207,47,91,57,0.1047249470001612,0.13588111062077612,0.812417209148407,0.3829787234042553,0.5806451612903226,0.46153846153846156,31,0.9010989010989011,0.7321428571428571,0.8078817733990148,112,0.6666666666666666,0.6972477064220184,52
comment_only,128,1e-05,0.2,weighted_cross_entropy,0.0,0.06,0.01,indobenchmark/indobert-base-p2,indobert_base_p2__comment_only__len128__lr1em05__drop0p2__weighted_cross_entropy__ls0p0,stage2,42,4,5,12,3,training_fold_only,1.8619047403335571,0.5703865885734558,1.4090089797973633,94b4e0a82081fa57f227fcc2024d1ea89b57ac1f,23.001997709274292,195,0.7384615384615385,0.6866843033509701,0.7411396011396012,0.7070767195767197,0.5730649855615303,0.5,0.8444444444444444,0.6662891604551361,0.6662891604551361,False,True,0.17435897435897435,0.020512820512820523,34,98,63,0.10813878468978103,0.1322112575228731,0.8433873057365417,0.5588235294117647,0.5,0.5277777777777778,38,0.8877551020408163,0.7767857142857143,0.8285714285714286,112,0.6031746031746031,0.7037037037037037,45
comment_only,128,1e-05,0.2,weighted_cross_entropy,0.0,0.06,0.01,indobenchmark/indobert-base-p2,indobert_base_p2__comment_only__len128__lr1em05__drop0p2__weighted_cross_entropy__ls0p0,stage2,42,5,8,12,3,training_fold_only,1.8356807231903076,0.5605734586715698,1.4895237684249878,94b4e0a82081fa57f227fcc2024d1ea89b57ac1f,28.63387417793274,195,0.7897435897435897,0.7456225164948508,0.7900953913585075,0.7467106967106968,0.6520937986212982,0.6111111111111112,0.7636363636363637,0.7118658288894124,0.7118658288894124,False,False,0.1794871794871795,0.005128205128205138,35,102,58,0.13175612825613758,0.11195410964605168,0.9059097170829773,0.6285714285714286,0.6111111111111112,0.6197183098591549,36,0.8823529411764706,0.8653846153846154,0.8737864077669902,104,0.7241379310344828,0.7433628318584071,55
comment_only,128,1e-05,0.2,weighted_cross_entropy,0.0,0.06,0.01,indobenchmark/indobert-base-p2,indobert_base_p2__comment_only__len128__lr1em05__drop0p2__weighted_cross_entropy__ls0p0,stage2,42,ALL_OOF,5,12,3,training_fold_only,1.8356807231903076,0.5605734586715698,1.4895237684249878,94b4e0a82081fa57f227fcc2024d1ea89b57ac1f,28.63387417793274,977,0.7645854657113613,0.7142913744309093,0.7703957157101335,0.7315861667910145,0.6084543620405598,0.601123595505618,0.7869565217391304,0.6930222402463224,0.6930222402463224,False,False,0.2016376663254862,0.019447287615148412,197,506,274,0.07784261381369897,0.12089742317068725,0.8227890071019668,0.5431472081218274,0.601123595505618,0.5706666666666667,178,0.9071146245059288,0.8066783831282952,0.8539534883720931,569,0.6605839416058394,0.7182539682539683,230
context_sep_comment,128,3e-05,0.3,cross_entropy,0.0,0.06,0.01,indobenchmark/indobert-base-p2,indobert_base_p2__context_sep_comment__len128__lr3em05__drop0p3__cross_entropy__ls0p0,stage2,42,1,8,12,3,training_fold_only,1.8078703880310059,0.5837070345878601,1.3630017042160034,94b4e0a82081fa57f227fcc2024d1ea89b57ac1f,31.570900917053223,196,0.8316326530612245,0.7843895501160265,0.8322659569104984,0.7908680670517111,0.6897374123446365,0.6923076923076923,0.6923076923076923,0.741492423753645,0.741492423753645,False,False,0.1989795918367347,0.025510204081632654,39,121,36,0.1307792207416223,0.09973223748828906,0.9422167539596558,0.6923076923076923,0.7941176470588235,0.7397260273972602,34,0.9008264462809917,0.8861788617886179,0.8934426229508197,123,0.75,0.72,39
context_sep_comment,128,3e-05,0.3,cross_entropy,0.0,0.06,0.01,indobenchmark/indobert-base-p2,indobert_base_p2__context_sep_comment__len128__lr3em05__drop0p3__cross_entropy__ls0p0,stage2,42,2,2,12,3,training_fold_only,1.8729016780853271,0.577235758304596,1.3630017042160034,94b4e0a82081fa57f227fcc2024d1ea89b57ac1f,14.109430074691772,196,0.7755102040816326,0.7096844147691606,0.7720470006184291,0.7154860205707663,0.6020037995181278,0.48717948717948717,0.7948717948717948,0.6720022702218429,0.6720022702218429,False,True,0.1377551020408163,0.06122448979591838,27,118,51,0.06244215156350815,0.1166744571370157,0.7211802005767822,0.7037037037037037,0.48717948717948717,0.5757575757575758,39,0.864406779661017,0.864406779661017,0.864406779661017,118,0.6078431372549019,0.6888888888888889,39
context_sep_comment,128,3e-05,0.3,cross_entropy,0.0,0.06,0.01,indobenchmark/indobert-base-p2,indobert_base_p2__context_sep_comment__len128__lr3em05__drop0p3__cross_entropy__ls0p0,stage2,42,3,11,12,3,training_fold_only,1.7732425928115845,0.5703865885734558,1.4644194841384888,94b4e0a82081fa57f227fcc2024d1ea89b57ac1f,34.96172380447388,195,0.7897435897435897,0.7371439004192667,0.793593400072929,0.7477918586789555,0.6421895940116354,0.6451612903225806,0.75,0.7110436386785014,0.7110436386785014,False,False,0.18461538461538463,0.02564102564102566,36,106,53,0.1857220918704302,0.13017088957409623,0.9569706320762634,0.5555555555555556,0.6451612903225806,0.5970149253731343,31,0.8962264150943396,0.8482142857142857,0.8715596330275229,112,0.7358490566037735,0.7428571428571429,52
context_sep_comment,128,3e-05,0.3,cross_entropy,0.0,0.06,0.01,indobenchmark/indobert-base-p2,indobert_base_p2__context_sep_comment__len128__lr3em05__drop0p3__cross_entropy__ls0p0,stage2,42,4,4,12,3,training_fold_only,1.8619047403335571,0.5703865885734558,1.4090089797973633,94b4e0a82081fa57f227fcc2024d1ea89b57ac1f,19.18119239807129,195,0.7589743589743589,0.7142328790437663,0.7638375031093305,0.7244395711500974,0.5958229502594671,0.6052631578947368,0.7555555555555555,0.6846822490091162,0.6846822490091162,False,False,0.22564102564102564,0.03076923076923077,44,104,47,0.09065311031463817,0.11396642877645968,0.8353425860404968,0.5227272727272727,0.6052631578947368,0.5609756097560976,38,0.875,0.8125,0.8425925925925926,112,0.723404255319149,0.7391304347826086,45
context_sep_comment,128,3e-05,0.3,cross_entropy,0.0,0.06,0.01,indobenchmark/indobert-base-p2,indobert_base_p2__context_sep_comment__len128__lr3em05__drop0p3__cross_entropy__ls0p0,stage2,42,5,4,12,3,training_fold_only,1.8356807231903076,0.5605734586715698,1.4895237684249878,94b4e0a82081fa57f227fcc2024d1ea89b57ac1f,20.34048867225647,195,0.764102564102564,0.7044054608983826,0.7656060568275546,0.7068117068117067,0.6116699785555741,0.5277777777777778,0.7272727272727273,0.6662604062607559,0.6662604062607559,False,True,0.1794871794871795,0.005128205128205138,35,100,60,0.10998509969466772,0.11760249179788905,0.8362622261047363,0.5428571428571428,0.5277777777777778,0.5352112676056338,36,0.9,0.8653846153846154,0.8823529411764706,104,0.6666666666666666,0.6956521739130435,55
context_sep_comment,128,3e-05,0.3,cross_entropy,0.0,0.06,0.01,indobenchmark/indobert-base-p2,indobert_base_p2__context_sep_comment__len128__lr3em05__drop0p3__cross_entropy__ls0p0,stage2,42,ALL_OOF,4,12,3,training_fold_only,1.8356807231903076,0.5605734586715698,1.4895237684249878,94b4e0a82081fa57f227fcc2024d1ea89b57ac1f,20.34048867225647,977,0.7840327533265097,0.7299503367135532,0.7857882692961107,0.7353691186238795,0.6277421165497286,0.6067415730337079,0.7434782608695653,0.6968444439649265,0.6968444439649265,False,False,0.18526100307062435,0.0030706243602865724,181,549,247,0.09844172928203948,0.11561409936576968,0.8583398468662797,0.5966850828729282,0.6067415730337079,0.6016713091922006,178,0.8870673952641166,0.8558875219683656,0.8711985688729875,569,0.6923076923076923,0.7169811320754716,230
context_sep_comment,128,3e-05,0.1,weighted_cross_entropy,0.0,0.06,0.01,indobenchmark/indobert-base-p2,indobert_base_p2__context_sep_comment__len128__lr3em05__drop0p1__weighted_cross_entropy__ls0p0,stage2,42,1,2,12,3,training_fold_only,1.8078703880310059,0.5837070345878601,1.3630017042160034,94b4e0a82081fa57f227fcc2024d1ea89b57ac1f,14.69237208366394,196,0.8061224489795918,0.770660457317129,0.8110095826722207,0.7981520312940686,0.6644910577543968,0.7352941176470589,0.8461538461538461,0.7627170491580907,0.7627170491580907,False,False,0.17857142857142858,0.005102040816326536,35,109,52,0.042233945155630295,0.1006584651898848,0.781607985496521,0.7142857142857143,0.7352941176470589,0.7246376811594203,34,0.9174311926605505,0.8130081300813008,0.8620689655172413,123,0.6346153846153846,0.7252747252747253,39
context_sep_comment,128,3e-05,0.1,weighted_cross_entropy,0.0,0.06,0.01,indobenchmark/indobert-base-p2,indobert_base_p2__context_sep_comment__len128__lr3em05__drop0p1__weighted_cross_entropy__ls0p0,stage2,42,2,3,12,3,training_fold_only,1.8729016780853271,0.577235758304596,1.3630017042160034,94b4e0a82081fa57f227fcc2024d1ea89b57ac1f,16.968531131744385,196,0.7551020408163265,0.7158305220352222,0.766330455147766,0.7499637838620888,0.6050474861801164,0.717948717948718,0.7692307692307693,0.7107919096349861,0.7107919096349861,False,False,0.27040816326530615,0.07142857142857145,53,96,47,0.11407313511079673,0.12038854028706662,0.8691751956939697,0.5283018867924528,0.717948717948718,0.6086956521739131,39,0.9375,0.7627118644067796,0.8411214953271028,118,0.6382978723404256,0.6976744186046512,39
context_sep_comment,128,3e-05,0.1,weighted_cross_entropy,0.0,0.06,0.01,indobenchmark/indobert-base-p2,indobert_base_p2__context_sep_comment__len128__lr3em05__drop0p1__weighted_cross_entropy__ls0p0,stage2,42,3,5,12,3,training_fold_only,1.7732425928115845,0.5703865885734558,1.4644194841384888,94b4e0a82081fa57f227fcc2024d1ea89b57ac1f,23.602195978164673,195,0.7538461538461538,0.6976940679457843,0.7520528617659404,0.695143566111308,0.5667744153290343,0.6129032258064516,0.6153846153846154,0.6487425971454823,0.6487425971454823,False,False,0.17435897435897435,0.015384615384615385,34,118,43,0.192514934295263,0.1414747906938328,0.9463610649108887,0.5588235294117647,0.6129032258064516,0.5846153846153846,31,0.8135593220338984,0.8571428571428571,0.8347826086956521,112,0.7441860465116279,0.6736842105263158,52
context_sep_comment,128,3e-05,0.1,weighted_cross_entropy,0.0,0.06,0.01,indobenchmark/indobert-base-p2,indobert_base_p2__context_sep_comment__len128__lr3em05__drop0p1__weighted_cross_entropy__ls0p0,stage2,42,4,4,12,3,training_fold_only,1.8619047403335571,0.5703865885734558,1.4090089797973633,94b4e0a82081fa57f227fcc2024d1ea89b57ac1f,20.152945518493652,195,0.7435897435897436,0.6883159319437867,0.7448505046442083,0.6831279587858535,0.5554671035392871,0.5789473684210527,0.6222222222222222,0.6371529212269533,0.6371529212269533,False,False,0.22564102564102564,0.03076923076923077,44,115,36,0.18113536437352498,0.13907337283031515,0.9232227206230164,0.5,0.5789473684210527,0.5365853658536586,38,0.8260869565217391,0.8482142857142857,0.8370044052863436,112,0.7777777777777778,0.691358024691358,45
context_sep_comment,128,3e-05,0.1,weighted_cross_entropy,0.0,0.06,0.01,indobenchmark/indobert-base-p2,indobert_base_p2__context_sep_comment__len128__lr3em05__drop0p1__weighted_cross_entropy__ls0p0,stage2,42,5,2,12,3,training_fold_only,1.8356807231903076,0.5605734586715698,1.4895237684249878,94b4e0a82081fa57f227fcc2024d1ea89b57ac1f,13.88405966758728,195,0.7282051282051282,0.6921160057864176,0.7409638287915441,0.71498963998964,0.5802003696656267,0.6909090909090909,0.6909090909090909,0.6757499870606415,0.6721602434708979,False,False,0.2717948717948718,0.08717948717948715,53,85,57,0.05733055854455022,0.12626878882531878,0.7825902700424194,0.4716981132075472,0.6944444444444444,0.5617977528089888,36,0.9294117647058824,0.7596153846153846,0.8359788359788359,104,0.6666666666666666,0.6785714285714286,55
context_sep_comment,128,3e-05,0.1,weighted_cross_entropy,0.0,0.06,0.01,indobenchmark/indobert-base-p2,indobert_base_p2__context_sep_comment__len128__lr3em05__drop0p1__weighted_cross_entropy__ls0p0,stage2,42,ALL_OOF,3,12,3,training_fold_only,1.8356807231903076,0.5605734586715698,1.4895237684249878,94b4e0a82081fa57f227fcc2024d1ea89b57ac1f,13.88405966758728,977,0.7574206755373593,0.711486727477627,0.7629032078173079,0.7256583927384268,0.591625030699412,0.6685393258426966,0.7,0.6844802992102469,0.6844802992102469,False,False,0.2241555783009212,0.041965199590583424,219,523,235,0.10433486845256604,0.12554198440175982,0.860519358543193,0.54337899543379,0.6685393258426966,0.5994962216624685,178,0.8795411089866156,0.8084358523725835,0.8424908424908425,569,0.6851063829787234,0.6924731182795699,230
context_sep_comment,128,2e-05,0.2,cross_entropy,0.025,0.06,0.01,indobenchmark/indobert-base-p2,indobert_base_p2__context_sep_comment__len128__lr2em05__drop0p2__cross_entropy__ls0p025,stage2,42,1,9,12,3,training_fold_only,1.8078703880310059,0.5837070345878601,1.3630017042160034,94b4e0a82081fa57f227fcc2024d1ea89b57ac1f,35.1192889213562,196,0.8418367346938775,0.803641813283436,0.8442416598646527,0.8183791340175844,0.7151281920227851,0.7647058823529411,0.8205128205128205,0.7874865606934911,0.7874865606934911,False,False,0.17857142857142858,0.005102040816326536,35,116,45,0.11912013225409449,0.09178038643613691,0.9390738606452942,0.7428571428571429,0.7647058823529411,0.7536231884057971,34,0.9224137931034483,0.8699186991869918,0.895397489539749,123,0.7111111111111111,0.7619047619047619,39
context_sep_comment,128,2e-05,0.2,cross_entropy,0.025,0.06,0.01,indobenchmark/indobert-base-p2,indobert_base_p2__context_sep_comment__len128__lr2em05__drop0p2__cross_entropy__ls0p025,stage2,42,2,4,12,3,training_fold_only,1.8729016780853271,0.577235758304596,1.3630017042160034,94b4e0a82081fa57f227fcc2024d1ea89b57ac1f,19.763540029525757,196,0.7755102040816326,0.7220132041650366,0.777980819078996,0.7326524699406055,0.6076245217186398,0.5897435897435898,0.7692307692307693,0.6911803634233438,0.6911803634233438,False,False,0.20408163265306123,0.005102040816326536,40,112,44,0.08684109212184439,0.11232793000465464,0.8603454828262329,0.575,0.5897435897435898,0.5822784810126582,39,0.8839285714285714,0.8389830508474576,0.8608695652173913,118,0.6818181818181818,0.7228915662650602,39
context_sep_comment,128,2e-05,0.2,cross_entropy,0.025,0.06,0.01,indobenchmark/indobert-base-p2,indobert_base_p2__context_sep_comment__len128__lr2em05__drop0p2__cross_entropy__ls0p025,stage2,42,3,6,12,3,training_fold_only,1.7732425928115845,0.5703865885734558,1.4644194841384888,94b4e0a82081fa57f227fcc2024d1ea89b57ac1f,26.68090057373047,195,0.7692307692307693,0.7164600105776575,0.773376849394949,0.7255848989719956,0.6054815238839438,0.6451612903225806,0.6923076923076923,0.6844101730716816,0.6844101730716816,False,False,0.2,0.041025641025641046,39,109,47,0.15417801401554013,0.12573015448890648,0.9020894169807434,0.5128205128205128,0.6451612903225806,0.5714285714285714,31,0.8623853211009175,0.8392857142857143,0.8506787330316742,112,0.7659574468085106,0.7272727272727273,52
context_sep_comment,128,2e-05,0.2,cross_entropy,0.025,0.06,0.01,indobenchmark/indobert-base-p2,indobert_base_p2__context_sep_comment__len128__lr2em05__drop0p2__cross_entropy__ls0p025,stage2,42,4,3,12,3,training_fold_only,1.8619047403335571,0.5703865885734558,1.4090089797973633,94b4e0a82081fa57f227fcc2024d1ea89b57ac1f,16.730350017547607,195,0.7589743589743589,0.7123015873015873,0.7671245421245422,0.7302353104984683,0.6059361976752868,0.631578947368421,0.7555555555555555,0.6913285918474622,0.6913285918474622,False,False,0.2358974358974359,0.04102564102564102,46,98,51,0.06638199243790062,0.11406200731194634,0.7870807647705078,0.5217391304347826,0.631578947368421,0.5714285714285714,38,0.9183673469387755,0.8035714285714286,0.8571428571428571,112,0.6666666666666666,0.7083333333333334,45
context_sep_comment,128,2e-05,0.2,cross_entropy,0.025,0.06,0.01,indobenchmark/indobert-base-p2,indobert_base_p2__context_sep_comment__len128__lr2em05__drop0p2__cross_entropy__ls0p025,stage2,42,5,8,12,3,training_fold_only,1.8356807231903076,0.5605734586715698,1.4895237684249878,94b4e0a82081fa57f227fcc2024d1ea89b57ac1f,31.418331384658813,195,0.7692307692307693,0.7145419827399732,0.7678564276988945,0.7128723128723129,0.6166796783764227,0.5277777777777778,0.7454545454545455,0.6739922808811273,0.6739922808811273,False,True,0.15897435897435896,0.02564102564102566,31,103,61,0.17694811591735252,0.13438478561438047,0.9450927972793579,0.6129032258064516,0.5277777777777778,0.5671641791044776,36,0.8737864077669902,0.8653846153846154,0.8695652173913043,104,0.6721311475409836,0.7068965517241379,55
context_sep_comment,128,2e-05,0.2,cross_entropy,0.025,0.06,0.01,indobenchmark/indobert-base-p2,indobert_base_p2__context_sep_comment__len128__lr2em05__drop0p2__cross_entropy__ls0p025,stage2,42,ALL_OOF,6,12,3,training_fold_only,1.8356807231903076,0.5605734586715698,1.4895237684249878,94b4e0a82081fa57f227fcc2024d1ea89b57ac1f,31.418331384658813,977,0.7830092118730808,0.7327013716441209,0.7860606863949695,0.7416575444826311,0.6293215934666644,0.6292134831460674,0.7521739130434782,0.7037297405229752,0.7037297405229752,False,False,0.195496417604913,0.013306038894575212,191,538,248,0.10825184393319527,0.11562920667500187,0.8867630274659414,0.5863874345549738,0.6292134831460674,0.6070460704607046,178,0.8921933085501859,0.843585237258348,0.8672086720867209,569,0.6975806451612904,0.7238493723849372,230
comment_only,128,3e-05,0.1,weighted_cross_entropy,0.0,0.06,0.01,indobenchmark/indobert-base-p2,indobert_base_p2__comment_only__len128__lr3em05__drop0p1__weighted_cross_entropy__ls0p0,stage2,52,1,8,12,3,training_fold_only,1.761261224746704,0.581845223903656,1.4014337062835693,94b4e0a82081fa57f227fcc2024d1ea89b57ac1f,30.092392921447754,195,0.7589743589743589,0.6876019299165773,0.7595179182882618,0.6921487603305785,0.562766003956869,0.5,0.75,0.6483321532853518,0.6483321532853518,False,True,0.1282051282051282,0.02564102564102566,25,116,54,0.22330233928484797,0.1467511850605187,0.9733943343162537,0.6,0.5,0.5454545454545454,30,0.8620689655172413,0.8264462809917356,0.8438818565400844,121,0.6111111111111112,0.673469387755102,44
comment_only,128,3e-05,0.1,weighted_cross_entropy,0.0,0.06,0.01,indobenchmark/indobert-base-p2,indobert_base_p2__comment_only__len128__lr3em05__drop0p1__weighted_cross_entropy__ls0p0,stage2,52,2,2,12,3,training_fold_only,1.9166666269302368,0.5581727623939514,1.4562383890151978,94b4e0a82081fa57f227fcc2024d1ea89b57ac1f,14.138535737991333,195,0.7743589743589744,0.7324531306918782,0.7737198222521119,0.7399626517273576,0.6433547097113224,0.5238095238095238,0.8627450980392157,0.7064778969559653,0.7064778969559653,False,True,0.15897435897435896,0.05641025641025643,31,94,70,0.06739792961340686,0.11143798746644414,0.8321219682693481,0.7096774193548387,0.5238095238095238,0.6027397260273972,42,0.9042553191489362,0.8333333333333334,0.8673469387755102,102,0.6285714285714286,0.7272727272727273,51
comment_only,128,3e-05,0.1,weighted_cross_entropy,0.0,0.06,0.01,indobenchmark/indobert-base-p2,indobert_base_p2__comment_only__len128__lr3em05__drop0p1__weighted_cross_entropy__ls0p0,stage2,52,3,8,12,3,training_fold_only,1.8205127716064453,0.5684133768081665,1.4462963342666626,94b4e0a82081fa57f227fcc2024d1ea89b57ac1f,29.939364671707153,196,0.7908163265306123,0.7484178888322113,0.792393767788279,0.7501930501930502,0.6424674725499884,0.6857142857142857,0.7,0.7130345359403341,0.7130345359403341,False,False,0.20918367346938777,0.03061224489795919,41,112,43,0.1798127652431021,0.13021292365689516,0.9613094925880432,0.5853658536585366,0.6857142857142857,0.631578947368421,35,0.8571428571428571,0.8648648648648649,0.8609865470852018,111,0.813953488372093,0.7526881720430108,50
comment_only,128,3e-05,0.1,weighted_cross_entropy,0.0,0.06,0.01,indobenchmark/indobert-base-p2,indobert_base_p2__comment_only__len128__lr3em05__drop0p1__weighted_cross_entropy__ls0p0,stage2,52,4,4,12,3,training_fold_only,1.770975112915039,0.5785185098648071,1.4148551225662231,94b4e0a82081fa57f227fcc2024d1ea89b57ac1f,18.391711711883545,196,0.7551020408163265,0.6934598810887471,0.7634062363286012,0.7132780180796022,0.5810023773578964,0.5806451612903226,0.7608695652173914,0.67120336037666,0.67120336037666,False,False,0.1989795918367347,0.040816326530612235,39,106,51,0.17781205992309418,0.1340072624015659,0.932914137840271,0.46153846153846156,0.5806451612903226,0.5142857142857142,31,0.8962264150943396,0.7983193277310925,0.8444444444444444,119,0.6862745098039216,0.7216494845360825,46
comment_only,128,3e-05,0.1,weighted_cross_entropy,0.0,0.06,0.01,indobenchmark/indobert-base-p2,indobert_base_p2__comment_only__len128__lr3em05__drop0p1__weighted_cross_entropy__ls0p0,stage2,52,5,2,12,3,training_fold_only,1.8888888359069824,0.5754231214523315,1.3647469282150269,94b4e0a82081fa57f227fcc2024d1ea89b57ac1f,14.273124933242798,195,0.717948717948718,0.6803042561537707,0.7328848605547633,0.7146699086354258,0.5556865511705712,0.625,0.7948717948717948,0.6730255611278472,0.6719999201022061,False,False,0.28717948717948716,0.08205128205128204,56,90,49,0.10428022207357943,0.12782779830525962,0.8038507103919983,0.44642857142857145,0.625,0.5208333333333334,40,0.9333333333333333,0.7241379310344828,0.8155339805825242,116,0.6326530612244898,0.7045454545454546,39
comment_only,128,3e-05,0.1,weighted_cross_entropy,0.0,0.06,0.01,indobenchmark/indobert-base-p2,indobert_base_p2__comment_only__len128__lr3em05__drop0p1__weighted_cross_entropy__ls0p0,stage2,52,ALL_OOF,4,12,3,training_fold_only,1.8888888359069824,0.5754231214523315,1.3647469282150269,94b4e0a82081fa57f227fcc2024d1ea89b57ac1f,14.273124933242798,977,0.759467758444217,0.7082753647455565,0.763966931951966,0.7222061862573975,0.5954986528436447,0.5842696629213483,0.7739130434782608,0.6823106028887498,0.6823106028887498,False,False,0.19651995905834185,0.014329580348004078,192,518,267,0.14134530974752224,0.1300516538689137,0.9008130681917391,0.5416666666666666,0.5842696629213483,0.5621621621621622,178,0.888030888030888,0.8084358523725835,0.8463661453541859,569,0.6666666666666666,0.716297786720322,230
comment_only,128,1e-05,0.2,weighted_cross_entropy,0.0,0.06,0.01,indobenchmark/indobert-base-p2,indobert_base_p2__comment_only__len128__lr1em05__drop0p2__weighted_cross_entropy__ls0p0,stage2,52,1,2,12,3,training_fold_only,1.761261224746704,0.581845223903656,1.4014337062835693,94b4e0a82081fa57f227fcc2024d1ea89b57ac1f,13.806567668914795,195,0.7128205128205128,0.6436621174524401,0.7218036202837691,0.6673553719008264,0.5102367623751789,0.5,0.75,0.6195749818593367,0.6195749818593367,False,True,0.1641025641025641,0.010256410256410248,32,103,60,0.07278354060955536,0.1363696269109431,0.6671034693717957,0.46875,0.5,0.4838709677419355,30,0.883495145631068,0.7520661157024794,0.8125,121,0.55,0.6346153846153846,44
comment_only,128,1e-05,0.2,weighted_cross_entropy,0.0,0.06,0.01,indobenchmark/indobert-base-p2,indobert_base_p2__comment_only__len128__lr1em05__drop0p2__weighted_cross_entropy__ls0p0,stage2,52,2,5,12,3,training_fold_only,1.9166666269302368,0.5581727623939514,1.4562383890151978,94b4e0a82081fa57f227fcc2024d1ea89b57ac1f,21.633943796157837,195,0.7846153846153846,0.7508162420173928,0.7876819129084772,0.7619047619047619,0.6580901784351826,0.6190476190476191,0.8431372549019608,0.7302615488955433,0.7302615488955433,False,False,0.22564102564102564,0.010256410256410248,44,92,59,0.05573302965897782,0.10399887790570789,0.8371012210845947,0.5909090909090909,0.6190476190476191,0.6046511627906976,42,0.9130434782608695,0.8235294117647058,0.865979381443299,102,0.7288135593220338,0.7818181818181819,51
comment_only,128,1e-05,0.2,weighted_cross_entropy,0.0,0.06,0.01,indobenchmark/indobert-base-p2,indobert_base_p2__comment_only__len128__lr1em05__drop0p2__weighted_cross_entropy__ls0p0,stage2,52,3,7,12,3,training_fold_only,1.8205127716064453,0.5684133768081665,1.4462963342666626,94b4e0a82081fa57f227fcc2024d1ea89b57ac1f,28.29910707473755,196,0.7857142857142857,0.746691070915877,0.7924460352616498,0.7581810381810382,0.6442567579798697,0.6857142857142857,0.76,0.723303184104008,0.723303184104008,False,False,0.23469387755102042,0.056122448979591844,46,104,46,0.11031142576616638,0.1144259715410405,0.8669913411140442,0.5217391304347826,0.6857142857142857,0.5925925925925926,35,0.8846153846153846,0.8288288288288288,0.8558139534883721,111,0.8260869565217391,0.7916666666666666,50
comment_only,128,1e-05,0.2,weighted_cross_entropy,0.0,0.06,0.01,indobenchmark/indobert-base-p2,indobert_base_p2__comment_only__len128__lr1em05__drop0p2__weighted_cross_entropy__ls0p0,stage2,52,4,6,12,3,training_fold_only,1.770975112915039,0.5785185098648071,1.4148551225662231,94b4e0a82081fa57f227fcc2024d1ea89b57ac1f,23.640953302383423,196,0.7857142857142857,0.7393778564057202,0.7914892272698553,0.7600131216582003,0.6285289155204203,0.6739130434782609,0.6739130434782609,0.7040124988663468,0.7040124988663468,False,False,0.22959183673469388,0.07142857142857142,45,112,39,0.07892662225937358,0.10822068850675055,0.8646408319473267,0.5333333333333333,0.7741935483870968,0.631578947368421,31,0.8839285714285714,0.8319327731092437,0.8571428571428571,119,0.7948717948717948,0.7294117647058823,46
comment_only,128,1e-05,0.2,weighted_cross_entropy,0.0,0.06,0.01,indobenchmark/indobert-base-p2,indobert_base_p2__comment_only__len128__lr1em05__drop0p2__weighted_cross_entropy__ls0p0,stage2,52,5,6,12,3,training_fold_only,1.8888888359069824,0.5754231214523315,1.3647469282150269,94b4e0a82081fa57f227fcc2024d1ea89b57ac1f,25.745805501937866,195,0.764102564102564,0.7051957704131618,0.766772952057233,0.7302534630120837,0.6040778487373072,0.5,0.8717948717948718,0.6871395639275276,0.6871395639275276,False,True,0.19487179487179487,0.010256410256410248,38,104,53,0.131286937609697,0.12061505609676877,0.8670405745506287,0.5263157894736842,0.5,0.5128205128205128,40,0.9134615384615384,0.8189655172413793,0.8636363636363636,116,0.6415094339622641,0.7391304347826086,39
comment_only,128,1e-05,0.2,weighted_cross_entropy,0.0,0.06,0.01,indobenchmark/indobert-base-p2,indobert_base_p2__comment_only__len128__lr1em05__drop0p2__weighted_cross_entropy__ls0p0,stage2,52,ALL_OOF,6,12,3,training_fold_only,1.8888888359069824,0.5754231214523315,1.3647469282150269,94b4e0a82081fa57f227fcc2024d1ea89b57ac1f,25.745805501937866,977,0.7666325486182191,0.7182856808007392,0.7721155034818217,0.7336045805812956,0.6090112534351546,0.6123595505617978,0.7782608695652173,0.6950192774534381,0.6950192774534381,False,False,0.2098259979529171,0.027635619242579318,205,515,257,0.06763085067089165,0.11671498458036944,0.8206681151595062,0.5317073170731708,0.6123595505617978,0.5691906005221932,178,0.8951456310679612,0.8101933216168717,0.8505535055350554,569,0.6964980544747081,0.7351129363449692,230
context_sep_comment,128,3e-05,0.3,cross_entropy,0.0,0.06,0.01,indobenchmark/indobert-base-p2,indobert_base_p2__context_sep_comment__len128__lr3em05__drop0p3__cross_entropy__ls0p0,stage2,52,1,5,12,3,training_fold_only,1.761261224746704,0.581845223903656,1.4014337062835693,94b4e0a82081fa57f227fcc2024d1ea89b57ac1f,22.56938624382019,195,0.7743589743589744,0.6819505625861136,0.7685235914889876,0.674058769513315,0.5736993751512015,0.43333333333333335,0.7045454545454546,0.6294390364791986,0.6294390364791986,False,True,0.11794871794871795,0.03589743589743591,23,126,46,0.12987824892386415,0.12221442599774311,0.8996157646179199,0.5652173913043478,0.43333333333333335,0.49056603773584906,30,0.8492063492063492,0.8842975206611571,0.8663967611336032,121,0.6739130434782609,0.6888888888888889,44
context_sep_comment,128,3e-05,0.3,cross_entropy,0.0,0.06,0.01,indobenchmark/indobert-base-p2,indobert_base_p2__context_sep_comment__len128__lr3em05__drop0p3__cross_entropy__ls0p0,stage2,52,2,5,12,3,training_fold_only,1.9166666269302368,0.5581727623939514,1.4562383890151978,94b4e0a82081fa57f227fcc2024d1ea89b57ac1f,23.415411710739136,195,0.7846153846153846,0.7458462590041538,0.7803756971773166,0.7413632119514473,0.6441238748224445,0.5476190476190477,0.803921568627451,0.705520843773561,0.705520843773561,False,True,0.1794871794871795,0.03589743589743591,35,107,53,0.10063110452431896,0.11262583064977122,0.8789442777633667,0.6571428571428571,0.5476190476190477,0.5974025974025974,42,0.8317757009345794,0.8725490196078431,0.8516746411483254,102,0.7735849056603774,0.7884615384615384,51
context_sep_comment,128,3e-05,0.3,cross_entropy,0.0,0.06,0.01,indobenchmark/indobert-base-p2,indobert_base_p2__context_sep_comment__len128__lr3em05__drop0p3__cross_entropy__ls0p0,stage2,52,3,4,12,3,training_fold_only,1.8205127716064453,0.5684133768081665,1.4462963342666626,94b4e0a82081fa57f227fcc2024d1ea89b57ac1f,19.87354350090027,196,0.7397959183673469,0.6989231699939503,0.7478010296677654,0.7262462462462462,0.5902342494852241,0.6,0.84,0.691016687563149,0.691016687563149,False,False,0.20918367346938777,0.03061224489795919,41,89,66,0.12099422347180697,0.1194623668710433,0.8470060229301453,0.5121951219512195,0.6,0.5526315789473685,35,0.9213483146067416,0.7387387387387387,0.82,111,0.6363636363636364,0.7241379310344828,50
context_sep_comment,128,3e-05,0.3,cross_entropy,0.0,0.06,0.01,indobenchmark/indobert-base-p2,indobert_base_p2__context_sep_comment__len128__lr3em05__drop0p3__cross_entropy__ls0p0,stage2,52,4,6,12,3,training_fold_only,1.770975112915039,0.5785185098648071,1.4148551225662231,94b4e0a82081fa57f227fcc2024d1ea89b57ac1f,25.157526969909668,196,0.8112244897959183,0.7586627140974967,0.8148856578204403,0.7733292475475464,0.6693975025782701,0.6451612903225806,0.8260869565217391,0.7394594900659813,0.7394594900659813,False,False,0.17857142857142858,0.020408163265306117,35,111,50,0.1190454715064594,0.10464839955757999,0.9061229228973389,0.5714285714285714,0.6451612903225806,0.6060606060606061,31,0.9099099099099099,0.8487394957983193,0.8782608695652174,119,0.76,0.7916666666666666,46
context_sep_comment,128,3e-05,0.3,cross_entropy,0.0,0.06,0.01,indobenchmark/indobert-base-p2,indobert_base_p2__context_sep_comment__len128__lr3em05__drop0p3__cross_entropy__ls0p0,stage2,52,5,5,12,3,training_fold_only,1.8888888359069824,0.5754231214523315,1.3647469282150269,94b4e0a82081fa57f227fcc2024d1ea89b57ac1f,23.114928007125854,195,0.764102564102564,0.7091423519009726,0.7652040173207282,0.7243663424697907,0.5940171682289119,0.525,0.8205128205128205,0.680994341397035,0.680994341397035,False,True,0.19487179487179487,0.010256410256410248,38,109,48,0.13729226680902334,0.11670372482073388,0.8793580532073975,0.5526315789473685,0.525,0.5384615384615384,40,0.8807339449541285,0.8275862068965517,0.8533333333333334,116,0.6666666666666666,0.735632183908046,39
context_sep_comment,128,3e-05,0.3,cross_entropy,0.0,0.06,0.01,indobenchmark/indobert-base-p2,indobert_base_p2__context_sep_comment__len128__lr3em05__drop0p3__cross_entropy__ls0p0,stage2,52,ALL_OOF,5,12,3,training_fold_only,1.8888888359069824,0.5754231214523315,1.3647469282150269,94b4e0a82081fa57f227fcc2024d1ea89b57ac1f,23.114928007125854,977,0.77482088024565,0.7205119376034966,0.7757494619704735,0.728453229596572,0.6138258811260224,0.550561797752809,0.8,0.6899091202205969,0.6899091202205969,False,False,0.17604912998976457,0.0061412487205732,172,542,263,0.11125248353337318,0.11512465367718516,0.8821978616616865,0.5697674418604651,0.550561797752809,0.56,178,0.8763837638376384,0.8347978910369068,0.8550855085508551,569,0.6996197718631179,0.7464503042596349,230
context_sep_comment,128,3e-05,0.1,weighted_cross_entropy,0.0,0.06,0.01,indobenchmark/indobert-base-p2,indobert_base_p2__context_sep_comment__len128__lr3em05__drop0p1__weighted_cross_entropy__ls0p0,stage2,52,1,2,12,3,training_fold_only,1.761261224746704,0.581845223903656,1.4014337062835693,94b4e0a82081fa57f227fcc2024d1ea89b57ac1f,14.230804681777954,195,0.7743589743589744,0.7028191519716943,0.7745771491534202,0.7100550964187328,0.5928959808925727,0.5,0.7954545454545454,0.6693311339913152,0.6693311339913152,False,True,0.1282051282051282,0.02564102564102566,25,115,55,0.06724207936189111,0.11566422690864732,0.8277682662010193,0.6,0.5,0.5454545454545454,30,0.8782608695652174,0.8347107438016529,0.8559322033898306,121,0.6363636363636364,0.7070707070707071,44
context_sep_comment,128,3e-05,0.1,weighted_cross_entropy,0.0,0.06,0.01,indobenchmark/indobert-base-p2,indobert_base_p2__context_sep_comment__len128__lr3em05__drop0p1__weighted_cross_entropy__ls0p0,stage2,52,2,2,12,3,training_fold_only,1.9166666269302368,0.5581727623939514,1.4562383890151978,94b4e0a82081fa57f227fcc2024d1ea89b57ac1f,14.627889156341553,195,0.7846153846153846,0.7672922095935286,0.7892459955295509,0.7866479925303453,0.6654173054648003,0.7619047619047619,0.8235294117647058,0.7592820072786006,0.7592820072786006,False,False,0.26666666666666666,0.051282051282051266,52,87,56,0.0422814829227252,0.11205869948228504,0.7867240905761719,0.6153846153846154,0.7619047619047619,0.6808510638297872,42,0.9080459770114943,0.7745098039215687,0.8359788359788359,102,0.75,0.7850467289719626,51
context_sep_comment,128,3e-05,0.1,weighted_cross_entropy,0.0,0.06,0.01,indobenchmark/indobert-base-p2,indobert_base_p2__context_sep_comment__len128__lr3em05__drop0p1__weighted_cross_entropy__ls0p0,stage2,52,3,7,12,3,training_fold_only,1.8205127716064453,0.5684133768081665,1.4462963342666626,94b4e0a82081fa57f227fcc2024d1ea89b57ac1f,28.785756826400757,196,0.7755102040816326,0.7370301785249268,0.779510156251384,0.7493178893178895,0.6257766182474684,0.6571428571428571,0.78,0.7136233849198135,0.7136233849198135,False,False,0.20918367346938777,0.03061224489795919,41,103,52,0.18614809975332142,0.1360663238472001,0.9561207294464111,0.5609756097560976,0.6571428571428571,0.6052631578947368,35,0.8737864077669902,0.8108108108108109,0.8411214953271028,111,0.75,0.7647058823529411,50
context_sep_comment,128,3e-05,0.1,weighted_cross_entropy,0.0,0.06,0.01,indobenchmark/indobert-base-p2,indobert_base_p2__context_sep_comment__len128__lr3em05__drop0p1__weighted_cross_entropy__ls0p0,stage2,52,4,3,12,3,training_fold_only,1.770975112915039,0.5785185098648071,1.4148551225662231,94b4e0a82081fa57f227fcc2024d1ea89b57ac1f,16.681264877319336,196,0.7857142857142857,0.7319377730336635,0.79168255097805,0.7485552425738878,0.6262070354487401,0.6956521739130435,0.6956521739130435,0.7059182653225687,0.7059182653225687,False,False,0.21428571428571427,0.056122448979591816,42,112,42,0.1037016292007602,0.11527748170042025,0.868785560131073,0.5238095238095238,0.7096774193548387,0.6027397260273972,31,0.8928571428571429,0.8403361344537815,0.8658008658008658,119,0.7619047619047619,0.7272727272727273,46
context_sep_comment,128,3e-05,0.1,weighted_cross_entropy,0.0,0.06,0.01,indobenchmark/indobert-base-p2,indobert_base_p2__context_sep_comment__len128__lr3em05__drop0p1__weighted_cross_entropy__ls0p0,stage2,52,5,2,12,3,training_fold_only,1.8888888359069824,0.5754231214523315,1.3647469282150269,94b4e0a82081fa57f227fcc2024d1ea89b57ac1f,14.873305797576904,195,0.717948717948718,0.6757760785450503,0.7324842618422222,0.7089964633068081,0.5530880414455799,0.625,0.7692307692307693,0.6663929718687914,0.6663929718687914,False,False,0.27692307692307694,0.07179487179487182,54,91,50,0.07055792961365137,0.13516947122389358,0.7786237597465515,0.46296296296296297,0.625,0.5319148936170213,40,0.9340659340659341,0.7327586206896551,0.821256038647343,116,0.6,0.6741573033707865,39
context_sep_comment,128,3e-05,0.1,weighted_cross_entropy,0.0,0.06,0.01,indobenchmark/indobert-base-p2,indobert_base_p2__context_sep_comment__len128__lr3em05__drop0p1__weighted_cross_entropy__ls0p0,stage2,52,ALL_OOF,2,12,3,training_fold_only,1.8888888359069824,0.5754231214523315,1.3647469282150269,94b4e0a82081fa57f227fcc2024d1ea89b57ac1f,14.873305797576904,977,0.7676560900716479,0.7252996804116548,0.7736443229759298,0.74362164013864,0.6134625651950949,0.6573033707865169,0.7739130434782608,0.7058070278129597,0.7058070278129597,False,False,0.21903787103377687,0.03684749232343909,214,508,255,0.0846453751670912,0.12285302298081102,0.8437453935736887,0.5467289719626168,0.6573033707865169,0.5969387755102041,178,0.8956692913385826,0.7996485061511424,0.8449396471680595,569,0.6980392156862745,0.734020618556701,230
context_sep_comment,128,2e-05,0.2,cross_entropy,0.025,0.06,0.01,indobenchmark/indobert-base-p2,indobert_base_p2__context_sep_comment__len128__lr2em05__drop0p2__cross_entropy__ls0p025,stage2,52,1,3,12,3,training_fold_only,1.761261224746704,0.581845223903656,1.4014337062835693,94b4e0a82081fa57f227fcc2024d1ea89b57ac1f,17.0357666015625,195,0.7538461538461538,0.6674854557207498,0.7521727744352179,0.6787878787878788,0.5609242572617048,0.4,0.8181818181818182,0.6352333715596846,0.6352333715596846,False,True,0.1076923076923077,0.046153846153846156,21,113,61,0.10386445491741866,0.12787823979999444,0.8358114957809448,0.5714285714285714,0.4,0.47058823529411764,30,0.8761061946902655,0.8181818181818182,0.8461538461538461,121,0.5901639344262295,0.6857142857142857,44
context_sep_comment,128,2e-05,0.2,cross_entropy,0.025,0.06,0.01,indobenchmark/indobert-base-p2,indobert_base_p2__context_sep_comment__len128__lr2em05__drop0p2__cross_entropy__ls0p025,stage2,52,2,10,12,3,training_fold_only,1.9166666269302368,0.5581727623939514,1.4562383890151978,94b4e0a82081fa57f227fcc2024d1ea89b57ac1f,34.113863468170166,195,0.7794871794871795,0.7571413055284023,0.7835576609770157,0.7642390289449112,0.6471348838256729,0.7142857142857143,0.7647058823529411,0.7323832074063747,0.7323832074063747,False,False,0.26153846153846155,0.046153846153846156,51,96,48,0.15789137360377195,0.1270974613588627,0.9316955804824829,0.5882352941176471,0.7142857142857143,0.6451612903225806,42,0.8645833333333334,0.8137254901960784,0.8383838383838383,102,0.8125,0.7878787878787878,51
context_sep_comment,128,2e-05,0.2,cross_entropy,0.025,0.06,0.01,indobenchmark/indobert-base-p2,indobert_base_p2__context_sep_comment__len128__lr2em05__drop0p2__cross_entropy__ls0p025,stage2,52,3,4,12,3,training_fold_only,1.8205127716064453,0.5684133768081665,1.4462963342666626,94b4e0a82081fa57f227fcc2024d1ea89b57ac1f,20.070289611816406,196,0.7653061224489796,0.7288754773895442,0.7728073591282828,0.757966537966538,0.6302907109113992,0.6571428571428571,0.86,0.725707053816851,0.725707053816851,False,False,0.2193877551020408,0.040816326530612235,43,90,63,0.07324091025761194,0.10898085144062768,0.8254892826080322,0.5348837209302325,0.6571428571428571,0.5897435897435898,35,0.9333333333333333,0.7567567567567568,0.835820895522388,111,0.6825396825396826,0.7610619469026548,50
context_sep_comment,128,2e-05,0.2,cross_entropy,0.025,0.06,0.01,indobenchmark/indobert-base-p2,indobert_base_p2__context_sep_comment__len128__lr2em05__drop0p2__cross_entropy__ls0p025,stage2,52,4,3,12,3,training_fold_only,1.770975112915039,0.5785185098648071,1.4148551225662231,94b4e0a82081fa57f227fcc2024d1ea89b57ac1f,16.553505420684814,196,0.75,0.695959595959596,0.7586425479282621,0.7282579230850826,0.5911526634489328,0.5806451612903226,0.8478260869565217,0.6896427035337287,0.6896427035337287,False,False,0.17857142857142858,0.020408163265306117,35,97,64,0.03688250968650894,0.11656442827494702,0.7471103072166443,0.5142857142857142,0.5806451612903226,0.5454545454545454,31,0.9278350515463918,0.7563025210084033,0.8333333333333334,119,0.609375,0.7090909090909091,46
context_sep_comment,128,2e-05,0.2,cross_entropy,0.025,0.06,0.01,indobenchmark/indobert-base-p2,indobert_base_p2__context_sep_comment__len128__lr2em05__drop0p2__cross_entropy__ls0p025,stage2,52,5,8,12,3,training_fold_only,1.8888888359069824,0.5754231214523315,1.3647469282150269,94b4e0a82081fa57f227fcc2024d1ea89b57ac1f,32.261760234832764,195,0.7846153846153846,0.7305438377466763,0.7852724714889114,0.7469938107869143,0.6303733204473955,0.55,0.8461538461538461,0.7067632318373771,0.7067632318373771,False,False,0.18461538461538463,0.020512820512820495,36,109,50,0.1565447880671574,0.12534188319582173,0.9280558228492737,0.6111111111111112,0.55,0.5789473684210527,40,0.8990825688073395,0.8448275862068966,0.8711111111111111,116,0.66,0.7415730337078652,39
context_sep_comment,128,2e-05,0.2,cross_entropy,0.025,0.06,0.01,indobenchmark/indobert-base-p2,indobert_base_p2__context_sep_comment__len128__lr2em05__drop0p2__cross_entropy__ls0p025,stage2,52,ALL_OOF,4,12,3,training_fold_only,1.8888888359069824,0.5754231214523315,1.3647469282150269,94b4e0a82081fa57f227fcc2024d1ea89b57ac1f,32.261760234832764,977,0.7666325486182191,0.7195982672791819,0.7708558407143733,0.7379552112926772,0.6122839179990998,0.5898876404494382,0.8260869565217391,0.7006752096547384,0.7006752096547384,False,False,0.19037871033776868,0.008188331627430906,186,505,286,0.09354556573816064,0.12115537742518394,0.8534946709169702,0.5645161290322581,0.5898876404494382,0.5769230769230769,178,0.899009900990099,0.7978910369068541,0.845437616387337,569,0.6643356643356644,0.7364341085271318,230
comment_only,128,3e-05,0.1,weighted_cross_entropy,0.0,0.06,0.01,indobenchmark/indobert-base-p2,indobert_base_p2__comment_only__len128__lr3em05__drop0p1__weighted_cross_entropy__ls0p0,stage2,62,1,2,12,3,training_fold_only,1.797701120376587,0.5779748558998108,1.4014337062835693,94b4e0a82081fa57f227fcc2024d1ea89b57ac1f,13.463284254074097,195,0.7692307692307693,0.7102289781787943,0.7790860437375509,0.7310820065057353,0.6090560731150692,0.6666666666666666,0.7045454545454546,0.6897282171122161,0.6897282171122161,False,False,0.23076923076923078,0.06153846153846154,45,105,45,0.04861129996104118,0.10457899086543863,0.8093912601470947,0.4888888888888889,0.6666666666666666,0.5641025641025641,33,0.9238095238095239,0.8220338983050848,0.8699551569506726,118,0.6888888888888889,0.6966292134831461,44
comment_only,128,3e-05,0.1,weighted_cross_entropy,0.0,0.06,0.01,indobenchmark/indobert-base-p2,indobert_base_p2__comment_only__len128__lr3em05__drop0p1__weighted_cross_entropy__ls0p0,stage2,62,2,3,12,3,training_fold_only,1.7355555295944214,0.577235758304596,1.4462963342666626,94b4e0a82081fa57f227fcc2024d1ea89b57ac1f,16.745687007904053,196,0.7908163265306123,0.725961452774837,0.7976972862225638,0.7521711057304277,0.6497511213207526,0.5714285714285714,0.88,0.7191299106447616,0.7191299106447616,False,False,0.1683673469387755,0.025510204081632654,33,101,62,0.1043697542377881,0.11362554151934044,0.8927109241485596,0.48484848484848486,0.5714285714285714,0.5245901639344263,28,0.9405940594059405,0.8050847457627118,0.867579908675799,118,0.7096774193548387,0.7857142857142857,50
comment_only,128,3e-05,0.1,weighted_cross_entropy,0.0,0.06,0.01,indobenchmark/indobert-base-p2,indobert_base_p2__comment_only__len128__lr3em05__drop0p1__weighted_cross_entropy__ls0p0,stage2,62,3,2,12,3,training_fold_only,1.8228437900543213,0.5691412091255188,1.4401472806930542,94b4e0a82081fa57f227fcc2024d1ea89b57ac1f,14.278005838394165,195,0.7384615384615385,0.69232932669681,0.7508849991769335,0.7175583747012318,0.5866614023141726,0.6,0.7959183673469388,0.6802371191024011,0.6802371191024011,False,False,0.24102564102564103,0.06153846153846154,47,90,58,0.07397836446762086,0.12531544782181367,0.7397756576538086,0.44680851063829785,0.6,0.5121951219512195,35,0.9333333333333333,0.7567567567567568,0.835820895522388,111,0.6724137931034483,0.7289719626168224,49
comment_only,128,3e-05,0.1,weighted_cross_entropy,0.0,0.06,0.01,indobenchmark/indobert-base-p2,indobert_base_p2__comment_only__len128__lr3em05__drop0p1__weighted_cross_entropy__ls0p0,stage2,62,4,4,12,3,training_fold_only,1.9142156839370728,0.5734214186668396,1.3630017042160034,94b4e0a82081fa57f227fcc2024d1ea89b57ac1f,18.645012378692627,196,0.7908163265306123,0.7329989026903728,0.7906343613175347,0.7396400700748527,0.6379775953301684,0.5714285714285714,0.7692307692307693,0.6994129761790292,0.6994129761790292,False,False,0.17857142857142858,0.0357142857142857,35,113,48,0.15187831952863806,0.12304363925324607,0.9319392442703247,0.6857142857142857,0.5714285714285714,0.6233766233766234,42,0.8938053097345132,0.8782608695652174,0.8859649122807017,115,0.625,0.6896551724137931,39
comment_only,128,3e-05,0.1,weighted_cross_entropy,0.0,0.06,0.01,indobenchmark/indobert-base-p2,indobert_base_p2__comment_only__len128__lr3em05__drop0p1__weighted_cross_entropy__ls0p0,stage2,62,5,10,12,3,training_fold_only,1.8888888359069824,0.5642135739326477,1.4322344064712524,94b4e0a82081fa57f227fcc2024d1ea89b57ac1f,32.91465640068054,195,0.7589743589743589,0.7157387437761269,0.7545912776682009,0.7185877466251299,0.5963101795562117,0.5,0.8333333333333334,0.679862989129018,0.679862989129018,False,True,0.1641025641025641,0.04102564102564102,32,107,56,0.21791381408006716,0.15098058533851214,0.9768881797790527,0.625,0.5,0.5555555555555556,40,0.822429906542056,0.822429906542056,0.822429906542056,107,0.7142857142857143,0.7692307692307693,48
comment_only,128,3e-05,0.1,weighted_cross_entropy,0.0,0.06,0.01,indobenchmark/indobert-base-p2,indobert_base_p2__comment_only__len128__lr3em05__drop0p1__weighted_cross_entropy__ls0p0,stage2,62,ALL_OOF,3,12,3,training_fold_only,1.8888888359069824,0.5642135739326477,1.4322344064712524,94b4e0a82081fa57f227fcc2024d1ea89b57ac1f,32.91465640068054,977,0.7697031729785057,0.7171248545998045,0.7742438351012715,0.7319582946624278,0.6135646024063797,0.5786516853932584,0.8,0.6936687045216267,0.6936687045216267,False,False,0.19651995905834185,0.014329580348004078,192,516,269,0.10160343365757096,0.12349824897441286,0.8702274244602773,0.5364583333333334,0.5786516853932584,0.5567567567567567,178,0.9011627906976745,0.8172231985940246,0.8571428571428571,569,0.6840148698884758,0.7374749498997996,230
comment_only,128,1e-05,0.2,weighted_cross_entropy,0.0,0.06,0.01,indobenchmark/indobert-base-p2,indobert_base_p2__comment_only__len128__lr1em05__drop0p2__weighted_cross_entropy__ls0p0,stage2,62,1,5,12,3,training_fold_only,1.797701120376587,0.5779748558998108,1.4014337062835693,94b4e0a82081fa57f227fcc2024d1ea89b57ac1f,22.034854412078857,195,0.7692307692307693,0.7182014045034147,0.7815111074578115,0.7503852080123267,0.6217872538605993,0.7272727272727273,0.7272727272727273,0.7106282001437956,0.7106282001437956,False,False,0.24615384615384617,0.07692307692307693,48,99,48,0.0934054960043002,0.11139288269845826,0.8283885717391968,0.5,0.7272727272727273,0.5925925925925926,33,0.9494949494949495,0.7966101694915254,0.8663594470046083,118,0.6666666666666666,0.6956521739130435,44
comment_only,128,1e-05,0.2,weighted_cross_entropy,0.0,0.06,0.01,indobenchmark/indobert-base-p2,indobert_base_p2__comment_only__len128__lr1em05__drop0p2__weighted_cross_entropy__ls0p0,stage2,62,2,4,12,3,training_fold_only,1.7355555295944214,0.577235758304596,1.4462963342666626,94b4e0a82081fa57f227fcc2024d1ea89b57ac1f,19.211007833480835,196,0.7551020408163265,0.694795948317075,0.7686589487394315,0.7184261501210654,0.5878693868229519,0.6071428571428571,0.76,0.6777846250803171,0.6777846250803171,False,False,0.2193877551020408,0.07653061224489796,43,104,49,0.06979364278365156,0.12305768082028322,0.8187378644943237,0.3953488372093023,0.6071428571428571,0.4788732394366197,28,0.8942307692307693,0.788135593220339,0.8378378378378378,118,0.7755102040816326,0.7676767676767676,50
comment_only,128,1e-05,0.2,weighted_cross_entropy,0.0,0.06,0.01,indobenchmark/indobert-base-p2,indobert_base_p2__comment_only__len128__lr1em05__drop0p2__weighted_cross_entropy__ls0p0,stage2,62,3,4,12,3,training_fold_only,1.8228437900543213,0.5691412091255188,1.4401472806930542,94b4e0a82081fa57f227fcc2024d1ea89b57ac1f,19.73168182373047,195,0.7692307692307693,0.7315268368942158,0.7761280581499446,0.7513390941962371,0.623022397877415,0.6857142857142857,0.7755102040816326,0.7153992195692105,0.7153992195692105,False,False,0.23076923076923078,0.051282051282051294,45,98,52,0.0539150357246399,0.11562686704483686,0.7858224511146545,0.5333333333333333,0.6857142857142857,0.6,35,0.8979591836734694,0.7927927927927928,0.8421052631578947,111,0.7307692307692307,0.7524752475247525,49
comment_only,128,1e-05,0.2,weighted_cross_entropy,0.0,0.06,0.01,indobenchmark/indobert-base-p2,indobert_base_p2__comment_only__len128__lr1em05__drop0p2__weighted_cross_entropy__ls0p0,stage2,62,4,5,12,3,training_fold_only,1.9142156839370728,0.5734214186668396,1.3630017042160034,94b4e0a82081fa57f227fcc2024d1ea89b57ac1f,20.974289894104004,196,0.7704081632653061,0.7188232955674816,0.777572925413457,0.7449912406434146,0.62752605805944,0.5714285714285714,0.8461538461538461,0.7053670544330692,0.7053670544330692,False,False,0.1836734693877551,0.030612244897959162,36,100,60,0.07242133240310514,0.11027780564553102,0.8310140371322632,0.6666666666666666,0.5714285714285714,0.6153846153846154,42,0.94,0.8173913043478261,0.8744186046511628,115,0.55,0.6666666666666666,39
comment_only,128,1e-05,0.2,weighted_cross_entropy,0.0,0.06,0.01,indobenchmark/indobert-base-p2,indobert_base_p2__comment_only__len128__lr1em05__drop0p2__weighted_cross_entropy__ls0p0,stage2,62,5,10,12,3,training_fold_only,1.8888888359069824,0.5642135739326477,1.4322344064712524,94b4e0a82081fa57f227fcc2024d1ea89b57ac1f,33.630287170410156,195,0.764102564102564,0.7256469266284608,0.7636394663668576,0.7258696780893042,0.6042448519533201,0.575,0.7708333333333334,0.6875147658707683,0.6875147658707683,False,False,0.2,0.00512820512820511,39,107,49,0.16013020582688156,0.13098568446974848,0.9107392430305481,0.5897435897435898,0.575,0.5822784810126582,40,0.8317757009345794,0.8317757009345794,0.8317757009345794,107,0.7551020408163265,0.7628865979381443,48
comment_only,128,1e-05,0.2,weighted_cross_entropy,0.0,0.06,0.01,indobenchmark/indobert-base-p2,indobert_base_p2__comment_only__len128__lr1em05__drop0p2__weighted_cross_entropy__ls0p0,stage2,62,ALL_OOF,5,12,3,training_fold_only,1.8888888359069824,0.5642135739326477,1.4322344064712524,94b4e0a82081fa57f227fcc2024d1ea89b57ac1f,33.630287170410156,977,0.7656090071647902,0.7186181167028153,0.771981755959083,0.7360158135027784,0.6098692911418775,0.6292134831460674,0.7739130434782608,0.6975809794565238,0.6975809794565238,False,False,0.21596724667349027,0.03377686796315249,211,508,258,0.0699209961334783,0.11826490783060424,0.8349198396398687,0.5308056872037915,0.6292134831460674,0.5758354755784062,178,0.9015748031496063,0.804920913884007,0.8505106778087279,569,0.689922480620155,0.7295081967213115,230
context_sep_comment,128,3e-05,0.3,cross_entropy,0.0,0.06,0.01,indobenchmark/indobert-base-p2,indobert_base_p2__context_sep_comment__len128__lr3em05__drop0p3__cross_entropy__ls0p0,stage2,62,1,2,12,3,training_fold_only,1.797701120376587,0.5779748558998108,1.4014337062835693,94b4e0a82081fa57f227fcc2024d1ea89b57ac1f,14.024223327636719,195,0.8,0.7257910128280498,0.7921601401658382,0.7161016949152543,0.6308971153995616,0.45454545454545453,0.7954545454545454,0.6783475152699757,0.6783475152699757,False,True,0.11794871794871795,0.051282051282051294,23,125,47,0.08497442114047517,0.11089907569732738,0.7519552111625671,0.6521739130434783,0.45454545454545453,0.5357142857142857,33,0.848,0.8983050847457628,0.8724279835390947,118,0.7446808510638298,0.7692307692307693,44
context_sep_comment,128,3e-05,0.3,cross_entropy,0.0,0.06,0.01,indobenchmark/indobert-base-p2,indobert_base_p2__context_sep_comment__len128__lr3em05__drop0p3__cross_entropy__ls0p0,stage2,62,2,6,12,3,training_fold_only,1.7355555295944214,0.577235758304596,1.4462963342666626,94b4e0a82081fa57f227fcc2024d1ea89b57ac1f,25.909579515457153,196,0.7908163265306123,0.7158392428520358,0.7967876679332898,0.7340112994350282,0.6405316371191732,0.5,0.88,0.7004092143503798,0.7004092143503798,False,True,0.1683673469387755,0.025510204081632654,33,106,57,0.1421872488394076,0.11973722184665168,0.9276798963546753,0.42424242424242425,0.5,0.45901639344262296,28,0.9150943396226415,0.8220338983050848,0.8660714285714286,118,0.7719298245614035,0.822429906542056,50
context_sep_comment,128,3e-05,0.3,cross_entropy,0.0,0.06,0.01,indobenchmark/indobert-base-p2,indobert_base_p2__context_sep_comment__len128__lr3em05__drop0p3__cross_entropy__ls0p0,stage2,62,3,5,12,3,training_fold_only,1.8228437900543213,0.5691412091255188,1.4401472806930542,94b4e0a82081fa57f227fcc2024d1ea89b57ac1f,22.747682094573975,195,0.7589743589743589,0.7323623671629975,0.7690904720412804,0.7610957896672182,0.6174939052351144,0.7551020408163265,0.7551020408163265,0.7232878609648318,0.714569912246883,False,False,0.27692307692307694,0.09743589743589745,54,94,47,0.10500040054321289,0.1218586365031493,0.8511785864830017,0.5,0.7714285714285715,0.6067415730337079,35,0.8936170212765957,0.7567567567567568,0.8195121951219512,111,0.7872340425531915,0.7708333333333334,49
context_sep_comment,128,3e-05,0.3,cross_entropy,0.0,0.06,0.01,indobenchmark/indobert-base-p2,indobert_base_p2__context_sep_comment__len128__lr3em05__drop0p3__cross_entropy__ls0p0,stage2,62,4,5,12,3,training_fold_only,1.9142156839370728,0.5734214186668396,1.3630017042160034,94b4e0a82081fa57f227fcc2024d1ea89b57ac1f,22.230273485183716,196,0.7755102040816326,0.733450345950346,0.7765359852732303,0.7472792907575516,0.6177199074293926,0.5952380952380952,0.8205128205128205,0.7075005736916944,0.7075005736916944,False,False,0.1836734693877551,0.030612244897959162,36,109,51,0.10819292996002705,0.1127394947416432,0.8762041330337524,0.6944444444444444,0.5952380952380952,0.6410256410256411,42,0.8715596330275229,0.8260869565217391,0.8482142857142857,115,0.6274509803921569,0.7111111111111111,39
context_sep_comment,128,3e-05,0.3,cross_entropy,0.0,0.06,0.01,indobenchmark/indobert-base-p2,indobert_base_p2__context_sep_comment__len128__lr3em05__drop0p3__cross_entropy__ls0p0,stage2,62,5,6,12,3,training_fold_only,1.8888888359069824,0.5642135739326477,1.4322344064712524,94b4e0a82081fa57f227fcc2024d1ea89b57ac1f,26.10249137878418,195,0.7435897435897436,0.7115446838801528,0.7475197746018946,0.7238447559709242,0.5836255405063808,0.625,0.7708333333333334,0.6859347174449864,0.6859347174449864,False,False,0.23076923076923078,0.02564102564102566,45,97,53,0.17441428777499074,0.13931464264958493,0.9100787043571472,0.5555555555555556,0.625,0.5882352941176471,40,0.8556701030927835,0.7757009345794392,0.8137254901960784,107,0.6981132075471698,0.7326732673267327,48
context_sep_comment,128,3e-05,0.3,cross_entropy,0.0,0.06,0.01,indobenchmark/indobert-base-p2,indobert_base_p2__context_sep_comment__len128__lr3em05__drop0p3__cross_entropy__ls0p0,stage2,62,ALL_OOF,5,12,3,training_fold_only,1.8888888359069824,0.5642135739326477,1.4322344064712524,94b4e0a82081fa57f227fcc2024d1ea89b57ac1f,26.10249137878418,977,0.7737973387922211,0.7276222962167141,0.7766562298313574,0.7390255475528363,0.6156392973191772,0.5955056179775281,0.8043478260869565,0.7015064265778651,0.7015064265778651,False,False,0.195496417604913,0.013306038894575212,191,531,255,0.10365506106779789,0.12090025144292611,0.8634981714959277,0.5549738219895288,0.5955056179775281,0.5745257452574526,178,0.8757062146892656,0.8172231985940246,0.8454545454545455,569,0.7254901960784313,0.7628865979381443,230
context_sep_comment,128,3e-05,0.1,weighted_cross_entropy,0.0,0.06,0.01,indobenchmark/indobert-base-p2,indobert_base_p2__context_sep_comment__len128__lr3em05__drop0p1__weighted_cross_entropy__ls0p0,stage2,62,1,4,12,3,training_fold_only,1.797701120376587,0.5779748558998108,1.4014337062835693,94b4e0a82081fa57f227fcc2024d1ea89b57ac1f,20.018173217773438,195,0.7897435897435897,0.7261940428839545,0.7912197883560042,0.7205529875021401,0.6185554543656515,0.5757575757575758,0.7045454545454546,0.680902833127181,0.680902833127181,False,False,0.18974358974358974,0.020512820512820495,37,121,37,0.1543266785450471,0.11976940063180493,0.9380528330802917,0.5135135135135135,0.5757575757575758,0.5428571428571428,33,0.859504132231405,0.8813559322033898,0.8702928870292888,118,0.8378378378378378,0.7654320987654321,44
context_sep_comment,128,3e-05,0.1,weighted_cross_entropy,0.0,0.06,0.01,indobenchmark/indobert-base-p2,indobert_base_p2__context_sep_comment__len128__lr3em05__drop0p1__weighted_cross_entropy__ls0p0,stage2,62,2,3,12,3,training_fold_only,1.7355555295944214,0.577235758304596,1.4462963342666626,94b4e0a82081fa57f227fcc2024d1ea89b57ac1f,17.696324348449707,196,0.7602040816326531,0.7018181818181818,0.77430426716141,0.7303309120258273,0.6008763022820046,0.6428571428571429,0.76,0.690134763826316,0.6893184372957037,False,False,0.22448979591836735,0.0816326530612245,44,102,50,0.11916298297595,0.12068428206143773,0.8725802302360535,0.4090909090909091,0.6428571428571429,0.5,28,0.9117647058823529,0.788135593220339,0.8454545454545455,118,0.76,0.76,50
context_sep_comment,128,3e-05,0.1,weighted_cross_entropy,0.0,0.06,0.01,indobenchmark/indobert-base-p2,indobert_base_p2__context_sep_comment__len128__lr3em05__drop0p1__weighted_cross_entropy__ls0p0,stage2,62,3,2,12,3,training_fold_only,1.8228437900543213,0.5691412091255188,1.4401472806930542,94b4e0a82081fa57f227fcc2024d1ea89b57ac1f,14.838269472122192,195,0.764102564102564,0.723678251398059,0.7712102493882731,0.74561500275786,0.618447594215352,0.6571428571428571,0.7959183673469388,0.7098963941227547,0.7098963941227547,False,False,0.2153846153846154,0.03589743589743591,42,95,58,0.07345123764796135,0.1156679171982102,0.710157573223114,0.5476190476190477,0.6571428571428571,0.5974025974025974,35,0.9157894736842105,0.7837837837837838,0.8446601941747572,111,0.6724137931034483,0.7289719626168224,49
context_sep_comment,128,3e-05,0.1,weighted_cross_entropy,0.0,0.06,0.01,indobenchmark/indobert-base-p2,indobert_base_p2__context_sep_comment__len128__lr3em05__drop0p1__weighted_cross_entropy__ls0p0,stage2,62,4,4,12,3,training_fold_only,1.9142156839370728,0.5734214186668396,1.3630017042160034,94b4e0a82081fa57f227fcc2024d1ea89b57ac1f,19.304041385650635,196,0.7908163265306123,0.7453330783451265,0.7926541930598976,0.7547539417104634,0.640434121188352,0.6428571428571429,0.7692307692307693,0.7167248853057622,0.7167248853057622,False,False,0.20918367346938777,0.0051020408163265085,41,110,45,0.12233090127001006,0.11316570698178181,0.898711085319519,0.6585365853658537,0.6428571428571429,0.6506024096385542,42,0.8909090909090909,0.8521739130434782,0.8711111111111111,115,0.6666666666666666,0.7142857142857143,39
context_sep_comment,128,3e-05,0.1,weighted_cross_entropy,0.0,0.06,0.01,indobenchmark/indobert-base-p2,indobert_base_p2__context_sep_comment__len128__lr3em05__drop0p1__weighted_cross_entropy__ls0p0,stage2,62,5,9,12,3,training_fold_only,1.8888888359069824,0.5642135739326477,1.4322344064712524,94b4e0a82081fa57f227fcc2024d1ea89b57ac1f,34.81994295120239,195,0.764102564102564,0.7263994588195501,0.7635525374338158,0.7196002076843199,0.6001770419332433,0.6,0.7083333333333334,0.6800104428335284,0.6800104428335284,False,False,0.21025641025641026,0.005128205128205138,41,112,42,0.2245208682158054,0.1524300357790171,0.9719633460044861,0.5853658536585366,0.6,0.5925925925925926,40,0.8125,0.8504672897196262,0.8310502283105022,107,0.8095238095238095,0.7555555555555555,48
context_sep_comment,128,3e-05,0.1,weighted_cross_entropy,0.0,0.06,0.01,indobenchmark/indobert-base-p2,indobert_base_p2__context_sep_comment__len128__lr3em05__drop0p1__weighted_cross_entropy__ls0p0,stage2,62,ALL_OOF,4,12,3,training_fold_only,1.8888888359069824,0.5642135739326477,1.4322344064712524,94b4e0a82081fa57f227fcc2024d1ea89b57ac1f,34.81994295120239,977,0.7737973387922211,0.7257479829151907,0.7776859229300209,0.7342348483742765,0.6136229571430418,0.6235955056179775,0.7478260869565218,0.6954116626580473,0.6954116626580473,False,False,0.2098259979529171,0.027635619242579318,205,540,232,0.11529380452181442,0.124328282215542,0.8783080590356945,0.5414634146341464,0.6235955056179775,0.5796344647519582,178,0.8759259259259259,0.8312829525483304,0.8530207394048692,569,0.7413793103448276,0.7445887445887446,230
context_sep_comment,128,2e-05,0.2,cross_entropy,0.025,0.06,0.01,indobenchmark/indobert-base-p2,indobert_base_p2__context_sep_comment__len128__lr2em05__drop0p2__cross_entropy__ls0p025,stage2,62,1,6,12,3,training_fold_only,1.797701120376587,0.5779748558998108,1.4014337062835693,94b4e0a82081fa57f227fcc2024d1ea89b57ac1f,25.542811155319214,195,0.7589743589743589,0.6920442945386197,0.7639052462138928,0.7058294812532101,0.5828046186303101,0.5454545454545454,0.75,0.6630047933782588,0.6630047933782588,False,True,0.17435897435897435,0.00512820512820511,34,108,53,0.14304070029503257,0.1252730143966275,0.9020150899887085,0.5294117647058824,0.5454545454545454,0.5373134328358209,33,0.8981481481481481,0.8220338983050848,0.8584070796460177,118,0.6226415094339622,0.6804123711340206,44
context_sep_comment,128,2e-05,0.2,cross_entropy,0.025,0.06,0.01,indobenchmark/indobert-base-p2,indobert_base_p2__context_sep_comment__len128__lr2em05__drop0p2__cross_entropy__ls0p025,stage2,62,2,8,12,3,training_fold_only,1.7355555295944214,0.577235758304596,1.4462963342666626,94b4e0a82081fa57f227fcc2024d1ea89b57ac1f,31.811910152435303,196,0.8163265306122449,0.7483037763301886,0.8178309666204017,0.7509281678773204,0.6691460559659411,0.5714285714285714,0.8,0.7176214010960975,0.7176214010960975,False,False,0.15306122448979592,0.010204081632653073,30,117,49,0.1328816800093164,0.11050439029981006,0.9340599179267883,0.5333333333333333,0.5714285714285714,0.5517241379310345,28,0.8888888888888888,0.8813559322033898,0.8851063829787233,118,0.8163265306122449,0.8080808080808081,50
context_sep_comment,128,2e-05,0.2,cross_entropy,0.025,0.06,0.01,indobenchmark/indobert-base-p2,indobert_base_p2__context_sep_comment__len128__lr2em05__drop0p2__cross_entropy__ls0p025,stage2,62,3,5,12,3,training_fold_only,1.8228437900543213,0.5691412091255188,1.4401472806930542,94b4e0a82081fa57f227fcc2024d1ea89b57ac1f,22.173255920410156,195,0.7487179487179487,0.7091117199682544,0.7552686461988817,0.7268492982778697,0.5861952682104574,0.673469387755102,0.673469387755102,0.679363557052157,0.679363557052157,False,False,0.24615384615384617,0.06666666666666668,48,101,46,0.0893126157613901,0.12268071255640767,0.835164487361908,0.5208333333333334,0.7142857142857143,0.6024096385542169,35,0.8712871287128713,0.7927927927927928,0.8301886792452831,111,0.717391304347826,0.6947368421052632,49
context_sep_comment,128,2e-05,0.2,cross_entropy,0.025,0.06,0.01,indobenchmark/indobert-base-p2,indobert_base_p2__context_sep_comment__len128__lr2em05__drop0p2__cross_entropy__ls0p025,stage2,62,4,4,12,3,training_fold_only,1.9142156839370728,0.5734214186668396,1.3630017042160034,94b4e0a82081fa57f227fcc2024d1ea89b57ac1f,20.799508810043335,196,0.7755102040816326,0.7275647740764021,0.7796341666773561,0.7397993311036789,0.6184612666987843,0.6666666666666666,0.717948717948718,0.7000111309759824,0.7000111309759824,False,False,0.22448979591836735,0.010204081632653073,44,107,45,0.053518415713796785,0.1014359816650164,0.8238801956176758,0.6363636363636364,0.6666666666666666,0.6511627906976745,42,0.897196261682243,0.8347826086956521,0.8648648648648649,115,0.6222222222222222,0.6666666666666666,39
context_sep_comment,128,2e-05,0.2,cross_entropy,0.025,0.06,0.01,indobenchmark/indobert-base-p2,indobert_base_p2__context_sep_comment__len128__lr2em05__drop0p2__cross_entropy__ls0p025,stage2,62,5,9,12,3,training_fold_only,1.8888888359069824,0.5642135739326477,1.4322344064712524,94b4e0a82081fa57f227fcc2024d1ea89b57ac1f,33.11203455924988,195,0.7589743589743589,0.7260655652128521,0.7616546101042225,0.7217030114226376,0.5958845523970673,0.625,0.7083333333333334,0.6829826220158719,0.6829826220158719,False,False,0.2358974358974359,0.03076923076923077,46,109,40,0.20250194347821748,0.14472711846224165,0.9385383725166321,0.5434782608695652,0.625,0.5813953488372093,40,0.8165137614678899,0.8317757009345794,0.8240740740740741,107,0.85,0.7727272727272727,48
context_sep_comment,128,2e-05,0.2,cross_entropy,0.025,0.06,0.01,indobenchmark/indobert-base-p2,indobert_base_p2__context_sep_comment__len128__lr2em05__drop0p2__cross_entropy__ls0p025,stage2,62,ALL_OOF,6,12,3,training_fold_only,1.8888888359069824,0.5642135739326477,1.4322344064712524,94b4e0a82081fa57f227fcc2024d1ea89b57ac1f,33.11203455924988,977,0.7717502558853634,0.722820318862624,0.7751864020561928,0.7308962291824606,0.6093703508495275,0.6292134831460674,0.7304347826086957,0.6912931483795361,0.6912931483795361,False,False,0.2067553735926305,0.024564994882292718,202,542,233,0.11525587019193134,0.12089363137205288,0.8867156988766689,0.5544554455445545,0.6292134831460674,0.5894736842105263,178,0.8745387453874539,0.8330404217926186,0.8532853285328533,569,0.721030042918455,0.7257019438444925,230
