group,n_pairs,min_final_weight,p25_final_weight,median_final_weight,mean_final_weight,p75_final_weight,p90_final_weight,max_final_weight
All,457628,0.125,0.125,0.125,0.1278345309165648,0.125,0.125,1.875
LCN_EDGE,306,0.5,0.5,0.5,0.5412581699346405,0.5357142857142857,0.625,1.875
PRE_LCN_MULTI_EVIDENCE,2943,0.25,0.25,0.25,0.2524331343138682,0.25,0.25,0.375
PRE_LCN_SINGLE_EVIDENCE,454379,0.125,0.125,0.125,0.1267490905169473,0.125,0.125,0.375
