model_id,model_family,text_mode,max_length,learning_rate,warmup_ratio,weight_decay,classifier_dropout,loss,label_smoothing,focal_gamma,trial_id,model_revision,seed,fold,training_mode,device,mixed_precision,n,accuracy,macro_f1,weighted_f1,balanced_accuracy,min_class_recall,selection_score,negative_precision,negative_recall,negative_f1,negative_support,neutral_precision,neutral_recall,neutral_f1,neutral_support,positive_precision,positive_recall,positive_f1,positive_support,ece,brier_score,mean_confidence,best_epoch,max_epochs,early_stopping_patience,per_device_batch_size,gradient_accumulation_steps,effective_batch_size,optimizer_steps,best_state_restored,best_state_restore_note,best_selection_score,checkpoint_path,best_checkpoint_saved,best_checkpoint_restored,checkpoint_cleanup_status
indobenchmark/indobert-base-p2,base,context_sep_comment,128,1e-05,0.06,0.01,0.1,cross_entropy,0.0,2.0,indobenchmark__indobert-base-p2__context_sep_comment__len128__lr1p0em05__warm0p06__wd0p01__drop0p1__cross_entropy__ls0p0,94b4e0a82081fa57f227fcc2024d1ea89b57ac1f,42,1,full_fine_tuning,cuda,bf16,339,0.8141592920353983,0.8025554977746946,0.8175068449615135,0.8119643831912934,0.8045977011494253,0.8081226334736986,0.7676767676767676,0.8085106382978723,0.7875647668393783,94,0.935251798561151,0.8227848101265823,0.8754208754208754,158,0.693069306930693,0.8045977011494253,0.7446808510638298,87,0.03163670245173405,0.2634358878790201,0.824193000793457,3,15,3,24,3,72,126,True,best_validation_state_restored,,,,,
indobenchmark/indobert-base-p2,base,context_sep_comment,128,1e-05,0.06,0.01,0.1,cross_entropy,0.0,2.0,indobenchmark__indobert-base-p2__context_sep_comment__len128__lr1p0em05__warm0p06__wd0p01__drop0p1__cross_entropy__ls0p0,94b4e0a82081fa57f227fcc2024d1ea89b57ac1f,42,2,full_fine_tuning,cuda,bf16,339,0.8731563421828908,0.8656961403636255,0.8735904616175522,0.8687979378656125,0.8404255319148937,0.8660274995649293,0.8229166666666666,0.8404255319148937,0.8315789473684211,94,0.9215686274509803,0.8924050632911392,0.9067524115755627,158,0.8444444444444444,0.8735632183908046,0.8587570621468926,87,0.039417985617938626,0.20617212331743726,0.9029590487480164,5,15,3,24,3,72,168,True,best_validation_state_restored,,,,,
indobenchmark/indobert-base-p2,base,context_sep_comment,128,1e-05,0.06,0.01,0.1,cross_entropy,0.0,2.0,indobenchmark__indobert-base-p2__context_sep_comment__len128__lr1p0em05__warm0p06__wd0p01__drop0p1__cross_entropy__ls0p0,94b4e0a82081fa57f227fcc2024d1ea89b57ac1f,42,3,full_fine_tuning,cuda,bf16,339,0.8908554572271387,0.884087348736932,0.8906606669286071,0.88175955927345,0.8068181818181818,0.8779253066994226,0.8269230769230769,0.9148936170212766,0.8686868686868687,94,0.9119496855345912,0.9235668789808917,0.9177215189873418,157,0.9342105263157895,0.8068181818181818,0.8658536585365854,88,0.07964753295819664,0.19571166842214335,0.9579882025718689,10,15,3,24,3,72,273,True,best_validation_state_restored,,,,,
indobenchmark/indobert-base-p2,base,context_sep_comment,128,1e-05,0.06,0.01,0.1,cross_entropy,0.0,2.0,indobenchmark__indobert-base-p2__context_sep_comment__len128__lr1p0em05__warm0p06__wd0p01__drop0p1__cross_entropy__ls0p0,94b4e0a82081fa57f227fcc2024d1ea89b57ac1f,42,4,full_fine_tuning,cuda,bf16,339,0.8289085545722714,0.8131102693602693,0.8272775692023479,0.8110413551640555,0.6896551724137931,0.8050904623899796,0.7692307692307693,0.851063829787234,0.8080808080808081,94,0.8703703703703703,0.8924050632911392,0.88125,158,0.821917808219178,0.6896551724137931,0.75,87,0.05818189658598207,0.2485444113850414,0.8833754062652588,5,15,3,24,3,72,168,True,best_validation_state_restored,,,,,
indobenchmark/indobert-base-p2,base,context_sep_comment,128,1e-05,0.06,0.01,0.1,cross_entropy,0.0,2.0,indobenchmark__indobert-base-p2__context_sep_comment__len128__lr1p0em05__warm0p06__wd0p01__drop0p1__cross_entropy__ls0p0,94b4e0a82081fa57f227fcc2024d1ea89b57ac1f,42,5,full_fine_tuning,cuda,bf16,468,0.9337606837606838,0.9149917217107886,0.9322412845695534,0.9057234494285585,0.7872340425531915,0.9059929879535515,0.925,0.7872340425531915,0.8505747126436781,94,0.8957055214723927,0.9299363057324841,0.9125,157,0.9644444444444444,1.0,0.9819004524886877,217,0.01927733561422067,0.1093493323547481,0.9232313632965088,4,15,3,24,3,72,133,True,best_validation_state_restored,,,,,
indobenchmark/indobert-base-p2,base,context_sep_comment,128,1e-05,0.06,0.01,0.1,cross_entropy,0.0,2.0,indobenchmark__indobert-base-p2__context_sep_comment__len128__lr1p0em05__warm0p06__wd0p01__drop0p1__cross_entropy__ls0p0,94b4e0a82081fa57f227fcc2024d1ea89b57ac1f,52,1,full_fine_tuning,cuda,bf16,339,0.8643067846607669,0.8551286261631089,0.8657608827276205,0.863915021571717,0.8160919540229885,0.8557356855801159,0.7889908256880734,0.9148936170212766,0.8472906403940886,94,0.9577464788732394,0.8607594936708861,0.9066666666666666,158,0.8068181818181818,0.8160919540229885,0.8114285714285714,87,0.0536383374602394,0.21559263133422232,0.9097337126731873,6,15,3,24,3,72,189,True,best_validation_state_restored,,,,,
indobenchmark/indobert-base-p2,base,context_sep_comment,128,1e-05,0.06,0.01,0.1,cross_entropy,0.0,2.0,indobenchmark__indobert-base-p2__context_sep_comment__len128__lr1p0em05__warm0p06__wd0p01__drop0p1__cross_entropy__ls0p0,94b4e0a82081fa57f227fcc2024d1ea89b57ac1f,52,2,full_fine_tuning,cuda,bf16,339,0.7699115044247787,0.759374739133779,0.7703362076452726,0.771887974473013,0.6704545454545454,0.7561463964210023,0.7,0.8936170212765957,0.7850467289719626,94,0.8805970149253731,0.7515923566878981,0.8109965635738832,157,0.6941176470588235,0.6704545454545454,0.6820809248554913,88,0.0536398742578726,0.3178398152012695,0.7975449562072754,3,15,3,12,6,72,126,True,best_validation_state_restored,,,,,
indobenchmark/indobert-base-p2,base,context_sep_comment,128,1e-05,0.06,0.01,0.1,cross_entropy,0.0,2.0,indobenchmark__indobert-base-p2__context_sep_comment__len128__lr1p0em05__warm0p06__wd0p01__drop0p1__cross_entropy__ls0p0,94b4e0a82081fa57f227fcc2024d1ea89b57ac1f,52,3,full_fine_tuning,cuda,bf16,339,0.8643067846607669,0.858289489628366,0.8642564917759837,0.8575890033257902,0.8297872340425532,0.8571043553189899,0.8297872340425532,0.8297872340425532,0.8297872340425532,94,0.8867924528301887,0.8924050632911392,0.889589905362776,158,0.8604651162790697,0.8505747126436781,0.8554913294797688,87,0.034500463786026725,0.21853433385664647,0.8524056673049927,4,15,3,12,6,72,147,True,best_validation_state_restored,,,,,
indobenchmark/indobert-base-p2,base,context_sep_comment,128,1e-05,0.06,0.01,0.1,cross_entropy,0.0,2.0,indobenchmark__indobert-base-p2__context_sep_comment__len128__lr1p0em05__warm0p06__wd0p01__drop0p1__cross_entropy__ls0p0,,42,ALL_OOF,full_fine_tuning,cuda,bf16,1824,0.8728070175438597,0.8671671252413627,0.8730495591352763,0.8684496770149847,0.8404255319148937,0.8664414439541892,0.8178053830227743,0.8404255319148937,0.8289611752360966,470,0.9059278350515464,0.8921319796954315,0.8989769820971867,788,0.8743362831858407,0.872791519434629,0.8735632183908046,566,0.028719444971596956,0.19790318771505308,0.900109135954265,5,,,,,,,,,,,,,
indobenchmark/indobert-base-p2,base,context_sep_comment,128,1e-05,0.06,0.01,0.1,cross_entropy,0.0,2.0,indobenchmark__indobert-base-p2__context_sep_comment__len128__lr1p0em05__warm0p06__wd0p01__drop0p1__cross_entropy__ls0p0,94b4e0a82081fa57f227fcc2024d1ea89b57ac1f,52,4,full_fine_tuning,cuda,bf16,339,0.8702064896755162,0.8573996207436722,0.8705914370371021,0.8612279729602834,0.7872340425531915,0.8549907940474994,0.8131868131868132,0.7872340425531915,0.8,94,0.9411764705882353,0.9113924050632911,0.9260450160771704,158,0.8105263157894737,0.8850574712643678,0.8461538461538461,87,0.08618056026883532,0.20731059722216044,0.9527562856674194,11,15,3,12,6,72,294,True,best_validation_state_restored,,,,,
indobenchmark/indobert-base-p2,base,context_sep_comment,128,1e-05,0.06,0.01,0.1,cross_entropy,0.0,2.0,indobenchmark__indobert-base-p2__context_sep_comment__len128__lr1p0em05__warm0p06__wd0p01__drop0p1__cross_entropy__ls0p0,94b4e0a82081fa57f227fcc2024d1ea89b57ac1f,52,5,full_fine_tuning,cuda,bf16,468,0.9166666666666666,0.8998624832627655,0.9151758117152755,0.8930071825450603,0.8191489361702128,0.8954613234311395,0.8651685393258427,0.8191489361702128,0.8415300546448088,94,0.9440559440559441,0.8598726114649682,0.9,157,0.9194915254237288,1.0,0.9580573951434879,217,0.041607801858176564,0.13877082741698157,0.9504333734512329,7,15,3,12,6,72,190,True,best_validation_state_restored,,,,,
indobenchmark/indobert-base-p2,base,context_sep_comment,128,1e-05,0.06,0.01,0.1,cross_entropy,0.0,2.0,indobenchmark__indobert-base-p2__context_sep_comment__len128__lr1p0em05__warm0p06__wd0p01__drop0p1__cross_entropy__ls0p0,94b4e0a82081fa57f227fcc2024d1ea89b57ac1f,52,ALL_OOF,full_fine_tuning,cuda,bf16,1824,0.8612938596491229,0.8563871728369996,0.8620724587662278,0.8613749255650536,0.8489361702127659,0.8581116291638241,0.7932405566600398,0.8489361702127659,0.8201438848920863,470,0.9220246238030095,0.8553299492385786,0.8874259381171824,788,0.8440677966101695,0.8798586572438163,0.8615916955017301,566,0.044920340278431004,0.2138924222820146,0.8966667350512325,6,,,,,,,,,,,,,
indobenchmark/indobert-base-p2,base,context_sep_comment,128,1e-05,0.06,0.01,0.1,cross_entropy,0.0,2.0,indobenchmark__indobert-base-p2__context_sep_comment__len128__lr1p0em05__warm0p06__wd0p01__drop0p1__cross_entropy__ls0p0,94b4e0a82081fa57f227fcc2024d1ea89b57ac1f,62,1,full_fine_tuning,cuda,bf16,339,0.7935103244837758,0.7756638067220344,0.7895985749836333,0.770588730508774,0.6136363636363636,0.7638000024993377,0.7938144329896907,0.8191489361702128,0.806282722513089,94,0.8070175438596491,0.8789808917197452,0.8414634146341463,157,0.7605633802816901,0.6136363636363636,0.6792452830188679,88,0.12061567239705087,0.3390890001801384,0.9060186147689819,6,15,3,12,6,72,189,True,best_validation_state_restored,,,,,
indobenchmark/indobert-base-p2,base,context_sep_comment,128,1e-05,0.06,0.01,0.1,cross_entropy,0.0,2.0,indobenchmark__indobert-base-p2__context_sep_comment__len128__lr1p0em05__warm0p06__wd0p01__drop0p1__cross_entropy__ls0p0,94b4e0a82081fa57f227fcc2024d1ea89b57ac1f,62,2,full_fine_tuning,cuda,bf16,339,0.8643067846607669,0.8575362232391145,0.8651306700627763,0.8633345819235099,0.8505747126436781,0.8600309123429457,0.8118811881188119,0.8723404255319149,0.841025641025641,94,0.9256756756756757,0.8670886075949367,0.8954248366013072,158,0.8222222222222222,0.8505747126436781,0.8361581920903954,87,0.10313500696930558,0.23893266695556137,0.9553880095481873,14,15,3,12,6,72,315,True,best_validation_state_restored,,,,,
indobenchmark/indobert-base-p2,base,context_sep_comment,128,1e-05,0.06,0.01,0.1,cross_entropy,0.0,2.0,indobenchmark__indobert-base-p2__context_sep_comment__len128__lr1p0em05__warm0p06__wd0p01__drop0p1__cross_entropy__ls0p0,94b4e0a82081fa57f227fcc2024d1ea89b57ac1f,62,3,full_fine_tuning,cuda,bf16,339,0.9085545722713865,0.9026894432705189,0.9087104144960816,0.9044642774222907,0.8275862068965517,0.8972936251637369,0.8272727272727273,0.9680851063829787,0.8921568627450981,94,0.9477124183006536,0.9177215189873418,0.932475884244373,158,0.9473684210526315,0.8275862068965517,0.8834355828220859,87,0.0419625780575395,0.14888233603784085,0.9391283392906189,8,15,3,12,6,72,231,True,best_validation_state_restored,,,,,
indobenchmark/indobert-base-p2,base,context_sep_comment,128,1e-05,0.06,0.01,0.1,cross_entropy,0.0,2.0,indobenchmark__indobert-base-p2__context_sep_comment__len128__lr1p0em05__warm0p06__wd0p01__drop0p1__cross_entropy__ls0p0,94b4e0a82081fa57f227fcc2024d1ea89b57ac1f,62,4,full_fine_tuning,cuda,bf16,339,0.831858407079646,0.821823614274478,0.8335106418180054,0.8260590056888245,0.8045977011494253,0.8239585390863925,0.7333333333333333,0.8191489361702128,0.7738693467336684,94,0.9121621621621622,0.8544303797468354,0.8823529411764706,158,0.813953488372093,0.8045977011494253,0.8092485549132948,87,0.07277322325382964,0.25147809948928773,0.9023764133453369,6,15,3,12,6,72,189,True,best_validation_state_restored,,,,,
indobenchmark/indobert-base-p2,base,context_sep_comment,128,1e-05,0.06,0.01,0.1,cross_entropy,0.0,2.0,indobenchmark__indobert-base-p2__context_sep_comment__len128__lr1p0em05__warm0p06__wd0p01__drop0p1__cross_entropy__ls0p0,94b4e0a82081fa57f227fcc2024d1ea89b57ac1f,62,5,full_fine_tuning,cuda,bf16,468,0.9337606837606838,0.9155346370003906,0.9328735233411131,0.911415277589556,0.8297872340425532,0.9116038388505279,0.8666666666666667,0.8297872340425532,0.8478260869565217,94,0.9342105263157895,0.9044585987261147,0.919093851132686,157,0.9601769911504425,1.0,0.9796839729119639,217,0.05775314754145777,0.09906000816561499,0.9312987327575684,5,15,3,12,6,72,152,True,best_validation_state_restored,,,,,
indobenchmark/indobert-base-p2,base,context_sep_comment,128,1e-05,0.06,0.01,0.1,cross_entropy,0.0,2.0,indobenchmark__indobert-base-p2__context_sep_comment__len128__lr1p0em05__warm0p06__wd0p01__drop0p1__cross_entropy__ls0p0,94b4e0a82081fa57f227fcc2024d1ea89b57ac1f,62,ALL_OOF,full_fine_tuning,cuda,bf16,1824,0.8711622807017544,0.8665364067096494,0.8716216894782033,0.8688813074751959,0.8604240282685512,0.8677819112162805,0.805168986083499,0.8617021276595744,0.8324768756423433,470,0.9028497409326425,0.8845177664974619,0.8935897435897436,788,0.8870673952641166,0.8604240282685512,0.873542600896861,566,0.05951239616332349,0.20725417578081506,0.9271572371127835,6,,,,,,,,,,,,,
indobenchmark/indobert-base-p2,base,context_sep_comment,192,2e-05,0.1,0.05,0.2,weighted_cross_entropy,0.03,2.0,indobenchmark__indobert-base-p2__context_sep_comment__len192__lr2p0em05__warm0p1__wd0p05__drop0p2__weighted_cross_entropy__ls0p03,94b4e0a82081fa57f227fcc2024d1ea89b57ac1f,42,1,full_fine_tuning,cuda,bf16,339,0.8525073746312685,0.8388580605692567,0.8527373591813521,0.8399709831770532,0.7701149425287356,0.8363011275053674,0.7843137254901961,0.851063829787234,0.8163265306122449,94,0.9161290322580645,0.8987341772151899,0.9073482428115016,158,0.8170731707317073,0.7701149425287356,0.7928994082840237,87,0.09694937671531971,0.24492366929238205,0.9450523257255554,7,15,3,8,8,64,240,True,best_validation_state_restored,,,,,
indobenchmark/indobert-base-p2,base,context_sep_comment,192,2e-05,0.1,0.05,0.2,weighted_cross_entropy,0.03,2.0,indobenchmark__indobert-base-p2__context_sep_comment__len192__lr2p0em05__warm0p1__wd0p05__drop0p2__weighted_cross_entropy__ls0p03,94b4e0a82081fa57f227fcc2024d1ea89b57ac1f,42,2,full_fine_tuning,cuda,bf16,339,0.8672566371681416,0.8594005496990572,0.8680168581766786,0.8599938292816066,0.8045977011494253,0.8563957470013293,0.7757009345794392,0.8829787234042553,0.8258706467661692,94,0.9155844155844156,0.8924050632911392,0.9038461538461539,158,0.8974358974358975,0.8045977011494253,0.8484848484848485,87,0.0915526265943297,0.236635809023781,0.947128415107727,8,15,3,8,8,64,264,True,best_validation_state_restored,,,,,
indobenchmark/indobert-base-p2,base,context_sep_comment,192,2e-05,0.1,0.05,0.2,weighted_cross_entropy,0.03,2.0,indobenchmark__indobert-base-p2__context_sep_comment__len192__lr2p0em05__warm0p1__wd0p05__drop0p2__weighted_cross_entropy__ls0p03,94b4e0a82081fa57f227fcc2024d1ea89b57ac1f,42,3,full_fine_tuning,cuda,bf16,339,0.887905604719764,0.8801508807600307,0.8875799227283715,0.8782411799250124,0.8297872340425532,0.8770589931091992,0.896551724137931,0.8297872340425532,0.861878453038674,94,0.906832298136646,0.9299363057324841,0.9182389937106918,157,0.8461538461538461,0.875,0.8603351955307262,88,0.028604383050164647,0.18186606051605064,0.8957544565200806,4,15,3,8,8,64,168,True,best_validation_state_restored,,,,,
indobenchmark/indobert-base-p2,base,context_sep_comment,192,2e-05,0.1,0.05,0.2,weighted_cross_entropy,0.03,2.0,indobenchmark__indobert-base-p2__context_sep_comment__len192__lr2p0em05__warm0p1__wd0p05__drop0p2__weighted_cross_entropy__ls0p03,94b4e0a82081fa57f227fcc2024d1ea89b57ac1f,42,4,full_fine_tuning,cuda,bf16,339,0.8348082595870207,0.8223119045842587,0.8353086903161983,0.8276078766434182,0.7241379310344828,0.8173026081419417,0.7391304347826086,0.9042553191489362,0.8133971291866029,94,0.9183673469387755,0.8544303797468354,0.8852459016393442,158,0.8181818181818182,0.7241379310344828,0.7682926829268293,87,0.10137216847906422,0.28069437575041284,0.9325314164161682,6,15,3,8,8,64,216,True,best_validation_state_restored,,,,,
indobenchmark/indobert-base-p2,base,context_sep_comment,192,2e-05,0.1,0.05,0.2,weighted_cross_entropy,0.03,2.0,indobenchmark__indobert-base-p2__context_sep_comment__len192__lr2p0em05__warm0p1__wd0p05__drop0p2__weighted_cross_entropy__ls0p03,94b4e0a82081fa57f227fcc2024d1ea89b57ac1f,42,5,full_fine_tuning,cuda,bf16,468,0.938034188034188,0.9234077469371588,0.9374387413603099,0.9213533902516149,0.8723404255319149,0.9222780757886344,0.8817204301075269,0.8723404255319149,0.8770053475935828,94,0.9271523178807947,0.89171974522293,0.9090909090909091,157,0.96875,1.0,0.9841269841269841,217,0.021636312333946566,0.09796716487082838,0.9595800042152405,6,15,3,8,8,64,198,True,best_validation_state_restored,,,,,
indobenchmark/indobert-base-p2,base,context_sep_comment,192,2e-05,0.1,0.05,0.2,weighted_cross_entropy,0.03,2.0,indobenchmark__indobert-base-p2__context_sep_comment__len192__lr2p0em05__warm0p1__wd0p05__drop0p2__weighted_cross_entropy__ls0p03,94b4e0a82081fa57f227fcc2024d1ea89b57ac1f,42,ALL_OOF,full_fine_tuning,cuda,bf16,1824,0.8804824561403509,0.8754625299536828,0.8810266392020982,0.8780925470153447,0.8680851063829788,0.8767567688649451,0.8095238095238095,0.8680851063829788,0.837782340862423,470,0.9166666666666666,0.8934010152284264,0.9048843187660668,788,0.894927536231884,0.872791519434629,0.8837209302325582,566,0.061673883822534206,0.20060596721658885,0.9376763451288928,6,,,,,,,,,,,,,
indobenchmark/indobert-base-p2,base,context_sep_comment,192,2e-05,0.1,0.05,0.2,weighted_cross_entropy,0.03,2.0,indobenchmark__indobert-base-p2__context_sep_comment__len192__lr2p0em05__warm0p1__wd0p05__drop0p2__weighted_cross_entropy__ls0p03,94b4e0a82081fa57f227fcc2024d1ea89b57ac1f,52,1,full_fine_tuning,cuda,bf16,339,0.8849557522123894,0.8758169934640523,0.8853317138064666,0.8812704250262874,0.8045977011494253,0.8725273781695378,0.8090909090909091,0.9468085106382979,0.8725490196078431,94,0.9527027027027027,0.8924050632911392,0.9215686274509803,158,0.8641975308641975,0.8045977011494253,0.8333333333333334,87,0.07435084989288912,0.20144481597176309,0.949169397354126,9,15,3,8,8,64,288,True,best_validation_state_restored,,,,,
indobenchmark/indobert-base-p2,base,context_sep_comment,192,2e-05,0.1,0.05,0.2,weighted_cross_entropy,0.03,2.0,indobenchmark__indobert-base-p2__context_sep_comment__len192__lr2p0em05__warm0p1__wd0p05__drop0p2__weighted_cross_entropy__ls0p03,94b4e0a82081fa57f227fcc2024d1ea89b57ac1f,52,2,full_fine_tuning,cuda,bf16,339,0.8289085545722714,0.817175986400459,0.8278077133359325,0.8179220720554236,0.7045454545454546,0.8095819207974952,0.7685185185185185,0.8829787234042553,0.8217821782178217,94,0.8717948717948718,0.8662420382165605,0.8690095846645367,157,0.8266666666666667,0.7045454545454546,0.7607361963190185,88,0.11623386032110114,0.29427235940495977,0.9377561807632446,8,15,3,8,8,64,264,True,best_validation_state_restored,,,,,
indobenchmark/indobert-base-p2,base,context_sep_comment,192,2e-05,0.1,0.05,0.2,weighted_cross_entropy,0.03,2.0,indobenchmark__indobert-base-p2__context_sep_comment__len192__lr2p0em05__warm0p1__wd0p05__drop0p2__weighted_cross_entropy__ls0p03,94b4e0a82081fa57f227fcc2024d1ea89b57ac1f,52,3,full_fine_tuning,cuda,bf16,339,0.8436578171091446,0.8382216096778353,0.8447776206077653,0.8474155731183695,0.8291139240506329,0.8407804960326147,0.8080808080808081,0.851063829787234,0.8290155440414507,94,0.916083916083916,0.8291139240506329,0.8704318936877077,158,0.7731958762886598,0.8620689655172413,0.8152173913043478,87,0.08132090874477824,0.2351390201172144,0.9160147309303284,6,15,3,8,8,64,216,True,best_validation_state_restored,,,,,
indobenchmark/indobert-base-p2,base,context_sep_comment,192,2e-05,0.1,0.05,0.2,weighted_cross_entropy,0.03,2.0,indobenchmark__indobert-base-p2__context_sep_comment__len192__lr2p0em05__warm0p1__wd0p05__drop0p2__weighted_cross_entropy__ls0p03,94b4e0a82081fa57f227fcc2024d1ea89b57ac1f,52,4,full_fine_tuning,cuda,bf16,339,0.8790560471976401,0.8709906951286261,0.881551748356753,0.8787629257460328,0.8735632183908046,0.8752219991990295,0.7614678899082569,0.8829787234042553,0.8177339901477833,94,0.9788732394366197,0.879746835443038,0.9266666666666666,158,0.8636363636363636,0.8735632183908046,0.8685714285714285,87,0.04121734777734694,0.1865379128456024,0.9095646142959595,5,15,3,8,8,64,192,True,best_validation_state_restored,,,,,
indobenchmark/indobert-base-p2,base,context_sep_comment,192,2e-05,0.1,0.05,0.2,weighted_cross_entropy,0.03,2.0,indobenchmark__indobert-base-p2__context_sep_comment__len192__lr2p0em05__warm0p1__wd0p05__drop0p2__weighted_cross_entropy__ls0p03,94b4e0a82081fa57f227fcc2024d1ea89b57ac1f,52,5,full_fine_tuning,cuda,bf16,468,0.9188034188034188,0.903292221030596,0.9175597238926538,0.8979762388760898,0.8404255319148937,0.9005957150199713,0.8586956521739131,0.8404255319148937,0.8494623655913979,94,0.9571428571428572,0.8535031847133758,0.9023569023569024,157,0.9194915254237288,1.0,0.9580573951434879,217,0.03399494984465791,0.12959111560097897,0.9526504278182983,6,15,3,8,8,64,198,True,best_validation_state_restored,,,,,
indobenchmark/indobert-base-p2,base,context_sep_comment,192,2e-05,0.1,0.05,0.2,weighted_cross_entropy,0.03,2.0,indobenchmark__indobert-base-p2__context_sep_comment__len192__lr2p0em05__warm0p1__wd0p05__drop0p2__weighted_cross_entropy__ls0p03,94b4e0a82081fa57f227fcc2024d1ea89b57ac1f,52,ALL_OOF,full_fine_tuning,cuda,bf16,1824,0.8744517543859649,0.8702573242514414,0.8753073291963447,0.8761521626492468,0.8642131979695431,0.8720902083431697,0.7992277992277992,0.8808510638297873,0.8380566801619433,470,0.934156378600823,0.8642131979695431,0.8978246539222149,788,0.8665511265164645,0.8833922261484098,0.8748906386701663,566,0.06116300554978741,0.20375287545414586,0.9344186290216289,6,,,,,,,,,,,,,
indobenchmark/indobert-base-p2,base,context_sep_comment,192,2e-05,0.1,0.05,0.2,weighted_cross_entropy,0.03,2.0,indobenchmark__indobert-base-p2__context_sep_comment__len192__lr2p0em05__warm0p1__wd0p05__drop0p2__weighted_cross_entropy__ls0p03,94b4e0a82081fa57f227fcc2024d1ea89b57ac1f,62,1,full_fine_tuning,cuda,bf16,339,0.8141592920353983,0.8006038812370745,0.8133578838632257,0.8027957101849229,0.6931818181818182,0.7943666639606157,0.7788461538461539,0.8617021276595744,0.8181818181818182,94,0.8701298701298701,0.8535031847133758,0.8617363344051447,157,0.7530864197530864,0.6931818181818182,0.7218934911242604,88,0.11277304330406641,0.30137310534830686,0.9126341342926025,5,15,3,8,8,64,192,True,best_validation_state_restored,,,,,
indobenchmark/indobert-base-p2,base,context_sep_comment,192,2e-05,0.1,0.05,0.2,weighted_cross_entropy,0.03,2.0,indobenchmark__indobert-base-p2__context_sep_comment__len192__lr2p0em05__warm0p1__wd0p05__drop0p2__weighted_cross_entropy__ls0p03,94b4e0a82081fa57f227fcc2024d1ea89b57ac1f,62,2,full_fine_tuning,cuda,bf16,339,0.8820058997050148,0.8745011086474501,0.8818188358874739,0.8788754020511963,0.7931034482758621,0.86948763860831,0.8108108108108109,0.9574468085106383,0.8780487804878049,94,0.9333333333333333,0.8860759493670886,0.9090909090909091,158,0.8846153846153846,0.7931034482758621,0.8363636363636363,87,0.08108191504239332,0.2125937052820394,0.9517869353294373,12,15,3,8,8,64,360,True,best_validation_state_restored,,,,,
indobenchmark/indobert-base-p2,base,context_sep_comment,192,2e-05,0.1,0.05,0.2,weighted_cross_entropy,0.03,2.0,indobenchmark__indobert-base-p2__context_sep_comment__len192__lr2p0em05__warm0p1__wd0p05__drop0p2__weighted_cross_entropy__ls0p03,94b4e0a82081fa57f227fcc2024d1ea89b57ac1f,62,3,full_fine_tuning,cuda,bf16,339,0.9144542772861357,0.9092316196793808,0.9142018520964498,0.9086836867049911,0.8275862068965517,0.9025242890882466,0.8504672897196262,0.9680851063829787,0.9054726368159204,94,0.9363057324840764,0.930379746835443,0.9333333333333333,158,0.96,0.8275862068965517,0.8888888888888888,87,0.04444308917431,0.13680893555319038,0.9408134818077087,6,15,3,8,8,64,216,True,best_validation_state_restored,,,,,
indobenchmark/indobert-base-p2,base,context_sep_comment,192,2e-05,0.1,0.05,0.2,weighted_cross_entropy,0.03,2.0,indobenchmark__indobert-base-p2__context_sep_comment__len192__lr2p0em05__warm0p1__wd0p05__drop0p2__weighted_cross_entropy__ls0p03,94b4e0a82081fa57f227fcc2024d1ea89b57ac1f,62,4,full_fine_tuning,cuda,bf16,339,0.8407079646017699,0.8301992609054233,0.8418941997149757,0.8335391959285641,0.7931034482758621,0.8303102777559994,0.7523809523809524,0.8404255319148937,0.7939698492462312,94,0.9133333333333333,0.8670886075949367,0.8896103896103896,158,0.8214285714285714,0.7931034482758621,0.8070175438596491,87,0.09538940491929522,0.2637689366958291,0.9325280785560608,6,15,3,8,8,64,216,True,best_validation_state_restored,,,,,
indobenchmark/indobert-base-p2,base,context_sep_comment,192,2e-05,0.1,0.05,0.2,weighted_cross_entropy,0.03,2.0,indobenchmark__indobert-base-p2__context_sep_comment__len192__lr2p0em05__warm0p1__wd0p05__drop0p2__weighted_cross_entropy__ls0p03,94b4e0a82081fa57f227fcc2024d1ea89b57ac1f,62,5,full_fine_tuning,cuda,bf16,468,0.9230769230769231,0.907976680620005,0.9219278432385545,0.9022225233771515,0.8404255319148937,0.9046008070379986,0.8681318681318682,0.8404255319148937,0.8540540540540541,94,0.9577464788732394,0.8662420382165605,0.9096989966555183,157,0.9234042553191489,1.0,0.9601769911504425,217,0.036950160868656906,0.11908071810128584,0.9417868256568909,5,15,3,8,8,64,176,True,best_validation_state_restored,,,,,
indobenchmark/indobert-base-p2,base,context_sep_comment,192,2e-05,0.1,0.05,0.2,weighted_cross_entropy,0.03,2.0,indobenchmark__indobert-base-p2__context_sep_comment__len192__lr2p0em05__warm0p1__wd0p05__drop0p2__weighted_cross_entropy__ls0p03,94b4e0a82081fa57f227fcc2024d1ea89b57ac1f,62,ALL_OOF,full_fine_tuning,cuda,bf16,1824,0.8782894736842105,0.8743745264381938,0.8788525116341026,0.8788394979653069,0.8621908127208481,0.8752236335456868,0.8108108108108109,0.8936170212765957,0.8502024291497976,470,0.9216467463479415,0.8807106598984772,0.9007138221933809,788,0.8824593128390597,0.8621908127208481,0.872207327971403,566,0.05923844983376433,0.2005265480085015,0.9363254904256839,6,,,,,,,,,,,,,
indobenchmark/indobert-base-p2,base,context_sep_comment,256,3e-05,0.06,0.05,0.3,focal_loss,0.05,2.0,indobenchmark__indobert-base-p2__context_sep_comment__len256__lr3p0em05__warm0p06__wd0p05__drop0p3__focal_loss__ls0p05,94b4e0a82081fa57f227fcc2024d1ea89b57ac1f,42,1,full_fine_tuning,cuda,bf16,339,0.8613569321533924,0.8530379399045569,0.8613896785885701,0.8549184649976834,0.7701149425287356,0.8476174428602509,0.7818181818181819,0.9148936170212766,0.8431372549019608,94,0.9084967320261438,0.879746835443038,0.8938906752411575,158,0.881578947368421,0.7701149425287356,0.8220858895705522,87,0.04301278622804487,0.20693282628702017,0.8976767063140869,7,15,3,6,11,66,230,True,best_validation_state_restored,,,,,
indobenchmark/indobert-base-p2,base,context_sep_comment,256,3e-05,0.06,0.05,0.3,focal_loss,0.05,2.0,indobenchmark__indobert-base-p2__context_sep_comment__len256__lr3p0em05__warm0p06__wd0p05__drop0p3__focal_loss__ls0p05,94b4e0a82081fa57f227fcc2024d1ea89b57ac1f,42,2,full_fine_tuning,cuda,bf16,339,0.8761061946902655,0.8695526695526695,0.8760355344426141,0.8691957325045171,0.8045977011494253,0.8649518428439935,0.8173076923076923,0.9042553191489362,0.8585858585858586,94,0.9044585987261147,0.8987341772151899,0.9015873015873016,158,0.8974358974358975,0.8045977011494253,0.8484848484848485,87,0.03475280567608048,0.1832722843424643,0.8625131845474243,5,15,3,6,11,66,184,True,best_validation_state_restored,,,,,
indobenchmark/indobert-base-p2,base,context_sep_comment,256,3e-05,0.06,0.05,0.3,focal_loss,0.05,2.0,indobenchmark__indobert-base-p2__context_sep_comment__len256__lr3p0em05__warm0p06__wd0p05__drop0p3__focal_loss__ls0p05,94b4e0a82081fa57f227fcc2024d1ea89b57ac1f,42,3,full_fine_tuning,cuda,bf16,339,0.887905604719764,0.8799520167941219,0.888222219568284,0.8803617555142152,0.8409090909090909,0.8785157483273301,0.8217821782178217,0.8829787234042553,0.8512820512820513,94,0.9290322580645162,0.9171974522292994,0.9230769230769231,157,0.891566265060241,0.8409090909090909,0.8654970760233918,88,0.023407079125575925,0.1787619692281618,0.8865705728530884,6,15,3,6,11,66,207,True,best_validation_state_restored,,,,,
indobenchmark/indobert-base-p2,base,context_sep_comment,256,3e-05,0.06,0.05,0.3,focal_loss,0.05,2.0,indobenchmark__indobert-base-p2__context_sep_comment__len256__lr3p0em05__warm0p06__wd0p05__drop0p3__focal_loss__ls0p05,94b4e0a82081fa57f227fcc2024d1ea89b57ac1f,42,4,full_fine_tuning,cuda,bf16,339,0.8436578171091446,0.8311964526043906,0.8435809406008022,0.8330712325855206,0.7471264367816092,0.8269028163697646,0.780952380952381,0.8723404255319149,0.8241206030150754,94,0.9025974025974026,0.879746835443038,0.8910256410256411,158,0.8125,0.7471264367816092,0.7784431137724551,87,0.08696371413613488,0.25429049545037247,0.9270592331886292,10,15,3,6,11,66,299,True,best_validation_state_restored,,,,,
indobenchmark/indobert-base-p2,base,context_sep_comment,256,3e-05,0.06,0.05,0.3,focal_loss,0.05,2.0,indobenchmark__indobert-base-p2__context_sep_comment__len256__lr3p0em05__warm0p06__wd0p05__drop0p3__focal_loss__ls0p05,94b4e0a82081fa57f227fcc2024d1ea89b57ac1f,42,5,full_fine_tuning,cuda,bf16,468,0.9487179487179487,0.9350884298468375,0.9485928476817092,0.9362379726250168,0.9042553191489362,0.9363238829940167,0.8762886597938144,0.9042553191489362,0.8900523560209425,94,0.9403973509933775,0.9044585987261147,0.922077922077922,157,0.9863636363636363,1.0,0.9931350114416476,217,0.23785667968356708,0.22802866424902707,0.7114297747612,2,15,3,6,11,66,105,True,best_validation_state_restored,,,,,
indobenchmark/indobert-base-p2,base,context_sep_comment,256,3e-05,0.06,0.05,0.3,focal_loss,0.05,2.0,indobenchmark__indobert-base-p2__context_sep_comment__len256__lr3p0em05__warm0p06__wd0p05__drop0p3__focal_loss__ls0p05,94b4e0a82081fa57f227fcc2024d1ea89b57ac1f,42,ALL_OOF,full_fine_tuning,cuda,bf16,1824,0.8881578947368421,0.8844353150233735,0.8887450186529608,0.8875695007092707,0.8710247349823321,0.8848378680704895,0.8143133462282398,0.8957446808510638,0.8530901722391084,470,0.9168831168831169,0.8959390862944162,0.9062901155327343,788,0.9180633147113594,0.8710247349823321,0.8939256572982774,566,0.05943441188387705,0.21151410794844464,0.8467510616439476,6,,,,,,,,,,,,,
indobenchmark/indobert-base-p2,base,context_sep_comment,256,3e-05,0.06,0.05,0.3,focal_loss,0.05,2.0,indobenchmark__indobert-base-p2__context_sep_comment__len256__lr3p0em05__warm0p06__wd0p05__drop0p3__focal_loss__ls0p05,94b4e0a82081fa57f227fcc2024d1ea89b57ac1f,52,1,full_fine_tuning,cuda,bf16,339,0.8908554572271387,0.8793624804847715,0.8895588317253978,0.8745791167617556,0.7701149425287356,0.8709289469672749,0.8415841584158416,0.9042553191489362,0.8717948717948718,94,0.9090909090909091,0.9493670886075949,0.9287925696594427,158,0.9178082191780822,0.7701149425287356,0.8375,87,0.04192066684936703,0.17025425020172755,0.9169660806655884,9,15,3,6,11,66,276,True,best_validation_state_restored,,,,,
indobenchmark/indobert-base-p2,base,context_sep_comment,256,3e-05,0.06,0.05,0.3,focal_loss,0.05,2.0,indobenchmark__indobert-base-p2__context_sep_comment__len256__lr3p0em05__warm0p06__wd0p05__drop0p3__focal_loss__ls0p05,94b4e0a82081fa57f227fcc2024d1ea89b57ac1f,52,2,full_fine_tuning,cuda,bf16,339,0.8436578171091446,0.8325072319850814,0.8417486194285775,0.8342296114690747,0.7045454545454546,0.8234007056751363,0.8055555555555556,0.925531914893617,0.8613861386138614,94,0.8782051282051282,0.8726114649681529,0.8753993610223643,157,0.8266666666666667,0.7045454545454546,0.7607361963190185,88,0.07237810265701429,0.2539384503256885,0.8997519016265869,8,15,3,6,11,66,253,True,best_validation_state_restored,,,,,
indobenchmark/indobert-base-p2,base,context_sep_comment,256,3e-05,0.06,0.05,0.3,focal_loss,0.05,2.0,indobenchmark__indobert-base-p2__context_sep_comment__len256__lr3p0em05__warm0p06__wd0p05__drop0p3__focal_loss__ls0p05,94b4e0a82081fa57f227fcc2024d1ea89b57ac1f,52,3,full_fine_tuning,cuda,bf16,339,0.8495575221238938,0.8449206725076959,0.8504416396513824,0.8470502830997644,0.7931034482758621,0.8415559270877856,0.7567567567567568,0.8936170212765957,0.8195121951219512,94,0.8940397350993378,0.8544303797468354,0.8737864077669902,158,0.8961038961038961,0.7931034482758621,0.8414634146341463,87,0.08042215667994673,0.24397521824089408,0.914520800113678,9,15,3,6,11,66,276,True,best_validation_state_restored,,,,,
indobenchmark/indobert-base-p2,base,context_sep_comment,256,3e-05,0.06,0.05,0.3,focal_loss,0.05,2.0,indobenchmark__indobert-base-p2__context_sep_comment__len256__lr3p0em05__warm0p06__wd0p05__drop0p3__focal_loss__ls0p05,94b4e0a82081fa57f227fcc2024d1ea89b57ac1f,52,4,full_fine_tuning,cuda,bf16,339,0.8908554572271387,0.8823014717599037,0.891581172056397,0.8866213046632264,0.8404255319148937,0.8815440399962376,0.8144329896907216,0.8404255319148937,0.8272251308900523,94,0.9536423841059603,0.9113924050632911,0.9320388349514563,158,0.8681318681318682,0.9080459770114943,0.8876404494382022,87,0.05637012057248117,0.1610517418758993,0.8553850054740906,5,15,3,6,11,66,184,True,best_validation_state_restored,,,,,
indobenchmark/indobert-base-p2,base,context_sep_comment,256,3e-05,0.06,0.05,0.3,focal_loss,0.05,2.0,indobenchmark__indobert-base-p2__context_sep_comment__len256__lr3p0em05__warm0p06__wd0p05__drop0p3__focal_loss__ls0p05,94b4e0a82081fa57f227fcc2024d1ea89b57ac1f,52,5,full_fine_tuning,cuda,bf16,468,0.9273504273504274,0.9115809824346336,0.9265941284470756,0.9107376789989611,0.8598726114649682,0.9109723181252707,0.845360824742268,0.8723404255319149,0.8586387434554974,94,0.9507042253521126,0.8598726114649682,0.903010033444816,157,0.9475982532751092,1.0,0.9730941704035875,217,0.03853908671527846,0.1131992332727073,0.9273576736450195,7,15,3,6,11,66,210,True,best_validation_state_restored,,,,,
indobenchmark/indobert-base-p2,base,context_sep_comment,256,3e-05,0.06,0.05,0.3,focal_loss,0.05,2.0,indobenchmark__indobert-base-p2__context_sep_comment__len256__lr3p0em05__warm0p06__wd0p05__drop0p3__focal_loss__ls0p05,94b4e0a82081fa57f227fcc2024d1ea89b57ac1f,52,ALL_OOF,full_fine_tuning,cuda,bf16,1824,0.8837719298245614,0.8798729130054964,0.8843602159467487,0.883206490205754,0.872791519434629,0.8810011941341808,0.811284046692607,0.8872340425531915,0.8475609756097561,470,0.9163398692810457,0.8895939086294417,0.9027688345138442,788,0.9064220183486239,0.872791519434629,0.8892889288928892,566,0.02276350525126126,0.1831593783607533,0.9045333421805448,8,,,,,,,,,,,,,
indobenchmark/indobert-base-p2,base,context_sep_comment,256,3e-05,0.06,0.05,0.3,focal_loss,0.05,2.0,indobenchmark__indobert-base-p2__context_sep_comment__len256__lr3p0em05__warm0p06__wd0p05__drop0p3__focal_loss__ls0p05,94b4e0a82081fa57f227fcc2024d1ea89b57ac1f,62,1,full_fine_tuning,cuda,bf16,339,0.8023598820058997,0.7841508438818566,0.7991064093947203,0.7828917649184622,0.625,0.7734466551382051,0.7547169811320755,0.851063829787234,0.8,94,0.8404907975460123,0.8726114649681529,0.85625,157,0.7857142857142857,0.625,0.6962025316455697,88,0.053880962386595434,0.2909136638877907,0.8562408685684204,5,15,3,6,11,66,184,True,best_validation_state_restored,,,,,
indobenchmark/indobert-base-p2,base,context_sep_comment,256,3e-05,0.06,0.05,0.3,focal_loss,0.05,2.0,indobenchmark__indobert-base-p2__context_sep_comment__len256__lr3p0em05__warm0p06__wd0p05__drop0p3__focal_loss__ls0p05,94b4e0a82081fa57f227fcc2024d1ea89b57ac1f,62,2,full_fine_tuning,cuda,bf16,339,0.8672566371681416,0.8579054772652014,0.8678096980241528,0.8608497842828294,0.8390804597701149,0.8594171848901004,0.8333333333333334,0.851063829787234,0.8421052631578947,94,0.9215686274509803,0.8924050632911392,0.9067524115755627,158,0.8111111111111111,0.8390804597701149,0.8248587570621468,87,0.06022697212421792,0.21276735362732022,0.8300662636756897,4,15,3,6,11,66,161,True,best_validation_state_restored,,,,,
indobenchmark/indobert-base-p2,base,context_sep_comment,256,3e-05,0.06,0.05,0.3,focal_loss,0.05,2.0,indobenchmark__indobert-base-p2__context_sep_comment__len256__lr3p0em05__warm0p06__wd0p05__drop0p3__focal_loss__ls0p05,94b4e0a82081fa57f227fcc2024d1ea89b57ac1f,62,3,full_fine_tuning,cuda,bf16,339,0.9056047197640118,0.9000600693905029,0.9059031145071612,0.8997671018158216,0.8390804597701149,0.8955669100255805,0.8301886792452831,0.9361702127659575,0.88,94,0.9358974358974359,0.9240506329113924,0.9299363057324841,158,0.948051948051948,0.8390804597701149,0.8902439024390244,87,0.08539378625453395,0.16639422585578853,0.8202109336853027,4,15,3,6,11,66,161,True,best_validation_state_restored,,,,,
indobenchmark/indobert-base-p2,base,context_sep_comment,256,3e-05,0.06,0.05,0.3,focal_loss,0.05,2.0,indobenchmark__indobert-base-p2__context_sep_comment__len256__lr3p0em05__warm0p06__wd0p05__drop0p3__focal_loss__ls0p05,94b4e0a82081fa57f227fcc2024d1ea89b57ac1f,62,4,full_fine_tuning,cuda,bf16,339,0.8525073746312685,0.8431105347474827,0.8528212063925371,0.8402661044915193,0.7241379310344828,0.8334634402901258,0.7391304347826086,0.9042553191489362,0.8133971291866029,94,0.8924050632911392,0.8924050632911392,0.8924050632911392,158,0.9545454545454546,0.7241379310344828,0.8235294117647058,87,0.07693340627141403,0.24903995998824205,0.8856112957000732,6,15,3,6,11,66,207,True,best_validation_state_restored,,,,,
indobenchmark/indobert-base-p2,base,context_sep_comment,256,3e-05,0.06,0.05,0.3,focal_loss,0.05,2.0,indobenchmark__indobert-base-p2__context_sep_comment__len256__lr3p0em05__warm0p06__wd0p05__drop0p3__focal_loss__ls0p05,94b4e0a82081fa57f227fcc2024d1ea89b57ac1f,62,5,full_fine_tuning,cuda,bf16,468,0.938034188034188,0.9240677169164,0.9377440331863919,0.9270452184126124,0.8662420382165605,0.923070590680995,0.8431372549019608,0.9148936170212766,0.8775510204081632,94,0.9645390070921985,0.8662420382165605,0.912751677852349,157,0.9644444444444444,1.0,0.9819004524886877,217,0.0727483979784525,0.0978019521040224,0.8831192255020142,5,15,3,6,11,66,168,True,best_validation_state_restored,,,,,
indobenchmark/indobert-base-p2,base,context_sep_comment,256,3e-05,0.06,0.05,0.3,focal_loss,0.05,2.0,indobenchmark__indobert-base-p2__context_sep_comment__len256__lr3p0em05__warm0p06__wd0p05__drop0p3__focal_loss__ls0p05,94b4e0a82081fa57f227fcc2024d1ea89b57ac1f,62,ALL_OOF,full_fine_tuning,cuda,bf16,1824,0.8777412280701754,0.8736157798308991,0.8783940208197712,0.8769688639621132,0.8498233215547704,0.8731447853013119,0.7980952380952381,0.8914893617021277,0.842211055276382,470,0.9092088197146563,0.8895939086294417,0.8992944194996793,788,0.9109848484848485,0.8498233215547704,0.8793418647166362,566,0.024019462808051707,0.19591631991416197,0.8570349217931691,5,,,,,,,,,,,,,
indobenchmark/indobert-base-p2,base,comment_only,192,2e-05,0.1,0.01,0.1,weighted_cross_entropy,0.0,2.0,indobenchmark__indobert-base-p2__comment_only__len192__lr2p0em05__warm0p1__wd0p01__drop0p1__weighted_cross_entropy__ls0p0,94b4e0a82081fa57f227fcc2024d1ea89b57ac1f,42,1,full_fine_tuning,cuda,bf16,339,0.855457227138643,0.8450221157240939,0.8560595036406151,0.847531145101657,0.8160919540229885,0.8457614388538607,0.797979797979798,0.8404255319148937,0.8186528497409327,94,0.9150326797385621,0.8860759493670886,0.9003215434083601,158,0.8160919540229885,0.8160919540229885,0.8160919540229885,87,0.11834787759809019,0.25309719922859775,0.9728238582611084,8,15,3,8,8,64,264,True,best_validation_state_restored,,,,,
indobenchmark/indobert-base-p2,base,comment_only,192,2e-05,0.1,0.01,0.1,weighted_cross_entropy,0.0,2.0,indobenchmark__indobert-base-p2__comment_only__len192__lr2p0em05__warm0p1__wd0p01__drop0p1__weighted_cross_entropy__ls0p0,94b4e0a82081fa57f227fcc2024d1ea89b57ac1f,42,2,full_fine_tuning,cuda,bf16,339,0.8790560471976401,0.8745418981472173,0.8794290605513708,0.8773265310966026,0.8723404255319149,0.876232922190691,0.8282828282828283,0.8723404255319149,0.8497409326424871,94,0.9150326797385621,0.8860759493670886,0.9003215434083601,158,0.8735632183908046,0.8735632183908046,0.8735632183908046,87,0.11414426187146733,0.2295116774971259,0.9593350291252136,7,15,3,8,8,64,240,True,best_validation_state_restored,,,,,
indobenchmark/indobert-base-p2,base,comment_only,192,2e-05,0.1,0.01,0.1,weighted_cross_entropy,0.0,2.0,indobenchmark__indobert-base-p2__comment_only__len192__lr2p0em05__warm0p1__wd0p01__drop0p1__weighted_cross_entropy__ls0p0,94b4e0a82081fa57f227fcc2024d1ea89b57ac1f,42,3,full_fine_tuning,cuda,bf16,339,0.8761061946902655,0.8728942407103326,0.8760582952425084,0.8721109660091907,0.8522727272727273,0.8716390206203235,0.8631578947368421,0.8723404255319149,0.8677248677248677,94,0.8860759493670886,0.89171974522293,0.8888888888888888,157,0.872093023255814,0.8522727272727273,0.8620689655172413,88,0.087345477578211,0.21380099496870125,0.963451623916626,8,15,3,8,8,64,264,True,best_validation_state_restored,,,,,
indobenchmark/indobert-base-p2,base,comment_only,192,2e-05,0.1,0.01,0.1,weighted_cross_entropy,0.0,2.0,indobenchmark__indobert-base-p2__comment_only__len192__lr2p0em05__warm0p1__wd0p01__drop0p1__weighted_cross_entropy__ls0p0,94b4e0a82081fa57f227fcc2024d1ea89b57ac1f,42,4,full_fine_tuning,cuda,bf16,339,0.8348082595870207,0.82478601557905,0.8349521575382647,0.8267421186614702,0.7471264367816092,0.8204179515181812,0.7592592592592593,0.8723404255319149,0.8118811881188119,94,0.8888888888888888,0.8607594936708861,0.8745980707395499,158,0.8333333333333334,0.7471264367816092,0.7878787878787878,87,0.13762217733712317,0.29200609397130073,0.9718649387359619,8,15,3,8,8,64,264,True,best_validation_state_restored,,,,,
indobenchmark/indobert-base-p2,base,comment_only,192,2e-05,0.1,0.01,0.1,weighted_cross_entropy,0.0,2.0,indobenchmark__indobert-base-p2__comment_only__len192__lr2p0em05__warm0p1__wd0p01__drop0p1__weighted_cross_entropy__ls0p0,94b4e0a82081fa57f227fcc2024d1ea89b57ac1f,42,5,full_fine_tuning,cuda,bf16,468,0.938034188034188,0.9238758315022161,0.9376101602826102,0.9241993043321136,0.8789808917197452,0.92369853904954,0.8571428571428571,0.8936170212765957,0.875,94,0.9583333333333334,0.8789808917197452,0.9169435215946844,157,0.9601769911504425,1.0,0.9796839729119639,217,0.053230119693992474,0.11079851301698014,0.990084707736969,9,15,3,8,8,64,264,True,best_validation_state_restored,,,,,
indobenchmark/indobert-base-p2,base,comment_only,192,2e-05,0.1,0.01,0.1,weighted_cross_entropy,0.0,2.0,indobenchmark__indobert-base-p2__comment_only__len192__lr2p0em05__warm0p1__wd0p01__drop0p1__weighted_cross_entropy__ls0p0,94b4e0a82081fa57f227fcc2024d1ea89b57ac1f,42,ALL_OOF,full_fine_tuning,cuda,bf16,1824,0.8810307017543859,0.8774222067813864,0.8814410186352419,0.8804609299378404,0.8702127659574468,0.8783915558221832,0.8196392785571143,0.8702127659574468,0.8441692466460269,470,0.911957950065703,0.8807106598984772,0.8960619754680439,788,0.8936170212765957,0.8904593639575972,0.8920353982300885,566,0.09214079143120008,0.21213087524815116,0.9728255691333559,8,,,,,,,,,,,,,
indobenchmark/indobert-base-p2,base,comment_only,192,2e-05,0.1,0.01,0.1,weighted_cross_entropy,0.0,2.0,indobenchmark__indobert-base-p2__comment_only__len192__lr2p0em05__warm0p1__wd0p01__drop0p1__weighted_cross_entropy__ls0p0,94b4e0a82081fa57f227fcc2024d1ea89b57ac1f,52,1,full_fine_tuning,cuda,bf16,339,0.8731563421828908,0.8640892994170946,0.8738671074510677,0.8679419828643896,0.8390804597701149,0.8650790649715946,0.82,0.8723404255319149,0.845360824742268,94,0.9337748344370861,0.8924050632911392,0.912621359223301,158,0.8295454545454546,0.8390804597701149,0.8342857142857143,87,0.09067402687747925,0.22130388759047595,0.9638304710388184,9,15,3,8,8,64,288,True,best_validation_state_restored,,,,,
indobenchmark/indobert-base-p2,base,comment_only,192,2e-05,0.1,0.01,0.1,weighted_cross_entropy,0.0,2.0,indobenchmark__indobert-base-p2__comment_only__len192__lr2p0em05__warm0p1__wd0p01__drop0p1__weighted_cross_entropy__ls0p0,94b4e0a82081fa57f227fcc2024d1ea89b57ac1f,52,2,full_fine_tuning,cuda,bf16,339,0.8259587020648967,0.8231869097957141,0.8261946947351506,0.828875042606578,0.7840909090909091,0.8212464739681611,0.7567567567567568,0.8936170212765957,0.8195121951219512,94,0.8698630136986302,0.8089171974522293,0.8382838283828383,157,0.8414634146341463,0.7840909090909091,0.8117647058823529,88,0.08970167582365612,0.2675971749044327,0.9156603813171387,4,15,3,8,8,64,168,True,best_validation_state_restored,,,,,
indobenchmark/indobert-base-p2,base,comment_only,192,2e-05,0.1,0.01,0.1,weighted_cross_entropy,0.0,2.0,indobenchmark__indobert-base-p2__comment_only__len192__lr2p0em05__warm0p1__wd0p01__drop0p1__weighted_cross_entropy__ls0p0,94b4e0a82081fa57f227fcc2024d1ea89b57ac1f,52,3,full_fine_tuning,cuda,bf16,339,0.8495575221238938,0.8463338822328783,0.8496228094463031,0.8467551617852983,0.8390804597701149,0.8466598878643906,0.8229166666666666,0.8404255319148937,0.8315789473684211,94,0.8662420382165605,0.8607594936708861,0.8634920634920635,158,0.8488372093023255,0.8390804597701149,0.8439306358381503,87,0.039145583424244644,0.2190884722581132,0.881371259689331,3,15,3,8,8,64,144,True,best_validation_state_restored,,,,,
indobenchmark/indobert-base-p2,base,comment_only,192,2e-05,0.1,0.01,0.1,weighted_cross_entropy,0.0,2.0,indobenchmark__indobert-base-p2__comment_only__len192__lr2p0em05__warm0p1__wd0p01__drop0p1__weighted_cross_entropy__ls0p0,94b4e0a82081fa57f227fcc2024d1ea89b57ac1f,52,4,full_fine_tuning,cuda,bf16,339,0.8820058997050148,0.8709520886316467,0.8818155549295236,0.8728248991582852,0.7978723404255319,0.8673348192383734,0.8620689655172413,0.7978723404255319,0.8287292817679558,94,0.9299363057324841,0.9240506329113924,0.926984126984127,158,0.8210526315789474,0.896551724137931,0.8571428571428571,87,0.09830876042005941,0.21453684985561508,0.9609758257865906,7,15,3,8,8,64,240,True,best_validation_state_restored,,,,,
indobenchmark/indobert-base-p2,base,comment_only,192,2e-05,0.1,0.01,0.1,weighted_cross_entropy,0.0,2.0,indobenchmark__indobert-base-p2__comment_only__len192__lr2p0em05__warm0p1__wd0p01__drop0p1__weighted_cross_entropy__ls0p0,94b4e0a82081fa57f227fcc2024d1ea89b57ac1f,52,5,full_fine_tuning,cuda,bf16,468,0.9166666666666666,0.8957180444759366,0.916361390435682,0.8986990107060576,0.8343949044585988,0.896466510377446,0.7864077669902912,0.8617021276595744,0.8223350253807107,94,0.9424460431654677,0.8343949044585988,0.8851351351351351,157,0.9601769911504425,1.0,0.9796839729119639,217,0.03933168680239951,0.13377337520195484,0.9559983611106873,4,15,3,8,8,64,154,True,best_validation_state_restored,,,,,
indobenchmark/indobert-base-p2,base,comment_only,192,2e-05,0.1,0.01,0.1,weighted_cross_entropy,0.0,2.0,indobenchmark__indobert-base-p2__comment_only__len192__lr2p0em05__warm0p1__wd0p01__drop0p1__weighted_cross_entropy__ls0p0,94b4e0a82081fa57f227fcc2024d1ea89b57ac1f,52,ALL_OOF,full_fine_tuning,cuda,bf16,1824,0.8728070175438597,0.8691077680616036,0.873202372406981,0.8728215860008744,0.8531914893617021,0.8693686786241446,0.806841046277666,0.8531914893617021,0.8293691830403309,470,0.908,0.8642131979695431,0.8855656697009102,788,0.8838821490467937,0.901060070671378,0.8923884514435696,566,0.06576083835802575,0.20577981577677787,0.9370121953257343,4,,,,,,,,,,,,,
indobenchmark/indobert-base-p2,base,comment_only,192,2e-05,0.1,0.01,0.1,weighted_cross_entropy,0.0,2.0,indobenchmark__indobert-base-p2__comment_only__len192__lr2p0em05__warm0p1__wd0p01__drop0p1__weighted_cross_entropy__ls0p0,94b4e0a82081fa57f227fcc2024d1ea89b57ac1f,62,1,full_fine_tuning,cuda,bf16,339,0.8082595870206489,0.7997582880240155,0.8097096538457955,0.8073566673647985,0.7727272727272727,0.8011252520614879,0.7452830188679245,0.8404255319148937,0.79,94,0.8943661971830986,0.8089171974522293,0.8494983277591973,157,0.7472527472527473,0.7727272727272727,0.7597765363128491,88,0.13469006213466678,0.30132496963239763,0.9421682953834534,5,15,3,8,8,64,192,True,best_validation_state_restored,,,,,
indobenchmark/indobert-base-p2,base,comment_only,192,2e-05,0.1,0.01,0.1,weighted_cross_entropy,0.0,2.0,indobenchmark__indobert-base-p2__comment_only__len192__lr2p0em05__warm0p1__wd0p01__drop0p1__weighted_cross_entropy__ls0p0,94b4e0a82081fa57f227fcc2024d1ea89b57ac1f,62,2,full_fine_tuning,cuda,bf16,339,0.8761061946902655,0.871748137928547,0.8768183016618795,0.8803819654047652,0.8607594936708861,0.8736834560265401,0.8367346938775511,0.8723404255319149,0.8541666666666666,94,0.9379310344827586,0.8607594936708861,0.8976897689768977,158,0.8229166666666666,0.9080459770114943,0.8633879781420765,87,0.09760900215413362,0.2256466884541742,0.9737151861190796,7,15,3,8,8,64,240,True,best_validation_state_restored,,,,,
indobenchmark/indobert-base-p2,base,comment_only,192,2e-05,0.1,0.01,0.1,weighted_cross_entropy,0.0,2.0,indobenchmark__indobert-base-p2__comment_only__len192__lr2p0em05__warm0p1__wd0p01__drop0p1__weighted_cross_entropy__ls0p0,94b4e0a82081fa57f227fcc2024d1ea89b57ac1f,62,3,full_fine_tuning,cuda,bf16,339,0.8820058997050148,0.8779534400382637,0.882311736237512,0.8817383883693309,0.8505747126436781,0.8771882948650439,0.8269230769230769,0.9148936170212766,0.8686868686868687,94,0.9205298013245033,0.879746835443038,0.8996763754045307,158,0.8809523809523809,0.8505747126436781,0.8654970760233918,87,0.07057027839629702,0.19063515753319196,0.9398839473724365,5,15,3,8,8,64,192,True,best_validation_state_restored,,,,,
indobenchmark/indobert-base-p2,base,comment_only,192,2e-05,0.1,0.01,0.1,weighted_cross_entropy,0.0,2.0,indobenchmark__indobert-base-p2__comment_only__len192__lr2p0em05__warm0p1__wd0p01__drop0p1__weighted_cross_entropy__ls0p0,94b4e0a82081fa57f227fcc2024d1ea89b57ac1f,62,4,full_fine_tuning,cuda,bf16,339,0.8289085545722714,0.8187856650345356,0.8315062231930856,0.828258484995764,0.8045977011494253,0.8222982994995911,0.7407407407407407,0.851063829787234,0.7920792079207921,94,0.9424460431654677,0.8291139240506329,0.8821548821548821,158,0.7608695652173914,0.8045977011494253,0.7821229050279329,87,0.12216254514930525,0.27780504371238746,0.9406610727310181,5,15,3,8,8,64,192,True,best_validation_state_restored,,,,,
indobenchmark/indobert-base-p2,base,comment_only,192,2e-05,0.1,0.01,0.1,weighted_cross_entropy,0.0,2.0,indobenchmark__indobert-base-p2__comment_only__len192__lr2p0em05__warm0p1__wd0p01__drop0p1__weighted_cross_entropy__ls0p0,94b4e0a82081fa57f227fcc2024d1ea89b57ac1f,62,5,full_fine_tuning,cuda,bf16,468,0.9294871794871795,0.9132877792202129,0.9282542750740076,0.905746036048245,0.8191489361702128,0.9072253663609093,0.8850574712643678,0.8191489361702128,0.850828729281768,94,0.9527027027027027,0.8980891719745223,0.9245901639344263,157,0.9313304721030042,1.0,0.9644444444444444,217,0.03346955540597949,0.11442270634454961,0.9554126262664795,4,15,3,8,8,64,154,True,best_validation_state_restored,,,,,
indobenchmark/indobert-base-p2,base,comment_only,192,2e-05,0.1,0.01,0.1,weighted_cross_entropy,0.0,2.0,indobenchmark__indobert-base-p2__comment_only__len192__lr2p0em05__warm0p1__wd0p01__drop0p1__weighted_cross_entropy__ls0p0,94b4e0a82081fa57f227fcc2024d1ea89b57ac1f,62,ALL_OOF,full_fine_tuning,cuda,bf16,1824,0.8695175438596491,0.8652403601291002,0.8702014807215721,0.8708103063634899,0.8553299492385786,0.8666464634060906,0.8031809145129225,0.8595744680851064,0.8304213771839671,470,0.9296551724137931,0.8553299492385786,0.8909451421017845,788,0.8523489932885906,0.8975265017667845,0.8743545611015491,566,0.08265285987995179,0.21436099061559674,0.9507249969858349,5,,,,,,,,,,,,,
indobenchmark/indobert-base-p2,base,comment_only,128,3e-05,0.06,0.01,0.2,focal_loss,0.03,2.0,indobenchmark__indobert-base-p2__comment_only__len128__lr3p0em05__warm0p06__wd0p01__drop0p2__focal_loss__ls0p03,94b4e0a82081fa57f227fcc2024d1ea89b57ac1f,42,1,full_fine_tuning,cuda,bf16,339,0.855457227138643,0.8455567823988877,0.8559163343513599,0.8478164634353978,0.8275862068965517,0.8471817944778828,0.8125,0.8297872340425532,0.8210526315789474,94,0.9090909090909091,0.8860759493670886,0.8974358974358975,158,0.8089887640449438,0.8275862068965517,0.8181818181818182,87,0.055729878335575765,0.21965583339038666,0.9034022092819214,6,15,3,12,6,72,189,True,best_validation_state_restored,,,,,
indobenchmark/indobert-base-p2,base,comment_only,128,3e-05,0.06,0.01,0.2,focal_loss,0.03,2.0,indobenchmark__indobert-base-p2__comment_only__len128__lr3p0em05__warm0p06__wd0p01__drop0p2__focal_loss__ls0p03,94b4e0a82081fa57f227fcc2024d1ea89b57ac1f,42,2,full_fine_tuning,cuda,bf16,339,0.8731563421828908,0.8668179386426108,0.873285052333802,0.8656398302330116,0.8297872340425532,0.8647807675627692,0.8125,0.8297872340425532,0.8210526315789474,94,0.89937106918239,0.9050632911392406,0.9022082018927445,158,0.8928571428571429,0.8620689655172413,0.8771929824561403,87,0.04768776102403621,0.19954134980424795,0.8465696573257446,4,15,3,12,6,72,147,True,best_validation_state_restored,,,,,
indobenchmark/indobert-base-p2,base,comment_only,128,3e-05,0.06,0.01,0.2,focal_loss,0.03,2.0,indobenchmark__indobert-base-p2__comment_only__len128__lr3p0em05__warm0p06__wd0p01__drop0p2__focal_loss__ls0p03,94b4e0a82081fa57f227fcc2024d1ea89b57ac1f,42,3,full_fine_tuning,cuda,bf16,339,0.8643067846607669,0.8613778189681803,0.8653752381889711,0.8602889239323716,0.8295454545454546,0.858855493226522,0.7735849056603774,0.8723404255319149,0.82,94,0.8903225806451613,0.8789808917197452,0.8846153846153846,157,0.9358974358974359,0.8295454545454546,0.8795180722891566,88,0.06205769142570045,0.21298580496288522,0.8986179232597351,6,15,3,12,6,72,189,True,best_validation_state_restored,,,,,
indobenchmark/indobert-base-p2,base,comment_only,128,3e-05,0.06,0.01,0.2,focal_loss,0.03,2.0,indobenchmark__indobert-base-p2__comment_only__len128__lr3p0em05__warm0p06__wd0p01__drop0p2__focal_loss__ls0p03,94b4e0a82081fa57f227fcc2024d1ea89b57ac1f,42,4,full_fine_tuning,cuda,bf16,339,0.8259587020648967,0.8131677393405722,0.8250386372501095,0.807200134558809,0.735632183908046,0.8080579516582643,0.8705882352941177,0.7872340425531915,0.8268156424581006,94,0.8402366863905325,0.8987341772151899,0.8685015290519877,158,0.7529411764705882,0.735632183908046,0.7441860465116279,87,0.05155743997005587,0.2565197374280879,0.8775161504745483,5,15,3,12,6,72,168,True,best_validation_state_restored,,,,,
indobenchmark/indobert-base-p2,base,comment_only,128,3e-05,0.06,0.01,0.2,focal_loss,0.03,2.0,indobenchmark__indobert-base-p2__comment_only__len128__lr3p0em05__warm0p06__wd0p01__drop0p2__focal_loss__ls0p03,94b4e0a82081fa57f227fcc2024d1ea89b57ac1f,42,5,full_fine_tuning,cuda,bf16,468,0.9252136752136753,0.9139735351937758,0.9240141971753039,0.9128834078691783,0.8343949044585988,0.9091696886613084,0.8673469387755102,0.9042553191489362,0.8854166666666666,94,0.9632352941176471,0.8343949044585988,0.89419795221843,157,0.9273504273504274,1.0,0.9623059866962306,217,0.12211725485121085,0.12696376866752576,0.8085023760795593,2,15,3,12,6,72,95,True,best_validation_state_restored,,,,,
indobenchmark/indobert-base-p2,base,comment_only,128,3e-05,0.06,0.01,0.2,focal_loss,0.03,2.0,indobenchmark__indobert-base-p2__comment_only__len128__lr3p0em05__warm0p06__wd0p01__drop0p2__focal_loss__ls0p03,94b4e0a82081fa57f227fcc2024d1ea89b57ac1f,42,ALL_OOF,full_fine_tuning,cuda,bf16,1824,0.8728070175438597,0.868708826861034,0.8729784589532499,0.8701835071876712,0.8446808510638298,0.8678304225514888,0.8253638253638254,0.8446808510638298,0.8349106203995794,470,0.8978007761966365,0.8807106598984772,0.8891736066623959,788,0.8789473684210526,0.8851590106007067,0.8820422535211268,566,0.021781480969174934,0.19774630905149293,0.8627900644450596,5,,,,,,,,,,,,,
indobenchmark/indobert-base-p2,base,comment_only,128,3e-05,0.06,0.01,0.2,focal_loss,0.03,2.0,indobenchmark__indobert-base-p2__comment_only__len128__lr3p0em05__warm0p06__wd0p01__drop0p2__focal_loss__ls0p03,94b4e0a82081fa57f227fcc2024d1ea89b57ac1f,52,1,full_fine_tuning,cuda,bf16,339,0.887905604719764,0.8799956643594865,0.8881594306187665,0.8839507663351195,0.8275862068965517,0.8779187211164028,0.8365384615384616,0.925531914893617,0.8787878787878788,94,0.9403973509933775,0.8987341772151899,0.919093851132686,158,0.8571428571428571,0.8275862068965517,0.8421052631578947,87,0.024371847905943895,0.17463304696008056,0.8939372897148132,7,15,3,12,6,72,210,True,best_validation_state_restored,,,,,
indobenchmark/indobert-base-p2,base,comment_only,128,3e-05,0.06,0.01,0.2,focal_loss,0.03,2.0,indobenchmark__indobert-base-p2__comment_only__len128__lr3p0em05__warm0p06__wd0p01__drop0p2__focal_loss__ls0p03,94b4e0a82081fa57f227fcc2024d1ea89b57ac1f,52,2,full_fine_tuning,cuda,bf16,339,0.8200589970501475,0.8138669769089201,0.8214953493319007,0.8253263766544698,0.75,0.8116297652095064,0.704,0.9361702127659575,0.8036529680365296,94,0.9253731343283582,0.7898089171974523,0.852233676975945,157,0.825,0.75,0.7857142857142857,88,0.08869510001137544,0.27491249992346517,0.9087540507316589,7,15,3,12,6,72,210,True,best_validation_state_restored,,,,,
indobenchmark/indobert-base-p2,base,comment_only,128,3e-05,0.06,0.01,0.2,focal_loss,0.03,2.0,indobenchmark__indobert-base-p2__comment_only__len128__lr3p0em05__warm0p06__wd0p01__drop0p2__focal_loss__ls0p03,94b4e0a82081fa57f227fcc2024d1ea89b57ac1f,52,3,full_fine_tuning,cuda,bf16,339,0.855457227138643,0.8508039816632283,0.8554164143397714,0.848396903083605,0.7931034482758621,0.8459484862511916,0.803921568627451,0.8723404255319149,0.8367346938775511,94,0.86875,0.879746835443038,0.8742138364779874,158,0.8961038961038961,0.7931034482758621,0.8414634146341463,87,0.025336752247318035,0.21741144051689476,0.8807940483093262,5,15,3,12,6,72,168,True,best_validation_state_restored,,,,,
indobenchmark/indobert-base-p2,base,comment_only,128,3e-05,0.06,0.01,0.2,focal_loss,0.03,2.0,indobenchmark__indobert-base-p2__comment_only__len128__lr3p0em05__warm0p06__wd0p01__drop0p2__focal_loss__ls0p03,94b4e0a82081fa57f227fcc2024d1ea89b57ac1f,52,4,full_fine_tuning,cuda,bf16,339,0.8967551622418879,0.8890541377077795,0.8963053436234312,0.8896896376302378,0.8191489361702128,0.884501024898747,0.8850574712643678,0.8191489361702128,0.850828729281768,94,0.9245283018867925,0.930379746835443,0.9274447949526814,158,0.8602150537634409,0.9195402298850575,0.8888888888888888,87,0.026059951402444735,0.16458901980562227,0.883564293384552,6,15,3,12,6,72,189,True,best_validation_state_restored,,,,,
indobenchmark/indobert-base-p2,base,comment_only,128,3e-05,0.06,0.01,0.2,focal_loss,0.03,2.0,indobenchmark__indobert-base-p2__comment_only__len128__lr3p0em05__warm0p06__wd0p01__drop0p2__focal_loss__ls0p03,94b4e0a82081fa57f227fcc2024d1ea89b57ac1f,52,5,full_fine_tuning,cuda,bf16,468,0.9145299145299145,0.8967255715223196,0.9133107622267513,0.8937299543750283,0.8404255319148937,0.8958377470343972,0.8315789473684211,0.8404255319148937,0.8359788359788359,94,0.9496402877697842,0.8407643312101911,0.8918918918918919,157,0.9273504273504274,1.0,0.9623059866962306,217,0.04402264627890705,0.13723574189516188,0.9321312308311462,6,15,3,12,6,72,171,True,best_validation_state_restored,,,,,
indobenchmark/indobert-base-p2,base,comment_only,128,3e-05,0.06,0.01,0.2,focal_loss,0.03,2.0,indobenchmark__indobert-base-p2__comment_only__len128__lr3p0em05__warm0p06__wd0p01__drop0p2__focal_loss__ls0p03,94b4e0a82081fa57f227fcc2024d1ea89b57ac1f,52,ALL_OOF,full_fine_tuning,cuda,bf16,1824,0.8777412280701754,0.8742357897844407,0.8783714330370099,0.8790676909271481,0.868020304568528,0.8756322529771114,0.8050682261208577,0.8787234042553191,0.8402848423194303,470,0.9205921938088829,0.868020304568528,0.8935336381450033,788,0.8873239436619719,0.8904593639575972,0.8888888888888888,566,0.029409207109557998,0.1897590041939644,0.902120217746287,6,,,,,,,,,,,,,
indobenchmark/indobert-base-p2,base,comment_only,128,3e-05,0.06,0.01,0.2,focal_loss,0.03,2.0,indobenchmark__indobert-base-p2__comment_only__len128__lr3p0em05__warm0p06__wd0p01__drop0p2__focal_loss__ls0p03,94b4e0a82081fa57f227fcc2024d1ea89b57ac1f,62,1,full_fine_tuning,cuda,bf16,339,0.8023598820058997,0.7956529549128795,0.8046729224523146,0.8066816354355316,0.7834394904458599,0.798649422698614,0.7722772277227723,0.8297872340425532,0.8,94,0.9044117647058824,0.7834394904458599,0.8395904436860068,157,0.696078431372549,0.8068181818181818,0.7473684210526316,88,0.0803048717061327,0.2783434435531392,0.7360835671424866,2,15,3,12,6,72,105,True,best_validation_state_restored,,,,,
indobenchmark/indobert-base-p2,base,comment_only,128,3e-05,0.06,0.01,0.2,focal_loss,0.03,2.0,indobenchmark__indobert-base-p2__comment_only__len128__lr3p0em05__warm0p06__wd0p01__drop0p2__focal_loss__ls0p03,94b4e0a82081fa57f227fcc2024d1ea89b57ac1f,62,2,full_fine_tuning,cuda,bf16,339,0.8790560471976401,0.8744339570569079,0.8800741297593175,0.8804846387292035,0.8734177215189873,0.8769290968797946,0.7980769230769231,0.8829787234042553,0.8383838383838383,94,0.9387755102040817,0.8734177215189873,0.9049180327868852,158,0.875,0.8850574712643678,0.88,87,0.06210308001104712,0.2097212041120049,0.9272632598876953,10,15,3,12,6,72,273,True,best_validation_state_restored,,,,,
indobenchmark/indobert-base-p2,base,comment_only,128,3e-05,0.06,0.01,0.2,focal_loss,0.03,2.0,indobenchmark__indobert-base-p2__comment_only__len128__lr3p0em05__warm0p06__wd0p01__drop0p2__focal_loss__ls0p03,94b4e0a82081fa57f227fcc2024d1ea89b57ac1f,62,3,full_fine_tuning,cuda,bf16,339,0.8908554572271387,0.8825060340114662,0.8904515510407474,0.8800295740450089,0.8160919540229885,0.8778741609840288,0.8484848484848485,0.8936170212765957,0.8704663212435233,94,0.9130434782608695,0.930379746835443,0.9216300940438872,158,0.8987341772151899,0.8160919540229885,0.8554216867469879,87,0.04336622313412245,0.1722286193568014,0.9250022172927856,9,15,3,12,6,72,252,True,best_validation_state_restored,,,,,
indobenchmark/indobert-base-p2,base,comment_only,128,3e-05,0.06,0.01,0.2,focal_loss,0.03,2.0,indobenchmark__indobert-base-p2__comment_only__len128__lr3p0em05__warm0p06__wd0p01__drop0p2__focal_loss__ls0p03,94b4e0a82081fa57f227fcc2024d1ea89b57ac1f,62,4,full_fine_tuning,cuda,bf16,339,0.8230088495575221,0.8152634530966806,0.8260035300982354,0.8277776229938717,0.7816091954022989,0.816724480244933,0.7024793388429752,0.9042553191489362,0.7906976744186046,94,0.9545454545454546,0.7974683544303798,0.8689655172413793,158,0.7906976744186046,0.7816091954022989,0.7861271676300579,87,0.08846414458435192,0.27388170254691807,0.7345446944236755,2,15,3,12,6,72,105,True,best_validation_state_restored,,,,,
indobenchmark/indobert-base-p2,base,comment_only,128,3e-05,0.06,0.01,0.2,focal_loss,0.03,2.0,indobenchmark__indobert-base-p2__comment_only__len128__lr3p0em05__warm0p06__wd0p01__drop0p2__focal_loss__ls0p03,94b4e0a82081fa57f227fcc2024d1ea89b57ac1f,62,5,full_fine_tuning,cuda,bf16,468,0.9316239316239316,0.9195254128587461,0.930832911944023,0.916406920540272,0.8662420382165605,0.9172029325603884,0.8736842105263158,0.8829787234042553,0.8783068783068783,94,0.9714285714285714,0.8662420382165605,0.9158249158249159,157,0.9313304721030042,1.0,0.9644444444444444,217,0.08174783787411502,0.11393843261330992,0.8504671454429626,3,15,3,12,6,72,114,True,best_validation_state_restored,,,,,
indobenchmark/indobert-base-p2,base,comment_only,128,3e-05,0.06,0.01,0.2,focal_loss,0.03,2.0,indobenchmark__indobert-base-p2__comment_only__len128__lr3p0em05__warm0p06__wd0p01__drop0p2__focal_loss__ls0p03,94b4e0a82081fa57f227fcc2024d1ea89b57ac1f,62,ALL_OOF,full_fine_tuning,cuda,bf16,1824,0.8700657894736842,0.866261472226847,0.8709471290217686,0.8731455251065051,0.850253807106599,0.8671788114648049,0.7942307692307692,0.8787234042553191,0.8343434343434344,470,0.9357541899441341,0.850253807106599,0.8909574468085106,788,0.8571428571428571,0.8904593639575972,0.8734835355285961,566,0.0342765477763718,0.20285553790947028,0.8357892416973125,3,,,,,,,,,,,,,
indobenchmark/indobert-base-p2,base,context_sep_comment,256,1e-05,0.1,0.05,0.1,cross_entropy,0.05,2.0,indobenchmark__indobert-base-p2__context_sep_comment__len256__lr1p0em05__warm0p1__wd0p05__drop0p1__cross_entropy__ls0p05,94b4e0a82081fa57f227fcc2024d1ea89b57ac1f,42,1,full_fine_tuning,cuda,bf16,339,0.8436578171091446,0.8304508176080395,0.8444129357099444,0.8327761112710546,0.7931034482758621,0.8311432392577563,0.7777777777777778,0.8191489361702128,0.7979274611398963,94,0.9150326797385621,0.8860759493670886,0.9003215434083601,158,0.7931034482758621,0.7931034482758621,0.7931034482758621,87,0.09406495489905368,0.2589534357118276,0.924714207649231,9,15,3,6,11,66,276,True,best_validation_state_restored,,,,,
indobenchmark/indobert-base-p2,base,context_sep_comment,256,1e-05,0.1,0.05,0.1,cross_entropy,0.05,2.0,indobenchmark__indobert-base-p2__context_sep_comment__len256__lr1p0em05__warm0p1__wd0p05__drop0p1__cross_entropy__ls0p05,94b4e0a82081fa57f227fcc2024d1ea89b57ac1f,42,2,full_fine_tuning,cuda,bf16,339,0.8643067846607669,0.8574500482652171,0.8650976494196899,0.863049263589769,0.8390804597701149,0.8587899533992823,0.8058252427184466,0.8829787234042553,0.8426395939086294,94,0.9256756756756757,0.8670886075949367,0.8954248366013072,158,0.8295454545454546,0.8390804597701149,0.8342857142857143,87,0.06672083241398004,0.22182907943742633,0.9246839880943298,12,15,3,6,11,66,345,True,best_validation_state_restored,,,,,
indobenchmark/indobert-base-p2,base,context_sep_comment,256,1e-05,0.1,0.05,0.1,cross_entropy,0.05,2.0,indobenchmark__indobert-base-p2__context_sep_comment__len256__lr1p0em05__warm0p1__wd0p05__drop0p1__cross_entropy__ls0p05,94b4e0a82081fa57f227fcc2024d1ea89b57ac1f,42,3,full_fine_tuning,cuda,bf16,339,0.8908554572271387,0.8830230412478137,0.890534224769138,0.880820161227398,0.8295454545454546,0.8795844313672923,0.8556701030927835,0.8829787234042553,0.8691099476439791,94,0.9125,0.9299363057324841,0.9211356466876972,157,0.8902439024390244,0.8295454545454546,0.8588235294117647,88,0.04023340871903745,0.17998407669346883,0.9170489311218262,9,15,3,6,11,66,276,True,best_validation_state_restored,,,,,
indobenchmark/indobert-base-p2,base,context_sep_comment,256,1e-05,0.1,0.05,0.1,cross_entropy,0.05,2.0,indobenchmark__indobert-base-p2__context_sep_comment__len256__lr1p0em05__warm0p1__wd0p05__drop0p1__cross_entropy__ls0p05,94b4e0a82081fa57f227fcc2024d1ea89b57ac1f,42,4,full_fine_tuning,cuda,bf16,339,0.8436578171091446,0.8264436231445829,0.8408649641384689,0.8213045600370655,0.6781609195402298,0.8157517983520125,0.7864077669902912,0.8617021276595744,0.8223350253807107,94,0.8690476190476191,0.9240506329113924,0.8957055214723927,158,0.8676470588235294,0.6781609195402298,0.7612903225806451,87,0.08492014409869822,0.25885196208191685,0.9194681644439697,13,15,3,6,11,66,345,True,best_validation_state_restored,,,,,
indobenchmark/indobert-base-p2,base,context_sep_comment,256,1e-05,0.1,0.05,0.1,cross_entropy,0.05,2.0,indobenchmark__indobert-base-p2__context_sep_comment__len256__lr1p0em05__warm0p1__wd0p05__drop0p1__cross_entropy__ls0p05,94b4e0a82081fa57f227fcc2024d1ea89b57ac1f,42,5,full_fine_tuning,cuda,bf16,468,0.9273504273504274,0.914575588323067,0.9262216849581995,0.9107376789989611,0.8598726114649682,0.912170160480644,0.8913043478260869,0.8723404255319149,0.8817204301075269,94,0.9246575342465754,0.8598726114649682,0.8910891089108911,157,0.9434782608695652,1.0,0.970917225950783,217,0.05678894822923545,0.11000052352861,0.882554292678833,3,15,3,6,11,66,126,True,best_validation_state_restored,,,,,
indobenchmark/indobert-base-p2,base,context_sep_comment,256,1e-05,0.1,0.05,0.1,cross_entropy,0.05,2.0,indobenchmark__indobert-base-p2__context_sep_comment__len256__lr1p0em05__warm0p1__wd0p05__drop0p1__cross_entropy__ls0p05,94b4e0a82081fa57f227fcc2024d1ea89b57ac1f,42,ALL_OOF,full_fine_tuning,cuda,bf16,1824,0.8777412280701754,0.8730529845133641,0.8780512840339368,0.8749073228467358,0.8638297872340426,0.8739080055191497,0.8218623481781376,0.8638297872340426,0.8423236514522822,470,0.9083870967741936,0.8934010152284264,0.9008317338451696,788,0.8846846846846846,0.8674911660777385,0.8760035682426405,566,0.038898242196362245,0.19913976688149249,0.911491577317448,9,,,,,,,,,,,,,
indobenchmark/indobert-base-p2,base,context_sep_comment,256,1e-05,0.1,0.05,0.1,cross_entropy,0.05,2.0,indobenchmark__indobert-base-p2__context_sep_comment__len256__lr1p0em05__warm0p1__wd0p05__drop0p1__cross_entropy__ls0p05,94b4e0a82081fa57f227fcc2024d1ea89b57ac1f,52,1,full_fine_tuning,cuda,bf16,339,0.8672566371681416,0.8577196281552046,0.8671195285442781,0.8571210399827468,0.8045977011494253,0.8551488205240162,0.8617021276595744,0.8617021276595744,0.8617021276595744,94,0.89937106918239,0.9050632911392406,0.9022082018927445,158,0.813953488372093,0.8045977011494253,0.8092485549132948,87,0.06912093211767599,0.21748220502420598,0.9273364543914795,11,15,3,6,11,66,322,True,best_validation_state_restored,,,,,
indobenchmark/indobert-base-p2,base,context_sep_comment,256,1e-05,0.1,0.05,0.1,cross_entropy,0.05,2.0,indobenchmark__indobert-base-p2__context_sep_comment__len256__lr1p0em05__warm0p1__wd0p05__drop0p1__cross_entropy__ls0p05,94b4e0a82081fa57f227fcc2024d1ea89b57ac1f,52,2,full_fine_tuning,cuda,bf16,339,0.8259587020648967,0.8174147577132652,0.825650669792791,0.8207931394169368,0.7386363636363636,0.8127757779517989,0.7757009345794392,0.8829787234042553,0.8258706467661692,94,0.8741721854304636,0.8407643312101911,0.8571428571428571,157,0.8024691358024691,0.7386363636363636,0.7692307692307693,88,0.09667577741772028,0.2806760542345754,0.9172506332397461,11,15,3,6,11,66,322,True,best_validation_state_restored,,,,,
indobenchmark/indobert-base-p2,base,context_sep_comment,256,1e-05,0.1,0.05,0.1,cross_entropy,0.05,2.0,indobenchmark__indobert-base-p2__context_sep_comment__len256__lr1p0em05__warm0p1__wd0p05__drop0p1__cross_entropy__ls0p05,94b4e0a82081fa57f227fcc2024d1ea89b57ac1f,52,3,full_fine_tuning,cuda,bf16,339,0.8407079646017699,0.8345027575712619,0.8417880010002944,0.8441645951420554,0.8160919540229885,0.8364556068397457,0.7777777777777778,0.8936170212765957,0.8316831683168316,94,0.9219858156028369,0.8227848101265823,0.8695652173913043,158,0.7888888888888889,0.8160919540229885,0.8022598870056498,87,0.03763244479103427,0.22126391823423552,0.8427624702453613,4,15,3,6,11,66,161,True,best_validation_state_restored,,,,,
indobenchmark/indobert-base-p2,base,context_sep_comment,256,1e-05,0.1,0.05,0.1,cross_entropy,0.05,2.0,indobenchmark__indobert-base-p2__context_sep_comment__len256__lr1p0em05__warm0p1__wd0p05__drop0p1__cross_entropy__ls0p05,94b4e0a82081fa57f227fcc2024d1ea89b57ac1f,52,4,full_fine_tuning,cuda,bf16,339,0.8790560471976401,0.8675105290130665,0.8794082890558792,0.8684228448662822,0.8191489361702128,0.8663204883547964,0.8020833333333334,0.8191489361702128,0.8105263157894737,94,0.9358974358974359,0.9240506329113924,0.9299363057324841,158,0.8620689655172413,0.8620689655172413,0.8620689655172413,87,0.0220932939411265,0.1827553181169776,0.8722318410873413,5,15,3,6,11,66,184,True,best_validation_state_restored,,,,,
indobenchmark/indobert-base-p2,base,context_sep_comment,256,1e-05,0.1,0.05,0.1,cross_entropy,0.05,2.0,indobenchmark__indobert-base-p2__context_sep_comment__len256__lr1p0em05__warm0p1__wd0p05__drop0p1__cross_entropy__ls0p05,94b4e0a82081fa57f227fcc2024d1ea89b57ac1f,52,5,full_fine_tuning,cuda,bf16,468,0.9123931623931624,0.893199093668505,0.9108203297564591,0.8873379410037493,0.8085106382978723,0.8893162382158879,0.8444444444444444,0.8085106382978723,0.8260869565217391,94,0.9370629370629371,0.8535031847133758,0.8933333333333333,157,0.9234042553191489,1.0,0.9601769911504425,217,0.040882851769272074,0.1329515665370579,0.9235875010490417,6,15,3,6,11,66,189,True,best_validation_state_restored,,,,,
indobenchmark/indobert-base-p2,base,context_sep_comment,256,1e-05,0.1,0.05,0.1,cross_entropy,0.05,2.0,indobenchmark__indobert-base-p2__context_sep_comment__len256__lr1p0em05__warm0p1__wd0p05__drop0p1__cross_entropy__ls0p05,94b4e0a82081fa57f227fcc2024d1ea89b57ac1f,52,ALL_OOF,full_fine_tuning,cuda,bf16,1824,0.868421052631579,0.8639081029012643,0.8689045108910782,0.8674464955690137,0.8531914893617021,0.8648980049999523,0.8101010101010101,0.8531914893617021,0.8310880829015544,470,0.9133333333333333,0.8692893401015228,0.8907672301690507,788,0.8601036269430051,0.8798586572438163,0.8698689956331878,566,0.031226731836795814,0.20178700885478687,0.8985400169826391,6,,,,,,,,,,,,,
indobenchmark/indobert-base-p2,base,context_sep_comment,256,1e-05,0.1,0.05,0.1,cross_entropy,0.05,2.0,indobenchmark__indobert-base-p2__context_sep_comment__len256__lr1p0em05__warm0p1__wd0p05__drop0p1__cross_entropy__ls0p05,94b4e0a82081fa57f227fcc2024d1ea89b57ac1f,62,1,full_fine_tuning,cuda,bf16,339,0.7876106194690266,0.7713859910581222,0.7848858525777139,0.7642218704185094,0.6477272727272727,0.762454683620386,0.8089887640449438,0.7659574468085106,0.7868852459016393,94,0.7976878612716763,0.8789808917197452,0.8363636363636363,157,0.7402597402597403,0.6477272727272727,0.6909090909090909,88,0.13577415369956541,0.3448661197855515,0.9164676070213318,11,15,3,6,11,66,322,True,best_validation_state_restored,,,,,
indobenchmark/indobert-base-p2,base,context_sep_comment,256,1e-05,0.1,0.05,0.1,cross_entropy,0.05,2.0,indobenchmark__indobert-base-p2__context_sep_comment__len256__lr1p0em05__warm0p1__wd0p05__drop0p1__cross_entropy__ls0p05,94b4e0a82081fa57f227fcc2024d1ea89b57ac1f,62,2,full_fine_tuning,cuda,bf16,339,0.8643067846607669,0.8570240758043357,0.8653172212705088,0.8636199002572509,0.8617021276595744,0.860995858537372,0.8181818181818182,0.8617021276595744,0.8393782383419689,94,0.9319727891156463,0.8670886075949367,0.898360655737705,158,0.8064516129032258,0.8620689655172413,0.8333333333333334,87,0.06453835700465516,0.21663150389939592,0.9212607145309448,9,15,3,6,11,66,276,True,best_validation_state_restored,,,,,
indobenchmark/indobert-base-p2,base,context_sep_comment,256,1e-05,0.1,0.05,0.1,cross_entropy,0.05,2.0,indobenchmark__indobert-base-p2__context_sep_comment__len256__lr1p0em05__warm0p1__wd0p05__drop0p1__cross_entropy__ls0p05,94b4e0a82081fa57f227fcc2024d1ea89b57ac1f,62,3,full_fine_tuning,cuda,bf16,339,0.8997050147492626,0.8933953671310576,0.8999716995643582,0.8969840871825511,0.8390804597701149,0.8905745146907236,0.8317757009345794,0.9468085106382979,0.8855721393034826,94,0.9470198675496688,0.9050632911392406,0.9255663430420712,158,0.9012345679012346,0.8390804597701149,0.8690476190476191,87,0.03710891284422188,0.14746334694375135,0.8866761922836304,6,15,3,6,11,66,207,True,best_validation_state_restored,,,,,
indobenchmark/indobert-base-p2,base,context_sep_comment,256,1e-05,0.1,0.05,0.1,cross_entropy,0.05,2.0,indobenchmark__indobert-base-p2__context_sep_comment__len256__lr1p0em05__warm0p1__wd0p05__drop0p1__cross_entropy__ls0p05,94b4e0a82081fa57f227fcc2024d1ea89b57ac1f,62,4,full_fine_tuning,cuda,bf16,339,0.8348082595870207,0.8257154136941661,0.8370523993794131,0.8321925759447236,0.7931034482758621,0.8264775033703036,0.7232142857142857,0.8617021276595744,0.7864077669902912,94,0.9300699300699301,0.8417721518987342,0.8837209302325582,158,0.8214285714285714,0.7931034482758621,0.8070175438596491,87,0.06663640885226492,0.25561436270215027,0.886778712272644,6,15,3,6,11,66,207,True,best_validation_state_restored,,,,,
indobenchmark/indobert-base-p2,base,context_sep_comment,256,1e-05,0.1,0.05,0.1,cross_entropy,0.05,2.0,indobenchmark__indobert-base-p2__context_sep_comment__len256__lr1p0em05__warm0p1__wd0p05__drop0p1__cross_entropy__ls0p05,94b4e0a82081fa57f227fcc2024d1ea89b57ac1f,62,5,full_fine_tuning,cuda,bf16,468,0.9252136752136753,0.9081219475551809,0.9240329125163271,0.9014997515471834,0.8191489361702128,0.903027725512633,0.8651685393258427,0.8191489361702128,0.8415300546448088,94,0.9586206896551724,0.8853503184713376,0.9205298013245033,157,0.9273504273504274,1.0,0.9623059866962306,217,0.02489739936641141,0.11765028749445991,0.9487051963806152,9,15,3,6,11,66,252,True,best_validation_state_restored,,,,,
indobenchmark/indobert-base-p2,base,context_sep_comment,256,1e-05,0.1,0.05,0.1,cross_entropy,0.05,2.0,indobenchmark__indobert-base-p2__context_sep_comment__len256__lr1p0em05__warm0p1__wd0p05__drop0p1__cross_entropy__ls0p05,94b4e0a82081fa57f227fcc2024d1ea89b57ac1f,62,ALL_OOF,full_fine_tuning,cuda,bf16,1824,0.8667763157894737,0.861801571708396,0.8672537661408962,0.8647298378771566,0.851063829787234,0.8628058739743553,0.8064516129032258,0.851063829787234,0.8281573498964804,470,0.9090909090909091,0.8756345177664975,0.892049127343245,788,0.8629173989455184,0.8674911660777385,0.8651982378854626,566,0.04861336907273847,0.2094579893347396,0.9145752034689251,9,,,,,,,,,,,,,
indolem/indobertweet-base-uncased,tweet_base,context_sep_comment,128,1e-05,0.06,0.01,0.1,cross_entropy,0.0,2.0,indolem__indobertweet-base-uncased__context_sep_comment__len128__lr1p0em05__warm0p06__wd0p01__drop0p1__cross_entropy__ls0p0,32e28c05b47e33b6675d2670a1745c50a65e987a,42,1,full_fine_tuning,cuda,bf16,339,0.8259587020648967,0.817617007744103,0.8267710396543262,0.8238564307037611,0.7701149425287356,0.816617194110736,0.8118811881188119,0.8723404255319149,0.841025641025641,94,0.891156462585034,0.8291139240506329,0.8590163934426229,158,0.7362637362637363,0.7701149425287356,0.7528089887640449,87,0.04215900366988504,0.24433159790058698,0.8645033836364746,7,15,3,12,6,72,210,True,best_validation_state_restored,,,,,
indolem/indobertweet-base-uncased,tweet_base,context_sep_comment,128,1e-05,0.06,0.01,0.1,cross_entropy,0.0,2.0,indolem__indobertweet-base-uncased__context_sep_comment__len128__lr1p0em05__warm0p06__wd0p01__drop0p1__cross_entropy__ls0p0,32e28c05b47e33b6675d2670a1745c50a65e987a,42,2,full_fine_tuning,cuda,bf16,339,0.8525073746312685,0.8481233604396907,0.8533227477289657,0.8577685526569688,0.8291139240506329,0.849466659501714,0.8,0.8936170212765957,0.8442211055276382,94,0.9225352112676056,0.8291139240506329,0.8733333333333333,158,0.8043478260869565,0.8505747126436781,0.8268156424581006,87,0.053200698619746856,0.2105058635203217,0.9057080745697021,14,15,3,12,6,72,315,True,best_validation_state_restored,,,,,
indolem/indobertweet-base-uncased,tweet_base,context_sep_comment,128,1e-05,0.06,0.01,0.1,cross_entropy,0.0,2.0,indolem__indobertweet-base-uncased__context_sep_comment__len128__lr1p0em05__warm0p06__wd0p01__drop0p1__cross_entropy__ls0p0,32e28c05b47e33b6675d2670a1745c50a65e987a,42,3,full_fine_tuning,cuda,bf16,339,0.8702064896755162,0.8642216966867688,0.8695585936726425,0.8675951820686881,0.7727272727272727,0.8575423892638273,0.8035714285714286,0.9574468085106383,0.8737864077669902,94,0.9072847682119205,0.8726114649681529,0.8896103896103896,157,0.8947368421052632,0.7727272727272727,0.8292682926829268,88,0.04546491973168025,0.193320156896575,0.8693984746932983,9,15,3,12,6,72,252,True,best_validation_state_restored,,,,,
indolem/indobertweet-base-uncased,tweet_base,context_sep_comment,128,1e-05,0.06,0.01,0.1,cross_entropy,0.0,2.0,indolem__indobertweet-base-uncased__context_sep_comment__len128__lr1p0em05__warm0p06__wd0p01__drop0p1__cross_entropy__ls0p0,32e28c05b47e33b6675d2670a1745c50a65e987a,42,4,full_fine_tuning,cuda,bf16,339,0.8377581120943953,0.8250083984210969,0.8359314555058339,0.8234013660195667,0.7011494252873564,0.8161260087294063,0.8137254901960784,0.8829787234042553,0.8469387755102041,94,0.8641975308641975,0.8860759493670886,0.875,158,0.8133333333333334,0.7011494252873564,0.7530864197530864,87,0.05645722379374994,0.24773869845682817,0.8754669427871704,9,15,3,12,6,72,252,True,best_validation_state_restored,,,,,
indolem/indobertweet-base-uncased,tweet_base,context_sep_comment,128,1e-05,0.06,0.01,0.1,cross_entropy,0.0,2.0,indolem__indobertweet-base-uncased__context_sep_comment__len128__lr1p0em05__warm0p06__wd0p01__drop0p1__cross_entropy__ls0p0,32e28c05b47e33b6675d2670a1745c50a65e987a,42,5,full_fine_tuning,cuda,bf16,468,0.9423076923076923,0.930555559975749,0.9415733948036723,0.9255996747526766,0.8723404255319149,0.9272685091863342,0.9111111111111111,0.8723404255319149,0.8913043478260869,94,0.9466666666666667,0.9044585987261147,0.9250814332247557,157,0.9517543859649122,1.0,0.9752808988764045,217,0.031616427004337325,0.0970071392126092,0.9143399000167847,8,15,3,12,6,72,209,True,best_validation_state_restored,,,,,
indolem/indobertweet-base-uncased,tweet_base,context_sep_comment,128,1e-05,0.06,0.01,0.1,cross_entropy,0.0,2.0,indolem__indobertweet-base-uncased__context_sep_comment__len128__lr1p0em05__warm0p06__wd0p01__drop0p1__cross_entropy__ls0p0,32e28c05b47e33b6675d2670a1745c50a65e987a,42,ALL_OOF,full_fine_tuning,cuda,bf16,1824,0.8711622807017544,0.8690248117299789,0.8714159854192449,0.873460635696386,0.8604240282685512,0.8696931388686502,0.8254901960784313,0.8957446808510638,0.8591836734693877,470,0.9055851063829787,0.8642131979695431,0.8844155844155844,788,0.8665480427046264,0.8604240282685512,0.8634751773049646,566,0.024987450228971406,0.19139703538267153,0.8878958763783438,9,,,,,,,,,,,,,
indolem/indobertweet-base-uncased,tweet_base,context_sep_comment,128,1e-05,0.06,0.01,0.1,cross_entropy,0.0,2.0,indolem__indobertweet-base-uncased__context_sep_comment__len128__lr1p0em05__warm0p06__wd0p01__drop0p1__cross_entropy__ls0p0,32e28c05b47e33b6675d2670a1745c50a65e987a,52,1,full_fine_tuning,cuda,bf16,339,0.8849557522123894,0.8776449795007751,0.8850198543573624,0.8781025144129614,0.8505747126436781,0.877222691610987,0.8541666666666666,0.8723404255319149,0.8631578947368421,94,0.9171974522292994,0.9113924050632911,0.9142857142857143,158,0.8604651162790697,0.8505747126436781,0.8554913294797688,87,0.022767063175330855,0.17963620563835503,0.9052913784980774,13,15,3,12,6,72,315,True,best_validation_state_restored,,,,,
indolem/indobertweet-base-uncased,tweet_base,context_sep_comment,128,1e-05,0.06,0.01,0.1,cross_entropy,0.0,2.0,indolem__indobertweet-base-uncased__context_sep_comment__len128__lr1p0em05__warm0p06__wd0p01__drop0p1__cross_entropy__ls0p0,32e28c05b47e33b6675d2670a1745c50a65e987a,52,2,full_fine_tuning,cuda,bf16,339,0.8141592920353983,0.8064465668130589,0.8139622612582813,0.8077899197969668,0.7272727272727273,0.8011116710225091,0.8350515463917526,0.8617021276595744,0.8481675392670157,94,0.8451612903225807,0.8343949044585988,0.8397435897435898,157,0.735632183908046,0.7272727272727273,0.7314285714285714,88,0.09528741618524962,0.2683960617368267,0.9062929153442383,13,15,3,12,6,72,315,True,best_validation_state_restored,,,,,
indolem/indobertweet-base-uncased,tweet_base,context_sep_comment,128,1e-05,0.06,0.01,0.1,cross_entropy,0.0,2.0,indolem__indobertweet-base-uncased__context_sep_comment__len128__lr1p0em05__warm0p06__wd0p01__drop0p1__cross_entropy__ls0p0,32e28c05b47e33b6675d2670a1745c50a65e987a,52,3,full_fine_tuning,cuda,bf16,339,0.8584070796460177,0.8534466362824572,0.8584735521599873,0.854815791673245,0.7931034482758621,0.8491742815690234,0.794392523364486,0.9042553191489362,0.845771144278607,94,0.8896103896103896,0.8670886075949367,0.8782051282051282,158,0.8846153846153846,0.7931034482758621,0.8363636363636363,87,0.04425481506856849,0.2222006708781411,0.8836315870285034,10,15,3,12,6,72,273,True,best_validation_state_restored,,,,,
indolem/indobertweet-base-uncased,tweet_base,context_sep_comment,128,1e-05,0.06,0.01,0.1,cross_entropy,0.0,2.0,indolem__indobertweet-base-uncased__context_sep_comment__len128__lr1p0em05__warm0p06__wd0p01__drop0p1__cross_entropy__ls0p0,32e28c05b47e33b6675d2670a1745c50a65e987a,52,4,full_fine_tuning,cuda,bf16,339,0.8702064896755162,0.8613313599655396,0.8701855591381057,0.8612377759410088,0.8275862068965517,0.8606006667667276,0.8421052631578947,0.851063829787234,0.8465608465608465,94,0.9050632911392406,0.9050632911392406,0.9050632911392406,158,0.8372093023255814,0.8275862068965517,0.8323699421965318,87,0.036618339804421494,0.19730140235178403,0.8935115933418274,10,15,3,12,6,72,273,True,best_validation_state_restored,,,,,
indolem/indobertweet-base-uncased,tweet_base,context_sep_comment,128,1e-05,0.06,0.01,0.1,cross_entropy,0.0,2.0,indolem__indobertweet-base-uncased__context_sep_comment__len128__lr1p0em05__warm0p06__wd0p01__drop0p1__cross_entropy__ls0p0,32e28c05b47e33b6675d2670a1745c50a65e987a,52,5,full_fine_tuning,cuda,bf16,468,0.9358974358974359,0.9208497330676262,0.9350841624200442,0.9163843339205854,0.851063829787234,0.9174923737591217,0.8791208791208791,0.851063829787234,0.8648648648648649,94,0.9527027027027027,0.8980891719745223,0.9245901639344263,157,0.9475982532751092,1.0,0.9730941704035875,217,0.015600567572137201,0.10101081337090237,0.9292251467704773,11,15,3,12,6,72,266,True,best_validation_state_restored,,,,,
indolem/indobertweet-base-uncased,tweet_base,context_sep_comment,128,1e-05,0.06,0.01,0.1,cross_entropy,0.0,2.0,indolem__indobertweet-base-uncased__context_sep_comment__len128__lr1p0em05__warm0p06__wd0p01__drop0p1__cross_entropy__ls0p0,32e28c05b47e33b6675d2670a1745c50a65e987a,52,ALL_OOF,full_fine_tuning,cuda,bf16,1824,0.8771929824561403,0.8740630886675212,0.8773629438901406,0.8758863085622228,0.8680851063829788,0.874768902554593,0.8395061728395061,0.8680851063829788,0.8535564853556485,470,0.9015544041450777,0.883248730964467,0.8923076923076924,788,0.8763250883392226,0.8763250883392226,0.8763250883392226,566,0.030599210836123953,0.18715307133920697,0.9054034944754421,11,,,,,,,,,,,,,
indolem/indobertweet-base-uncased,tweet_base,context_sep_comment,128,1e-05,0.06,0.01,0.1,cross_entropy,0.0,2.0,indolem__indobertweet-base-uncased__context_sep_comment__len128__lr1p0em05__warm0p06__wd0p01__drop0p1__cross_entropy__ls0p0,32e28c05b47e33b6675d2670a1745c50a65e987a,62,1,full_fine_tuning,cuda,bf16,339,0.8289085545722714,0.8220665414800905,0.8283976672176069,0.8174662330035686,0.75,0.8159924295644314,0.8666666666666667,0.8297872340425532,0.8478260869565217,94,0.8303030303030303,0.8726114649681529,0.8509316770186336,157,0.7857142857142857,0.75,0.7674418604651163,88,0.048555285178102925,0.2585115009037427,0.8645166158676147,9,15,3,12,6,72,252,True,best_validation_state_restored,,,,,
indolem/indobertweet-base-uncased,tweet_base,context_sep_comment,128,1e-05,0.06,0.01,0.1,cross_entropy,0.0,2.0,indolem__indobertweet-base-uncased__context_sep_comment__len128__lr1p0em05__warm0p06__wd0p01__drop0p1__cross_entropy__ls0p0,32e28c05b47e33b6675d2670a1745c50a65e987a,62,2,full_fine_tuning,cuda,bf16,339,0.8702064896755162,0.8641219050457655,0.8707372248640781,0.8689903858556404,0.8505747126436781,0.8655662573564569,0.8383838383838383,0.8829787234042553,0.8601036269430051,94,0.92,0.8734177215189873,0.8961038961038961,158,0.8222222222222222,0.8505747126436781,0.8361581920903954,87,0.049042768710482465,0.20791026807464835,0.8872703909873962,11,15,3,12,6,72,294,True,best_validation_state_restored,,,,,
indolem/indobertweet-base-uncased,tweet_base,context_sep_comment,128,1e-05,0.06,0.01,0.1,cross_entropy,0.0,2.0,indolem__indobertweet-base-uncased__context_sep_comment__len128__lr1p0em05__warm0p06__wd0p01__drop0p1__cross_entropy__ls0p0,32e28c05b47e33b6675d2670a1745c50a65e987a,62,3,full_fine_tuning,cuda,bf16,339,0.8790560471976401,0.8725680170484527,0.8787393783557621,0.8701543608301782,0.8160919540229885,0.8683840885470075,0.8469387755102041,0.8829787234042553,0.8645833333333334,94,0.8944099378881988,0.9113924050632911,0.9028213166144201,158,0.8875,0.8160919540229885,0.8502994011976048,87,0.04964170149997274,0.18814394445472638,0.9079613089561462,14,15,3,12,6,72,315,True,best_validation_state_restored,,,,,
indolem/indobertweet-base-uncased,tweet_base,context_sep_comment,128,1e-05,0.06,0.01,0.1,cross_entropy,0.0,2.0,indolem__indobertweet-base-uncased__context_sep_comment__len128__lr1p0em05__warm0p06__wd0p01__drop0p1__cross_entropy__ls0p0,32e28c05b47e33b6675d2670a1745c50a65e987a,62,4,full_fine_tuning,cuda,bf16,339,0.8289085545722714,0.8196780168899483,0.828092617213497,0.817928207096739,0.735632183908046,0.8136926329378132,0.8080808080808081,0.851063829787234,0.8290155440414507,94,0.8509316770186336,0.8670886075949367,0.8589341692789969,158,0.810126582278481,0.735632183908046,0.7710843373493976,87,0.07658041947710827,0.25528623797317307,0.8890556693077087,11,15,3,12,6,72,294,True,best_validation_state_restored,,,,,
indolem/indobertweet-base-uncased,tweet_base,context_sep_comment,128,1e-05,0.06,0.01,0.1,cross_entropy,0.0,2.0,indolem__indobertweet-base-uncased__context_sep_comment__len128__lr1p0em05__warm0p06__wd0p01__drop0p1__cross_entropy__ls0p0,32e28c05b47e33b6675d2670a1745c50a65e987a,62,5,full_fine_tuning,cuda,bf16,468,0.9294871794871795,0.9159530576248899,0.9285010001205196,0.9114378642092426,0.8617021276595744,0.9136851625039158,0.8804347826086957,0.8617021276595744,0.8709677419354839,94,0.9513888888888888,0.8726114649681529,0.9102990033222591,157,0.9353448275862069,1.0,0.9665924276169265,217,0.07177771258557966,0.10581315597679437,0.8911018967628479,7,15,3,12,6,72,190,True,best_validation_state_restored,,,,,
indolem/indobertweet-base-uncased,tweet_base,context_sep_comment,128,1e-05,0.06,0.01,0.1,cross_entropy,0.0,2.0,indolem__indobertweet-base-uncased__context_sep_comment__len128__lr1p0em05__warm0p06__wd0p01__drop0p1__cross_entropy__ls0p0,32e28c05b47e33b6675d2670a1745c50a65e987a,62,ALL_OOF,full_fine_tuning,cuda,bf16,1824,0.8717105263157895,0.8692740352368643,0.8717703234354653,0.8701339008516973,0.8617021276595744,0.8694197649257795,0.8472803347280334,0.8617021276595744,0.8544303797468354,470,0.8873239436619719,0.8794416243654822,0.8833652007648184,788,0.8707964601769912,0.8692579505300353,0.870026525198939,566,0.026908163520458484,0.19625020204159663,0.8882018801380407,11,,,,,,,,,,,,,
indolem/indobertweet-base-uncased,tweet_base,context_sep_comment,192,2e-05,0.1,0.05,0.2,weighted_cross_entropy,0.03,2.0,indolem__indobertweet-base-uncased__context_sep_comment__len192__lr2p0em05__warm0p1__wd0p05__drop0p2__weighted_cross_entropy__ls0p03,32e28c05b47e33b6675d2670a1745c50a65e987a,42,1,full_fine_tuning,cuda,bf16,339,0.8407079646017699,0.8332961724266071,0.8424528829299895,0.8430135188263664,0.8275862068965517,0.8368921828061022,0.8118811881188119,0.8723404255319149,0.841025641025641,94,0.9290780141843972,0.8291139240506329,0.8762541806020067,158,0.7422680412371134,0.8275862068965517,0.782608695652174,87,0.07834925649792046,0.247847973295418,0.9190571904182434,7,15,3,8,8,64,240,True,best_validation_state_restored,,,,,
indolem/indobertweet-base-uncased,tweet_base,context_sep_comment,192,2e-05,0.1,0.05,0.2,weighted_cross_entropy,0.03,2.0,indolem__indobertweet-base-uncased__context_sep_comment__len192__lr2p0em05__warm0p1__wd0p05__drop0p2__weighted_cross_entropy__ls0p03,32e28c05b47e33b6675d2670a1745c50a65e987a,42,2,full_fine_tuning,cuda,bf16,339,0.8495575221238938,0.8475019167355202,0.8501895623268902,0.8599680319639086,0.8037974683544303,0.846241376559601,0.7699115044247787,0.925531914893617,0.8405797101449275,94,0.927007299270073,0.8037974683544303,0.8610169491525423,158,0.8314606741573034,0.8505747126436781,0.8409090909090909,87,0.08729803236888223,0.22752025467760395,0.9368554353713989,12,15,3,8,8,64,360,True,best_validation_state_restored,,,,,
indolem/indobertweet-base-uncased,tweet_base,context_sep_comment,192,2e-05,0.1,0.05,0.2,weighted_cross_entropy,0.03,2.0,indolem__indobertweet-base-uncased__context_sep_comment__len192__lr2p0em05__warm0p1__wd0p05__drop0p2__weighted_cross_entropy__ls0p03,32e28c05b47e33b6675d2670a1745c50a65e987a,42,3,full_fine_tuning,cuda,bf16,339,0.887905604719764,0.8831334219776297,0.8879181479530615,0.8834494490918127,0.8522727272727273,0.8815422127526163,0.8571428571428571,0.8936170212765957,0.875,94,0.9102564102564102,0.9044585987261147,0.9073482428115016,157,0.8823529411764706,0.8522727272727273,0.8670520231213873,88,0.038333566051668794,0.17604820420817416,0.8986287117004395,8,15,3,8,8,64,264,True,best_validation_state_restored,,,,,
indolem/indobertweet-base-uncased,tweet_base,context_sep_comment,192,2e-05,0.1,0.05,0.2,weighted_cross_entropy,0.03,2.0,indolem__indobertweet-base-uncased__context_sep_comment__len192__lr2p0em05__warm0p1__wd0p05__drop0p2__weighted_cross_entropy__ls0p03,32e28c05b47e33b6675d2670a1745c50a65e987a,42,4,full_fine_tuning,cuda,bf16,339,0.8466076696165191,0.8331115054717539,0.8440550133096717,0.8308815562593064,0.6896551724137931,0.8223687315668979,0.8333333333333334,0.9042553191489362,0.8673469387755102,94,0.8658536585365854,0.8987341772151899,0.8819875776397516,158,0.821917808219178,0.6896551724137931,0.75,87,0.08875819636305521,0.24938596982175024,0.9252488613128662,10,15,3,8,8,64,312,True,best_validation_state_restored,,,,,
indolem/indobertweet-base-uncased,tweet_base,context_sep_comment,192,2e-05,0.1,0.05,0.2,weighted_cross_entropy,0.03,2.0,indolem__indobertweet-base-uncased__context_sep_comment__len192__lr2p0em05__warm0p1__wd0p05__drop0p2__weighted_cross_entropy__ls0p03,32e28c05b47e33b6675d2670a1745c50a65e987a,42,5,full_fine_tuning,cuda,bf16,468,0.9508547008547008,0.9401792276684425,0.9505137955813826,0.9397840719157972,0.9044585987261147,0.9397307755795582,0.8958333333333334,0.9148936170212766,0.9052631578947369,94,0.9594594594594594,0.9044585987261147,0.9311475409836065,157,0.96875,1.0,0.9841269841269841,217,0.03388030158403591,0.09017217132937692,0.9525541067123413,10,15,3,8,8,64,286,True,best_validation_state_restored,,,,,
indolem/indobertweet-base-uncased,tweet_base,context_sep_comment,192,2e-05,0.1,0.05,0.2,weighted_cross_entropy,0.03,2.0,indolem__indobertweet-base-uncased__context_sep_comment__len192__lr2p0em05__warm0p1__wd0p05__drop0p2__weighted_cross_entropy__ls0p03,32e28c05b47e33b6675d2670a1745c50a65e987a,42,ALL_OOF,full_fine_tuning,cuda,bf16,1824,0.8804824561403509,0.8784663935592104,0.8807801976157187,0.8833355404622708,0.868020304568528,0.8790004328150964,0.8313725490196079,0.902127659574468,0.8653061224489796,470,0.9168900804289544,0.868020304568528,0.8917861799217731,788,0.8767605633802817,0.8798586572438163,0.8783068783068783,566,0.05507714842168386,0.19055514827913775,0.9283137288630793,10,,,,,,,,,,,,,
indolem/indobertweet-base-uncased,tweet_base,context_sep_comment,192,2e-05,0.1,0.05,0.2,weighted_cross_entropy,0.03,2.0,indolem__indobertweet-base-uncased__context_sep_comment__len192__lr2p0em05__warm0p1__wd0p05__drop0p2__weighted_cross_entropy__ls0p03,32e28c05b47e33b6675d2670a1745c50a65e987a,52,1,full_fine_tuning,cuda,bf16,339,0.8820058997050148,0.8764028728758578,0.8824365326154069,0.8817383883693309,0.8505747126436781,0.8765680680000815,0.8349514563106796,0.9148936170212766,0.8730964467005076,94,0.9328859060402684,0.879746835443038,0.9055374592833876,158,0.8505747126436781,0.8505747126436781,0.8505747126436781,87,0.0425322364389369,0.18470945027024646,0.9103778600692749,8,15,3,8,8,64,264,True,best_validation_state_restored,,,,,
indolem/indobertweet-base-uncased,tweet_base,context_sep_comment,192,2e-05,0.1,0.05,0.2,weighted_cross_entropy,0.03,2.0,indolem__indobertweet-base-uncased__context_sep_comment__len192__lr2p0em05__warm0p1__wd0p05__drop0p2__weighted_cross_entropy__ls0p03,32e28c05b47e33b6675d2670a1745c50a65e987a,52,2,full_fine_tuning,cuda,bf16,339,0.8466076696165191,0.8396741121182002,0.8461216357978163,0.8418305223258469,0.7613636363636364,0.8343544138337688,0.85,0.9042553191489362,0.8762886597938144,94,0.8766233766233766,0.8598726114649682,0.8681672025723473,157,0.788235294117647,0.7613636363636364,0.7745664739884393,88,0.1014537354134529,0.25228593270730254,0.9315428733825684,15,15,3,8,8,64,360,True,best_validation_state_restored,,,,,
indolem/indobertweet-base-uncased,tweet_base,context_sep_comment,192,2e-05,0.1,0.05,0.2,weighted_cross_entropy,0.03,2.0,indolem__indobertweet-base-uncased__context_sep_comment__len192__lr2p0em05__warm0p1__wd0p05__drop0p2__weighted_cross_entropy__ls0p03,32e28c05b47e33b6675d2670a1745c50a65e987a,52,3,full_fine_tuning,cuda,bf16,339,0.8584070796460177,0.8520212818855354,0.858479685532903,0.8576885809721048,0.7931034482758621,0.8491786976700266,0.7981651376146789,0.925531914893617,0.8571428571428571,94,0.9121621621621622,0.8544303797468354,0.8823529411764706,158,0.8414634146341463,0.7931034482758621,0.8165680473372781,87,0.07374047107752793,0.22775571405736486,0.9321475625038147,9,15,3,8,8,64,288,True,best_validation_state_restored,,,,,
indolem/indobertweet-base-uncased,tweet_base,context_sep_comment,192,2e-05,0.1,0.05,0.2,weighted_cross_entropy,0.03,2.0,indolem__indobertweet-base-uncased__context_sep_comment__len192__lr2p0em05__warm0p1__wd0p05__drop0p2__weighted_cross_entropy__ls0p03,32e28c05b47e33b6675d2670a1745c50a65e987a,52,4,full_fine_tuning,cuda,bf16,339,0.8761061946902655,0.8684502599450902,0.875916889943224,0.8668935798731391,0.8275862068965517,0.8663492990493986,0.84375,0.8617021276595744,0.8526315789473684,94,0.9,0.9113924050632911,0.9056603773584906,158,0.8674698795180723,0.8275862068965517,0.8470588235294118,87,0.026686656088252332,0.18267301499927704,0.8907694816589355,6,15,3,8,8,64,216,True,best_validation_state_restored,,,,,
indolem/indobertweet-base-uncased,tweet_base,context_sep_comment,192,2e-05,0.1,0.05,0.2,weighted_cross_entropy,0.03,2.0,indolem__indobertweet-base-uncased__context_sep_comment__len192__lr2p0em05__warm0p1__wd0p05__drop0p2__weighted_cross_entropy__ls0p03,32e28c05b47e33b6675d2670a1745c50a65e987a,52,5,full_fine_tuning,cuda,bf16,468,0.9316239316239316,0.9181412529550826,0.9307950498575498,0.9149839635000226,0.8723404255319149,0.9169745159224088,0.8723404255319149,0.8723404255319149,0.8723404255319149,94,0.958041958041958,0.8726114649681529,0.9133333333333333,157,0.9393939393939394,1.0,0.96875,217,0.02848647101822063,0.10705541712962117,0.9563344717025757,11,15,3,8,8,64,308,True,best_validation_state_restored,,,,,
indolem/indobertweet-base-uncased,tweet_base,context_sep_comment,192,2e-05,0.1,0.05,0.2,weighted_cross_entropy,0.03,2.0,indolem__indobertweet-base-uncased__context_sep_comment__len192__lr2p0em05__warm0p1__wd0p05__drop0p2__weighted_cross_entropy__ls0p03,32e28c05b47e33b6675d2670a1745c50a65e987a,52,ALL_OOF,full_fine_tuning,cuda,bf16,1824,0.8826754385964912,0.8804224416704601,0.8829352274840117,0.8843348801045581,0.8756345177664975,0.8814020360446928,0.8386454183266933,0.8957446808510638,0.8662551440329218,470,0.9151193633952255,0.8756345177664975,0.8949416342412452,788,0.8785211267605634,0.8816254416961131,0.8800705467372134,566,0.051349377537374924,0.18496639758566527,0.9265047192998361,9,,,,,,,,,,,,,
indolem/indobertweet-base-uncased,tweet_base,context_sep_comment,192,2e-05,0.1,0.05,0.2,weighted_cross_entropy,0.03,2.0,indolem__indobertweet-base-uncased__context_sep_comment__len192__lr2p0em05__warm0p1__wd0p05__drop0p2__weighted_cross_entropy__ls0p03,32e28c05b47e33b6675d2670a1745c50a65e987a,62,1,full_fine_tuning,cuda,bf16,339,0.8407079646017699,0.8334080379942793,0.841025977861489,0.8380677968189826,0.7840909090909091,0.8315982548511301,0.8217821782178217,0.8829787234042553,0.8512820512820513,94,0.8926174496644296,0.8471337579617835,0.869281045751634,157,0.7752808988764045,0.7840909090909091,0.7796610169491526,88,0.08997289462778768,0.2532057655882951,0.9184455275535583,9,15,3,8,8,64,288,True,best_validation_state_restored,,,,,
indolem/indobertweet-base-uncased,tweet_base,context_sep_comment,192,2e-05,0.1,0.05,0.2,weighted_cross_entropy,0.03,2.0,indolem__indobertweet-base-uncased__context_sep_comment__len192__lr2p0em05__warm0p1__wd0p05__drop0p2__weighted_cross_entropy__ls0p03,32e28c05b47e33b6675d2670a1745c50a65e987a,62,2,full_fine_tuning,cuda,bf16,339,0.855457227138643,0.8514949452271713,0.8560073434487433,0.8624657282634381,0.8227848101265823,0.8520067728978074,0.7981651376146789,0.925531914893617,0.8571428571428571,94,0.9285714285714286,0.8227848101265823,0.87248322147651,158,0.8111111111111111,0.8390804597701149,0.8248587570621468,87,0.041385881141223706,0.2195710907498199,0.8870278000831604,6,15,3,8,8,64,216,True,best_validation_state_restored,,,,,
indolem/indobertweet-base-uncased,tweet_base,context_sep_comment,192,2e-05,0.1,0.05,0.2,weighted_cross_entropy,0.03,2.0,indolem__indobertweet-base-uncased__context_sep_comment__len192__lr2p0em05__warm0p1__wd0p05__drop0p2__weighted_cross_entropy__ls0p03,32e28c05b47e33b6675d2670a1745c50a65e987a,62,3,full_fine_tuning,cuda,bf16,339,0.8613569321533924,0.8569339364357651,0.8619062861417053,0.8652487428967085,0.8390804597701149,0.858138448776677,0.8037383177570093,0.9148936170212766,0.8557213930348259,94,0.9236111111111112,0.8417721518987342,0.8807947019867549,158,0.8295454545454546,0.8390804597701149,0.8342857142857143,87,0.0380632276907783,0.19421194671789715,0.8958296179771423,6,15,3,8,8,64,216,True,best_validation_state_restored,,,,,
indolem/indobertweet-base-uncased,tweet_base,context_sep_comment,192,2e-05,0.1,0.05,0.2,weighted_cross_entropy,0.03,2.0,indolem__indobertweet-base-uncased__context_sep_comment__len192__lr2p0em05__warm0p1__wd0p05__drop0p2__weighted_cross_entropy__ls0p03,32e28c05b47e33b6675d2670a1745c50a65e987a,62,4,full_fine_tuning,cuda,bf16,339,0.8348082595870207,0.8286351809915667,0.8351832938926624,0.8336289705941535,0.7931034482758621,0.8279326892191499,0.7884615384615384,0.8723404255319149,0.8282828282828283,94,0.8859060402684564,0.8354430379746836,0.8599348534201955,158,0.8023255813953488,0.7931034482758621,0.7976878612716763,87,0.09388981930977472,0.263140844310226,0.9158114790916443,10,15,3,8,8,64,312,True,best_validation_state_restored,,,,,
indolem/indobertweet-base-uncased,tweet_base,context_sep_comment,192,2e-05,0.1,0.05,0.2,weighted_cross_entropy,0.03,2.0,indolem__indobertweet-base-uncased__context_sep_comment__len192__lr2p0em05__warm0p1__wd0p05__drop0p2__weighted_cross_entropy__ls0p03,32e28c05b47e33b6675d2670a1745c50a65e987a,62,5,full_fine_tuning,cuda,bf16,468,0.9316239316239316,0.919964621007875,0.9307555961406624,0.9178298775805214,0.8598726114649682,0.9170262645529307,0.875,0.8936170212765957,0.8842105263157894,94,0.9642857142857143,0.8598726114649682,0.9090909090909091,157,0.9353448275862069,1.0,0.9665924276169265,217,0.020300499458088792,0.10427462533174274,0.9497063755989075,10,15,3,8,8,64,286,True,best_validation_state_restored,,,,,
indolem/indobertweet-base-uncased,tweet_base,context_sep_comment,192,2e-05,0.1,0.05,0.2,weighted_cross_entropy,0.03,2.0,indolem__indobertweet-base-uncased__context_sep_comment__len192__lr2p0em05__warm0p1__wd0p05__drop0p2__weighted_cross_entropy__ls0p03,32e28c05b47e33b6675d2670a1745c50a65e987a,62,ALL_OOF,full_fine_tuning,cuda,bf16,1824,0.8695175438596491,0.8679365200618475,0.8698538212859341,0.874800636467291,0.8413705583756346,0.8671270543136554,0.816247582205029,0.8978723404255319,0.8551165146909828,470,0.9182825484764543,0.8413705583756346,0.8781456953642384,788,0.8564102564102564,0.8851590106007067,0.8705473501303215,566,0.050601364979357064,0.19962416398706706,0.9159344027570465,9,,,,,,,,,,,,,
indolem/indobertweet-base-uncased,tweet_base,comment_only,256,3e-05,0.06,0.05,0.3,focal_loss,0.05,2.0,indolem__indobertweet-base-uncased__comment_only__len256__lr3p0em05__warm0p06__wd0p05__drop0p3__focal_loss__ls0p05,32e28c05b47e33b6675d2670a1745c50a65e987a,42,1,full_fine_tuning,cuda,bf16,339,0.8200589970501475,0.8111641301285314,0.8216910556378438,0.8210734160704907,0.7701149425287356,0.8117095286334286,0.7410714285714286,0.8829787234042553,0.8058252427184466,94,0.920863309352518,0.810126582278481,0.8619528619528619,158,0.7613636363636364,0.7701149425287356,0.7657142857142857,87,0.07194761487938311,0.26529596205346895,0.7543644309043884,4,15,3,6,11,66,161,True,best_validation_state_restored,,,,,
indolem/indobertweet-base-uncased,tweet_base,comment_only,256,3e-05,0.06,0.05,0.3,focal_loss,0.05,2.0,indolem__indobertweet-base-uncased__comment_only__len256__lr3p0em05__warm0p06__wd0p05__drop0p3__focal_loss__ls0p05,32e28c05b47e33b6675d2670a1745c50a65e987a,42,2,full_fine_tuning,cuda,bf16,339,0.8525073746312685,0.8490719586717,0.8533142077498219,0.8537446870424201,0.8481012658227848,0.850940059848823,0.7766990291262136,0.851063829787234,0.8121827411167513,94,0.8993288590604027,0.8481012658227848,0.8729641693811075,158,0.8620689655172413,0.8620689655172413,0.8620689655172413,87,0.08289253360050616,0.2223920859923098,0.7696148157119751,6,15,3,6,11,66,207,True,best_validation_state_restored,,,,,
indolem/indobertweet-base-uncased,tweet_base,comment_only,256,3e-05,0.06,0.05,0.3,focal_loss,0.05,2.0,indolem__indobertweet-base-uncased__comment_only__len256__lr3p0em05__warm0p06__wd0p05__drop0p3__focal_loss__ls0p05,32e28c05b47e33b6675d2670a1745c50a65e987a,42,3,full_fine_tuning,cuda,bf16,339,0.887905604719764,0.884628687463739,0.8881384254525391,0.888201879206758,0.875,0.8853635322427765,0.85,0.9042553191489362,0.8762886597938144,94,0.9205298013245033,0.8853503184713376,0.9025974025974026,157,0.875,0.875,0.875,88,0.047210870151322866,0.17776381315714562,0.8406946659088135,12,15,3,6,11,66,345,True,best_validation_state_restored,,,,,
indolem/indobertweet-base-uncased,tweet_base,comment_only,256,3e-05,0.06,0.05,0.3,focal_loss,0.05,2.0,indolem__indobertweet-base-uncased__comment_only__len256__lr3p0em05__warm0p06__wd0p05__drop0p3__focal_loss__ls0p05,32e28c05b47e33b6675d2670a1745c50a65e987a,42,4,full_fine_tuning,cuda,bf16,339,0.8141592920353983,0.8047569630446988,0.8131288770243658,0.8065237288887651,0.7011494252873564,0.7975702611349876,0.7614678899082569,0.8829787234042553,0.8177339901477833,94,0.8516129032258064,0.8354430379746836,0.8434504792332268,158,0.8133333333333334,0.7011494252873564,0.7530864197530864,87,0.02793379844465791,0.2513878984143397,0.8156417012214661,8,15,3,6,11,66,253,True,best_validation_state_restored,,,,,
indolem/indobertweet-base-uncased,tweet_base,comment_only,256,3e-05,0.06,0.05,0.3,focal_loss,0.05,2.0,indolem__indobertweet-base-uncased__comment_only__len256__lr3p0em05__warm0p06__wd0p05__drop0p3__focal_loss__ls0p05,32e28c05b47e33b6675d2670a1745c50a65e987a,42,5,full_fine_tuning,cuda,bf16,468,0.938034188034188,0.9260954847792878,0.9372895082594449,0.9227763472918643,0.8829787234042553,0.92470159212077,0.8924731182795699,0.8829787234042553,0.8877005347593583,94,0.952054794520548,0.8853503184713376,0.9174917491749175,157,0.9475982532751092,1.0,0.9730941704035875,217,0.03837307497986363,0.1028740502246493,0.9002217054367065,15,15,3,6,11,66,315,True,best_validation_state_restored,,,,,
indolem/indobertweet-base-uncased,tweet_base,comment_only,256,3e-05,0.06,0.05,0.3,focal_loss,0.05,2.0,indolem__indobertweet-base-uncased__comment_only__len256__lr3p0em05__warm0p06__wd0p05__drop0p3__focal_loss__ls0p05,32e28c05b47e33b6675d2670a1745c50a65e987a,42,ALL_OOF,full_fine_tuning,cuda,bf16,1824,0.8678728070175439,0.8652679282692769,0.8683974799894428,0.8705782715979652,0.8527918781725888,0.8658638555498259,0.8007736943907157,0.8808510638297873,0.8389057750759878,470,0.9081081081081082,0.8527918781725888,0.8795811518324608,788,0.8765432098765432,0.8780918727915195,0.8773168578993822,566,0.04581646524827207,0.19679481031545415,0.8220563417692718,8,,,,,,,,,,,,,
indolem/indobertweet-base-uncased,tweet_base,comment_only,256,3e-05,0.06,0.05,0.3,focal_loss,0.05,2.0,indolem__indobertweet-base-uncased__comment_only__len256__lr3p0em05__warm0p06__wd0p05__drop0p3__focal_loss__ls0p05,32e28c05b47e33b6675d2670a1745c50a65e987a,52,1,full_fine_tuning,cuda,bf16,339,0.8702064896755162,0.8626568878393789,0.8707402865531058,0.8655469598892985,0.8275862068965517,0.8619927147059212,0.8058252427184466,0.8829787234042553,0.8426395939086294,94,0.9210526315789473,0.8860759493670886,0.9032258064516129,158,0.8571428571428571,0.8275862068965517,0.8421052631578947,87,0.10972596348914426,0.21517152373331191,0.7672414183616638,5,15,3,6,11,66,184,True,best_validation_state_restored,,,,,
indolem/indobertweet-base-uncased,tweet_base,comment_only,256,3e-05,0.06,0.05,0.3,focal_loss,0.05,2.0,indolem__indobertweet-base-uncased__comment_only__len256__lr3p0em05__warm0p06__wd0p05__drop0p3__focal_loss__ls0p05,32e28c05b47e33b6675d2670a1745c50a65e987a,52,2,full_fine_tuning,cuda,bf16,339,0.8112094395280236,0.807356720617972,0.8110366751009674,0.8135069012389787,0.7613636363636364,0.8051432639897554,0.8058252427184466,0.8829787234042553,0.8426395939086294,94,0.8503401360544217,0.7961783439490446,0.8223684210526315,157,0.7528089887640449,0.7613636363636364,0.7570621468926554,88,0.05648837530859101,0.26361004177910113,0.848180890083313,13,15,3,6,11,66,345,True,best_validation_state_restored,,,,,
indolem/indobertweet-base-uncased,tweet_base,comment_only,256,3e-05,0.06,0.05,0.3,focal_loss,0.05,2.0,indolem__indobertweet-base-uncased__comment_only__len256__lr3p0em05__warm0p06__wd0p05__drop0p3__focal_loss__ls0p05,32e28c05b47e33b6675d2670a1745c50a65e987a,52,3,full_fine_tuning,cuda,bf16,339,0.855457227138643,0.849419586319969,0.8553840286741822,0.8527060870318949,0.7931034482758621,0.8462565649035457,0.8095238095238095,0.9042553191489362,0.8542713567839196,94,0.8947368421052632,0.8607594936708861,0.8774193548387097,158,0.8414634146341463,0.7931034482758621,0.8165680473372781,87,0.048755665444343135,0.22345388655278947,0.819065511226654,8,15,3,6,11,66,253,True,best_validation_state_restored,,,,,
indolem/indobertweet-base-uncased,tweet_base,comment_only,256,3e-05,0.06,0.05,0.3,focal_loss,0.05,2.0,indolem__indobertweet-base-uncased__comment_only__len256__lr3p0em05__warm0p06__wd0p05__drop0p3__focal_loss__ls0p05,32e28c05b47e33b6675d2670a1745c50a65e987a,52,4,full_fine_tuning,cuda,bf16,339,0.887905604719764,0.8817719902300563,0.888420853011059,0.8896767389713887,0.8404255319148937,0.8810583784937188,0.8315789473684211,0.8404255319148937,0.8359788359788359,94,0.9523809523809523,0.8860759493670886,0.9180327868852459,158,0.845360824742268,0.9425287356321839,0.8913043478260869,87,0.051548525998726,0.17982613172205447,0.8365792036056519,9,15,3,6,11,66,276,True,best_validation_state_restored,,,,,
indolem/indobertweet-base-uncased,tweet_base,comment_only,256,3e-05,0.06,0.05,0.3,focal_loss,0.05,2.0,indolem__indobertweet-base-uncased__comment_only__len256__lr3p0em05__warm0p06__wd0p05__drop0p3__focal_loss__ls0p05,32e28c05b47e33b6675d2670a1745c50a65e987a,52,5,full_fine_tuning,cuda,bf16,468,0.9230769230769231,0.9070515876306727,0.9217885666131707,0.8993766092966528,0.8191489361702128,0.9015339274516979,0.875,0.8191489361702128,0.8461538461538461,94,0.9583333333333334,0.8789808917197452,0.9169435215946844,157,0.9194915254237288,1.0,0.9580573951434879,217,0.04504712721985629,0.12605260545752045,0.8873901963233948,10,15,3,6,11,66,273,True,best_validation_state_restored,,,,,
indolem/indobertweet-base-uncased,tweet_base,comment_only,256,3e-05,0.06,0.05,0.3,focal_loss,0.05,2.0,indolem__indobertweet-base-uncased__comment_only__len256__lr3p0em05__warm0p06__wd0p05__drop0p3__focal_loss__ls0p05,32e28c05b47e33b6675d2670a1745c50a65e987a,52,ALL_OOF,full_fine_tuning,cuda,bf16,1824,0.8733552631578947,0.8702209606276877,0.8736930305574645,0.8744640970088505,0.8616751269035533,0.871155295290569,0.8238866396761133,0.8659574468085106,0.8443983402489627,470,0.9150943396226415,0.8616751269035533,0.8875816993464052,788,0.8622448979591837,0.8957597173144877,0.878682842287695,566,0.04093331766821312,0.19627823259758753,0.835630667003754,9,,,,,,,,,,,,,
indolem/indobertweet-base-uncased,tweet_base,comment_only,256,3e-05,0.06,0.05,0.3,focal_loss,0.05,2.0,indolem__indobertweet-base-uncased__comment_only__len256__lr3p0em05__warm0p06__wd0p05__drop0p3__focal_loss__ls0p05,32e28c05b47e33b6675d2670a1745c50a65e987a,62,1,full_fine_tuning,cuda,bf16,339,0.8348082595870207,0.8284703801945182,0.8347652246034913,0.8295526411971731,0.7840909090909091,0.8261502491024391,0.8163265306122449,0.851063829787234,0.8333333333333334,94,0.864516129032258,0.8535031847133758,0.8589743589743589,157,0.8023255813953488,0.7840909090909091,0.7931034482758621,88,0.06434326221105978,0.2350423576791434,0.8542025685310364,15,15,3,6,11,66,345,True,best_validation_state_restored,,,,,
indolem/indobertweet-base-uncased,tweet_base,comment_only,256,3e-05,0.06,0.05,0.3,focal_loss,0.05,2.0,indolem__indobertweet-base-uncased__comment_only__len256__lr3p0em05__warm0p06__wd0p05__drop0p3__focal_loss__ls0p05,32e28c05b47e33b6675d2670a1745c50a65e987a,62,2,full_fine_tuning,cuda,bf16,339,0.8731563421828908,0.8670202547371999,0.8736253683238357,0.8711000904969906,0.8505747126436781,0.8680324939135131,0.83,0.8829787234042553,0.8556701030927835,94,0.9205298013245033,0.879746835443038,0.8996763754045307,158,0.8409090909090909,0.8505747126436781,0.8457142857142858,87,0.05326202081016382,0.20213934268975986,0.8469526171684265,12,15,3,6,11,66,345,True,best_validation_state_restored,,,,,
indolem/indobertweet-base-uncased,tweet_base,comment_only,256,3e-05,0.06,0.05,0.3,focal_loss,0.05,2.0,indolem__indobertweet-base-uncased__comment_only__len256__lr3p0em05__warm0p06__wd0p05__drop0p3__focal_loss__ls0p05,32e28c05b47e33b6675d2670a1745c50a65e987a,62,3,full_fine_tuning,cuda,bf16,339,0.8702064896755162,0.8653741483807001,0.8707552611404948,0.8675539912062104,0.8505747126436781,0.8657798757605447,0.803921568627451,0.8723404255319149,0.8367346938775511,94,0.9084967320261438,0.879746835443038,0.8938906752411575,158,0.8809523809523809,0.8505747126436781,0.8654970760233918,87,0.04605943755765932,0.18679487351158727,0.8296667337417603,9,15,3,6,11,66,276,True,best_validation_state_restored,,,,,
indolem/indobertweet-base-uncased,tweet_base,comment_only,256,3e-05,0.06,0.05,0.3,focal_loss,0.05,2.0,indolem__indobertweet-base-uncased__comment_only__len256__lr3p0em05__warm0p06__wd0p05__drop0p3__focal_loss__ls0p05,32e28c05b47e33b6675d2670a1745c50a65e987a,62,4,full_fine_tuning,cuda,bf16,339,0.8200589970501475,0.8141867141867142,0.8216775172527386,0.8253727970380552,0.7974683544303798,0.816513779640379,0.7547169811320755,0.851063829787234,0.8,94,0.9130434782608695,0.7974683544303798,0.8513513513513513,158,0.7578947368421053,0.8275862068965517,0.7912087912087912,87,0.036361490203216024,0.2457162537219643,0.7962077260017395,6,15,3,6,11,66,207,True,best_validation_state_restored,,,,,
indolem/indobertweet-base-uncased,tweet_base,comment_only,256,3e-05,0.06,0.05,0.3,focal_loss,0.05,2.0,indolem__indobertweet-base-uncased__comment_only__len256__lr3p0em05__warm0p06__wd0p05__drop0p3__focal_loss__ls0p05,32e28c05b47e33b6675d2670a1745c50a65e987a,62,5,full_fine_tuning,cuda,bf16,468,0.9273504273504274,0.916187039986701,0.9262971276245613,0.9121606360392104,0.8535031847133758,0.9124623898789883,0.8829787234042553,0.8829787234042553,0.8829787234042553,94,0.9640287769784173,0.8535031847133758,0.9054054054054054,157,0.9234042553191489,1.0,0.9601769911504425,217,0.06741120698105577,0.11115034406726122,0.8655138611793518,8,15,3,6,11,66,231,True,best_validation_state_restored,,,,,
indolem/indobertweet-base-uncased,tweet_base,comment_only,256,3e-05,0.06,0.05,0.3,focal_loss,0.05,2.0,indolem__indobertweet-base-uncased__comment_only__len256__lr3p0em05__warm0p06__wd0p05__drop0p3__focal_loss__ls0p05,32e28c05b47e33b6675d2670a1745c50a65e987a,62,ALL_OOF,full_fine_tuning,cuda,bf16,1824,0.8695175438596491,0.8666922057387505,0.8698816502285392,0.8716233058059194,0.8527918781725888,0.8671359944318376,0.816,0.8680851063829788,0.8412371134020619,470,0.9130434782608695,0.8527918781725888,0.8818897637795275,788,0.8605442176870748,0.8939929328621908,0.8769497400346621,566,0.03430101795023996,0.19015582762100353,0.8404186156235243,9,,,,,,,,,,,,,
indolem/indobertweet-base-uncased,tweet_base,comment_only,128,2e-05,0.1,0.01,0.2,weighted_cross_entropy,0.0,2.0,indolem__indobertweet-base-uncased__comment_only__len128__lr2p0em05__warm0p1__wd0p01__drop0p2__weighted_cross_entropy__ls0p0,32e28c05b47e33b6675d2670a1745c50a65e987a,42,1,full_fine_tuning,cuda,bf16,339,0.8377581120943953,0.8307554073873846,0.8387957499903984,0.8388967828681045,0.8045977011494253,0.831868723271836,0.8137254901960784,0.8829787234042553,0.8469387755102041,94,0.9097222222222222,0.8291139240506329,0.8675496688741722,158,0.7526881720430108,0.8045977011494253,0.7777777777777778,87,0.0977917346982478,0.26049486670311844,0.9345511198043823,9,15,3,12,6,72,252,True,best_validation_state_restored,,,,,
indolem/indobertweet-base-uncased,tweet_base,comment_only,128,2e-05,0.1,0.01,0.2,weighted_cross_entropy,0.0,2.0,indolem__indobertweet-base-uncased__comment_only__len128__lr2p0em05__warm0p1__wd0p01__drop0p2__weighted_cross_entropy__ls0p0,32e28c05b47e33b6675d2670a1745c50a65e987a,42,2,full_fine_tuning,cuda,bf16,339,0.8761061946902655,0.8747696658496974,0.8767087356845877,0.8861275440024848,0.8354430379746836,0.873509537344924,0.8037383177570093,0.9148936170212766,0.8557213930348259,94,0.9428571428571428,0.8354430379746836,0.8859060402684564,158,0.8586956521739131,0.9080459770114943,0.88268156424581,87,0.05741221820358684,0.19403149858346344,0.925445020198822,10,15,3,12,6,72,273,True,best_validation_state_restored,,,,,
indolem/indobertweet-base-uncased,tweet_base,comment_only,128,2e-05,0.1,0.01,0.2,weighted_cross_entropy,0.0,2.0,indolem__indobertweet-base-uncased__comment_only__len128__lr2p0em05__warm0p1__wd0p01__drop0p2__weighted_cross_entropy__ls0p0,32e28c05b47e33b6675d2670a1745c50a65e987a,42,3,full_fine_tuning,cuda,bf16,339,0.8967551622418879,0.8962178618663108,0.8968828603443921,0.8976589995359476,0.8863636363636364,0.8956818569626439,0.86,0.9148936170212766,0.8865979381443299,94,0.9090909090909091,0.89171974522293,0.9003215434083601,157,0.9176470588235294,0.8863636363636364,0.9017341040462428,88,0.046524919239820606,0.1618256353825872,0.9353378415107727,13,15,3,12,6,72,315,True,best_validation_state_restored,,,,,
indolem/indobertweet-base-uncased,tweet_base,comment_only,128,2e-05,0.1,0.01,0.2,weighted_cross_entropy,0.0,2.0,indolem__indobertweet-base-uncased__comment_only__len128__lr2p0em05__warm0p1__wd0p01__drop0p2__weighted_cross_entropy__ls0p0,32e28c05b47e33b6675d2670a1745c50a65e987a,42,4,full_fine_tuning,cuda,bf16,339,0.8259587020648967,0.8185225037937246,0.8262290015965856,0.8212689597386422,0.7816091954022989,0.8176113236249173,0.797979797979798,0.8404255319148937,0.8186528497409327,94,0.869281045751634,0.8417721518987342,0.8553054662379421,158,0.7816091954022989,0.7816091954022989,0.7816091954022989,87,0.04446199676983474,0.2616399530462138,0.8581283688545227,5,15,3,12,6,72,168,True,best_validation_state_restored,,,,,
indolem/indobertweet-base-uncased,tweet_base,comment_only,128,2e-05,0.1,0.01,0.2,weighted_cross_entropy,0.0,2.0,indolem__indobertweet-base-uncased__comment_only__len128__lr2p0em05__warm0p1__wd0p01__drop0p2__weighted_cross_entropy__ls0p0,32e28c05b47e33b6675d2670a1745c50a65e987a,42,5,full_fine_tuning,cuda,bf16,468,0.938034188034188,0.9267514535540387,0.9371854578375122,0.9213533902516149,0.8723404255319149,0.9236155584353862,0.9111111111111111,0.8723404255319149,0.8913043478260869,94,0.9459459459459459,0.89171974522293,0.9180327868852459,157,0.9434782608695652,1.0,0.970917225950783,217,0.02551848027441237,0.09987960934953641,0.9571142196655273,8,15,3,12,6,72,209,True,best_validation_state_restored,,,,,
indolem/indobertweet-base-uncased,tweet_base,comment_only,128,2e-05,0.1,0.01,0.2,weighted_cross_entropy,0.0,2.0,indolem__indobertweet-base-uncased__comment_only__len128__lr2p0em05__warm0p1__wd0p01__drop0p2__weighted_cross_entropy__ls0p0,32e28c05b47e33b6675d2670a1745c50a65e987a,42,ALL_OOF,full_fine_tuning,cuda,bf16,1824,0.8793859649122807,0.8776727623665815,0.879569029924472,0.8825226809530878,0.8578680203045685,0.8771762326413913,0.8353413654618473,0.8851063829787233,0.859504132231405,470,0.9147496617050067,0.8578680203045685,0.885396201702685,788,0.8722316865417377,0.9045936395759717,0.8881179531656548,566,0.045576721887316665,0.18880643063875976,0.9245905649047672,9,,,,,,,,,,,,,
indolem/indobertweet-base-uncased,tweet_base,comment_only,128,2e-05,0.1,0.01,0.2,weighted_cross_entropy,0.0,2.0,indolem__indobertweet-base-uncased__comment_only__len128__lr2p0em05__warm0p1__wd0p01__drop0p2__weighted_cross_entropy__ls0p0,32e28c05b47e33b6675d2670a1745c50a65e987a,52,1,full_fine_tuning,cuda,bf16,339,0.887905604719764,0.8835939837366302,0.888173201256136,0.8865284343195133,0.8735632183908046,0.8844712836135644,0.8484848484848485,0.8936170212765957,0.8704663212435233,94,0.9215686274509803,0.8924050632911392,0.9067524115755627,158,0.8735632183908046,0.8735632183908046,0.8735632183908046,87,0.04909227124709298,0.1785408091207577,0.8777754902839661,6,15,3,12,6,72,189,True,best_validation_state_restored,,,,,
indolem/indobertweet-base-uncased,tweet_base,comment_only,128,2e-05,0.1,0.01,0.2,weighted_cross_entropy,0.0,2.0,indolem__indobertweet-base-uncased__comment_only__len128__lr2p0em05__warm0p1__wd0p01__drop0p2__weighted_cross_entropy__ls0p0,32e28c05b47e33b6675d2670a1745c50a65e987a,52,2,full_fine_tuning,cuda,bf16,339,0.8436578171091446,0.8405978542629761,0.8441490065360758,0.8511187563396535,0.8089171974522293,0.8404519578510875,0.8349514563106796,0.9148936170212766,0.8730964467005076,94,0.9071428571428571,0.8089171974522293,0.8552188552188552,157,0.7604166666666666,0.8295454545454546,0.7934782608695652,88,0.0921217737647988,0.2607504873907985,0.9228577017784119,9,15,3,12,6,72,252,True,best_validation_state_restored,,,,,
indolem/indobertweet-base-uncased,tweet_base,comment_only,128,2e-05,0.1,0.01,0.2,weighted_cross_entropy,0.0,2.0,indolem__indobertweet-base-uncased__comment_only__len128__lr2p0em05__warm0p1__wd0p01__drop0p2__weighted_cross_entropy__ls0p0,32e28c05b47e33b6675d2670a1745c50a65e987a,52,3,full_fine_tuning,cuda,bf16,339,0.8525073746312685,0.8470683690380093,0.8527094006743599,0.8497306244085966,0.8160919540229885,0.8461348802886024,0.8118811881188119,0.8723404255319149,0.841025641025641,94,0.8888888888888888,0.8607594936708861,0.8745980707395499,158,0.8352941176470589,0.8160919540229885,0.8255813953488372,87,0.04183634843094866,0.23075640458003846,0.8755471706390381,5,15,3,12,6,72,168,True,best_validation_state_restored,,,,,
indolem/indobertweet-base-uncased,tweet_base,comment_only,128,2e-05,0.1,0.01,0.2,weighted_cross_entropy,0.0,2.0,indolem__indobertweet-base-uncased__comment_only__len128__lr2p0em05__warm0p1__wd0p01__drop0p2__weighted_cross_entropy__ls0p0,32e28c05b47e33b6675d2670a1745c50a65e987a,52,4,full_fine_tuning,cuda,bf16,339,0.887905604719764,0.8812254591474057,0.888801466934078,0.8913984519545596,0.8404255319148937,0.8811841086572928,0.8586956521739131,0.8404255319148937,0.8494623655913979,94,0.9652777777777778,0.879746835443038,0.9205298013245033,158,0.8058252427184466,0.9540229885057471,0.8736842105263158,87,0.05763740244164931,0.17933913148973293,0.930708110332489,10,15,3,12,6,72,273,True,best_validation_state_restored,,,,,
indolem/indobertweet-base-uncased,tweet_base,comment_only,128,2e-05,0.1,0.01,0.2,weighted_cross_entropy,0.0,2.0,indolem__indobertweet-base-uncased__comment_only__len128__lr2p0em05__warm0p1__wd0p01__drop0p2__weighted_cross_entropy__ls0p0,32e28c05b47e33b6675d2670a1745c50a65e987a,52,5,full_fine_tuning,cuda,bf16,468,0.9316239316239316,0.9183952961262216,0.9308698273766934,0.916406920540272,0.8662420382165605,0.9167508858673786,0.8645833333333334,0.8829787234042553,0.8736842105263158,94,0.9645390070921985,0.8662420382165605,0.912751677852349,157,0.9393939393939394,1.0,0.96875,217,0.035039893582335904,0.11656537503011058,0.9573413729667664,10,15,3,12,6,72,247,True,best_validation_state_restored,,,,,
indolem/indobertweet-base-uncased,tweet_base,comment_only,128,2e-05,0.1,0.01,0.2,weighted_cross_entropy,0.0,2.0,indolem__indobertweet-base-uncased__comment_only__len128__lr2p0em05__warm0p1__wd0p01__drop0p2__weighted_cross_entropy__ls0p0,32e28c05b47e33b6675d2670a1745c50a65e987a,52,ALL_OOF,full_fine_tuning,cuda,bf16,1824,0.8843201754385965,0.8820075576308382,0.8845422363979453,0.8870847019758955,0.8616751269035533,0.8816835287694487,0.8431771894093686,0.8808510638297873,0.8616024973985432,470,0.9288645690834473,0.8616751269035533,0.8940092165898618,788,0.8637873754152824,0.9187279151943463,0.8904109589041096,566,0.04627199196501785,0.1877712345170843,0.9159928368763965,9,,,,,,,,,,,,,
indolem/indobertweet-base-uncased,tweet_base,comment_only,128,2e-05,0.1,0.01,0.2,weighted_cross_entropy,0.0,2.0,indolem__indobertweet-base-uncased__comment_only__len128__lr2p0em05__warm0p1__wd0p01__drop0p2__weighted_cross_entropy__ls0p0,32e28c05b47e33b6675d2670a1745c50a65e987a,62,1,full_fine_tuning,cuda,bf16,339,0.8289085545722714,0.8253895416575984,0.8293485568794506,0.8331464803886542,0.8089171974522293,0.8263493988576746,0.803921568627451,0.8723404255319149,0.8367346938775511,94,0.8819444444444444,0.8089171974522293,0.8438538205980066,157,0.7741935483870968,0.8181818181818182,0.7955801104972375,88,0.05372853599115104,0.24902415726848928,0.8726395964622498,5,15,3,12,6,72,168,True,best_validation_state_restored,,,,,
indolem/indobertweet-base-uncased,tweet_base,comment_only,128,2e-05,0.1,0.01,0.2,weighted_cross_entropy,0.0,2.0,indolem__indobertweet-base-uncased__comment_only__len128__lr2p0em05__warm0p1__wd0p01__drop0p2__weighted_cross_entropy__ls0p0,32e28c05b47e33b6675d2670a1745c50a65e987a,62,2,full_fine_tuning,cuda,bf16,339,0.8702064896755162,0.8644621634294577,0.871208746074085,0.872719130155723,0.8607594936708861,0.8674665876726712,0.8367346938775511,0.8723404255319149,0.8541666666666666,94,0.9379310344827586,0.8607594936708861,0.8976897689768977,158,0.8020833333333334,0.8850574712643678,0.8415300546448088,87,0.06371353694119639,0.21773268562099368,0.9187168478965759,7,15,3,12,6,72,210,True,best_validation_state_restored,,,,,
indolem/indobertweet-base-uncased,tweet_base,comment_only,128,2e-05,0.1,0.01,0.2,weighted_cross_entropy,0.0,2.0,indolem__indobertweet-base-uncased__comment_only__len128__lr2p0em05__warm0p1__wd0p01__drop0p2__weighted_cross_entropy__ls0p0,32e28c05b47e33b6675d2670a1745c50a65e987a,62,3,full_fine_tuning,cuda,bf16,339,0.8908554572271387,0.8843277916659292,0.8913050424268337,0.8863457893102108,0.8390804597701149,0.882164957673567,0.819047619047619,0.9148936170212766,0.864321608040201,94,0.934640522875817,0.9050632911392406,0.9196141479099679,158,0.9012345679012346,0.8390804597701149,0.8690476190476191,87,0.057642489583794684,0.1832730854344365,0.9381659030914307,13,15,3,12,6,72,315,True,best_validation_state_restored,,,,,
indolem/indobertweet-base-uncased,tweet_base,comment_only,128,2e-05,0.1,0.01,0.2,weighted_cross_entropy,0.0,2.0,indolem__indobertweet-base-uncased__comment_only__len128__lr2p0em05__warm0p1__wd0p01__drop0p2__weighted_cross_entropy__ls0p0,32e28c05b47e33b6675d2670a1745c50a65e987a,62,4,full_fine_tuning,cuda,bf16,339,0.8407079646017699,0.8332568272787152,0.8416903789253461,0.8381336982105948,0.8045977011494253,0.8336016300490785,0.7641509433962265,0.8617021276595744,0.81,94,0.9054054054054054,0.8481012658227848,0.8758169934640523,158,0.8235294117647058,0.8045977011494253,0.813953488372093,87,0.11585534594755253,0.26561641354945015,0.931804895401001,13,15,3,12,6,72,315,True,best_validation_state_restored,,,,,
indolem/indobertweet-base-uncased,tweet_base,comment_only,128,2e-05,0.1,0.01,0.2,weighted_cross_entropy,0.0,2.0,indolem__indobertweet-base-uncased__comment_only__len128__lr2p0em05__warm0p1__wd0p01__drop0p2__weighted_cross_entropy__ls0p0,32e28c05b47e33b6675d2670a1745c50a65e987a,62,5,full_fine_tuning,cuda,bf16,468,0.9316239316239316,0.9206833963477581,0.9306925788621587,0.9192528346207706,0.8535031847133758,0.9169614234217744,0.8762886597938144,0.9042553191489362,0.8900523560209425,94,0.9640287769784173,0.8535031847133758,0.9054054054054054,157,0.9353448275862069,1.0,0.9665924276169265,217,0.02252147283054827,0.10469538291770134,0.9515274167060852,8,15,3,12,6,72,209,True,best_validation_state_restored,,,,,
indolem/indobertweet-base-uncased,tweet_base,comment_only,128,2e-05,0.1,0.01,0.2,weighted_cross_entropy,0.0,2.0,indolem__indobertweet-base-uncased__comment_only__len128__lr2p0em05__warm0p1__wd0p01__drop0p2__weighted_cross_entropy__ls0p0,32e28c05b47e33b6675d2670a1745c50a65e987a,62,ALL_OOF,full_fine_tuning,cuda,bf16,1824,0.8766447368421053,0.8740752654804166,0.8770720295023204,0.8799098728121276,0.8553299492385786,0.8741384967310817,0.8188976377952756,0.8851063829787233,0.8507157464212679,470,0.9245541838134431,0.8553299492385786,0.8885959129861569,788,0.8671209540034072,0.8992932862190812,0.8829141370338248,566,0.057437120740742996,0.19704032297179636,0.9246188411489129,8,,,,,,,,,,,,,
indobenchmark/indobert-large-p2,large,context_sep_comment,128,8e-06,0.06,0.01,0.1,cross_entropy,0.0,2.0,indobenchmark__indobert-large-p2__context_sep_comment__len128__lr8p0em06__warm0p06__wd0p01__drop0p1__cross_entropy__ls0p0,4b280c3bfcc1ed2d6b4589be5c876076b7d73568,42,1,full_fine_tuning,cuda,bf16,339,0.8141592920353983,0.8010594299411015,0.8119077778245891,0.7956130113415328,0.6666666666666666,0.7904608285220333,0.7669902912621359,0.8404255319148937,0.8020304568527918,94,0.8273809523809523,0.879746835443038,0.852760736196319,158,0.8529411764705882,0.6666666666666666,0.7483870967741936,87,0.04308432999965365,0.24486073833357297,0.8328911662101746,6,6,2,2,24,48,186,True,best_checkpoint_restored_from_disk,0.7904608285220333,output/rm2_sentiment/experiments/indobert_v4_final/checkpoints/indobenchmark__indobert-large-p2__context_sep_comment__len128__lr8p0em06__warm0p06__wd0p01__drop0p1__cross_entropy__ls0p0/seed_42/fold_1,True,True,deleted_after_fold_checkpointed
indobenchmark/indobert-large-p2,large,context_sep_comment,128,8e-06,0.06,0.01,0.1,cross_entropy,0.0,2.0,indobenchmark__indobert-large-p2__context_sep_comment__len128__lr8p0em06__warm0p06__wd0p01__drop0p1__cross_entropy__ls0p0,4b280c3bfcc1ed2d6b4589be5c876076b7d73568,42,2,full_fine_tuning,cuda,bf16,339,0.8377581120943953,0.8342058869498404,0.8397892838228804,0.8532509263816784,0.7721518987341772,0.8328751635580082,0.7372881355932204,0.925531914893617,0.8207547169811321,94,0.976,0.7721518987341772,0.8621908127208481,158,0.78125,0.8620689655172413,0.819672131147541,87,0.06639503878829754,0.24334584528792685,0.8023326992988586,4,6,2,2,24,48,186,True,best_checkpoint_restored_from_disk,0.8328751635580082,output/rm2_sentiment/experiments/indobert_v4_final/checkpoints/indobenchmark__indobert-large-p2__context_sep_comment__len128__lr8p0em06__warm0p06__wd0p01__drop0p1__cross_entropy__ls0p0/seed_42/fold_2,True,True,deleted_after_fold_checkpointed
indobenchmark/indobert-large-p2,large,context_sep_comment,128,8e-06,0.06,0.01,0.1,cross_entropy,0.0,2.0,indobenchmark__indobert-large-p2__context_sep_comment__len128__lr8p0em06__warm0p06__wd0p01__drop0p1__cross_entropy__ls0p0,4b280c3bfcc1ed2d6b4589be5c876076b7d73568,42,3,full_fine_tuning,cuda,bf16,339,0.8289085545722714,0.8209333421221148,0.826441391614949,0.8174385130612262,0.6818181818181818,0.8087154240145908,0.8173076923076923,0.9042553191489362,0.8585858585858586,94,0.8242424242424242,0.8662420382165605,0.84472049689441,157,0.8571428571428571,0.6818181818181818,0.759493670886076,88,0.0441990022638203,0.23696991092161454,0.8543928265571594,6,6,2,2,24,48,186,True,best_checkpoint_restored_from_disk,0.8087154240145908,output/rm2_sentiment/experiments/indobert_v4_final/checkpoints/indobenchmark__indobert-large-p2__context_sep_comment__len128__lr8p0em06__warm0p06__wd0p01__drop0p1__cross_entropy__ls0p0/seed_42/fold_3,True,True,deleted_after_fold_checkpointed
indobenchmark/indobert-large-p2,large,context_sep_comment,128,8e-06,0.06,0.01,0.1,cross_entropy,0.0,2.0,indobenchmark__indobert-large-p2__context_sep_comment__len128__lr8p0em06__warm0p06__wd0p01__drop0p1__cross_entropy__ls0p0,4b280c3bfcc1ed2d6b4589be5c876076b7d73568,42,4,full_fine_tuning,cuda,bf16,339,0.8082595870206489,0.7917598501790941,0.8059218132204173,0.7896718890756614,0.6551724137931034,0.782633435372275,0.79,0.8404255319148937,0.8144329896907216,94,0.8414634146341463,0.8734177215189873,0.8571428571428571,158,0.76,0.6551724137931034,0.7037037037037037,87,0.05469180946856471,0.26342627655484113,0.8280070424079895,5,6,2,2,24,48,186,True,best_checkpoint_restored_from_disk,0.782633435372275,output/rm2_sentiment/experiments/indobert_v4_final/checkpoints/indobenchmark__indobert-large-p2__context_sep_comment__len128__lr8p0em06__warm0p06__wd0p01__drop0p1__cross_entropy__ls0p0/seed_42/fold_4,True,True,deleted_after_fold_checkpointed
indobenchmark/indobert-large-p2,large,context_sep_comment,128,8e-06,0.06,0.01,0.1,cross_entropy,0.0,2.0,indobenchmark__indobert-large-p2__context_sep_comment__len128__lr8p0em06__warm0p06__wd0p01__drop0p1__cross_entropy__ls0p0,4b280c3bfcc1ed2d6b4589be5c876076b7d73568,42,5,full_fine_tuning,cuda,bf16,468,0.9188034188034188,0.8985233555458274,0.9170733500789681,0.8900255405748326,0.776595744680851,0.8907150504424083,0.8902439024390244,0.776595744680851,0.8295454545454546,94,0.8924050632911392,0.8980891719745223,0.8952380952380953,157,0.9473684210526315,0.9953917050691244,0.9707865168539326,217,0.05799994515812293,0.11113603949963566,0.8847975134849548,6,6,2,2,24,48,174,True,best_checkpoint_restored_from_disk,0.8907150504424083,output/rm2_sentiment/experiments/indobert_v4_final/checkpoints/indobenchmark__indobert-large-p2__context_sep_comment__len128__lr8p0em06__warm0p06__wd0p01__drop0p1__cross_entropy__ls0p0/seed_42/fold_5,True,True,deleted_after_fold_checkpointed
indobenchmark/indobert-large-p2,large,context_sep_comment,128,8e-06,0.06,0.01,0.1,cross_entropy,0.0,2.0,indobenchmark__indobert-large-p2__context_sep_comment__len128__lr8p0em06__warm0p06__wd0p01__drop0p1__cross_entropy__ls0p0,4b280c3bfcc1ed2d6b4589be5c876076b7d73568,42,ALL_OOF,full_fine_tuning,cuda,bf16,1824,0.8470394736842105,0.8440625259272897,0.8472801496003096,0.8462121278618416,0.823321554770318,0.8433114335255791,0.7948717948717948,0.8574468085106383,0.8249744114636642,470,0.8666666666666667,0.8578680203045685,0.8622448979591837,788,0.8677839851024208,0.823321554770318,0.8449682683590208,566,0.026639146664947783,0.21225219621054628,0.8436182239664751,6,,,,,,,,,,,,,
indobenchmark/indobert-large-p2,large,context_sep_comment,192,1e-05,0.1,0.05,0.2,weighted_cross_entropy,0.03,2.0,indobenchmark__indobert-large-p2__context_sep_comment__len192__lr1p0em05__warm0p1__wd0p05__drop0p2__weighted_cross_entropy__ls0p03,4b280c3bfcc1ed2d6b4589be5c876076b7d73568,42,1,full_fine_tuning,cuda,bf16,339,0.8200589970501475,0.8034528446353075,0.8161933675013043,0.8018492549218702,0.632183908045977,0.790987078758139,0.7924528301886793,0.8936170212765957,0.84,94,0.8424242424242424,0.879746835443038,0.8606811145510835,158,0.8088235294117647,0.632183908045977,0.7096774193548387,87,0.055553116981258754,0.25503241616725614,0.8472240567207336,6,6,2,2,24,48,186,True,best_checkpoint_restored_from_disk,0.790987078758139,output/rm2_sentiment/experiments/indobert_v4_final/checkpoints/indobenchmark__indobert-large-p2__context_sep_comment__len192__lr1p0em05__warm0p1__wd0p05__drop0p2__weighted_cross_entropy__ls0p03/seed_42/fold_1,True,True,deleted_after_fold_checkpointed
indobenchmark/indobert-large-p2,large,context_sep_comment,192,1e-05,0.1,0.05,0.2,weighted_cross_entropy,0.03,2.0,indobenchmark__indobert-large-p2__context_sep_comment__len192__lr1p0em05__warm0p1__wd0p05__drop0p2__weighted_cross_entropy__ls0p03,4b280c3bfcc1ed2d6b4589be5c876076b7d73568,42,2,full_fine_tuning,cuda,bf16,339,0.8112094395280236,0.8032670761900208,0.8088975738300117,0.805279782229363,0.6781609195402298,0.793541710734311,0.7962962962962963,0.9148936170212766,0.8514851485148515,94,0.8280254777070064,0.8227848101265823,0.8253968253968254,158,0.7972972972972973,0.6781609195402298,0.7329192546583851,87,0.050071507340687216,0.2519830574200762,0.8328595161437988,6,6,2,2,24,48,186,True,best_checkpoint_restored_from_disk,0.793541710734311,output/rm2_sentiment/experiments/indobert_v4_final/checkpoints/indobenchmark__indobert-large-p2__context_sep_comment__len192__lr1p0em05__warm0p1__wd0p05__drop0p2__weighted_cross_entropy__ls0p03/seed_42/fold_2,True,True,deleted_after_fold_checkpointed
indobenchmark/indobert-large-p2,large,context_sep_comment,192,1e-05,0.1,0.05,0.2,weighted_cross_entropy,0.03,2.0,indobenchmark__indobert-large-p2__context_sep_comment__len192__lr1p0em05__warm0p1__wd0p05__drop0p2__weighted_cross_entropy__ls0p03,4b280c3bfcc1ed2d6b4589be5c876076b7d73568,42,3,full_fine_tuning,cuda,bf16,339,0.8377581120943953,0.8268245351508599,0.8340940739163385,0.82617029489912,0.6590909090909091,0.8132003975775774,0.8018018018018018,0.9468085106382979,0.8682926829268293,94,0.845679012345679,0.8726114649681529,0.8589341692789969,157,0.8787878787878788,0.6590909090909091,0.7532467532467533,88,0.06858908804820349,0.24815100689138098,0.8381830453872681,6,6,2,2,24,48,186,True,best_checkpoint_restored_from_disk,0.8132003975775774,output/rm2_sentiment/experiments/indobert_v4_final/checkpoints/indobenchmark__indobert-large-p2__context_sep_comment__len192__lr1p0em05__warm0p1__wd0p05__drop0p2__weighted_cross_entropy__ls0p03/seed_42/fold_3,True,True,deleted_after_fold_checkpointed
indobenchmark/indobert-large-p2,large,context_sep_comment,192,1e-05,0.1,0.05,0.2,weighted_cross_entropy,0.03,2.0,indobenchmark__indobert-large-p2__context_sep_comment__len192__lr1p0em05__warm0p1__wd0p05__drop0p2__weighted_cross_entropy__ls0p03,4b280c3bfcc1ed2d6b4589be5c876076b7d73568,42,4,full_fine_tuning,cuda,bf16,339,0.8141592920353983,0.8004412536530263,0.8124372782769561,0.8027949845886823,0.6666666666666666,0.7916499526562332,0.75,0.8936170212765957,0.8155339805825242,94,0.864516129032258,0.8481012658227848,0.8562300319488818,158,0.8055555555555556,0.6666666666666666,0.7295597484276729,87,0.03700364778878766,0.2779425845909729,0.8298909664154053,6,6,2,2,24,48,186,True,best_checkpoint_restored_from_disk,0.7916499526562332,output/rm2_sentiment/experiments/indobert_v4_final/checkpoints/indobenchmark__indobert-large-p2__context_sep_comment__len192__lr1p0em05__warm0p1__wd0p05__drop0p2__weighted_cross_entropy__ls0p03/seed_42/fold_4,True,True,deleted_after_fold_checkpointed
indobenchmark/indobert-large-p2,large,context_sep_comment,192,1e-05,0.1,0.05,0.2,weighted_cross_entropy,0.03,2.0,indobenchmark__indobert-large-p2__context_sep_comment__len192__lr1p0em05__warm0p1__wd0p05__drop0p2__weighted_cross_entropy__ls0p03,4b280c3bfcc1ed2d6b4589be5c876076b7d73568,42,5,full_fine_tuning,cuda,bf16,468,0.9230769230769231,0.9041831837776599,0.9216877188791172,0.8979536522564033,0.8085106382978723,0.8990381447152089,0.8735632183908046,0.8085106382978723,0.8397790055248618,94,0.9144736842105263,0.8853503184713376,0.8996763754045307,157,0.9475982532751092,1.0,0.9730941704035875,217,0.058161117709599974,0.11040431955458611,0.8921929597854614,6,6,2,2,24,48,174,True,best_checkpoint_restored_from_disk,0.8990381447152089,output/rm2_sentiment/experiments/indobert_v4_final/checkpoints/indobenchmark__indobert-large-p2__context_sep_comment__len192__lr1p0em05__warm0p1__wd0p05__drop0p2__weighted_cross_entropy__ls0p03/seed_42/fold_5,True,True,deleted_after_fold_checkpointed
indobenchmark/indobert-large-p2,large,context_sep_comment,192,1e-05,0.1,0.05,0.2,weighted_cross_entropy,0.03,2.0,indobenchmark__indobert-large-p2__context_sep_comment__len192__lr1p0em05__warm0p1__wd0p05__drop0p2__weighted_cross_entropy__ls0p03,4b280c3bfcc1ed2d6b4589be5c876076b7d73568,42,ALL_OOF,full_fine_tuning,cuda,bf16,1824,0.8470394736842105,0.8449080852702412,0.846846909483564,0.8476390462607865,0.7897526501766784,0.8405781504831847,0.799618320610687,0.8914893617021277,0.8430583501006036,470,0.8584070796460177,0.8616751269035533,0.8600379987333756,788,0.8781925343811395,0.7897526501766784,0.8316279069767442,566,0.027822711292588953,0.22033618125557558,0.8511906370128456,6,,,,,,,,,,,,,
