seed,fold,row_index,comment_id,final_human_label,text_cluster_id,exact_duplicate_group_id,near_duplicate_cluster_id,cv_group_id
42,1,18,7168754499258401538,Positive,EXACT_TEXT_307457cf8c1af921,EXACT_TEXT_307457cf8c1af921,,exact_duplicate_group_id:EXACT_TEXT_307457cf8c1af921
42,1,22,7185353867247911706,Positive,EXACT_TEXT_467ff90148cce9e9,EXACT_TEXT_467ff90148cce9e9,,exact_duplicate_group_id:EXACT_TEXT_467ff90148cce9e9
42,1,26,7189422561767588635,Positive,EXACT_TEXT_5fa1f85a29f6b16d,EXACT_TEXT_5fa1f85a29f6b16d,,exact_duplicate_group_id:EXACT_TEXT_5fa1f85a29f6b16d
42,1,31,7205052922697155355,Neutral,EXACT_TEXT_06c6f65b201597bf,EXACT_TEXT_06c6f65b201597bf,,exact_duplicate_group_id:EXACT_TEXT_06c6f65b201597bf
42,1,32,7205454395553956635,Positive,EXACT_TEXT_e6bdcaaf5462530d,EXACT_TEXT_e6bdcaaf5462530d,,exact_duplicate_group_id:EXACT_TEXT_e6bdcaaf5462530d
42,1,33,7205541472250610438,Neutral,EXACT_GROUP_00287,EXACT_GROUP_00287,SIM_CLUSTER_00812,near_duplicate_cluster_id:SIM_CLUSTER_00812
42,1,34,7205542385199629062,Neutral,EXACT_GROUP_00287,EXACT_GROUP_00287,SIM_CLUSTER_00812,near_duplicate_cluster_id:SIM_CLUSTER_00812
42,1,36,7205945961834480390,Neutral,EXACT_TEXT_f2d00fcd44771eb6,EXACT_TEXT_f2d00fcd44771eb6,,exact_duplicate_group_id:EXACT_TEXT_f2d00fcd44771eb6
42,1,38,7206872756942603034,Negative,EXACT_TEXT_09fc8488df0807ab,EXACT_TEXT_09fc8488df0807ab,,exact_duplicate_group_id:EXACT_TEXT_09fc8488df0807ab
42,1,40,7209497283485598490,Positive,EXACT_TEXT_1125090e5d0516ae,EXACT_TEXT_1125090e5d0516ae,,exact_duplicate_group_id:EXACT_TEXT_1125090e5d0516ae
42,1,45,7215470372304028442,Neutral,EXACT_TEXT_ca8ef80efb5c90b4,EXACT_TEXT_ca8ef80efb5c90b4,,exact_duplicate_group_id:EXACT_TEXT_ca8ef80efb5c90b4
42,1,56,7225198855330267931,Neutral,EXACT_TEXT_eb48f129dda7d748,EXACT_TEXT_eb48f129dda7d748,,exact_duplicate_group_id:EXACT_TEXT_eb48f129dda7d748
42,1,57,7225220136587150106,Neutral,EXACT_TEXT_f790afa6e69fc0d7,EXACT_TEXT_f790afa6e69fc0d7,,exact_duplicate_group_id:EXACT_TEXT_f790afa6e69fc0d7
42,1,61,7228770278636192539,Positive,EXACT_TEXT_077084e6e804d2dd,EXACT_TEXT_077084e6e804d2dd,,exact_duplicate_group_id:EXACT_TEXT_077084e6e804d2dd
42,1,64,7236207709598597894,Neutral,EXACT_TEXT_291d1eb0476dd4a5,EXACT_TEXT_291d1eb0476dd4a5,,exact_duplicate_group_id:EXACT_TEXT_291d1eb0476dd4a5
42,1,68,7250806324341310213,Negative,EXACT_TEXT_d3a58642643d1c17,EXACT_TEXT_d3a58642643d1c17,,exact_duplicate_group_id:EXACT_TEXT_d3a58642643d1c17
42,1,71,7252149555487179525,Neutral,EXACT_TEXT_eec668b8dc037637,EXACT_TEXT_eec668b8dc037637,,exact_duplicate_group_id:EXACT_TEXT_eec668b8dc037637
42,1,73,7261518032432972549,Neutral,EXACT_TEXT_649598749c9db03d,EXACT_TEXT_649598749c9db03d,,exact_duplicate_group_id:EXACT_TEXT_649598749c9db03d
42,1,74,7263057602950693637,Neutral,EXACT_TEXT_9676a62641cf811a,EXACT_TEXT_9676a62641cf811a,,exact_duplicate_group_id:EXACT_TEXT_9676a62641cf811a
42,1,86,7311310042953794310,Neutral,EXACT_TEXT_3d76db92c278066d,EXACT_TEXT_3d76db92c278066d,,exact_duplicate_group_id:EXACT_TEXT_3d76db92c278066d
42,1,91,7312052744050082566,Positive,EXACT_TEXT_f33231d75dbf30ee,EXACT_TEXT_f33231d75dbf30ee,,exact_duplicate_group_id:EXACT_TEXT_f33231d75dbf30ee
42,1,92,7312063390166713093,Neutral,EXACT_TEXT_c7719a2b1d04a780,EXACT_TEXT_c7719a2b1d04a780,,exact_duplicate_group_id:EXACT_TEXT_c7719a2b1d04a780
42,1,108,7315204078517830405,Negative,EXACT_TEXT_a27490396df011c9,EXACT_TEXT_a27490396df011c9,,exact_duplicate_group_id:EXACT_TEXT_a27490396df011c9
42,1,109,7315403715216048902,Neutral,EXACT_TEXT_200eaee482e63b84,EXACT_TEXT_200eaee482e63b84,,exact_duplicate_group_id:EXACT_TEXT_200eaee482e63b84
42,1,110,7317156874541302533,Negative,EXACT_TEXT_eb79faa3cd8906f7,EXACT_TEXT_eb79faa3cd8906f7,,exact_duplicate_group_id:EXACT_TEXT_eb79faa3cd8906f7
42,1,120,7320114192966533894,Neutral,EXACT_TEXT_e46b38687cf83612,EXACT_TEXT_e46b38687cf83612,,exact_duplicate_group_id:EXACT_TEXT_e46b38687cf83612
42,1,126,7320194971344012038,Positive,EXACT_TEXT_9221036cd338f356,EXACT_TEXT_9221036cd338f356,,exact_duplicate_group_id:EXACT_TEXT_9221036cd338f356
42,1,128,7320427899285668613,Negative,EXACT_TEXT_7b56cbc2beac6243,EXACT_TEXT_7b56cbc2beac6243,,exact_duplicate_group_id:EXACT_TEXT_7b56cbc2beac6243
42,1,133,7322964875817304838,Neutral,EXACT_TEXT_c1fc6c6e3af8fa57,EXACT_TEXT_c1fc6c6e3af8fa57,,exact_duplicate_group_id:EXACT_TEXT_c1fc6c6e3af8fa57
42,1,136,7325174818910487302,Neutral,EXACT_TEXT_5aa4657571ac7ccd,EXACT_TEXT_5aa4657571ac7ccd,,exact_duplicate_group_id:EXACT_TEXT_5aa4657571ac7ccd
42,1,137,7325669549071106822,Negative,EXACT_TEXT_df881a49a04646a8,EXACT_TEXT_df881a49a04646a8,,exact_duplicate_group_id:EXACT_TEXT_df881a49a04646a8
42,1,138,7327069054786601733,Neutral,EXACT_TEXT_a9b6997549f4f051,EXACT_TEXT_a9b6997549f4f051,,exact_duplicate_group_id:EXACT_TEXT_a9b6997549f4f051
42,1,144,7330277470593417989,Neutral,EXACT_TEXT_c5bf3a89f66ce11e,EXACT_TEXT_c5bf3a89f66ce11e,,exact_duplicate_group_id:EXACT_TEXT_c5bf3a89f66ce11e
42,1,147,7331025407977095941,Neutral,EXACT_TEXT_b3dc53aea39e4a97,EXACT_TEXT_b3dc53aea39e4a97,,exact_duplicate_group_id:EXACT_TEXT_b3dc53aea39e4a97
42,1,157,7340244606807933702,Neutral,EXACT_TEXT_ce6707ff8d58fa8f,EXACT_TEXT_ce6707ff8d58fa8f,,exact_duplicate_group_id:EXACT_TEXT_ce6707ff8d58fa8f
42,1,162,7341253134432649990,Neutral,EXACT_TEXT_64519a9c274fdafc,EXACT_TEXT_64519a9c274fdafc,,exact_duplicate_group_id:EXACT_TEXT_64519a9c274fdafc
42,1,170,7346105465593709317,Negative,EXACT_TEXT_d0a16e07d9e3bac9,EXACT_TEXT_d0a16e07d9e3bac9,,exact_duplicate_group_id:EXACT_TEXT_d0a16e07d9e3bac9
42,1,173,7350419864765629190,Neutral,EXACT_TEXT_3832e5939c0d6b7d,EXACT_TEXT_3832e5939c0d6b7d,,exact_duplicate_group_id:EXACT_TEXT_3832e5939c0d6b7d
42,1,179,7357754286313407237,Neutral,EXACT_TEXT_1902a5aa33434593,EXACT_TEXT_1902a5aa33434593,,exact_duplicate_group_id:EXACT_TEXT_1902a5aa33434593
42,1,183,7357802776812454661,Negative,EXACT_TEXT_d9944e2c168e1dd7,EXACT_TEXT_d9944e2c168e1dd7,,exact_duplicate_group_id:EXACT_TEXT_d9944e2c168e1dd7
42,1,184,7357879938664235782,Neutral,EXACT_TEXT_e777df0216e65237,EXACT_TEXT_e777df0216e65237,,exact_duplicate_group_id:EXACT_TEXT_e777df0216e65237
42,1,187,7357913341787423493,Neutral,EXACT_TEXT_7efa29a6de40c7ec,EXACT_TEXT_7efa29a6de40c7ec,,exact_duplicate_group_id:EXACT_TEXT_7efa29a6de40c7ec
42,1,188,7357919904164758277,Neutral,EXACT_TEXT_5993ebb16a0d1d7c,EXACT_TEXT_5993ebb16a0d1d7c,,exact_duplicate_group_id:EXACT_TEXT_5993ebb16a0d1d7c
42,1,191,7357966465549173510,Negative,EXACT_TEXT_cafd76d10ff883cd,EXACT_TEXT_cafd76d10ff883cd,,exact_duplicate_group_id:EXACT_TEXT_cafd76d10ff883cd
42,1,196,7358009959529267973,Negative,EXACT_TEXT_a38dec7ad1378200,EXACT_TEXT_a38dec7ad1378200,,exact_duplicate_group_id:EXACT_TEXT_a38dec7ad1378200
42,1,210,7358669395169297157,Neutral,EXACT_TEXT_361856efc29cedd0,EXACT_TEXT_361856efc29cedd0,,exact_duplicate_group_id:EXACT_TEXT_361856efc29cedd0
42,1,212,7358751640498995973,Neutral,EXACT_TEXT_f951917cabf8e133,EXACT_TEXT_f951917cabf8e133,,exact_duplicate_group_id:EXACT_TEXT_f951917cabf8e133
42,1,221,7360194937886130949,Neutral,EXACT_TEXT_35d78c0283d1200c,EXACT_TEXT_35d78c0283d1200c,,exact_duplicate_group_id:EXACT_TEXT_35d78c0283d1200c
42,1,224,7360292609473200902,Neutral,EXACT_TEXT_30faa5ba5c98e2be,EXACT_TEXT_30faa5ba5c98e2be,,exact_duplicate_group_id:EXACT_TEXT_30faa5ba5c98e2be
42,1,229,7363436657960289029,Neutral,EXACT_TEXT_a56d40147310106a,EXACT_TEXT_a56d40147310106a,,exact_duplicate_group_id:EXACT_TEXT_a56d40147310106a
42,1,231,7365480615469056773,Neutral,EXACT_TEXT_71d1be2a55091c4c,EXACT_TEXT_71d1be2a55091c4c,,exact_duplicate_group_id:EXACT_TEXT_71d1be2a55091c4c
42,1,233,7366126355194430214,Positive,EXACT_TEXT_d747db0b9a23cfa4,EXACT_TEXT_d747db0b9a23cfa4,,exact_duplicate_group_id:EXACT_TEXT_d747db0b9a23cfa4
42,1,245,7377300086337323781,Neutral,EXACT_TEXT_245fb6984e291cd6,EXACT_TEXT_245fb6984e291cd6,,exact_duplicate_group_id:EXACT_TEXT_245fb6984e291cd6
42,1,254,7381871600696279813,Neutral,EXACT_TEXT_9c140cd62d761e54,EXACT_TEXT_9c140cd62d761e54,,exact_duplicate_group_id:EXACT_TEXT_9c140cd62d761e54
42,1,255,7382537171343885062,Neutral,EXACT_TEXT_24e76f494e879828,EXACT_TEXT_24e76f494e879828,,exact_duplicate_group_id:EXACT_TEXT_24e76f494e879828
42,1,260,7385230242791375622,Neutral,EXACT_TEXT_04ca391cc1223aff,EXACT_TEXT_04ca391cc1223aff,,exact_duplicate_group_id:EXACT_TEXT_04ca391cc1223aff
42,1,266,7386198819039806213,Positive,EXACT_TEXT_49fed3c2d37f9378,EXACT_TEXT_49fed3c2d37f9378,,exact_duplicate_group_id:EXACT_TEXT_49fed3c2d37f9378
42,1,269,7388483085107643141,Neutral,EXACT_TEXT_36814aa5390c6e01,EXACT_TEXT_36814aa5390c6e01,SIM_CLUSTER_00134,near_duplicate_cluster_id:SIM_CLUSTER_00134
42,1,297,7403878684140012293,Neutral,EXACT_TEXT_162abaee909bccb6,EXACT_TEXT_162abaee909bccb6,,exact_duplicate_group_id:EXACT_TEXT_162abaee909bccb6
42,1,300,7408507744985334534,Neutral,EXACT_TEXT_dd052f078ec6ba2d,EXACT_TEXT_dd052f078ec6ba2d,,exact_duplicate_group_id:EXACT_TEXT_dd052f078ec6ba2d
42,1,309,7416656627098501893,Neutral,EXACT_TEXT_53f7fdb00b70ff56,EXACT_TEXT_53f7fdb00b70ff56,,exact_duplicate_group_id:EXACT_TEXT_53f7fdb00b70ff56
42,1,312,7418101137297425157,Neutral,EXACT_TEXT_9ec25e5b41661613,EXACT_TEXT_9ec25e5b41661613,,exact_duplicate_group_id:EXACT_TEXT_9ec25e5b41661613
42,1,322,7421446158713684742,Negative,EXACT_TEXT_39cd51dbc7962f7a,EXACT_TEXT_39cd51dbc7962f7a,,exact_duplicate_group_id:EXACT_TEXT_39cd51dbc7962f7a
42,1,323,7421581974575416069,Negative,EXACT_TEXT_3aff8413ac8a7f7d,EXACT_TEXT_3aff8413ac8a7f7d,,exact_duplicate_group_id:EXACT_TEXT_3aff8413ac8a7f7d
42,1,325,7421772799935775508,Neutral,EXACT_TEXT_969eacbbf8bc05e4,EXACT_TEXT_969eacbbf8bc05e4,,exact_duplicate_group_id:EXACT_TEXT_969eacbbf8bc05e4
42,1,328,7422129577525461765,Negative,EXACT_TEXT_8583c946e3e473e7,EXACT_TEXT_8583c946e3e473e7,,exact_duplicate_group_id:EXACT_TEXT_8583c946e3e473e7
42,1,332,7422556449698464518,Negative,EXACT_TEXT_8f635e83bb74eee3,EXACT_TEXT_8f635e83bb74eee3,,exact_duplicate_group_id:EXACT_TEXT_8f635e83bb74eee3
42,1,335,7422647379780535045,Positive,EXACT_TEXT_e1581a7781641bc7,EXACT_TEXT_e1581a7781641bc7,,exact_duplicate_group_id:EXACT_TEXT_e1581a7781641bc7
42,1,342,7424761377402028806,Neutral,EXACT_TEXT_de6f586ad41d26e2,EXACT_TEXT_de6f586ad41d26e2,,exact_duplicate_group_id:EXACT_TEXT_de6f586ad41d26e2
42,1,348,7425849259604230917,Neutral,EXACT_TEXT_14f9f14e2131fcfe,EXACT_TEXT_14f9f14e2131fcfe,SIM_CLUSTER_00792,near_duplicate_cluster_id:SIM_CLUSTER_00792
42,1,349,7425965376921518854,Negative,EXACT_TEXT_606d25416417981a,EXACT_TEXT_606d25416417981a,,exact_duplicate_group_id:EXACT_TEXT_606d25416417981a
42,1,352,7428525688141906695,Negative,EXACT_TEXT_c72dff03ec4ba5ec,EXACT_TEXT_c72dff03ec4ba5ec,,exact_duplicate_group_id:EXACT_TEXT_c72dff03ec4ba5ec
42,1,357,7428889060893377285,Neutral,EXACT_TEXT_afd63fa533b8014a,EXACT_TEXT_afd63fa533b8014a,,exact_duplicate_group_id:EXACT_TEXT_afd63fa533b8014a
42,1,359,7429343019331863314,Neutral,EXACT_TEXT_94385e82a172d8ba,EXACT_TEXT_94385e82a172d8ba,,exact_duplicate_group_id:EXACT_TEXT_94385e82a172d8ba
42,1,360,7429590710049407762,Negative,EXACT_TEXT_aa0936d33ebbad88,EXACT_TEXT_aa0936d33ebbad88,,exact_duplicate_group_id:EXACT_TEXT_aa0936d33ebbad88
42,1,369,7430768733067723525,Negative,EXACT_TEXT_271e803d8811d73b,EXACT_TEXT_271e803d8811d73b,,exact_duplicate_group_id:EXACT_TEXT_271e803d8811d73b
42,1,372,7432153965032211216,Negative,EXACT_TEXT_a332f3a00b90c5e0,EXACT_TEXT_a332f3a00b90c5e0,,exact_duplicate_group_id:EXACT_TEXT_a332f3a00b90c5e0
42,1,380,7434041557042496262,Negative,EXACT_TEXT_513a41b9b51671d8,EXACT_TEXT_513a41b9b51671d8,,exact_duplicate_group_id:EXACT_TEXT_513a41b9b51671d8
42,1,381,7434043879738868498,Neutral,EXACT_TEXT_9fb36095f8fb3fb3,EXACT_TEXT_9fb36095f8fb3fb3,,exact_duplicate_group_id:EXACT_TEXT_9fb36095f8fb3fb3
42,1,389,7443643986155143944,Negative,EXACT_TEXT_83aa911190dc0221,EXACT_TEXT_83aa911190dc0221,,exact_duplicate_group_id:EXACT_TEXT_83aa911190dc0221
42,1,397,7452171435227611911,Positive,EXACT_TEXT_3a6ce147f2ee2112,EXACT_TEXT_3a6ce147f2ee2112,,exact_duplicate_group_id:EXACT_TEXT_3a6ce147f2ee2112
42,1,399,7454813376210289426,Negative,EXACT_TEXT_54783b0893335a2c,EXACT_TEXT_54783b0893335a2c,,exact_duplicate_group_id:EXACT_TEXT_54783b0893335a2c
42,1,400,7455510146481193745,Positive,EXACT_TEXT_ef7cae09bf08aa8c,EXACT_TEXT_ef7cae09bf08aa8c,,exact_duplicate_group_id:EXACT_TEXT_ef7cae09bf08aa8c
42,1,407,7458235264864649989,Neutral,EXACT_TEXT_b5be502f516f68e9,EXACT_TEXT_b5be502f516f68e9,,exact_duplicate_group_id:EXACT_TEXT_b5be502f516f68e9
42,1,409,7459210143533335302,Neutral,EXACT_TEXT_0bf67c6b65afee6f,EXACT_TEXT_0bf67c6b65afee6f,,exact_duplicate_group_id:EXACT_TEXT_0bf67c6b65afee6f
42,1,412,7460928148445070085,Positive,EXACT_TEXT_7fca55279132c89a,EXACT_TEXT_7fca55279132c89a,,exact_duplicate_group_id:EXACT_TEXT_7fca55279132c89a
42,1,415,7463272302371062545,Negative,EXACT_TEXT_d3385614dba8aade,EXACT_TEXT_d3385614dba8aade,,exact_duplicate_group_id:EXACT_TEXT_d3385614dba8aade
42,1,421,7470679442122146565,Positive,EXACT_TEXT_44e05a48c95a2d49,EXACT_TEXT_44e05a48c95a2d49,,exact_duplicate_group_id:EXACT_TEXT_44e05a48c95a2d49
42,1,425,7474106197714092808,Neutral,EXACT_TEXT_9825dfb137021291,EXACT_TEXT_9825dfb137021291,,exact_duplicate_group_id:EXACT_TEXT_9825dfb137021291
42,1,428,7476232595589169936,Neutral,EXACT_TEXT_c9fa083521ceabad,EXACT_TEXT_c9fa083521ceabad,,exact_duplicate_group_id:EXACT_TEXT_c9fa083521ceabad
42,1,436,7492613044883981074,Neutral,EXACT_TEXT_3201ea28d6de11c8,EXACT_TEXT_3201ea28d6de11c8,,exact_duplicate_group_id:EXACT_TEXT_3201ea28d6de11c8
42,1,439,7499000663357408001,Neutral,EXACT_TEXT_077063d6a4f2070b,EXACT_TEXT_077063d6a4f2070b,,exact_duplicate_group_id:EXACT_TEXT_077063d6a4f2070b
42,1,441,7499938333100081928,Neutral,EXACT_TEXT_a463d0edea7cd352,EXACT_TEXT_a463d0edea7cd352,,exact_duplicate_group_id:EXACT_TEXT_a463d0edea7cd352
42,1,443,7506085705480831762,Neutral,EXACT_TEXT_32990659ab4b88c4,EXACT_TEXT_32990659ab4b88c4,,exact_duplicate_group_id:EXACT_TEXT_32990659ab4b88c4
42,1,461,7544171519753962258,Negative,EXACT_TEXT_8a800124440eadb9,EXACT_TEXT_8a800124440eadb9,,exact_duplicate_group_id:EXACT_TEXT_8a800124440eadb9
42,1,477,7585865148133802770,Negative,EXACT_TEXT_39b02d537b69c170,EXACT_TEXT_39b02d537b69c170,,exact_duplicate_group_id:EXACT_TEXT_39b02d537b69c170
42,1,480,7586898483333546760,Neutral,EXACT_TEXT_12af4ae6af72ae41,EXACT_TEXT_12af4ae6af72ae41,,exact_duplicate_group_id:EXACT_TEXT_12af4ae6af72ae41
42,1,485,7586964246555542289,Neutral,EXACT_TEXT_442e5d46f34211d3,EXACT_TEXT_442e5d46f34211d3,,exact_duplicate_group_id:EXACT_TEXT_442e5d46f34211d3
42,1,491,7587018714543080200,Positive,EXACT_TEXT_3b651a60c0e2b274,EXACT_TEXT_3b651a60c0e2b274,,exact_duplicate_group_id:EXACT_TEXT_3b651a60c0e2b274
42,1,499,7587284554609050388,Positive,EXACT_TEXT_8f70ec3784af7f85,EXACT_TEXT_8f70ec3784af7f85,,exact_duplicate_group_id:EXACT_TEXT_8f70ec3784af7f85
42,1,505,7589273851784659733,Positive,EXACT_TEXT_b868d72913b98235,EXACT_TEXT_b868d72913b98235,,exact_duplicate_group_id:EXACT_TEXT_b868d72913b98235
42,1,510,7596243696472048405,Positive,EXACT_TEXT_65e6b2cff508764c,EXACT_TEXT_65e6b2cff508764c,,exact_duplicate_group_id:EXACT_TEXT_65e6b2cff508764c
42,1,514,7596248705314472711,Neutral,EXACT_TEXT_ffddb342d973e5e9,EXACT_TEXT_ffddb342d973e5e9,,exact_duplicate_group_id:EXACT_TEXT_ffddb342d973e5e9
42,1,526,7596527205745754888,Negative,EXACT_TEXT_f9082839232f82d8,EXACT_TEXT_f9082839232f82d8,,exact_duplicate_group_id:EXACT_TEXT_f9082839232f82d8
42,1,527,7596532525352600338,Neutral,EXACT_TEXT_d1dfb450c91a3cbc,EXACT_TEXT_d1dfb450c91a3cbc,,exact_duplicate_group_id:EXACT_TEXT_d1dfb450c91a3cbc
42,1,546,7123077294612939547,Neutral,EXACT_TEXT_294ecc92ebb13db4,EXACT_TEXT_294ecc92ebb13db4,,exact_duplicate_group_id:EXACT_TEXT_294ecc92ebb13db4
42,1,549,7125724357326275355,Neutral,EXACT_TEXT_9d2ce0068707e654,EXACT_TEXT_9d2ce0068707e654,,exact_duplicate_group_id:EXACT_TEXT_9d2ce0068707e654
42,1,552,7131253657362547483,Negative,EXACT_TEXT_0fa1f325f6bbed9c,EXACT_TEXT_0fa1f325f6bbed9c,,exact_duplicate_group_id:EXACT_TEXT_0fa1f325f6bbed9c
42,1,554,7132820620518343451,Neutral,EXACT_TEXT_5575ee60ada973e7,EXACT_TEXT_5575ee60ada973e7,,exact_duplicate_group_id:EXACT_TEXT_5575ee60ada973e7
42,1,558,7137582208910689050,Negative,EXACT_TEXT_01a1819953434a3b,EXACT_TEXT_01a1819953434a3b,,exact_duplicate_group_id:EXACT_TEXT_01a1819953434a3b
42,1,563,7152890364817359642,Positive,EXACT_TEXT_bc7bab95f14659eb,EXACT_TEXT_bc7bab95f14659eb,,exact_duplicate_group_id:EXACT_TEXT_bc7bab95f14659eb
42,1,564,7155674478416102145,Neutral,EXACT_GROUP_00382,EXACT_GROUP_00382,SIM_CLUSTER_00533,near_duplicate_cluster_id:SIM_CLUSTER_00533
42,1,565,7155674697555559169,Neutral,EXACT_GROUP_00382,EXACT_GROUP_00382,SIM_CLUSTER_00533,near_duplicate_cluster_id:SIM_CLUSTER_00533
42,1,571,7170602805774107394,Positive,EXACT_TEXT_ba5f21148c4ad11e,EXACT_TEXT_ba5f21148c4ad11e,SIM_CLUSTER_00779,near_duplicate_cluster_id:SIM_CLUSTER_00779
42,1,572,7170669584126214914,Positive,EXACT_TEXT_ec56c5f812a6966c,EXACT_TEXT_ec56c5f812a6966c,SIM_CLUSTER_00779,near_duplicate_cluster_id:SIM_CLUSTER_00779
42,1,578,7182756401256809242,Positive,EXACT_TEXT_884b81764fe9245c,EXACT_TEXT_884b81764fe9245c,,exact_duplicate_group_id:EXACT_TEXT_884b81764fe9245c
42,1,591,7196630301941302043,Neutral,EXACT_TEXT_c3cdd6737a40a690,EXACT_TEXT_c3cdd6737a40a690,,exact_duplicate_group_id:EXACT_TEXT_c3cdd6737a40a690
42,1,592,7197368725996307226,Neutral,EXACT_TEXT_15c912c1243dd394,EXACT_TEXT_15c912c1243dd394,,exact_duplicate_group_id:EXACT_TEXT_15c912c1243dd394
42,1,595,7202226054491570971,Neutral,EXACT_TEXT_0a78877d547be1fe,EXACT_TEXT_0a78877d547be1fe,,exact_duplicate_group_id:EXACT_TEXT_0a78877d547be1fe
42,1,596,7202255841041416987,Positive,EXACT_TEXT_07c87085bc4e8a4f,EXACT_TEXT_07c87085bc4e8a4f,,exact_duplicate_group_id:EXACT_TEXT_07c87085bc4e8a4f
42,1,604,7206282040353981211,Neutral,EXACT_TEXT_872065b4e28e70bd,EXACT_TEXT_872065b4e28e70bd,,exact_duplicate_group_id:EXACT_TEXT_872065b4e28e70bd
42,1,609,7207765782809477915,Neutral,EXACT_TEXT_b18d3439b7cbce91,EXACT_TEXT_b18d3439b7cbce91,,exact_duplicate_group_id:EXACT_TEXT_b18d3439b7cbce91
42,1,615,7209828726221456154,Neutral,EXACT_TEXT_b9023b46b190696c,EXACT_TEXT_b9023b46b190696c,,exact_duplicate_group_id:EXACT_TEXT_b9023b46b190696c
42,1,616,7209935747952329498,Positive,EXACT_TEXT_3ff6545517f1e5df,EXACT_TEXT_3ff6545517f1e5df,,exact_duplicate_group_id:EXACT_TEXT_3ff6545517f1e5df
42,1,624,7212104371218301722,Positive,EXACT_TEXT_67700a2a1d1aa6c2,EXACT_TEXT_67700a2a1d1aa6c2,SIM_CLUSTER_00143,near_duplicate_cluster_id:SIM_CLUSTER_00143
42,1,634,7217696824290984730,Neutral,EXACT_GROUP_00207,EXACT_GROUP_00207,SIM_CLUSTER_00027,near_duplicate_cluster_id:SIM_CLUSTER_00027
42,1,637,7218456166198919962,Positive,EXACT_TEXT_adaeaf3df6b9f449,EXACT_TEXT_adaeaf3df6b9f449,,exact_duplicate_group_id:EXACT_TEXT_adaeaf3df6b9f449
42,1,640,7222370603801412357,Neutral,EXACT_GROUP_00207,EXACT_GROUP_00207,SIM_CLUSTER_00027,near_duplicate_cluster_id:SIM_CLUSTER_00027
42,1,651,7225649359907177243,Positive,EXACT_TEXT_3fec55dce520b775,EXACT_TEXT_3fec55dce520b775,SIM_CLUSTER_00101,near_duplicate_cluster_id:SIM_CLUSTER_00101
42,1,652,7225751739176731419,Neutral,EXACT_TEXT_b7cba77ea06593ba,EXACT_TEXT_b7cba77ea06593ba,,exact_duplicate_group_id:EXACT_TEXT_b7cba77ea06593ba
42,1,656,7225913076820984603,Neutral,EXACT_GROUP_00207,EXACT_GROUP_00207,SIM_CLUSTER_00027,near_duplicate_cluster_id:SIM_CLUSTER_00027
42,1,661,7226012461362774811,Positive,EXACT_TEXT_5904475c5784c5c2,EXACT_TEXT_5904475c5784c5c2,,exact_duplicate_group_id:EXACT_TEXT_5904475c5784c5c2
42,1,668,7226503359384601370,Neutral,EXACT_TEXT_81c1b25e10af075f,EXACT_TEXT_81c1b25e10af075f,,exact_duplicate_group_id:EXACT_TEXT_81c1b25e10af075f
42,1,669,7226538527395414811,Neutral,EXACT_TEXT_240a9d776d14282f,EXACT_TEXT_240a9d776d14282f,,exact_duplicate_group_id:EXACT_TEXT_240a9d776d14282f
42,1,672,7226643837351363355,Positive,EXACT_TEXT_38bdc8195934c862,EXACT_TEXT_38bdc8195934c862,SIM_CLUSTER_00847,near_duplicate_cluster_id:SIM_CLUSTER_00847
42,1,678,7227250880809026331,Positive,EXACT_TEXT_7f709fd13b4eb01c,EXACT_TEXT_7f709fd13b4eb01c,,exact_duplicate_group_id:EXACT_TEXT_7f709fd13b4eb01c
42,1,679,7227764032244744986,Neutral,EXACT_TEXT_d663d6d0baa0c360,EXACT_TEXT_d663d6d0baa0c360,,exact_duplicate_group_id:EXACT_TEXT_d663d6d0baa0c360
42,1,680,7227773481806709530,Neutral,EXACT_GROUP_00207,EXACT_GROUP_00207,SIM_CLUSTER_00027,near_duplicate_cluster_id:SIM_CLUSTER_00027
42,1,681,7227869254963086107,Neutral,EXACT_TEXT_d1c63bf57327b23e,EXACT_TEXT_d1c63bf57327b23e,SIM_CLUSTER_00411,near_duplicate_cluster_id:SIM_CLUSTER_00411
42,1,686,7231508780238865179,Positive,EXACT_TEXT_5d609c9129f2acee,EXACT_TEXT_5d609c9129f2acee,,exact_duplicate_group_id:EXACT_TEXT_5d609c9129f2acee
42,1,687,7232490243634594566,Neutral,EXACT_TEXT_bb0528a860363ebb,EXACT_TEXT_bb0528a860363ebb,,exact_duplicate_group_id:EXACT_TEXT_bb0528a860363ebb
42,1,690,7233730400786236165,Positive,EXACT_TEXT_1075dca66fd39210,EXACT_TEXT_1075dca66fd39210,,exact_duplicate_group_id:EXACT_TEXT_1075dca66fd39210
42,1,691,7234004139235361563,Neutral,EXACT_GROUP_00207,EXACT_GROUP_00207,SIM_CLUSTER_00027,near_duplicate_cluster_id:SIM_CLUSTER_00027
42,1,694,7234861092190618374,Positive,EXACT_TEXT_1020a62b2d1b20d0,EXACT_TEXT_1020a62b2d1b20d0,,exact_duplicate_group_id:EXACT_TEXT_1020a62b2d1b20d0
42,1,696,7237798611232097030,Neutral,EXACT_TEXT_9c2a56e415580700,EXACT_TEXT_9c2a56e415580700,,exact_duplicate_group_id:EXACT_TEXT_9c2a56e415580700
42,1,703,7238803270327894790,Neutral,EXACT_TEXT_8f6fa0cc82487123,EXACT_TEXT_8f6fa0cc82487123,,exact_duplicate_group_id:EXACT_TEXT_8f6fa0cc82487123
42,1,704,7240729162809410309,Positive,EXACT_TEXT_8ea487de8a67c52e,EXACT_TEXT_8ea487de8a67c52e,SIM_CLUSTER_00847,near_duplicate_cluster_id:SIM_CLUSTER_00847
42,1,705,7241169611743396614,Neutral,EXACT_GROUP_00207,EXACT_GROUP_00207,SIM_CLUSTER_00027,near_duplicate_cluster_id:SIM_CLUSTER_00027
42,1,709,7248888858317816581,Neutral,EXACT_TEXT_45eb8df3f9d84d48,EXACT_TEXT_45eb8df3f9d84d48,,exact_duplicate_group_id:EXACT_TEXT_45eb8df3f9d84d48
42,1,718,7256342374321996549,Neutral,EXACT_GROUP_00207,EXACT_GROUP_00207,SIM_CLUSTER_00027,near_duplicate_cluster_id:SIM_CLUSTER_00027
42,1,722,7260872166195004165,Neutral,EXACT_TEXT_4a844dc55095ab0a,EXACT_TEXT_4a844dc55095ab0a,,exact_duplicate_group_id:EXACT_TEXT_4a844dc55095ab0a
42,1,723,7261507486728913670,Neutral,EXACT_TEXT_e34020251e03943c,EXACT_TEXT_e34020251e03943c,SIM_CLUSTER_00569,near_duplicate_cluster_id:SIM_CLUSTER_00569
42,1,727,7268619853929906949,Neutral,EXACT_TEXT_6eea2ffaf849395f,EXACT_TEXT_6eea2ffaf849395f,,exact_duplicate_group_id:EXACT_TEXT_6eea2ffaf849395f
42,1,729,7270353357990527762,Positive,EXACT_TEXT_66d161a79aa3d676,EXACT_TEXT_66d161a79aa3d676,,exact_duplicate_group_id:EXACT_TEXT_66d161a79aa3d676
42,1,730,7271292066230403846,Neutral,EXACT_TEXT_5ca91e58bea5a171,EXACT_TEXT_5ca91e58bea5a171,,exact_duplicate_group_id:EXACT_TEXT_5ca91e58bea5a171
42,1,731,7271745630786028294,Negative,EXACT_TEXT_4a9c2910eea8ec78,EXACT_TEXT_4a9c2910eea8ec78,,exact_duplicate_group_id:EXACT_TEXT_4a9c2910eea8ec78
42,1,737,7274509817426346758,Neutral,EXACT_TEXT_fe5d55a0015e2784,EXACT_TEXT_fe5d55a0015e2784,,exact_duplicate_group_id:EXACT_TEXT_fe5d55a0015e2784
42,1,752,7288637869123961606,Positive,EXACT_TEXT_72641e2207309efd,EXACT_TEXT_72641e2207309efd,,exact_duplicate_group_id:EXACT_TEXT_72641e2207309efd
42,1,756,7290001129856959238,Neutral,EXACT_GROUP_00207,EXACT_GROUP_00207,SIM_CLUSTER_00027,near_duplicate_cluster_id:SIM_CLUSTER_00027
42,1,765,7298008548209427205,Neutral,EXACT_TEXT_cf24c7755c2feec8,EXACT_TEXT_cf24c7755c2feec8,SIM_CLUSTER_00569,near_duplicate_cluster_id:SIM_CLUSTER_00569
42,1,783,7312246748914729734,Negative,EXACT_TEXT_45177c5ae08d4e51,EXACT_TEXT_45177c5ae08d4e51,,exact_duplicate_group_id:EXACT_TEXT_45177c5ae08d4e51
42,1,798,7314526140332573445,Neutral,EXACT_TEXT_0f1fc99ff542707c,EXACT_TEXT_0f1fc99ff542707c,,exact_duplicate_group_id:EXACT_TEXT_0f1fc99ff542707c
42,1,799,7314842837811168006,Negative,EXACT_TEXT_e79d47407b655db1,EXACT_TEXT_e79d47407b655db1,,exact_duplicate_group_id:EXACT_TEXT_e79d47407b655db1
42,1,803,7315263379428475653,Positive,EXACT_TEXT_d657f660493984b8,EXACT_TEXT_d657f660493984b8,SIM_CLUSTER_00918,near_duplicate_cluster_id:SIM_CLUSTER_00918
42,1,812,7317700017786864390,Positive,EXACT_TEXT_2923c9337d8bbcf7,EXACT_TEXT_2923c9337d8bbcf7,,exact_duplicate_group_id:EXACT_TEXT_2923c9337d8bbcf7
42,1,815,7318401029631148805,Neutral,EXACT_TEXT_45e724639e092b48,EXACT_TEXT_45e724639e092b48,,exact_duplicate_group_id:EXACT_TEXT_45e724639e092b48
42,1,817,7320112911454569222,Positive,EXACT_TEXT_7323a824b42c7497,EXACT_TEXT_7323a824b42c7497,,exact_duplicate_group_id:EXACT_TEXT_7323a824b42c7497
42,1,820,7320162781801333510,Positive,EXACT_TEXT_48964f92db6868ca,EXACT_TEXT_48964f92db6868ca,SIM_CLUSTER_00926,near_duplicate_cluster_id:SIM_CLUSTER_00926
42,1,821,7320255643405861637,Negative,EXACT_TEXT_76f4dae46aed5531,EXACT_TEXT_76f4dae46aed5531,,exact_duplicate_group_id:EXACT_TEXT_76f4dae46aed5531
42,1,825,7320764045106447110,Neutral,EXACT_TEXT_e0333182f07364e1,EXACT_TEXT_e0333182f07364e1,,exact_duplicate_group_id:EXACT_TEXT_e0333182f07364e1
42,1,834,7323976284123513605,Neutral,EXACT_TEXT_01cc91d4f9e8e35b,EXACT_TEXT_01cc91d4f9e8e35b,,exact_duplicate_group_id:EXACT_TEXT_01cc91d4f9e8e35b
42,1,838,7324980674875228933,Neutral,EXACT_GROUP_00207,EXACT_GROUP_00207,SIM_CLUSTER_00027,near_duplicate_cluster_id:SIM_CLUSTER_00027
42,1,852,7332078312799814405,Neutral,EXACT_GROUP_00207,EXACT_GROUP_00207,SIM_CLUSTER_00027,near_duplicate_cluster_id:SIM_CLUSTER_00027
42,1,865,7337295339303109382,Neutral,EXACT_TEXT_695bea32be68d167,EXACT_TEXT_695bea32be68d167,,exact_duplicate_group_id:EXACT_TEXT_695bea32be68d167
42,1,876,7341153299791774469,Neutral,EXACT_TEXT_1d05757a1183ca37,EXACT_TEXT_1d05757a1183ca37,,exact_duplicate_group_id:EXACT_TEXT_1d05757a1183ca37
42,1,880,7341368654795670277,Negative,EXACT_TEXT_0d2f59c8930efd76,EXACT_TEXT_0d2f59c8930efd76,,exact_duplicate_group_id:EXACT_TEXT_0d2f59c8930efd76
42,1,884,7343794698907026181,Negative,EXACT_TEXT_fa30b7dc2d84ccf0,EXACT_TEXT_fa30b7dc2d84ccf0,,exact_duplicate_group_id:EXACT_TEXT_fa30b7dc2d84ccf0
42,1,886,7344683076464902917,Positive,EXACT_GROUP_00870,EXACT_GROUP_00870,SIM_CLUSTER_00111,near_duplicate_cluster_id:SIM_CLUSTER_00111
42,1,887,7345011679103812359,Negative,EXACT_TEXT_6c9a53431d23e3a8,EXACT_TEXT_6c9a53431d23e3a8,,exact_duplicate_group_id:EXACT_TEXT_6c9a53431d23e3a8
42,1,888,7345678448495215366,Neutral,EXACT_TEXT_c163830c833ad924,EXACT_TEXT_c163830c833ad924,,exact_duplicate_group_id:EXACT_TEXT_c163830c833ad924
42,1,893,7349955631606989573,Neutral,EXACT_TEXT_87a7e5e83aef7729,EXACT_TEXT_87a7e5e83aef7729,,exact_duplicate_group_id:EXACT_TEXT_87a7e5e83aef7729
42,1,894,7350492892825207558,Neutral,EXACT_TEXT_65106c188dff7b28,EXACT_TEXT_65106c188dff7b28,SIM_CLUSTER_00569,near_duplicate_cluster_id:SIM_CLUSTER_00569
42,1,906,7357755050382541574,Negative,EXACT_TEXT_053dd7056b3ba0d6,EXACT_TEXT_053dd7056b3ba0d6,,exact_duplicate_group_id:EXACT_TEXT_053dd7056b3ba0d6
42,1,937,7358795708987065093,Negative,EXACT_TEXT_ae25fa1c6f2fb8cc,EXACT_TEXT_ae25fa1c6f2fb8cc,,exact_duplicate_group_id:EXACT_TEXT_ae25fa1c6f2fb8cc
42,1,938,7359122353735828230,Neutral,EXACT_TEXT_6348c29041c3209b,EXACT_TEXT_6348c29041c3209b,,exact_duplicate_group_id:EXACT_TEXT_6348c29041c3209b
42,1,940,7359530845160293125,Positive,EXACT_TEXT_6a672700afb64feb,EXACT_TEXT_6a672700afb64feb,,exact_duplicate_group_id:EXACT_TEXT_6a672700afb64feb
42,1,943,7359604864495977221,Negative,EXACT_TEXT_e5e375d85ba44ef7,EXACT_TEXT_e5e375d85ba44ef7,,exact_duplicate_group_id:EXACT_TEXT_e5e375d85ba44ef7
42,1,945,7359738125763625734,Neutral,EXACT_TEXT_2ff6f5d82a6b839a,EXACT_TEXT_2ff6f5d82a6b839a,,exact_duplicate_group_id:EXACT_TEXT_2ff6f5d82a6b839a
42,1,948,7359785846696231685,Neutral,EXACT_TEXT_9b8ba12319da1b04,EXACT_TEXT_9b8ba12319da1b04,,exact_duplicate_group_id:EXACT_TEXT_9b8ba12319da1b04
42,1,951,7359973272811684614,Neutral,EXACT_TEXT_28cfbe9b0509e5c5,EXACT_TEXT_28cfbe9b0509e5c5,,exact_duplicate_group_id:EXACT_TEXT_28cfbe9b0509e5c5
42,1,961,7363268304910123781,Positive,EXACT_TEXT_e1baac62e3358e23,EXACT_TEXT_e1baac62e3358e23,SIM_CLUSTER_00101,near_duplicate_cluster_id:SIM_CLUSTER_00101
42,1,970,7364194550032319249,Positive,EXACT_GROUP_00969,EXACT_GROUP_00969,SIM_CLUSTER_00101,near_duplicate_cluster_id:SIM_CLUSTER_00101
42,1,988,7368818891593843462,Neutral,EXACT_TEXT_cf67a8e11c28cc2f,EXACT_TEXT_cf67a8e11c28cc2f,SIM_CLUSTER_00323,near_duplicate_cluster_id:SIM_CLUSTER_00323
42,1,1011,7379871509723431686,Neutral,EXACT_TEXT_e2b17131a31bc968,EXACT_TEXT_e2b17131a31bc968,,exact_duplicate_group_id:EXACT_TEXT_e2b17131a31bc968
42,1,1016,7380875823270839046,Neutral,EXACT_TEXT_052576b4a8b6937e,EXACT_TEXT_052576b4a8b6937e,,exact_duplicate_group_id:EXACT_TEXT_052576b4a8b6937e
42,1,1017,7381134410836050693,Neutral,EXACT_TEXT_efc014bab6e045c8,EXACT_TEXT_efc014bab6e045c8,SIM_CLUSTER_00323,near_duplicate_cluster_id:SIM_CLUSTER_00323
42,1,1018,7381363064526914310,Neutral,EXACT_TEXT_f012e68b417ec4bc,EXACT_TEXT_f012e68b417ec4bc,,exact_duplicate_group_id:EXACT_TEXT_f012e68b417ec4bc
42,1,1020,7382466421035336454,Neutral,EXACT_TEXT_6ede9ada3ae47557,EXACT_TEXT_6ede9ada3ae47557,,exact_duplicate_group_id:EXACT_TEXT_6ede9ada3ae47557
42,1,1025,7384087361610990342,Negative,EXACT_TEXT_2006749ea03ab385,EXACT_TEXT_2006749ea03ab385,,exact_duplicate_group_id:EXACT_TEXT_2006749ea03ab385
42,1,1035,7387285033772925701,Neutral,EXACT_TEXT_21c83e1de784a332,EXACT_TEXT_21c83e1de784a332,,exact_duplicate_group_id:EXACT_TEXT_21c83e1de784a332
42,1,1061,7391069834572694277,Neutral,EXACT_TEXT_0c3c45f264ec5a9a,EXACT_TEXT_0c3c45f264ec5a9a,SIM_CLUSTER_00578,near_duplicate_cluster_id:SIM_CLUSTER_00578
42,1,1068,7397357367937680133,Neutral,EXACT_TEXT_8425591d3341dd51,EXACT_TEXT_8425591d3341dd51,,exact_duplicate_group_id:EXACT_TEXT_8425591d3341dd51
42,1,1072,7397989009517150981,Neutral,EXACT_TEXT_de8626582a33e5bc,EXACT_TEXT_de8626582a33e5bc,,exact_duplicate_group_id:EXACT_TEXT_de8626582a33e5bc
42,1,1076,7398388433191879430,Neutral,EXACT_TEXT_89856e02073e40f6,EXACT_TEXT_89856e02073e40f6,,exact_duplicate_group_id:EXACT_TEXT_89856e02073e40f6
42,1,1079,7398418846175183621,Negative,EXACT_TEXT_40462f1eab22973e,EXACT_TEXT_40462f1eab22973e,,exact_duplicate_group_id:EXACT_TEXT_40462f1eab22973e
42,1,1081,7398518211333784325,Neutral,EXACT_TEXT_793a9b65711285b2,EXACT_TEXT_793a9b65711285b2,,exact_duplicate_group_id:EXACT_TEXT_793a9b65711285b2
42,1,1090,7402088921776243461,Positive,EXACT_TEXT_b22b759eceb5c0e8,EXACT_TEXT_b22b759eceb5c0e8,,exact_duplicate_group_id:EXACT_TEXT_b22b759eceb5c0e8
42,1,1092,7403938358961652485,Negative,EXACT_TEXT_01f5798cc8dc4027,EXACT_TEXT_01f5798cc8dc4027,,exact_duplicate_group_id:EXACT_TEXT_01f5798cc8dc4027
42,1,1096,7405131360170001157,Neutral,EXACT_TEXT_7b8fb333551e6853,EXACT_TEXT_7b8fb333551e6853,,exact_duplicate_group_id:EXACT_TEXT_7b8fb333551e6853
42,1,1098,7405422577769038597,Neutral,EXACT_TEXT_43be5363ede2cfed,EXACT_TEXT_43be5363ede2cfed,,exact_duplicate_group_id:EXACT_TEXT_43be5363ede2cfed
42,1,1101,7407207855303049990,Neutral,EXACT_TEXT_a3ce6365bc5d3ab5,EXACT_TEXT_a3ce6365bc5d3ab5,,exact_duplicate_group_id:EXACT_TEXT_a3ce6365bc5d3ab5
42,1,1108,7411974591226725128,Positive,EXACT_GROUP_00969,EXACT_GROUP_00969,SIM_CLUSTER_00101,near_duplicate_cluster_id:SIM_CLUSTER_00101
42,1,1112,7416719848481407749,Positive,EXACT_TEXT_9c124fefccbd4ddc,EXACT_TEXT_9c124fefccbd4ddc,,exact_duplicate_group_id:EXACT_TEXT_9c124fefccbd4ddc
42,1,1116,7419545302963520261,Negative,EXACT_TEXT_8a8c4c4596c2052c,EXACT_TEXT_8a8c4c4596c2052c,,exact_duplicate_group_id:EXACT_TEXT_8a8c4c4596c2052c
42,1,1117,7419569539015803654,Positive,EXACT_GROUP_00969,EXACT_GROUP_00969,SIM_CLUSTER_00101,near_duplicate_cluster_id:SIM_CLUSTER_00101
42,1,1131,7421188993708098310,Negative,EXACT_TEXT_a4aeceb09fda40ba,EXACT_TEXT_a4aeceb09fda40ba,,exact_duplicate_group_id:EXACT_TEXT_a4aeceb09fda40ba
42,1,1137,7421213972752696069,Negative,EXACT_TEXT_a49cd22bad85e4af,EXACT_TEXT_a49cd22bad85e4af,,exact_duplicate_group_id:EXACT_TEXT_a49cd22bad85e4af
42,1,1141,7421246807592502021,Negative,EXACT_TEXT_b715c1612a5c3268,EXACT_TEXT_b715c1612a5c3268,,exact_duplicate_group_id:EXACT_TEXT_b715c1612a5c3268
42,1,1145,7421297761875870469,Negative,EXACT_TEXT_515feb3d61de8989,EXACT_TEXT_515feb3d61de8989,,exact_duplicate_group_id:EXACT_TEXT_515feb3d61de8989
42,1,1148,7421304994530575110,Negative,EXACT_TEXT_08a83a82eb2a0cae,EXACT_TEXT_08a83a82eb2a0cae,,exact_duplicate_group_id:EXACT_TEXT_08a83a82eb2a0cae
42,1,1152,7421325188358750982,Negative,EXACT_TEXT_1876dc6106987e25,EXACT_TEXT_1876dc6106987e25,,exact_duplicate_group_id:EXACT_TEXT_1876dc6106987e25
42,1,1156,7421333099373871877,Negative,EXACT_TEXT_aa9ea38c0174e2d2,EXACT_TEXT_aa9ea38c0174e2d2,,exact_duplicate_group_id:EXACT_TEXT_aa9ea38c0174e2d2
42,1,1175,7421412228182901510,Positive,EXACT_TEXT_da8fb7e17605274b,EXACT_TEXT_da8fb7e17605274b,,exact_duplicate_group_id:EXACT_TEXT_da8fb7e17605274b
42,1,1183,7421485715220333317,Neutral,EXACT_TEXT_282ad6ba82170860,EXACT_TEXT_282ad6ba82170860,,exact_duplicate_group_id:EXACT_TEXT_282ad6ba82170860
42,1,1187,7421538637710164742,Negative,EXACT_TEXT_3bad12b54f712c77,EXACT_TEXT_3bad12b54f712c77,,exact_duplicate_group_id:EXACT_TEXT_3bad12b54f712c77
42,1,1192,7421582719656264454,Negative,EXACT_TEXT_faebcba7a1f8c7b9,EXACT_TEXT_faebcba7a1f8c7b9,,exact_duplicate_group_id:EXACT_TEXT_faebcba7a1f8c7b9
42,1,1197,7421661538622194437,Negative,EXACT_TEXT_d2e092eee5814ba1,EXACT_TEXT_d2e092eee5814ba1,,exact_duplicate_group_id:EXACT_TEXT_d2e092eee5814ba1
42,1,1199,7421691792154968837,Positive,EXACT_TEXT_2ca1a4df9d32c75d,EXACT_TEXT_2ca1a4df9d32c75d,,exact_duplicate_group_id:EXACT_TEXT_2ca1a4df9d32c75d
42,1,1200,7421692122485326597,Negative,EXACT_TEXT_4aa7d89a24ec42bd,EXACT_TEXT_4aa7d89a24ec42bd,,exact_duplicate_group_id:EXACT_TEXT_4aa7d89a24ec42bd
42,1,1206,7421712705876509445,Positive,EXACT_TEXT_f9553f7f3f6b309c,EXACT_TEXT_f9553f7f3f6b309c,,exact_duplicate_group_id:EXACT_TEXT_f9553f7f3f6b309c
42,1,1207,7421724350686429957,Negative,EXACT_TEXT_91dd0b44d7a1127c,EXACT_TEXT_91dd0b44d7a1127c,,exact_duplicate_group_id:EXACT_TEXT_91dd0b44d7a1127c
42,1,1217,7421864387273523974,Negative,EXACT_TEXT_72c430a1b0423216,EXACT_TEXT_72c430a1b0423216,,exact_duplicate_group_id:EXACT_TEXT_72c430a1b0423216
42,1,1218,7421872295499186950,Neutral,EXACT_GROUP_00207,EXACT_GROUP_00207,SIM_CLUSTER_00027,near_duplicate_cluster_id:SIM_CLUSTER_00027
42,1,1221,7421919535136031494,Negative,EXACT_TEXT_9f34f47cf4e6dcdc,EXACT_TEXT_9f34f47cf4e6dcdc,,exact_duplicate_group_id:EXACT_TEXT_9f34f47cf4e6dcdc
42,1,1223,7422077856492520197,Positive,EXACT_TEXT_5b8feaf45aa7210b,EXACT_TEXT_5b8feaf45aa7210b,,exact_duplicate_group_id:EXACT_TEXT_5b8feaf45aa7210b
42,1,1224,7422078710713762565,Negative,EXACT_TEXT_ecb42f052a26b086,EXACT_TEXT_ecb42f052a26b086,,exact_duplicate_group_id:EXACT_TEXT_ecb42f052a26b086
42,1,1227,7422106684976153349,Positive,EXACT_TEXT_16824cb1dfc22732,EXACT_TEXT_16824cb1dfc22732,,exact_duplicate_group_id:EXACT_TEXT_16824cb1dfc22732
42,1,1235,7422172664515314438,Negative,EXACT_TEXT_e5ce480eb3b086f2,EXACT_TEXT_e5ce480eb3b086f2,,exact_duplicate_group_id:EXACT_TEXT_e5ce480eb3b086f2
42,1,1241,7422214520690590469,Negative,EXACT_TEXT_f4df452df7283a6b,EXACT_TEXT_f4df452df7283a6b,,exact_duplicate_group_id:EXACT_TEXT_f4df452df7283a6b
42,1,1245,7422238054230082310,Positive,EXACT_TEXT_5f9f5a5f044dcb65,EXACT_TEXT_5f9f5a5f044dcb65,,exact_duplicate_group_id:EXACT_TEXT_5f9f5a5f044dcb65
42,1,1247,7422251056815883013,Neutral,EXACT_TEXT_4d7175020138ebd8,EXACT_TEXT_4d7175020138ebd8,,exact_duplicate_group_id:EXACT_TEXT_4d7175020138ebd8
42,1,1259,7422502384800711430,Negative,EXACT_TEXT_53b4ee4db978ae50,EXACT_TEXT_53b4ee4db978ae50,,exact_duplicate_group_id:EXACT_TEXT_53b4ee4db978ae50
42,1,1261,7422516626459427590,Neutral,EXACT_TEXT_eb892b66f1a0dd05,EXACT_TEXT_eb892b66f1a0dd05,,exact_duplicate_group_id:EXACT_TEXT_eb892b66f1a0dd05
42,1,1262,7422517117515678469,Neutral,EXACT_TEXT_9d8309c6fe8d8f75,EXACT_TEXT_9d8309c6fe8d8f75,,exact_duplicate_group_id:EXACT_TEXT_9d8309c6fe8d8f75
42,1,1263,7422541667024143110,Negative,EXACT_TEXT_9846c3e4a6b6c7bb,EXACT_TEXT_9846c3e4a6b6c7bb,,exact_duplicate_group_id:EXACT_TEXT_9846c3e4a6b6c7bb
42,1,1276,7422664852654899974,Negative,EXACT_TEXT_3ba00fb672a1d9fa,EXACT_TEXT_3ba00fb672a1d9fa,,exact_duplicate_group_id:EXACT_TEXT_3ba00fb672a1d9fa
42,1,1280,7422694594842460934,Negative,EXACT_TEXT_03b204f70e3762bf,EXACT_TEXT_03b204f70e3762bf,,exact_duplicate_group_id:EXACT_TEXT_03b204f70e3762bf
42,1,1281,7422694909196452614,Positive,EXACT_TEXT_b830d9f3ea446335,EXACT_TEXT_b830d9f3ea446335,,exact_duplicate_group_id:EXACT_TEXT_b830d9f3ea446335
42,1,1284,7422701389368148741,Negative,EXACT_TEXT_115f2d0320c84bb3,EXACT_TEXT_115f2d0320c84bb3,,exact_duplicate_group_id:EXACT_TEXT_115f2d0320c84bb3
42,1,1287,7422784834407269128,Negative,EXACT_TEXT_73f51734b3a3ccec,EXACT_TEXT_73f51734b3a3ccec,,exact_duplicate_group_id:EXACT_TEXT_73f51734b3a3ccec
42,1,1294,7422934533030953734,Positive,EXACT_TEXT_1ab662d95cd2e50e,EXACT_TEXT_1ab662d95cd2e50e,,exact_duplicate_group_id:EXACT_TEXT_1ab662d95cd2e50e
42,1,1300,7423021249482392326,Negative,EXACT_TEXT_75114ecee609a39e,EXACT_TEXT_75114ecee609a39e,SIM_CLUSTER_01091,near_duplicate_cluster_id:SIM_CLUSTER_01091
42,1,1315,7425427829251080966,Neutral,EXACT_TEXT_a98d3296d8f9bce1,EXACT_TEXT_a98d3296d8f9bce1,,exact_duplicate_group_id:EXACT_TEXT_a98d3296d8f9bce1
42,1,1316,7425475216106881797,Negative,EXACT_TEXT_9a235039a3d39beb,EXACT_TEXT_9a235039a3d39beb,,exact_duplicate_group_id:EXACT_TEXT_9a235039a3d39beb
42,1,1317,7425478810374341381,Positive,EXACT_TEXT_122cd048ea08ac46,EXACT_TEXT_122cd048ea08ac46,,exact_duplicate_group_id:EXACT_TEXT_122cd048ea08ac46
42,1,1321,7426167291554988806,Neutral,EXACT_TEXT_af0c98d629ff1c6d,EXACT_TEXT_af0c98d629ff1c6d,,exact_duplicate_group_id:EXACT_TEXT_af0c98d629ff1c6d
42,1,1323,7426553950201545490,Neutral,EXACT_TEXT_8e01c0d23cd78bb1,EXACT_TEXT_8e01c0d23cd78bb1,,exact_duplicate_group_id:EXACT_TEXT_8e01c0d23cd78bb1
42,1,1326,7426730979378692869,Neutral,EXACT_TEXT_44213e4113669ad1,EXACT_TEXT_44213e4113669ad1,,exact_duplicate_group_id:EXACT_TEXT_44213e4113669ad1
42,1,1345,7428469228464603946,Positive,EXACT_TEXT_8655a04a86c62215,EXACT_TEXT_8655a04a86c62215,,exact_duplicate_group_id:EXACT_TEXT_8655a04a86c62215
42,1,1351,7428494669702562565,Positive,EXACT_TEXT_d26f9c46d1918e75,EXACT_TEXT_d26f9c46d1918e75,SIM_CLUSTER_00686,near_duplicate_cluster_id:SIM_CLUSTER_00686
42,1,1352,7428504819751535366,Positive,EXACT_TEXT_09fcd41fe81f504d,EXACT_TEXT_09fcd41fe81f504d,,exact_duplicate_group_id:EXACT_TEXT_09fcd41fe81f504d
42,1,1353,7428508154876723973,Neutral,EXACT_TEXT_b1bc54c08fbe5197,EXACT_TEXT_b1bc54c08fbe5197,,exact_duplicate_group_id:EXACT_TEXT_b1bc54c08fbe5197
42,1,1357,7428537918694195969,Positive,EXACT_TEXT_675f4b38158e00ce,EXACT_TEXT_675f4b38158e00ce,,exact_duplicate_group_id:EXACT_TEXT_675f4b38158e00ce
42,1,1362,7428551509930164997,Positive,EXACT_TEXT_77bd938b89a90999,EXACT_TEXT_77bd938b89a90999,,exact_duplicate_group_id:EXACT_TEXT_77bd938b89a90999
42,1,1367,7428587375913157381,Positive,EXACT_TEXT_9053574610889d4c,EXACT_TEXT_9053574610889d4c,,exact_duplicate_group_id:EXACT_TEXT_9053574610889d4c
42,1,1368,7428593463509943041,Neutral,EXACT_TEXT_c254859a92bd8387,EXACT_TEXT_c254859a92bd8387,,exact_duplicate_group_id:EXACT_TEXT_c254859a92bd8387
42,1,1370,7428597946209338117,Negative,EXACT_TEXT_98ff63fa47369ecd,EXACT_TEXT_98ff63fa47369ecd,,exact_duplicate_group_id:EXACT_TEXT_98ff63fa47369ecd
42,1,1375,7428620639085626118,Neutral,EXACT_TEXT_57e1f4aaeb38a742,EXACT_TEXT_57e1f4aaeb38a742,,exact_duplicate_group_id:EXACT_TEXT_57e1f4aaeb38a742
42,1,1378,7428722045233873670,Neutral,EXACT_TEXT_b4648fa0174119b5,EXACT_TEXT_b4648fa0174119b5,,exact_duplicate_group_id:EXACT_TEXT_b4648fa0174119b5
42,1,1398,7428962876423308038,Positive,EXACT_TEXT_ab66e6bfcc891fc1,EXACT_TEXT_ab66e6bfcc891fc1,SIM_CLUSTER_00686,near_duplicate_cluster_id:SIM_CLUSTER_00686
42,1,1404,7429165395901432594,Positive,EXACT_TEXT_c78de8dfdc9369ee,EXACT_TEXT_c78de8dfdc9369ee,,exact_duplicate_group_id:EXACT_TEXT_c78de8dfdc9369ee
42,1,1408,7429189948577104645,Neutral,EXACT_TEXT_78ff8f975d1b9df1,EXACT_TEXT_78ff8f975d1b9df1,,exact_duplicate_group_id:EXACT_TEXT_78ff8f975d1b9df1
42,1,1409,7429202079204098823,Negative,EXACT_TEXT_a55d4d90b051cae9,EXACT_TEXT_a55d4d90b051cae9,,exact_duplicate_group_id:EXACT_TEXT_a55d4d90b051cae9
42,1,1411,7429225426923586311,Positive,EXACT_TEXT_3bc59c8f71bd8d48,EXACT_TEXT_3bc59c8f71bd8d48,,exact_duplicate_group_id:EXACT_TEXT_3bc59c8f71bd8d48
42,1,1413,7429342292651344645,Positive,EXACT_GROUP_00969,EXACT_GROUP_00969,SIM_CLUSTER_00101,near_duplicate_cluster_id:SIM_CLUSTER_00101
42,1,1414,7429362087108084485,Positive,EXACT_TEXT_2756fe6b6a95c42e,EXACT_TEXT_2756fe6b6a95c42e,,exact_duplicate_group_id:EXACT_TEXT_2756fe6b6a95c42e
42,1,1415,7429474508841288464,Positive,EXACT_TEXT_23237792f7d63f1a,EXACT_TEXT_23237792f7d63f1a,,exact_duplicate_group_id:EXACT_TEXT_23237792f7d63f1a
42,1,1419,7429556927258624774,Neutral,EXACT_TEXT_ac92fb8a3e5da942,EXACT_TEXT_ac92fb8a3e5da942,,exact_duplicate_group_id:EXACT_TEXT_ac92fb8a3e5da942
42,1,1421,7429616114336973574,Positive,EXACT_TEXT_d4b28199860f5319,EXACT_TEXT_d4b28199860f5319,,exact_duplicate_group_id:EXACT_TEXT_d4b28199860f5319
42,1,1434,7430071672365236993,Positive,EXACT_TEXT_4d8f65973e564230,EXACT_TEXT_4d8f65973e564230,,exact_duplicate_group_id:EXACT_TEXT_4d8f65973e564230
42,1,1439,7430319408092316434,Negative,EXACT_TEXT_c13d849ce0cf2b91,EXACT_TEXT_c13d849ce0cf2b91,,exact_duplicate_group_id:EXACT_TEXT_c13d849ce0cf2b91
42,1,1445,7430482226661327622,Neutral,EXACT_TEXT_d247688cdbb07651,EXACT_TEXT_d247688cdbb07651,,exact_duplicate_group_id:EXACT_TEXT_d247688cdbb07651
42,1,1450,7430709982705009414,Negative,EXACT_TEXT_6b7bf31aca9cf41e,EXACT_TEXT_6b7bf31aca9cf41e,,exact_duplicate_group_id:EXACT_TEXT_6b7bf31aca9cf41e
42,1,1462,7431204171967611653,Negative,EXACT_TEXT_79cd291263fa3aae,EXACT_TEXT_79cd291263fa3aae,,exact_duplicate_group_id:EXACT_TEXT_79cd291263fa3aae
42,1,1476,7432464906720674565,Negative,EXACT_TEXT_d3cadf9064ed8799,EXACT_TEXT_d3cadf9064ed8799,,exact_duplicate_group_id:EXACT_TEXT_d3cadf9064ed8799
42,1,1495,7436272150178710288,Neutral,EXACT_TEXT_f439c3703542f346,EXACT_TEXT_f439c3703542f346,SIM_CLUSTER_00517,near_duplicate_cluster_id:SIM_CLUSTER_00517
42,1,1508,7437882053212865281,Neutral,EXACT_TEXT_ee2640d0cc560752,EXACT_TEXT_ee2640d0cc560752,,exact_duplicate_group_id:EXACT_TEXT_ee2640d0cc560752
42,1,1534,7440491451236090642,Neutral,EXACT_TEXT_ec007cbf9a9ecdfa,EXACT_TEXT_ec007cbf9a9ecdfa,,exact_duplicate_group_id:EXACT_TEXT_ec007cbf9a9ecdfa
42,1,1551,7444378550146712376,Neutral,EXACT_TEXT_ca7779eb10c51098,EXACT_TEXT_ca7779eb10c51098,SIM_CLUSTER_01302,near_duplicate_cluster_id:SIM_CLUSTER_01302
42,1,1561,7447743875866182408,Negative,EXACT_TEXT_30d74cfdedb952c7,EXACT_TEXT_30d74cfdedb952c7,,exact_duplicate_group_id:EXACT_TEXT_30d74cfdedb952c7
42,1,1571,7450036197877744402,Neutral,EXACT_TEXT_ea0c0c9431699be4,EXACT_TEXT_ea0c0c9431699be4,,exact_duplicate_group_id:EXACT_TEXT_ea0c0c9431699be4
42,1,1576,7452688668726821648,Neutral,EXACT_TEXT_06dfcb2afca3d1b5,EXACT_TEXT_06dfcb2afca3d1b5,,exact_duplicate_group_id:EXACT_TEXT_06dfcb2afca3d1b5
42,1,1578,7453294720862487302,Negative,EXACT_TEXT_3cd5a2d29253c554,EXACT_TEXT_3cd5a2d29253c554,,exact_duplicate_group_id:EXACT_TEXT_3cd5a2d29253c554
42,1,1580,7454698433614627602,Negative,EXACT_TEXT_cda51d5f146ba1ea,EXACT_TEXT_cda51d5f146ba1ea,,exact_duplicate_group_id:EXACT_TEXT_cda51d5f146ba1ea
42,1,1582,7454760155760198416,Neutral,EXACT_TEXT_f7305cedb6c24992,EXACT_TEXT_f7305cedb6c24992,,exact_duplicate_group_id:EXACT_TEXT_f7305cedb6c24992
42,1,1588,7457184060759982854,Negative,EXACT_GROUP_00055,EXACT_GROUP_00055,SIM_CLUSTER_00268,near_duplicate_cluster_id:SIM_CLUSTER_00268
42,1,1589,7457184423135937286,Negative,EXACT_GROUP_00055,EXACT_GROUP_00055,SIM_CLUSTER_00268,near_duplicate_cluster_id:SIM_CLUSTER_00268
42,1,1590,7457184522792600325,Negative,EXACT_GROUP_00055,EXACT_GROUP_00055,SIM_CLUSTER_00268,near_duplicate_cluster_id:SIM_CLUSTER_00268
42,1,1591,7457184604014674693,Negative,EXACT_GROUP_00055,EXACT_GROUP_00055,SIM_CLUSTER_00268,near_duplicate_cluster_id:SIM_CLUSTER_00268
42,1,1592,7457184936820130565,Negative,EXACT_GROUP_00055,EXACT_GROUP_00055,SIM_CLUSTER_00268,near_duplicate_cluster_id:SIM_CLUSTER_00268
42,1,1593,7457186055939212038,Negative,EXACT_GROUP_00055,EXACT_GROUP_00055,SIM_CLUSTER_00268,near_duplicate_cluster_id:SIM_CLUSTER_00268
42,1,1594,7457188023546970886,Negative,EXACT_GROUP_00055,EXACT_GROUP_00055,SIM_CLUSTER_00268,near_duplicate_cluster_id:SIM_CLUSTER_00268
42,1,1606,7458527253942584082,Neutral,EXACT_TEXT_1d186f3db2c6b0d2,EXACT_TEXT_1d186f3db2c6b0d2,,exact_duplicate_group_id:EXACT_TEXT_1d186f3db2c6b0d2
42,1,1609,7458915934037607186,Positive,EXACT_TEXT_d05c994c65a628ec,EXACT_TEXT_d05c994c65a628ec,,exact_duplicate_group_id:EXACT_TEXT_d05c994c65a628ec
42,1,1610,7459408801617036040,Positive,EXACT_TEXT_27d56c50e31d2931,EXACT_TEXT_27d56c50e31d2931,,exact_duplicate_group_id:EXACT_TEXT_27d56c50e31d2931
42,1,1618,7460726690541912839,Positive,EXACT_TEXT_859b3e82c41c0e36,EXACT_TEXT_859b3e82c41c0e36,,exact_duplicate_group_id:EXACT_TEXT_859b3e82c41c0e36
42,1,1621,7461659201585873672,Positive,EXACT_TEXT_ee07d389f4ce4777,EXACT_TEXT_ee07d389f4ce4777,,exact_duplicate_group_id:EXACT_TEXT_ee07d389f4ce4777
42,1,1627,7462708538512868103,Negative,EXACT_TEXT_61c2e10858a9c873,EXACT_TEXT_61c2e10858a9c873,,exact_duplicate_group_id:EXACT_TEXT_61c2e10858a9c873
42,1,1628,7462784811485168390,Positive,EXACT_TEXT_326d27d08e0d03e6,EXACT_TEXT_326d27d08e0d03e6,,exact_duplicate_group_id:EXACT_TEXT_326d27d08e0d03e6
42,1,1632,7463162070407152390,Negative,EXACT_TEXT_147286bce652ea4c,EXACT_TEXT_147286bce652ea4c,,exact_duplicate_group_id:EXACT_TEXT_147286bce652ea4c
42,1,1642,7468992666293027592,Positive,EXACT_TEXT_3556cffcad315059,EXACT_TEXT_3556cffcad315059,,exact_duplicate_group_id:EXACT_TEXT_3556cffcad315059
42,1,1644,7469439339081220882,Positive,EXACT_TEXT_04506e567d6a6afa,EXACT_TEXT_04506e567d6a6afa,,exact_duplicate_group_id:EXACT_TEXT_04506e567d6a6afa
42,1,1646,7470944018088821522,Negative,EXACT_TEXT_d92e5f559e1304b3,EXACT_TEXT_d92e5f559e1304b3,,exact_duplicate_group_id:EXACT_TEXT_d92e5f559e1304b3
42,1,1656,7476724843804934920,Neutral,EXACT_TEXT_245167933538eb5b,EXACT_TEXT_245167933538eb5b,,exact_duplicate_group_id:EXACT_TEXT_245167933538eb5b
42,1,1664,7480108430808957751,Positive,EXACT_TEXT_9a8f2a9092e3dda5,EXACT_TEXT_9a8f2a9092e3dda5,,exact_duplicate_group_id:EXACT_TEXT_9a8f2a9092e3dda5
42,1,1672,7491351347019973431,Neutral,EXACT_TEXT_e8689c771376efe6,EXACT_TEXT_e8689c771376efe6,,exact_duplicate_group_id:EXACT_TEXT_e8689c771376efe6
42,1,1675,7493957517879100168,Neutral,EXACT_TEXT_194e5c52f7516315,EXACT_TEXT_194e5c52f7516315,,exact_duplicate_group_id:EXACT_TEXT_194e5c52f7516315
42,1,1682,7497475663529050887,Negative,EXACT_TEXT_0bc382e5afd32b68,EXACT_TEXT_0bc382e5afd32b68,,exact_duplicate_group_id:EXACT_TEXT_0bc382e5afd32b68
42,1,1691,7507829893993759496,Positive,EXACT_TEXT_44af5e027eb10105,EXACT_TEXT_44af5e027eb10105,,exact_duplicate_group_id:EXACT_TEXT_44af5e027eb10105
42,1,1710,7521617564851159815,Negative,EXACT_TEXT_0115e7390643b864,EXACT_TEXT_0115e7390643b864,,exact_duplicate_group_id:EXACT_TEXT_0115e7390643b864
42,1,1721,7532149256339571474,Negative,EXACT_TEXT_c5a95a58ec7e22f3,EXACT_TEXT_c5a95a58ec7e22f3,,exact_duplicate_group_id:EXACT_TEXT_c5a95a58ec7e22f3
42,1,1729,7538063841564001042,Neutral,EXACT_TEXT_b88a7da43f2066f3,EXACT_TEXT_b88a7da43f2066f3,,exact_duplicate_group_id:EXACT_TEXT_b88a7da43f2066f3
42,1,1744,7552737085176185601,Neutral,EXACT_TEXT_eaf4a492fa3f39a9,EXACT_TEXT_eaf4a492fa3f39a9,,exact_duplicate_group_id:EXACT_TEXT_eaf4a492fa3f39a9
42,1,1751,7564618097542824712,Neutral,EXACT_TEXT_b92338706f575a99,EXACT_TEXT_b92338706f575a99,,exact_duplicate_group_id:EXACT_TEXT_b92338706f575a99
42,1,1753,7572567481916310279,Positive,EXACT_TEXT_efcd78a798443614,EXACT_TEXT_efcd78a798443614,,exact_duplicate_group_id:EXACT_TEXT_efcd78a798443614
42,1,1766,7586997400416584456,Positive,EXACT_TEXT_01ad6c793ad5416b,EXACT_TEXT_01ad6c793ad5416b,,exact_duplicate_group_id:EXACT_TEXT_01ad6c793ad5416b
42,1,1774,7592102683785118484,Neutral,EXACT_TEXT_55f074fd0ceea7a9,EXACT_TEXT_55f074fd0ceea7a9,,exact_duplicate_group_id:EXACT_TEXT_55f074fd0ceea7a9
42,1,1780,7596243864794219282,Positive,EXACT_TEXT_4effe982e14a2243,EXACT_TEXT_4effe982e14a2243,,exact_duplicate_group_id:EXACT_TEXT_4effe982e14a2243
42,1,1782,7596245348151362312,Positive,EXACT_TEXT_dd468cd0fa344817,EXACT_TEXT_dd468cd0fa344817,,exact_duplicate_group_id:EXACT_TEXT_dd468cd0fa344817
42,1,1783,7596246451714999047,Negative,EXACT_TEXT_4665e3582dbc3da5,EXACT_TEXT_4665e3582dbc3da5,,exact_duplicate_group_id:EXACT_TEXT_4665e3582dbc3da5
42,1,1785,7596250493999923976,Positive,EXACT_TEXT_d9f9e14a569222f7,EXACT_TEXT_d9f9e14a569222f7,,exact_duplicate_group_id:EXACT_TEXT_d9f9e14a569222f7
42,1,1788,7596291689092104978,Neutral,EXACT_TEXT_c978a11cfff518f5,EXACT_TEXT_c978a11cfff518f5,,exact_duplicate_group_id:EXACT_TEXT_c978a11cfff518f5
42,1,1793,7596675022011712263,Negative,EXACT_TEXT_cdd3728f17dc98e5,EXACT_TEXT_cdd3728f17dc98e5,,exact_duplicate_group_id:EXACT_TEXT_cdd3728f17dc98e5
42,1,1797,7597463959885923080,Negative,EXACT_TEXT_bae0e4dcf3875dd7,EXACT_TEXT_bae0e4dcf3875dd7,,exact_duplicate_group_id:EXACT_TEXT_bae0e4dcf3875dd7
42,1,1812,7604766402038514440,Negative,EXACT_TEXT_dd824fcd99919bbf,EXACT_TEXT_dd824fcd99919bbf,,exact_duplicate_group_id:EXACT_TEXT_dd824fcd99919bbf
42,1,1814,7614653514790994695,Neutral,EXACT_GROUP_00207,EXACT_GROUP_00207,SIM_CLUSTER_00027,near_duplicate_cluster_id:SIM_CLUSTER_00027
42,1,1815,7617071115329291028,Neutral,EXACT_GROUP_00207,EXACT_GROUP_00207,SIM_CLUSTER_00027,near_duplicate_cluster_id:SIM_CLUSTER_00027
42,1,1818,7632034400415023880,Negative,EXACT_TEXT_7440c719fbe0f432,EXACT_TEXT_7440c719fbe0f432,,exact_duplicate_group_id:EXACT_TEXT_7440c719fbe0f432
42,1,1823,9087515899010098535,Positive,EXACT_GROUP_00406,EXACT_GROUP_00406,SIM_CLUSTER_00120,near_duplicate_cluster_id:SIM_CLUSTER_00120
42,2,0,1078358560377612835,Positive,EXACT_TEXT_2904127a70d83282,EXACT_TEXT_2904127a70d83282,SIM_CLUSTER_00271,near_duplicate_cluster_id:SIM_CLUSTER_00271
42,2,4,4116937556682421084,Positive,EXACT_GROUP_00839,EXACT_GROUP_00839,SIM_CLUSTER_00271,near_duplicate_cluster_id:SIM_CLUSTER_00271
42,2,13,7123785566018388762,Neutral,EXACT_TEXT_05c55ed684753b81,EXACT_TEXT_05c55ed684753b81,,exact_duplicate_group_id:EXACT_TEXT_05c55ed684753b81
42,2,15,7136552264877409050,Neutral,EXACT_TEXT_ede15a64ec375b9a,EXACT_TEXT_ede15a64ec375b9a,,exact_duplicate_group_id:EXACT_TEXT_ede15a64ec375b9a
42,2,16,7143227982911046427,Negative,EXACT_TEXT_8240a695a1016fc4,EXACT_TEXT_8240a695a1016fc4,,exact_duplicate_group_id:EXACT_TEXT_8240a695a1016fc4
42,2,17,7167935907470476059,Neutral,EXACT_TEXT_4084d2869b29c72b,EXACT_TEXT_4084d2869b29c72b,,exact_duplicate_group_id:EXACT_TEXT_4084d2869b29c72b
42,2,25,7188486918966035226,Neutral,EXACT_TEXT_9330213e71d4d0ca,EXACT_TEXT_9330213e71d4d0ca,,exact_duplicate_group_id:EXACT_TEXT_9330213e71d4d0ca
42,2,30,7204646264817287963,Positive,EXACT_TEXT_8428e23465163787,EXACT_TEXT_8428e23465163787,,exact_duplicate_group_id:EXACT_TEXT_8428e23465163787
42,2,44,7214765278814208773,Negative,EXACT_TEXT_a8888f7ee2e4f897,EXACT_TEXT_a8888f7ee2e4f897,,exact_duplicate_group_id:EXACT_TEXT_a8888f7ee2e4f897
42,2,46,7216607576683201307,Neutral,EXACT_TEXT_f306e1e1467aa1fc,EXACT_TEXT_f306e1e1467aa1fc,SIM_CLUSTER_00280,near_duplicate_cluster_id:SIM_CLUSTER_00280
42,2,49,7221649341571629851,Neutral,EXACT_TEXT_683c306788ddbdfd,EXACT_TEXT_683c306788ddbdfd,,exact_duplicate_group_id:EXACT_TEXT_683c306788ddbdfd
42,2,55,7224553429305344794,Neutral,EXACT_TEXT_93fd3d75e35e1507,EXACT_TEXT_93fd3d75e35e1507,,exact_duplicate_group_id:EXACT_TEXT_93fd3d75e35e1507
42,2,65,7237680786882347781,Positive,EXACT_TEXT_a304276b74c5d29f,EXACT_TEXT_a304276b74c5d29f,,exact_duplicate_group_id:EXACT_TEXT_a304276b74c5d29f
42,2,69,7251161318287475462,Neutral,EXACT_TEXT_4d078e2d9d643058,EXACT_TEXT_4d078e2d9d643058,,exact_duplicate_group_id:EXACT_TEXT_4d078e2d9d643058
42,2,75,7272295526275203846,Neutral,EXACT_TEXT_f50b41adb54214cd,EXACT_TEXT_f50b41adb54214cd,,exact_duplicate_group_id:EXACT_TEXT_f50b41adb54214cd
42,2,78,7287440185271632646,Neutral,EXACT_TEXT_e2509f13f57479a9,EXACT_TEXT_e2509f13f57479a9,,exact_duplicate_group_id:EXACT_TEXT_e2509f13f57479a9
42,2,79,7287603631888171781,Neutral,EXACT_TEXT_ecc2f68d0f565adc,EXACT_TEXT_ecc2f68d0f565adc,,exact_duplicate_group_id:EXACT_TEXT_ecc2f68d0f565adc
42,2,89,7312045541902516997,Neutral,EXACT_TEXT_1be1883be211e493,EXACT_TEXT_1be1883be211e493,,exact_duplicate_group_id:EXACT_TEXT_1be1883be211e493
42,2,97,7312423250763891462,Positive,EXACT_TEXT_a4bedeeb909c51f6,EXACT_TEXT_a4bedeeb909c51f6,,exact_duplicate_group_id:EXACT_TEXT_a4bedeeb909c51f6
42,2,103,7313678254987264774,Neutral,EXACT_TEXT_ef3bb9b4b2e2f908,EXACT_TEXT_ef3bb9b4b2e2f908,SIM_CLUSTER_00045,near_duplicate_cluster_id:SIM_CLUSTER_00045
42,2,114,7318270451284214533,Positive,EXACT_TEXT_3f8e57b9344b033e,EXACT_TEXT_3f8e57b9344b033e,,exact_duplicate_group_id:EXACT_TEXT_3f8e57b9344b033e
42,2,118,7319876546654913285,Neutral,EXACT_TEXT_71aa6778e92bfd62,EXACT_TEXT_71aa6778e92bfd62,,exact_duplicate_group_id:EXACT_TEXT_71aa6778e92bfd62
42,2,123,7320179262581293829,Positive,EXACT_TEXT_e83d207d2d0ed89c,EXACT_TEXT_e83d207d2d0ed89c,,exact_duplicate_group_id:EXACT_TEXT_e83d207d2d0ed89c
42,2,127,7320200273665704710,Neutral,EXACT_TEXT_3468ae5f39cc5f70,EXACT_TEXT_3468ae5f39cc5f70,,exact_duplicate_group_id:EXACT_TEXT_3468ae5f39cc5f70
42,2,129,7320640432550822661,Neutral,EXACT_TEXT_3acfd64344bc3b01,EXACT_TEXT_3acfd64344bc3b01,,exact_duplicate_group_id:EXACT_TEXT_3acfd64344bc3b01
42,2,132,7322890236819456773,Negative,EXACT_TEXT_d1b0caff8e4d1293,EXACT_TEXT_d1b0caff8e4d1293,,exact_duplicate_group_id:EXACT_TEXT_d1b0caff8e4d1293
42,2,134,7323463117349307142,Neutral,EXACT_TEXT_84ba459808b86023,EXACT_TEXT_84ba459808b86023,,exact_duplicate_group_id:EXACT_TEXT_84ba459808b86023
42,2,139,7327474378933158662,Neutral,EXACT_TEXT_aba76b37077669d3,EXACT_TEXT_aba76b37077669d3,,exact_duplicate_group_id:EXACT_TEXT_aba76b37077669d3
42,2,140,7328343779596747525,Neutral,EXACT_TEXT_366b60051a78f388,EXACT_TEXT_366b60051a78f388,SIM_CLUSTER_00432,near_duplicate_cluster_id:SIM_CLUSTER_00432
42,2,141,7329456753429496581,Neutral,EXACT_TEXT_2468d2d271b23c6a,EXACT_TEXT_2468d2d271b23c6a,,exact_duplicate_group_id:EXACT_TEXT_2468d2d271b23c6a
42,2,142,7329777098683826949,Neutral,EXACT_TEXT_08f788edb61d8884,EXACT_TEXT_08f788edb61d8884,,exact_duplicate_group_id:EXACT_TEXT_08f788edb61d8884
42,2,145,7330586327135748870,Positive,EXACT_GROUP_00128,EXACT_GROUP_00128,SIM_CLUSTER_00438,near_duplicate_cluster_id:SIM_CLUSTER_00438
42,2,149,7333985166328873746,Negative,EXACT_TEXT_7c6386537f178573,EXACT_TEXT_7c6386537f178573,,exact_duplicate_group_id:EXACT_TEXT_7c6386537f178573
42,2,158,7340944424291091206,Neutral,EXACT_TEXT_a1c7fb0fee26281c,EXACT_TEXT_a1c7fb0fee26281c,,exact_duplicate_group_id:EXACT_TEXT_a1c7fb0fee26281c
42,2,159,7340950182969918214,Negative,EXACT_TEXT_e2178dde323a9621,EXACT_TEXT_e2178dde323a9621,,exact_duplicate_group_id:EXACT_TEXT_e2178dde323a9621
42,2,163,7341663354357875462,Positive,EXACT_TEXT_6c18b18b23a7fe35,EXACT_TEXT_6c18b18b23a7fe35,,exact_duplicate_group_id:EXACT_TEXT_6c18b18b23a7fe35
42,2,165,7343196983215817478,Negative,EXACT_TEXT_34dce4186e0550a8,EXACT_TEXT_34dce4186e0550a8,,exact_duplicate_group_id:EXACT_TEXT_34dce4186e0550a8
42,2,171,7348653217889452805,Neutral,EXACT_TEXT_ace35c2a17a85829,EXACT_TEXT_ace35c2a17a85829,,exact_duplicate_group_id:EXACT_TEXT_ace35c2a17a85829
42,2,181,7357787611900101382,Positive,EXACT_TEXT_c41a1337eeef0c5a,EXACT_TEXT_c41a1337eeef0c5a,,exact_duplicate_group_id:EXACT_TEXT_c41a1337eeef0c5a
42,2,190,7357943465521021702,Negative,EXACT_TEXT_eb6e6f3ad4bdee30,EXACT_TEXT_eb6e6f3ad4bdee30,,exact_duplicate_group_id:EXACT_TEXT_eb6e6f3ad4bdee30
42,2,192,7357970691813344006,Neutral,EXACT_TEXT_51ea308f96c8cf8d,EXACT_TEXT_51ea308f96c8cf8d,,exact_duplicate_group_id:EXACT_TEXT_51ea308f96c8cf8d
42,2,197,7358017720413651717,Neutral,EXACT_TEXT_1b461358bdd343d1,EXACT_TEXT_1b461358bdd343d1,,exact_duplicate_group_id:EXACT_TEXT_1b461358bdd343d1
42,2,208,7358488993119716101,Neutral,EXACT_TEXT_199a28a9ac3f3342,EXACT_TEXT_199a28a9ac3f3342,,exact_duplicate_group_id:EXACT_TEXT_199a28a9ac3f3342
42,2,209,7358513013169685253,Negative,EXACT_TEXT_925b49eed3b1f4fc,EXACT_TEXT_925b49eed3b1f4fc,,exact_duplicate_group_id:EXACT_TEXT_925b49eed3b1f4fc
42,2,215,7359457922583479046,Neutral,EXACT_TEXT_c4beb67b7d2f655a,EXACT_TEXT_c4beb67b7d2f655a,,exact_duplicate_group_id:EXACT_TEXT_c4beb67b7d2f655a
42,2,218,7359708297187328774,Neutral,EXACT_TEXT_4b366e37bd218c0a,EXACT_TEXT_4b366e37bd218c0a,SIM_CLUSTER_00057,near_duplicate_cluster_id:SIM_CLUSTER_00057
42,2,222,7360198958050935558,Negative,EXACT_TEXT_c2cfe40df0f35372,EXACT_TEXT_c2cfe40df0f35372,,exact_duplicate_group_id:EXACT_TEXT_c2cfe40df0f35372
42,2,227,7362759977041675013,Neutral,EXACT_TEXT_d56b57e9fddab7c1,EXACT_TEXT_d56b57e9fddab7c1,,exact_duplicate_group_id:EXACT_TEXT_d56b57e9fddab7c1
42,2,228,7362905236720190213,Neutral,EXACT_TEXT_5ef5864b3ff00024,EXACT_TEXT_5ef5864b3ff00024,,exact_duplicate_group_id:EXACT_TEXT_5ef5864b3ff00024
42,2,232,7365492882062541573,Positive,EXACT_TEXT_00527cf6a3879ede,EXACT_TEXT_00527cf6a3879ede,,exact_duplicate_group_id:EXACT_TEXT_00527cf6a3879ede
42,2,239,7372944638439162629,Negative,EXACT_TEXT_93c071f5caed1e9e,EXACT_TEXT_93c071f5caed1e9e,,exact_duplicate_group_id:EXACT_TEXT_93c071f5caed1e9e
42,2,242,7376474635820876550,Neutral,EXACT_TEXT_568137251027d5c0,EXACT_TEXT_568137251027d5c0,,exact_duplicate_group_id:EXACT_TEXT_568137251027d5c0
42,2,249,7378511320205411077,Neutral,EXACT_TEXT_67471e7f548e098a,EXACT_TEXT_67471e7f548e098a,,exact_duplicate_group_id:EXACT_TEXT_67471e7f548e098a
42,2,250,7378522242004763398,Neutral,EXACT_TEXT_a52a810142fae5cd,EXACT_TEXT_a52a810142fae5cd,,exact_duplicate_group_id:EXACT_TEXT_a52a810142fae5cd
42,2,252,7379096813607731974,Positive,EXACT_TEXT_0f9661ab4fe97006,EXACT_TEXT_0f9661ab4fe97006,,exact_duplicate_group_id:EXACT_TEXT_0f9661ab4fe97006
42,2,253,7380750258316411653,Negative,EXACT_TEXT_1e99563692093bf5,EXACT_TEXT_1e99563692093bf5,,exact_duplicate_group_id:EXACT_TEXT_1e99563692093bf5
42,2,264,7385772655045853958,Neutral,EXACT_TEXT_c1dad6f297ca26f6,EXACT_TEXT_c1dad6f297ca26f6,,exact_duplicate_group_id:EXACT_TEXT_c1dad6f297ca26f6
42,2,279,7393935094467707654,Neutral,EXACT_TEXT_ad84707d28b76475,EXACT_TEXT_ad84707d28b76475,,exact_duplicate_group_id:EXACT_TEXT_ad84707d28b76475
42,2,280,7397229527270867718,Neutral,EXACT_TEXT_3b933b2952ec5573,EXACT_TEXT_3b933b2952ec5573,,exact_duplicate_group_id:EXACT_TEXT_3b933b2952ec5573
42,2,283,7397950655061426950,Neutral,EXACT_TEXT_84347971b18a5262,EXACT_TEXT_84347971b18a5262,,exact_duplicate_group_id:EXACT_TEXT_84347971b18a5262
42,2,285,7398020138375299856,Neutral,EXACT_TEXT_bc5d9ac7ede39892,EXACT_TEXT_bc5d9ac7ede39892,SIM_CLUSTER_01036,near_duplicate_cluster_id:SIM_CLUSTER_01036
42,2,291,7399193633789346566,Neutral,EXACT_TEXT_61472fd88db339dd,EXACT_TEXT_61472fd88db339dd,,exact_duplicate_group_id:EXACT_TEXT_61472fd88db339dd
42,2,295,7402903879933215494,Neutral,EXACT_TEXT_e0b6a344c89a2494,EXACT_TEXT_e0b6a344c89a2494,,exact_duplicate_group_id:EXACT_TEXT_e0b6a344c89a2494
42,2,299,7407121439063835398,Positive,EXACT_TEXT_1b0ce7ebcc8e2f01,EXACT_TEXT_1b0ce7ebcc8e2f01,,exact_duplicate_group_id:EXACT_TEXT_1b0ce7ebcc8e2f01
42,2,305,7412493433497699078,Neutral,EXACT_TEXT_e88177eca7f1026a,EXACT_TEXT_e88177eca7f1026a,SIM_CLUSTER_00929,near_duplicate_cluster_id:SIM_CLUSTER_00929
42,2,306,7413287003867316997,Negative,EXACT_TEXT_a517b4dce5e9bea3,EXACT_TEXT_a517b4dce5e9bea3,,exact_duplicate_group_id:EXACT_TEXT_a517b4dce5e9bea3
42,2,311,7417439479576855302,Negative,EXACT_TEXT_1576af9e265b942b,EXACT_TEXT_1576af9e265b942b,,exact_duplicate_group_id:EXACT_TEXT_1576af9e265b942b
42,2,321,7421366340701586181,Negative,EXACT_TEXT_cccbadb4e4161997,EXACT_TEXT_cccbadb4e4161997,,exact_duplicate_group_id:EXACT_TEXT_cccbadb4e4161997
42,2,333,7422569489793385221,Negative,EXACT_TEXT_0928ae78074b87d4,EXACT_TEXT_0928ae78074b87d4,,exact_duplicate_group_id:EXACT_TEXT_0928ae78074b87d4
42,2,339,7424191177136767750,Positive,EXACT_TEXT_2f4581845a24d741,EXACT_TEXT_2f4581845a24d741,,exact_duplicate_group_id:EXACT_TEXT_2f4581845a24d741
42,2,355,7428589260124898054,Negative,EXACT_TEXT_48899a0f0e437adf,EXACT_TEXT_48899a0f0e437adf,,exact_duplicate_group_id:EXACT_TEXT_48899a0f0e437adf
42,2,364,7430111056922067718,Neutral,EXACT_TEXT_42622dd9f83efba2,EXACT_TEXT_42622dd9f83efba2,,exact_duplicate_group_id:EXACT_TEXT_42622dd9f83efba2
42,2,374,7432557226013033222,Positive,EXACT_TEXT_7c0a0ec09e2c5cad,EXACT_TEXT_7c0a0ec09e2c5cad,,exact_duplicate_group_id:EXACT_TEXT_7c0a0ec09e2c5cad
42,2,378,7433353437812753170,Neutral,EXACT_TEXT_697915f85bc78628,EXACT_TEXT_697915f85bc78628,,exact_duplicate_group_id:EXACT_TEXT_697915f85bc78628
42,2,384,7435685301819441928,Neutral,EXACT_TEXT_0dc70430711173e1,EXACT_TEXT_0dc70430711173e1,SIM_CLUSTER_00820,near_duplicate_cluster_id:SIM_CLUSTER_00820
42,2,386,7439889454377403152,Neutral,EXACT_TEXT_51532adca687a845,EXACT_TEXT_51532adca687a845,,exact_duplicate_group_id:EXACT_TEXT_51532adca687a845
42,2,391,7447034586683687685,Neutral,EXACT_TEXT_f1a25b400d0576a8,EXACT_TEXT_f1a25b400d0576a8,,exact_duplicate_group_id:EXACT_TEXT_f1a25b400d0576a8
42,2,393,7449030034739118855,Neutral,EXACT_TEXT_0ad3c58b7f8bdfb2,EXACT_TEXT_0ad3c58b7f8bdfb2,,exact_duplicate_group_id:EXACT_TEXT_0ad3c58b7f8bdfb2
42,2,396,7451201472513639169,Neutral,EXACT_TEXT_ab4a3910c634a93a,EXACT_TEXT_ab4a3910c634a93a,SIM_CLUSTER_00184,near_duplicate_cluster_id:SIM_CLUSTER_00184
42,2,402,7455926382796620564,Negative,EXACT_TEXT_fb6198aa425c736b,EXACT_TEXT_fb6198aa425c736b,,exact_duplicate_group_id:EXACT_TEXT_fb6198aa425c736b
42,2,403,7456392465298260757,Neutral,EXACT_TEXT_322d1aa7ff463c5e,EXACT_TEXT_322d1aa7ff463c5e,,exact_duplicate_group_id:EXACT_TEXT_322d1aa7ff463c5e
42,2,404,7457089687733142280,Negative,EXACT_TEXT_770883e6662851db,EXACT_TEXT_770883e6662851db,,exact_duplicate_group_id:EXACT_TEXT_770883e6662851db
42,2,405,7457145601819476744,Positive,EXACT_TEXT_9808110c84498205,EXACT_TEXT_9808110c84498205,,exact_duplicate_group_id:EXACT_TEXT_9808110c84498205
42,2,408,7459030067261539073,Neutral,EXACT_TEXT_c1c1dfa52ae5033d,EXACT_TEXT_c1c1dfa52ae5033d,,exact_duplicate_group_id:EXACT_TEXT_c1c1dfa52ae5033d
42,2,411,7460645723416118021,Negative,EXACT_TEXT_1287fea887371eee,EXACT_TEXT_1287fea887371eee,,exact_duplicate_group_id:EXACT_TEXT_1287fea887371eee
42,2,416,7463511687061848840,Neutral,EXACT_TEXT_8594d5b1800c6891,EXACT_TEXT_8594d5b1800c6891,,exact_duplicate_group_id:EXACT_TEXT_8594d5b1800c6891
42,2,417,7463833284758995733,Negative,EXACT_TEXT_cbf70ddb1f2fcc37,EXACT_TEXT_cbf70ddb1f2fcc37,,exact_duplicate_group_id:EXACT_TEXT_cbf70ddb1f2fcc37
42,2,423,7472563885531693832,Positive,EXACT_TEXT_f81b1f9200f67236,EXACT_TEXT_f81b1f9200f67236,,exact_duplicate_group_id:EXACT_TEXT_f81b1f9200f67236
42,2,424,7472763590983729927,Neutral,EXACT_TEXT_f8e6486a9184b40c,EXACT_TEXT_f8e6486a9184b40c,,exact_duplicate_group_id:EXACT_TEXT_f8e6486a9184b40c
42,2,434,7489244047014593298,Neutral,EXACT_TEXT_341d04f1462ee0d0,EXACT_TEXT_341d04f1462ee0d0,,exact_duplicate_group_id:EXACT_TEXT_341d04f1462ee0d0
42,2,440,7499305830140003088,Neutral,EXACT_GROUP_00166,EXACT_GROUP_00166,SIM_CLUSTER_00045,near_duplicate_cluster_id:SIM_CLUSTER_00045
42,2,442,7502680923206189831,Negative,EXACT_TEXT_022da4c2771259fd,EXACT_TEXT_022da4c2771259fd,,exact_duplicate_group_id:EXACT_TEXT_022da4c2771259fd
42,2,445,7507836969460876039,Positive,EXACT_TEXT_161f592af56010c4,EXACT_TEXT_161f592af56010c4,,exact_duplicate_group_id:EXACT_TEXT_161f592af56010c4
42,2,447,7514649415195149063,Neutral,EXACT_TEXT_555f8b9294cd87b9,EXACT_TEXT_555f8b9294cd87b9,,exact_duplicate_group_id:EXACT_TEXT_555f8b9294cd87b9
42,2,448,7520828754064802568,Negative,EXACT_TEXT_29bbb9e4f5b24325,EXACT_TEXT_29bbb9e4f5b24325,,exact_duplicate_group_id:EXACT_TEXT_29bbb9e4f5b24325
42,2,452,7528720620843467537,Negative,EXACT_TEXT_b94d3da22ad71504,EXACT_TEXT_b94d3da22ad71504,,exact_duplicate_group_id:EXACT_TEXT_b94d3da22ad71504
42,2,454,7530867483558822674,Negative,EXACT_TEXT_eecd2974967cf42b,EXACT_TEXT_eecd2974967cf42b,,exact_duplicate_group_id:EXACT_TEXT_eecd2974967cf42b
42,2,458,7539699748082975506,Positive,EXACT_TEXT_32aa48fbc9652b49,EXACT_TEXT_32aa48fbc9652b49,,exact_duplicate_group_id:EXACT_TEXT_32aa48fbc9652b49
42,2,459,7540667810423915272,Positive,EXACT_TEXT_de6db658be63163a,EXACT_TEXT_de6db658be63163a,,exact_duplicate_group_id:EXACT_TEXT_de6db658be63163a
42,2,466,7555913775367471880,Negative,EXACT_TEXT_85f57bc1c0959789,EXACT_TEXT_85f57bc1c0959789,,exact_duplicate_group_id:EXACT_TEXT_85f57bc1c0959789
42,2,476,7584404639752258312,Positive,EXACT_TEXT_28453bcd9aa12040,EXACT_TEXT_28453bcd9aa12040,,exact_duplicate_group_id:EXACT_TEXT_28453bcd9aa12040
42,2,492,7587047004062302984,Negative,EXACT_TEXT_724c53e3b514966a,EXACT_TEXT_724c53e3b514966a,,exact_duplicate_group_id:EXACT_TEXT_724c53e3b514966a
42,2,494,7587056804390142727,Positive,EXACT_TEXT_181d9bfb3b2f6787,EXACT_TEXT_181d9bfb3b2f6787,,exact_duplicate_group_id:EXACT_TEXT_181d9bfb3b2f6787
42,2,507,7596240010019357447,Neutral,EXACT_TEXT_8e26f17e1a63c5e7,EXACT_TEXT_8e26f17e1a63c5e7,SIM_CLUSTER_00765,near_duplicate_cluster_id:SIM_CLUSTER_00765
42,2,509,7596242591277318930,Positive,EXACT_TEXT_39f53872d8a3eda0,EXACT_TEXT_39f53872d8a3eda0,,exact_duplicate_group_id:EXACT_TEXT_39f53872d8a3eda0
42,2,512,7596245404438561552,Positive,EXACT_TEXT_70bb756479e987ad,EXACT_TEXT_70bb756479e987ad,,exact_duplicate_group_id:EXACT_TEXT_70bb756479e987ad
42,2,513,7596247171654419208,Positive,EXACT_TEXT_e6a5a6bd2919fd8e,EXACT_TEXT_e6a5a6bd2919fd8e,,exact_duplicate_group_id:EXACT_TEXT_e6a5a6bd2919fd8e
42,2,515,7596250016088900373,Positive,EXACT_TEXT_31cce6194d4797d4,EXACT_TEXT_31cce6194d4797d4,,exact_duplicate_group_id:EXACT_TEXT_31cce6194d4797d4
42,2,525,7596403074463597330,Negative,EXACT_TEXT_9cdbd87a83ec2fb0,EXACT_TEXT_9cdbd87a83ec2fb0,,exact_duplicate_group_id:EXACT_TEXT_9cdbd87a83ec2fb0
42,2,532,7604494318586331911,Neutral,EXACT_TEXT_eaf84417fc1b3b05,EXACT_TEXT_eaf84417fc1b3b05,,exact_duplicate_group_id:EXACT_TEXT_eaf84417fc1b3b05
42,2,534,7609304634448429844,Neutral,EXACT_TEXT_2d37c22cf5ae08a0,EXACT_TEXT_2d37c22cf5ae08a0,,exact_duplicate_group_id:EXACT_TEXT_2d37c22cf5ae08a0
42,2,538,7622592044998247184,Neutral,EXACT_TEXT_6b94eb7d738e9b6d,EXACT_TEXT_6b94eb7d738e9b6d,,exact_duplicate_group_id:EXACT_TEXT_6b94eb7d738e9b6d
42,2,539,7627907651800630023,Negative,EXACT_TEXT_26569a0be6f3400d,EXACT_TEXT_26569a0be6f3400d,,exact_duplicate_group_id:EXACT_TEXT_26569a0be6f3400d
42,2,543,8408552461890601760,Positive,EXACT_GROUP_00627,EXACT_GROUP_00627,SIM_CLUSTER_00181,near_duplicate_cluster_id:SIM_CLUSTER_00181
42,2,547,7123786220865733402,Positive,EXACT_TEXT_2b163fdfe6eb424e,EXACT_TEXT_2b163fdfe6eb424e,,exact_duplicate_group_id:EXACT_TEXT_2b163fdfe6eb424e
42,2,551,7129072863659475739,Neutral,EXACT_TEXT_94d3b52425b40915,EXACT_TEXT_94d3b52425b40915,,exact_duplicate_group_id:EXACT_TEXT_94d3b52425b40915
42,2,556,7135622123757929242,Neutral,EXACT_TEXT_39a79fc036f6205f,EXACT_TEXT_39a79fc036f6205f,,exact_duplicate_group_id:EXACT_TEXT_39a79fc036f6205f
42,2,557,7137181518074626842,Neutral,EXACT_TEXT_4c1bcc52d55a05a3,EXACT_TEXT_4c1bcc52d55a05a3,,exact_duplicate_group_id:EXACT_TEXT_4c1bcc52d55a05a3
42,2,560,7146529520320758555,Positive,EXACT_GROUP_00245,EXACT_GROUP_00245,SIM_CLUSTER_00185,near_duplicate_cluster_id:SIM_CLUSTER_00185
42,2,562,7152824110199653147,Neutral,EXACT_TEXT_253beea29620bbbc,EXACT_TEXT_253beea29620bbbc,,exact_duplicate_group_id:EXACT_TEXT_253beea29620bbbc
42,2,566,7158400556422677274,Neutral,EXACT_TEXT_c525ad08c94a273c,EXACT_TEXT_c525ad08c94a273c,SIM_CLUSTER_00325,near_duplicate_cluster_id:SIM_CLUSTER_00325
42,2,573,7173450919555629851,Neutral,EXACT_TEXT_253b94fd283e175b,EXACT_TEXT_253b94fd283e175b,,exact_duplicate_group_id:EXACT_TEXT_253b94fd283e175b
42,2,574,7175130526772511514,Neutral,EXACT_TEXT_c7231bb3d1bb02df,EXACT_TEXT_c7231bb3d1bb02df,,exact_duplicate_group_id:EXACT_TEXT_c7231bb3d1bb02df
42,2,580,7185208026737951514,Positive,EXACT_TEXT_33a5008a8fbc01ec,EXACT_TEXT_33a5008a8fbc01ec,,exact_duplicate_group_id:EXACT_TEXT_33a5008a8fbc01ec
42,2,583,7186112265400943386,Neutral,EXACT_TEXT_84688c7f537280e0,EXACT_TEXT_84688c7f537280e0,,exact_duplicate_group_id:EXACT_TEXT_84688c7f537280e0
42,2,586,7188753513936306971,Negative,EXACT_TEXT_4bde921e1499af5f,EXACT_TEXT_4bde921e1499af5f,,exact_duplicate_group_id:EXACT_TEXT_4bde921e1499af5f
42,2,600,7204894354908087066,Neutral,EXACT_TEXT_5b354b7c6a380f90,EXACT_TEXT_5b354b7c6a380f90,,exact_duplicate_group_id:EXACT_TEXT_5b354b7c6a380f90
42,2,603,7205973661311042330,Neutral,EXACT_TEXT_68c9648287c77e76,EXACT_TEXT_68c9648287c77e76,,exact_duplicate_group_id:EXACT_TEXT_68c9648287c77e76
42,2,605,7206513872437707547,Positive,EXACT_TEXT_ae09adb486576150,EXACT_TEXT_ae09adb486576150,,exact_duplicate_group_id:EXACT_TEXT_ae09adb486576150
42,2,607,7206991277022741274,Neutral,EXACT_TEXT_4e8e4837721b6ea8,EXACT_TEXT_4e8e4837721b6ea8,,exact_duplicate_group_id:EXACT_TEXT_4e8e4837721b6ea8
42,2,608,7207368980818346778,Positive,EXACT_TEXT_9d5cad38482c604d,EXACT_TEXT_9d5cad38482c604d,,exact_duplicate_group_id:EXACT_TEXT_9d5cad38482c604d
42,2,610,7208005296010117915,Neutral,EXACT_TEXT_93d7db76ca1e3be6,EXACT_TEXT_93d7db76ca1e3be6,,exact_duplicate_group_id:EXACT_TEXT_93d7db76ca1e3be6
42,2,612,7208472373073838875,Positive,EXACT_TEXT_ea6d074542bb24fa,EXACT_TEXT_ea6d074542bb24fa,,exact_duplicate_group_id:EXACT_TEXT_ea6d074542bb24fa
42,2,614,7209665012875969307,Neutral,EXACT_TEXT_a10d379a2d894370,EXACT_TEXT_a10d379a2d894370,,exact_duplicate_group_id:EXACT_TEXT_a10d379a2d894370
42,2,619,7210369228532450074,Neutral,EXACT_TEXT_88c6761301050376,EXACT_TEXT_88c6761301050376,,exact_duplicate_group_id:EXACT_TEXT_88c6761301050376
42,2,622,7211543174959366939,Negative,EXACT_TEXT_84cf2b0768fd04af,EXACT_TEXT_84cf2b0768fd04af,,exact_duplicate_group_id:EXACT_TEXT_84cf2b0768fd04af
42,2,627,7213261446549308166,Neutral,EXACT_TEXT_c9985be87526bb74,EXACT_TEXT_c9985be87526bb74,,exact_duplicate_group_id:EXACT_TEXT_c9985be87526bb74
42,2,632,7217080066764784411,Neutral,EXACT_TEXT_6c0dedcc027b0305,EXACT_TEXT_6c0dedcc027b0305,,exact_duplicate_group_id:EXACT_TEXT_6c0dedcc027b0305
42,2,633,7217695052168217370,Positive,EXACT_TEXT_aa9422178d848e8f,EXACT_TEXT_aa9422178d848e8f,,exact_duplicate_group_id:EXACT_TEXT_aa9422178d848e8f
42,2,635,7217968945092428570,Neutral,EXACT_TEXT_f9fae9923db01bb0,EXACT_TEXT_f9fae9923db01bb0,,exact_duplicate_group_id:EXACT_TEXT_f9fae9923db01bb0
42,2,650,7225606293826208539,Neutral,EXACT_TEXT_209b98dcf5e4f043,EXACT_TEXT_209b98dcf5e4f043,,exact_duplicate_group_id:EXACT_TEXT_209b98dcf5e4f043
42,2,654,7225892573024502555,Neutral,EXACT_TEXT_a2d86d960c4a0ccb,EXACT_TEXT_a2d86d960c4a0ccb,SIM_CLUSTER_00325,near_duplicate_cluster_id:SIM_CLUSTER_00325
42,2,659,7225963884095718170,Negative,EXACT_TEXT_e06ebd4af3af00d0,EXACT_TEXT_e06ebd4af3af00d0,,exact_duplicate_group_id:EXACT_TEXT_e06ebd4af3af00d0
42,2,666,7226435284609942299,Positive,EXACT_TEXT_54468e9cb1e032bf,EXACT_TEXT_54468e9cb1e032bf,,exact_duplicate_group_id:EXACT_TEXT_54468e9cb1e032bf
42,2,676,7227076945702978331,Positive,EXACT_GROUP_00140,EXACT_GROUP_00140,SIM_CLUSTER_00409,near_duplicate_cluster_id:SIM_CLUSTER_00409
42,2,677,7227128402838111003,Positive,EXACT_TEXT_323d80a105e4b63e,EXACT_TEXT_323d80a105e4b63e,,exact_duplicate_group_id:EXACT_TEXT_323d80a105e4b63e
42,2,682,7228614589817225989,Positive,EXACT_GROUP_00140,EXACT_GROUP_00140,SIM_CLUSTER_00409,near_duplicate_cluster_id:SIM_CLUSTER_00409
42,2,685,7231034468458087195,Positive,EXACT_TEXT_a4d7dde361644de9,EXACT_TEXT_a4d7dde361644de9,,exact_duplicate_group_id:EXACT_TEXT_a4d7dde361644de9
42,2,701,7238802559727633158,Neutral,EXACT_TEXT_9e059f3ce28093fa,EXACT_TEXT_9e059f3ce28093fa,SIM_CLUSTER_00563,near_duplicate_cluster_id:SIM_CLUSTER_00563
42,2,702,7238803005008741125,Neutral,EXACT_TEXT_8e632ff71dcab31a,EXACT_TEXT_8e632ff71dcab31a,,exact_duplicate_group_id:EXACT_TEXT_8e632ff71dcab31a
42,2,707,7242649604557472518,Neutral,EXACT_TEXT_1eca23f010db6a5b,EXACT_TEXT_1eca23f010db6a5b,,exact_duplicate_group_id:EXACT_TEXT_1eca23f010db6a5b
42,2,708,7243967832990597893,Positive,EXACT_GROUP_00140,EXACT_GROUP_00140,SIM_CLUSTER_00409,near_duplicate_cluster_id:SIM_CLUSTER_00409
42,2,710,7249049466204046086,Neutral,EXACT_TEXT_4dcea153a68f1e5c,EXACT_TEXT_4dcea153a68f1e5c,,exact_duplicate_group_id:EXACT_TEXT_4dcea153a68f1e5c
42,2,714,7252511460919149318,Neutral,EXACT_TEXT_5a32390a5a9d0227,EXACT_TEXT_5a32390a5a9d0227,SIM_CLUSTER_00567,near_duplicate_cluster_id:SIM_CLUSTER_00567
42,2,719,7256724113656808198,Neutral,EXACT_TEXT_00c264acf7e6e9a1,EXACT_TEXT_00c264acf7e6e9a1,,exact_duplicate_group_id:EXACT_TEXT_00c264acf7e6e9a1
42,2,736,7274088420912333573,Neutral,EXACT_TEXT_377947f339d96448,EXACT_TEXT_377947f339d96448,,exact_duplicate_group_id:EXACT_TEXT_377947f339d96448
42,2,739,7279416156040954630,Negative,EXACT_TEXT_b524d5cb56d64bb3,EXACT_TEXT_b524d5cb56d64bb3,,exact_duplicate_group_id:EXACT_TEXT_b524d5cb56d64bb3
42,2,741,7285693567275172614,Positive,EXACT_GROUP_00245,EXACT_GROUP_00245,SIM_CLUSTER_00185,near_duplicate_cluster_id:SIM_CLUSTER_00185
42,2,743,7285864269328188166,Positive,EXACT_GROUP_00245,EXACT_GROUP_00245,SIM_CLUSTER_00185,near_duplicate_cluster_id:SIM_CLUSTER_00185
42,2,744,7286412305986241286,Positive,EXACT_GROUP_00245,EXACT_GROUP_00245,SIM_CLUSTER_00185,near_duplicate_cluster_id:SIM_CLUSTER_00185
42,2,768,7306379052428231429,Neutral,EXACT_TEXT_9642c1fa0d01fb3c,EXACT_TEXT_9642c1fa0d01fb3c,,exact_duplicate_group_id:EXACT_TEXT_9642c1fa0d01fb3c
42,2,778,7312032425030058757,Neutral,EXACT_TEXT_00e8385185e491d3,EXACT_TEXT_00e8385185e491d3,,exact_duplicate_group_id:EXACT_TEXT_00e8385185e491d3
42,2,779,7312040556920701701,Positive,EXACT_TEXT_d93e92ec8beaad1a,EXACT_TEXT_d93e92ec8beaad1a,,exact_duplicate_group_id:EXACT_TEXT_d93e92ec8beaad1a
42,2,790,7313525862333563653,Neutral,EXACT_TEXT_5039c23f2825e1d0,EXACT_TEXT_5039c23f2825e1d0,SIM_CLUSTER_00567,near_duplicate_cluster_id:SIM_CLUSTER_00567
42,2,793,7313904172767920902,Positive,EXACT_TEXT_340ac6ad4cf06c40,EXACT_TEXT_340ac6ad4cf06c40,,exact_duplicate_group_id:EXACT_TEXT_340ac6ad4cf06c40
42,2,795,7314131960737186566,Neutral,EXACT_TEXT_9c9c10d0182525f1,EXACT_TEXT_9c9c10d0182525f1,,exact_duplicate_group_id:EXACT_TEXT_9c9c10d0182525f1
42,2,800,7314934316105876230,Neutral,EXACT_TEXT_db778de1d8538600,EXACT_TEXT_db778de1d8538600,,exact_duplicate_group_id:EXACT_TEXT_db778de1d8538600
42,2,806,7316802960310190854,Positive,EXACT_TEXT_ec5ec323099c2c74,EXACT_TEXT_ec5ec323099c2c74,,exact_duplicate_group_id:EXACT_TEXT_ec5ec323099c2c74
42,2,809,7317281426381390597,Positive,EXACT_TEXT_a34d2ebb2b2e2625,EXACT_TEXT_a34d2ebb2b2e2625,,exact_duplicate_group_id:EXACT_TEXT_a34d2ebb2b2e2625
42,2,851,7331329813112685318,Neutral,EXACT_GROUP_00169,EXACT_GROUP_00169,SIM_CLUSTER_00114,near_duplicate_cluster_id:SIM_CLUSTER_00114
42,2,853,7332456966579028741,Negative,EXACT_TEXT_1f7264767979a3c6,EXACT_TEXT_1f7264767979a3c6,,exact_duplicate_group_id:EXACT_TEXT_1f7264767979a3c6
42,2,854,7332647086997226245,Neutral,EXACT_TEXT_598d3c4967b3eed7,EXACT_TEXT_598d3c4967b3eed7,,exact_duplicate_group_id:EXACT_TEXT_598d3c4967b3eed7
42,2,859,7334319639118398213,Positive,EXACT_TEXT_06ae08e6db9ea2d1,EXACT_TEXT_06ae08e6db9ea2d1,,exact_duplicate_group_id:EXACT_TEXT_06ae08e6db9ea2d1
42,2,864,7336993792040289030,Neutral,EXACT_TEXT_ca2decb87b28bee2,EXACT_TEXT_ca2decb87b28bee2,,exact_duplicate_group_id:EXACT_TEXT_ca2decb87b28bee2
42,2,868,7340596355466035974,Neutral,EXACT_TEXT_af25eefafd7f7a21,EXACT_TEXT_af25eefafd7f7a21,,exact_duplicate_group_id:EXACT_TEXT_af25eefafd7f7a21
42,2,875,7341050930945426182,Negative,EXACT_TEXT_e40056276f961fd1,EXACT_TEXT_e40056276f961fd1,,exact_duplicate_group_id:EXACT_TEXT_e40056276f961fd1
42,2,877,7341230449400546053,Negative,EXACT_TEXT_d886b2e86aae23d9,EXACT_TEXT_d886b2e86aae23d9,,exact_duplicate_group_id:EXACT_TEXT_d886b2e86aae23d9
42,2,885,7344010344329839366,Neutral,EXACT_TEXT_cd1ba40af2abc567,EXACT_TEXT_cd1ba40af2abc567,,exact_duplicate_group_id:EXACT_TEXT_cd1ba40af2abc567
42,2,891,7349521782313812741,Negative,EXACT_TEXT_b2820d5a1bc15f4b,EXACT_TEXT_b2820d5a1bc15f4b,,exact_duplicate_group_id:EXACT_TEXT_b2820d5a1bc15f4b
42,2,905,7357729960284439302,Positive,EXACT_TEXT_daaf28e4ca13314e,EXACT_TEXT_daaf28e4ca13314e,,exact_duplicate_group_id:EXACT_TEXT_daaf28e4ca13314e
42,2,908,7357851534862320389,Positive,EXACT_TEXT_4af93efca1524af1,EXACT_TEXT_4af93efca1524af1,,exact_duplicate_group_id:EXACT_TEXT_4af93efca1524af1
42,2,909,7357871983755379461,Positive,EXACT_TEXT_47bc7a385a1051be,EXACT_TEXT_47bc7a385a1051be,,exact_duplicate_group_id:EXACT_TEXT_47bc7a385a1051be
42,2,912,7357910638214480645,Neutral,EXACT_GROUP_00169,EXACT_GROUP_00169,SIM_CLUSTER_00114,near_duplicate_cluster_id:SIM_CLUSTER_00114
42,2,922,7358021395277726469,Neutral,EXACT_TEXT_22fb79b333a0a7b0,EXACT_TEXT_22fb79b333a0a7b0,,exact_duplicate_group_id:EXACT_TEXT_22fb79b333a0a7b0
42,2,926,7358057770676929286,Neutral,EXACT_TEXT_d5a1b066728c3086,EXACT_TEXT_d5a1b066728c3086,,exact_duplicate_group_id:EXACT_TEXT_d5a1b066728c3086
42,2,931,7358251170152465158,Neutral,EXACT_TEXT_29f92a91fc903142,EXACT_TEXT_29f92a91fc903142,SIM_CLUSTER_00114,near_duplicate_cluster_id:SIM_CLUSTER_00114
42,2,944,7359730540700549893,Neutral,EXACT_GROUP_00168,EXACT_GROUP_00168,SIM_CLUSTER_00114,near_duplicate_cluster_id:SIM_CLUSTER_00114
42,2,953,7360130575292613382,Positive,EXACT_TEXT_b457380039f5c68f,EXACT_TEXT_b457380039f5c68f,,exact_duplicate_group_id:EXACT_TEXT_b457380039f5c68f
42,2,963,7363497849750815493,Positive,EXACT_TEXT_6dce1af75dce430b,EXACT_TEXT_6dce1af75dce430b,,exact_duplicate_group_id:EXACT_TEXT_6dce1af75dce430b
42,2,965,7363694925776421637,Positive,EXACT_TEXT_612223f39fc373de,EXACT_TEXT_612223f39fc373de,,exact_duplicate_group_id:EXACT_TEXT_612223f39fc373de
42,2,967,7363961398807003910,Positive,EXACT_TEXT_1192e76945b8c407,EXACT_TEXT_1192e76945b8c407,,exact_duplicate_group_id:EXACT_TEXT_1192e76945b8c407
42,2,969,7364020184250778373,Neutral,EXACT_TEXT_e453b7d947e8a4e3,EXACT_TEXT_e453b7d947e8a4e3,,exact_duplicate_group_id:EXACT_TEXT_e453b7d947e8a4e3
42,2,975,7365859402132374277,Neutral,EXACT_TEXT_7c6911c4be93ff48,EXACT_TEXT_7c6911c4be93ff48,,exact_duplicate_group_id:EXACT_TEXT_7c6911c4be93ff48
42,2,979,7367028521958490885,Neutral,EXACT_TEXT_6a90c6fb313d4ff7,EXACT_TEXT_6a90c6fb313d4ff7,,exact_duplicate_group_id:EXACT_TEXT_6a90c6fb313d4ff7
42,2,985,7368108236832834309,Positive,EXACT_TEXT_d6f0007c570a80f6,EXACT_TEXT_d6f0007c570a80f6,SIM_CLUSTER_00803,near_duplicate_cluster_id:SIM_CLUSTER_00803
42,2,989,7369219597172491014,Neutral,EXACT_TEXT_57a6d183bb3ca241,EXACT_TEXT_57a6d183bb3ca241,,exact_duplicate_group_id:EXACT_TEXT_57a6d183bb3ca241
42,2,992,7371089481241903877,Positive,EXACT_TEXT_a0a98935954c5d46,EXACT_TEXT_a0a98935954c5d46,,exact_duplicate_group_id:EXACT_TEXT_a0a98935954c5d46
42,2,993,7371579376817537798,Positive,EXACT_TEXT_6b836a3e22c68b96,EXACT_TEXT_6b836a3e22c68b96,SIM_CLUSTER_00445,near_duplicate_cluster_id:SIM_CLUSTER_00445
42,2,1002,7377628480567526149,Positive,EXACT_GROUP_00245,EXACT_GROUP_00245,SIM_CLUSTER_00185,near_duplicate_cluster_id:SIM_CLUSTER_00185
42,2,1007,7378384502588572421,Positive,EXACT_TEXT_e449909d37e179a3,EXACT_TEXT_e449909d37e179a3,,exact_duplicate_group_id:EXACT_TEXT_e449909d37e179a3
42,2,1008,7378459620539335430,Neutral,EXACT_TEXT_9552ab9b75bd90ea,EXACT_TEXT_9552ab9b75bd90ea,,exact_duplicate_group_id:EXACT_TEXT_9552ab9b75bd90ea
42,2,1012,7379979600170976006,Neutral,EXACT_TEXT_0392e66f7652f585,EXACT_TEXT_0392e66f7652f585,,exact_duplicate_group_id:EXACT_TEXT_0392e66f7652f585
42,2,1015,7380625107615941381,Neutral,EXACT_TEXT_df2ec7388a5ad274,EXACT_TEXT_df2ec7388a5ad274,,exact_duplicate_group_id:EXACT_TEXT_df2ec7388a5ad274
42,2,1021,7383224058697286405,Neutral,EXACT_TEXT_4da14f18a5e7eb45,EXACT_TEXT_4da14f18a5e7eb45,SIM_CLUSTER_00114,near_duplicate_cluster_id:SIM_CLUSTER_00114
42,2,1030,7385076319349998342,Negative,EXACT_TEXT_90ff3d5b17d7f613,EXACT_TEXT_90ff3d5b17d7f613,,exact_duplicate_group_id:EXACT_TEXT_90ff3d5b17d7f613
42,2,1031,7385460862666539782,Neutral,EXACT_TEXT_06a0f45956c44e4e,EXACT_TEXT_06a0f45956c44e4e,SIM_CLUSTER_00184,near_duplicate_cluster_id:SIM_CLUSTER_00184
42,2,1036,7388016853135770374,Neutral,EXACT_GROUP_00168,EXACT_GROUP_00168,SIM_CLUSTER_00114,near_duplicate_cluster_id:SIM_CLUSTER_00114
42,2,1044,7388519060479476486,Neutral,EXACT_TEXT_f3e8270ac96326b5,EXACT_TEXT_f3e8270ac96326b5,,exact_duplicate_group_id:EXACT_TEXT_f3e8270ac96326b5
42,2,1045,7388546017073332997,Positive,EXACT_TEXT_6c4aca83350f30e9,EXACT_TEXT_6c4aca83350f30e9,,exact_duplicate_group_id:EXACT_TEXT_6c4aca83350f30e9
42,2,1050,7388775316094747397,Neutral,EXACT_TEXT_bb98f0679d460a02,EXACT_TEXT_bb98f0679d460a02,,exact_duplicate_group_id:EXACT_TEXT_bb98f0679d460a02
42,2,1051,7388835109359649542,Neutral,EXACT_GROUP_00168,EXACT_GROUP_00168,SIM_CLUSTER_00114,near_duplicate_cluster_id:SIM_CLUSTER_00114
42,2,1052,7388894649916965637,Neutral,EXACT_GROUP_00168,EXACT_GROUP_00168,SIM_CLUSTER_00114,near_duplicate_cluster_id:SIM_CLUSTER_00114
42,2,1053,7389655476613612294,Positive,EXACT_GROUP_00245,EXACT_GROUP_00245,SIM_CLUSTER_00185,near_duplicate_cluster_id:SIM_CLUSTER_00185
42,2,1062,7391746717711319814,Negative,EXACT_TEXT_eabf75ca19b0d95d,EXACT_TEXT_eabf75ca19b0d95d,,exact_duplicate_group_id:EXACT_TEXT_eabf75ca19b0d95d
42,2,1064,7392982716157297413,Positive,EXACT_TEXT_2484bbfc639d5a9d,EXACT_TEXT_2484bbfc639d5a9d,,exact_duplicate_group_id:EXACT_TEXT_2484bbfc639d5a9d
42,2,1067,7397305488532390662,Positive,EXACT_TEXT_3e6eb85264a0eb89,EXACT_TEXT_3e6eb85264a0eb89,,exact_duplicate_group_id:EXACT_TEXT_3e6eb85264a0eb89
42,2,1082,7398533725711532805,Positive,EXACT_TEXT_34ca2648c911601d,EXACT_TEXT_34ca2648c911601d,,exact_duplicate_group_id:EXACT_TEXT_34ca2648c911601d
42,2,1087,7399936458059170565,Neutral,EXACT_TEXT_ca88fcb53d19eec0,EXACT_TEXT_ca88fcb53d19eec0,,exact_duplicate_group_id:EXACT_TEXT_ca88fcb53d19eec0
42,2,1093,7404028959853724422,Positive,EXACT_TEXT_5e05589090fd42e2,EXACT_TEXT_5e05589090fd42e2,SIM_CLUSTER_01046,near_duplicate_cluster_id:SIM_CLUSTER_01046
42,2,1094,7404283336775287557,Neutral,EXACT_GROUP_00168,EXACT_GROUP_00168,SIM_CLUSTER_00114,near_duplicate_cluster_id:SIM_CLUSTER_00114
42,2,1095,7404412615533216517,Positive,EXACT_TEXT_93c2f7b65d1d14d3,EXACT_TEXT_93c2f7b65d1d14d3,,exact_duplicate_group_id:EXACT_TEXT_93c2f7b65d1d14d3
42,2,1109,7412679702211789573,Neutral,EXACT_TEXT_22dea1154ecc15e6,EXACT_TEXT_22dea1154ecc15e6,SIM_CLUSTER_00401,near_duplicate_cluster_id:SIM_CLUSTER_00401
42,2,1114,7418952509148398341,Positive,EXACT_TEXT_0158314a4e745d3a,EXACT_TEXT_0158314a4e745d3a,,exact_duplicate_group_id:EXACT_TEXT_0158314a4e745d3a
42,2,1115,7419214368988971781,Negative,EXACT_TEXT_73417a0aa75818d2,EXACT_TEXT_73417a0aa75818d2,,exact_duplicate_group_id:EXACT_TEXT_73417a0aa75818d2
42,2,1118,7419650988799345413,Neutral,EXACT_TEXT_e3acbe9d3ae4693b,EXACT_TEXT_e3acbe9d3ae4693b,,exact_duplicate_group_id:EXACT_TEXT_e3acbe9d3ae4693b
42,2,1119,7419828644820615942,Negative,EXACT_TEXT_3c3fba8b688a8c7b,EXACT_TEXT_3c3fba8b688a8c7b,,exact_duplicate_group_id:EXACT_TEXT_3c3fba8b688a8c7b
42,2,1121,7420291878745096965,Neutral,EXACT_TEXT_0a63cbad619d21c6,EXACT_TEXT_0a63cbad619d21c6,,exact_duplicate_group_id:EXACT_TEXT_0a63cbad619d21c6
42,2,1127,7421155647343018757,Negative,EXACT_TEXT_8b3a244780404260,EXACT_TEXT_8b3a244780404260,,exact_duplicate_group_id:EXACT_TEXT_8b3a244780404260
42,2,1128,7421176459387110150,Negative,EXACT_TEXT_986c60de988e1ea4,EXACT_TEXT_986c60de988e1ea4,,exact_duplicate_group_id:EXACT_TEXT_986c60de988e1ea4
42,2,1130,7421184129792099078,Neutral,EXACT_TEXT_5735e6f6747b5714,EXACT_TEXT_5735e6f6747b5714,,exact_duplicate_group_id:EXACT_TEXT_5735e6f6747b5714
42,2,1132,7421190803068961543,Negative,EXACT_TEXT_c8cbcf21b2c131f0,EXACT_TEXT_c8cbcf21b2c131f0,,exact_duplicate_group_id:EXACT_TEXT_c8cbcf21b2c131f0
42,2,1135,7421195417847137030,Negative,EXACT_TEXT_e79ee2a731694fd9,EXACT_TEXT_e79ee2a731694fd9,,exact_duplicate_group_id:EXACT_TEXT_e79ee2a731694fd9
42,2,1142,7421260273463476997,Negative,EXACT_TEXT_840803b727457912,EXACT_TEXT_840803b727457912,,exact_duplicate_group_id:EXACT_TEXT_840803b727457912
42,2,1144,7421290381301924614,Negative,EXACT_TEXT_47368592cc8c96f2,EXACT_TEXT_47368592cc8c96f2,,exact_duplicate_group_id:EXACT_TEXT_47368592cc8c96f2
42,2,1146,7421301644103828230,Negative,EXACT_TEXT_e5e91ab2165fb915,EXACT_TEXT_e5e91ab2165fb915,,exact_duplicate_group_id:EXACT_TEXT_e5e91ab2165fb915
42,2,1157,7421334839981015814,Negative,EXACT_TEXT_35b95ae7009cc30e,EXACT_TEXT_35b95ae7009cc30e,,exact_duplicate_group_id:EXACT_TEXT_35b95ae7009cc30e
42,2,1169,7421366694885573394,Negative,EXACT_TEXT_f4c10127565c4795,EXACT_TEXT_f4c10127565c4795,,exact_duplicate_group_id:EXACT_TEXT_f4c10127565c4795
42,2,1171,7421381410600157958,Positive,EXACT_TEXT_95c20ce36b153311,EXACT_TEXT_95c20ce36b153311,,exact_duplicate_group_id:EXACT_TEXT_95c20ce36b153311
42,2,1184,7421502561243185926,Negative,EXACT_TEXT_07f6f76459744a01,EXACT_TEXT_07f6f76459744a01,,exact_duplicate_group_id:EXACT_TEXT_07f6f76459744a01
42,2,1189,7421548804593763080,Positive,EXACT_TEXT_d66e1740bcd5fed5,EXACT_TEXT_d66e1740bcd5fed5,,exact_duplicate_group_id:EXACT_TEXT_d66e1740bcd5fed5
42,2,1194,7421583937803551493,Negative,EXACT_TEXT_ffd1f3df10afe033,EXACT_TEXT_ffd1f3df10afe033,,exact_duplicate_group_id:EXACT_TEXT_ffd1f3df10afe033
42,2,1209,7421731786834756357,Negative,EXACT_TEXT_2ee649b8baa6a89d,EXACT_TEXT_2ee649b8baa6a89d,,exact_duplicate_group_id:EXACT_TEXT_2ee649b8baa6a89d
42,2,1213,7421775302433358597,Negative,EXACT_TEXT_eb75771f2a52663d,EXACT_TEXT_eb75771f2a52663d,,exact_duplicate_group_id:EXACT_TEXT_eb75771f2a52663d
42,2,1220,7421918047499518726,Negative,EXACT_TEXT_4a4d9a72d2c6f12e,EXACT_TEXT_4a4d9a72d2c6f12e,,exact_duplicate_group_id:EXACT_TEXT_4a4d9a72d2c6f12e
42,2,1228,7422109936836117253,Negative,EXACT_TEXT_4453768bb6992847,EXACT_TEXT_4453768bb6992847,,exact_duplicate_group_id:EXACT_TEXT_4453768bb6992847
42,2,1229,7422112357004772101,Negative,EXACT_TEXT_4df0d8e89a005a45,EXACT_TEXT_4df0d8e89a005a45,,exact_duplicate_group_id:EXACT_TEXT_4df0d8e89a005a45
42,2,1231,7422117313397015301,Neutral,EXACT_TEXT_fdfcaa7fe9167b90,EXACT_TEXT_fdfcaa7fe9167b90,,exact_duplicate_group_id:EXACT_TEXT_fdfcaa7fe9167b90
42,2,1234,7422169582192657158,Negative,EXACT_TEXT_3c4e28c071308d62,EXACT_TEXT_3c4e28c071308d62,,exact_duplicate_group_id:EXACT_TEXT_3c4e28c071308d62
42,2,1240,7422212122140820230,Negative,EXACT_TEXT_adc00534dfd8f84e,EXACT_TEXT_adc00534dfd8f84e,,exact_duplicate_group_id:EXACT_TEXT_adc00534dfd8f84e
42,2,1244,7422228171217289990,Negative,EXACT_TEXT_03920b7415e5c780,EXACT_TEXT_03920b7415e5c780,,exact_duplicate_group_id:EXACT_TEXT_03920b7415e5c780
42,2,1246,7422241450672636677,Negative,EXACT_TEXT_65a63608de7d3dbf,EXACT_TEXT_65a63608de7d3dbf,,exact_duplicate_group_id:EXACT_TEXT_65a63608de7d3dbf
42,2,1255,7422480253837148935,Negative,EXACT_TEXT_8aae100423429899,EXACT_TEXT_8aae100423429899,,exact_duplicate_group_id:EXACT_TEXT_8aae100423429899
42,2,1258,7422498002512151302,Negative,EXACT_TEXT_dd75e9dd05911f2d,EXACT_TEXT_dd75e9dd05911f2d,SIM_CLUSTER_01085,near_duplicate_cluster_id:SIM_CLUSTER_01085
42,2,1265,7422560919169942277,Negative,EXACT_TEXT_0f33ee948c8dd00a,EXACT_TEXT_0f33ee948c8dd00a,,exact_duplicate_group_id:EXACT_TEXT_0f33ee948c8dd00a
42,2,1269,7422618564198253320,Negative,EXACT_TEXT_54e7f81037631a20,EXACT_TEXT_54e7f81037631a20,,exact_duplicate_group_id:EXACT_TEXT_54e7f81037631a20
42,2,1272,7422643378486264582,Negative,EXACT_TEXT_33a8d21d7380b1fb,EXACT_TEXT_33a8d21d7380b1fb,,exact_duplicate_group_id:EXACT_TEXT_33a8d21d7380b1fb
42,2,1285,7422737162192159494,Neutral,EXACT_TEXT_32c0910ac20271f6,EXACT_TEXT_32c0910ac20271f6,,exact_duplicate_group_id:EXACT_TEXT_32c0910ac20271f6
42,2,1299,7422987484332851974,Negative,EXACT_TEXT_7acb2923553569e7,EXACT_TEXT_7acb2923553569e7,,exact_duplicate_group_id:EXACT_TEXT_7acb2923553569e7
42,2,1308,7424492932483613458,Negative,EXACT_TEXT_b2b9e199ede62f35,EXACT_TEXT_b2b9e199ede62f35,,exact_duplicate_group_id:EXACT_TEXT_b2b9e199ede62f35
42,2,1309,7424688840943698705,Positive,EXACT_TEXT_776df46914b49c3d,EXACT_TEXT_776df46914b49c3d,,exact_duplicate_group_id:EXACT_TEXT_776df46914b49c3d
42,2,1310,7424800585340207878,Neutral,EXACT_TEXT_396730b9e7a4b128,EXACT_TEXT_396730b9e7a4b128,,exact_duplicate_group_id:EXACT_TEXT_396730b9e7a4b128
42,2,1325,7426685002215719686,Neutral,EXACT_TEXT_34db35d41f735e77,EXACT_TEXT_34db35d41f735e77,,exact_duplicate_group_id:EXACT_TEXT_34db35d41f735e77
42,2,1327,7427034975646319365,Neutral,EXACT_TEXT_63a68cc4ab3eefb4,EXACT_TEXT_63a68cc4ab3eefb4,,exact_duplicate_group_id:EXACT_TEXT_63a68cc4ab3eefb4
42,2,1332,7428437621444788997,Positive,EXACT_TEXT_b1beeb96c4606d9b,EXACT_TEXT_b1beeb96c4606d9b,,exact_duplicate_group_id:EXACT_TEXT_b1beeb96c4606d9b
42,2,1338,7428454068341441286,Neutral,EXACT_TEXT_e64ad9c849820dd0,EXACT_TEXT_e64ad9c849820dd0,,exact_duplicate_group_id:EXACT_TEXT_e64ad9c849820dd0
42,2,1340,7428454847685231365,Neutral,EXACT_TEXT_7e2fb44626a1ccb2,EXACT_TEXT_7e2fb44626a1ccb2,,exact_duplicate_group_id:EXACT_TEXT_7e2fb44626a1ccb2
42,2,1341,7428459245497320200,Positive,EXACT_TEXT_c3ab0e60671facdf,EXACT_TEXT_c3ab0e60671facdf,,exact_duplicate_group_id:EXACT_TEXT_c3ab0e60671facdf
42,2,1349,7428477241744818950,Neutral,EXACT_TEXT_e75636baf32dfffe,EXACT_TEXT_e75636baf32dfffe,,exact_duplicate_group_id:EXACT_TEXT_e75636baf32dfffe
42,2,1359,7428542726830162694,Positive,EXACT_TEXT_37a6de0d5b5a5e92,EXACT_TEXT_37a6de0d5b5a5e92,,exact_duplicate_group_id:EXACT_TEXT_37a6de0d5b5a5e92
42,2,1361,7428546502827885330,Positive,EXACT_TEXT_56d4dfc2588b786e,EXACT_TEXT_56d4dfc2588b786e,,exact_duplicate_group_id:EXACT_TEXT_56d4dfc2588b786e
42,2,1379,7428743347591889681,Neutral,EXACT_GROUP_00216,EXACT_GROUP_00216,SIM_CLUSTER_00164,near_duplicate_cluster_id:SIM_CLUSTER_00164
42,2,1382,7428756443396915974,Neutral,EXACT_TEXT_7ca4c336b8d7f4a1,EXACT_TEXT_7ca4c336b8d7f4a1,,exact_duplicate_group_id:EXACT_TEXT_7ca4c336b8d7f4a1
42,2,1387,7428819287047832325,Negative,EXACT_TEXT_d3034130ff07dbc6,EXACT_TEXT_d3034130ff07dbc6,,exact_duplicate_group_id:EXACT_TEXT_d3034130ff07dbc6
42,2,1393,7428920345430688529,Neutral,EXACT_TEXT_4ab73ac1be940106,EXACT_TEXT_4ab73ac1be940106,,exact_duplicate_group_id:EXACT_TEXT_4ab73ac1be940106
42,2,1396,7428938186855056134,Neutral,EXACT_TEXT_8f0a4d8786cad228,EXACT_TEXT_8f0a4d8786cad228,,exact_duplicate_group_id:EXACT_TEXT_8f0a4d8786cad228
42,2,1400,7428980859867333382,Neutral,EXACT_TEXT_ec5bfaabd14bbf36,EXACT_TEXT_ec5bfaabd14bbf36,SIM_CLUSTER_00720,near_duplicate_cluster_id:SIM_CLUSTER_00720
42,2,1418,7429547699379503877,Negative,EXACT_TEXT_8d6ed3f0b48b69e4,EXACT_TEXT_8d6ed3f0b48b69e4,,exact_duplicate_group_id:EXACT_TEXT_8d6ed3f0b48b69e4
42,2,1422,7429620689340695314,Positive,EXACT_TEXT_d7c15ff4bc79e35b,EXACT_TEXT_d7c15ff4bc79e35b,,exact_duplicate_group_id:EXACT_TEXT_d7c15ff4bc79e35b
42,2,1425,7429747647088476936,Neutral,EXACT_TEXT_e979eef047181bf8,EXACT_TEXT_e979eef047181bf8,,exact_duplicate_group_id:EXACT_TEXT_e979eef047181bf8
42,2,1428,7429890501560730386,Neutral,EXACT_TEXT_939dfd409ee07771,EXACT_TEXT_939dfd409ee07771,,exact_duplicate_group_id:EXACT_TEXT_939dfd409ee07771
42,2,1440,7430338086921896709,Negative,EXACT_TEXT_b71d661285a09dcb,EXACT_TEXT_b71d661285a09dcb,,exact_duplicate_group_id:EXACT_TEXT_b71d661285a09dcb
42,2,1455,7431020529982817032,Negative,EXACT_TEXT_6cee7de4e53c9fe1,EXACT_TEXT_6cee7de4e53c9fe1,,exact_duplicate_group_id:EXACT_TEXT_6cee7de4e53c9fe1
42,2,1460,7431131287655875334,Negative,EXACT_TEXT_d52e39abebb24e1a,EXACT_TEXT_d52e39abebb24e1a,,exact_duplicate_group_id:EXACT_TEXT_d52e39abebb24e1a
42,2,1461,7431150964936131333,Negative,EXACT_TEXT_af7f8fcb2152243d,EXACT_TEXT_af7f8fcb2152243d,,exact_duplicate_group_id:EXACT_TEXT_af7f8fcb2152243d
42,2,1470,7432212264364868358,Neutral,EXACT_TEXT_93df615d25462034,EXACT_TEXT_93df615d25462034,SIM_CLUSTER_01233,near_duplicate_cluster_id:SIM_CLUSTER_01233
42,2,1471,7432216132754490117,Neutral,EXACT_TEXT_c46a7504a9e528b0,EXACT_TEXT_c46a7504a9e528b0,,exact_duplicate_group_id:EXACT_TEXT_c46a7504a9e528b0
42,2,1482,7433727728832463617,Negative,EXACT_TEXT_3a37e088288c9439,EXACT_TEXT_3a37e088288c9439,,exact_duplicate_group_id:EXACT_TEXT_3a37e088288c9439
42,2,1490,7435492010503521044,Negative,EXACT_TEXT_1895d5998b4c0723,EXACT_TEXT_1895d5998b4c0723,,exact_duplicate_group_id:EXACT_TEXT_1895d5998b4c0723
42,2,1492,7435858852271948600,Negative,EXACT_TEXT_3cd448c16e665bca,EXACT_TEXT_3cd448c16e665bca,,exact_duplicate_group_id:EXACT_TEXT_3cd448c16e665bca
42,2,1493,7436015506686444343,Neutral,EXACT_TEXT_6f38c8bd7f423d18,EXACT_TEXT_6f38c8bd7f423d18,SIM_CLUSTER_00114,near_duplicate_cluster_id:SIM_CLUSTER_00114
42,2,1514,7438161776196518711,Neutral,EXACT_TEXT_3270cc510aaaf5b2,EXACT_TEXT_3270cc510aaaf5b2,,exact_duplicate_group_id:EXACT_TEXT_3270cc510aaaf5b2
42,2,1531,7439990864107782930,Positive,EXACT_TEXT_2d1274f66be62efc,EXACT_TEXT_2d1274f66be62efc,,exact_duplicate_group_id:EXACT_TEXT_2d1274f66be62efc
42,2,1542,7442918026603479828,Neutral,EXACT_TEXT_13887915c8f5f941,EXACT_TEXT_13887915c8f5f941,SIM_CLUSTER_00164,near_duplicate_cluster_id:SIM_CLUSTER_00164
42,2,1543,7443030548849410834,Neutral,EXACT_GROUP_00168,EXACT_GROUP_00168,SIM_CLUSTER_00114,near_duplicate_cluster_id:SIM_CLUSTER_00114
42,2,1560,7447188154295108370,Negative,EXACT_TEXT_3304f0597566ce3c,EXACT_TEXT_3304f0597566ce3c,,exact_duplicate_group_id:EXACT_TEXT_3304f0597566ce3c
42,2,1570,7450005171181175557,Neutral,EXACT_TEXT_2a8c62e4170f9ddc,EXACT_TEXT_2a8c62e4170f9ddc,SIM_CLUSTER_00114,near_duplicate_cluster_id:SIM_CLUSTER_00114
42,2,1584,7455133741192987399,Negative,EXACT_TEXT_96ae8e84ffc46ca7,EXACT_TEXT_96ae8e84ffc46ca7,,exact_duplicate_group_id:EXACT_TEXT_96ae8e84ffc46ca7
42,2,1599,7458167111912407813,Negative,EXACT_TEXT_dc71bbab71170e12,EXACT_TEXT_dc71bbab71170e12,SIM_CLUSTER_00520,near_duplicate_cluster_id:SIM_CLUSTER_00520
42,2,1600,7458167292648833798,Negative,EXACT_GROUP_00501,EXACT_GROUP_00501,SIM_CLUSTER_00520,near_duplicate_cluster_id:SIM_CLUSTER_00520
42,2,1601,7458167426157396741,Negative,EXACT_GROUP_00501,EXACT_GROUP_00501,SIM_CLUSTER_00520,near_duplicate_cluster_id:SIM_CLUSTER_00520
42,2,1602,7458167551328092933,Negative,EXACT_GROUP_00501,EXACT_GROUP_00501,SIM_CLUSTER_00520,near_duplicate_cluster_id:SIM_CLUSTER_00520
42,2,1613,7459661956102816529,Negative,EXACT_TEXT_8dede9aad53afe57,EXACT_TEXT_8dede9aad53afe57,,exact_duplicate_group_id:EXACT_TEXT_8dede9aad53afe57
42,2,1623,7461901510697272072,Neutral,EXACT_TEXT_2aa1996302a52a29,EXACT_TEXT_2aa1996302a52a29,,exact_duplicate_group_id:EXACT_TEXT_2aa1996302a52a29
42,2,1630,7463067570218189586,Negative,EXACT_TEXT_8d65bce7a8ce6c60,EXACT_TEXT_8d65bce7a8ce6c60,,exact_duplicate_group_id:EXACT_TEXT_8d65bce7a8ce6c60
42,2,1638,7467180465842258694,Negative,EXACT_TEXT_88b127013262bb00,EXACT_TEXT_88b127013262bb00,,exact_duplicate_group_id:EXACT_TEXT_88b127013262bb00
42,2,1643,7468995052501959431,Positive,EXACT_TEXT_c115fe1e0b77c9dc,EXACT_TEXT_c115fe1e0b77c9dc,,exact_duplicate_group_id:EXACT_TEXT_c115fe1e0b77c9dc
42,2,1645,7470446039091495700,Neutral,EXACT_TEXT_3210cb5266ee686e,EXACT_TEXT_3210cb5266ee686e,,exact_duplicate_group_id:EXACT_TEXT_3210cb5266ee686e
42,2,1666,7480562674825347848,Negative,EXACT_TEXT_3630252ba27b915c,EXACT_TEXT_3630252ba27b915c,,exact_duplicate_group_id:EXACT_TEXT_3630252ba27b915c
42,2,1668,7484332418754806536,Negative,EXACT_TEXT_ce4c36e0996d4b2a,EXACT_TEXT_ce4c36e0996d4b2a,,exact_duplicate_group_id:EXACT_TEXT_ce4c36e0996d4b2a
42,2,1671,7490791432316388104,Neutral,EXACT_TEXT_6ec5dccd23de4618,EXACT_TEXT_6ec5dccd23de4618,,exact_duplicate_group_id:EXACT_TEXT_6ec5dccd23de4618
42,2,1681,7496713803562042113,Positive,EXACT_TEXT_6155a1223e0e60cf,EXACT_TEXT_6155a1223e0e60cf,,exact_duplicate_group_id:EXACT_TEXT_6155a1223e0e60cf
42,2,1700,7510220905870557959,Positive,EXACT_TEXT_dc33a6d8a648180b,EXACT_TEXT_dc33a6d8a648180b,,exact_duplicate_group_id:EXACT_TEXT_dc33a6d8a648180b
42,2,1704,7513952961790722824,Negative,EXACT_TEXT_83450c0f6fa954ad,EXACT_TEXT_83450c0f6fa954ad,,exact_duplicate_group_id:EXACT_TEXT_83450c0f6fa954ad
42,2,1708,7517665531311244039,Neutral,EXACT_TEXT_ed1aecd13deecfae,EXACT_TEXT_ed1aecd13deecfae,,exact_duplicate_group_id:EXACT_TEXT_ed1aecd13deecfae
42,2,1714,7524528025221071634,Neutral,EXACT_TEXT_ef8a1a380faf3471,EXACT_TEXT_ef8a1a380faf3471,,exact_duplicate_group_id:EXACT_TEXT_ef8a1a380faf3471
42,2,1717,7527093436102918920,Positive,EXACT_TEXT_0606a1a11cfb05df,EXACT_TEXT_0606a1a11cfb05df,,exact_duplicate_group_id:EXACT_TEXT_0606a1a11cfb05df
42,2,1722,7534596875879039761,Negative,EXACT_TEXT_dc63b8417323b070,EXACT_TEXT_dc63b8417323b070,,exact_duplicate_group_id:EXACT_TEXT_dc63b8417323b070
42,2,1723,7534860110444118791,Negative,EXACT_TEXT_3b34c751ea1206ac,EXACT_TEXT_3b34c751ea1206ac,,exact_duplicate_group_id:EXACT_TEXT_3b34c751ea1206ac
42,2,1728,7537991858938643216,Positive,EXACT_TEXT_8b3dbc3c34964236,EXACT_TEXT_8b3dbc3c34964236,,exact_duplicate_group_id:EXACT_TEXT_8b3dbc3c34964236
42,2,1735,7544157508241228564,Negative,EXACT_TEXT_d591f4da427d92a6,EXACT_TEXT_d591f4da427d92a6,,exact_duplicate_group_id:EXACT_TEXT_d591f4da427d92a6
42,2,1737,7544951789310100232,Neutral,EXACT_TEXT_03c000b6355a9301,EXACT_TEXT_03c000b6355a9301,,exact_duplicate_group_id:EXACT_TEXT_03c000b6355a9301
42,2,1739,7546069674447209223,Negative,EXACT_TEXT_396c4b2f12b85168,EXACT_TEXT_396c4b2f12b85168,,exact_duplicate_group_id:EXACT_TEXT_396c4b2f12b85168
42,2,1750,7562169653964243719,Neutral,EXACT_TEXT_ec507d5bd17209eb,EXACT_TEXT_ec507d5bd17209eb,,exact_duplicate_group_id:EXACT_TEXT_ec507d5bd17209eb
42,2,1754,7572824953540805383,Neutral,EXACT_GROUP_00216,EXACT_GROUP_00216,SIM_CLUSTER_00164,near_duplicate_cluster_id:SIM_CLUSTER_00164
42,2,1755,7573600017039393556,Neutral,EXACT_TEXT_e021df7c9a22a394,EXACT_TEXT_e021df7c9a22a394,,exact_duplicate_group_id:EXACT_TEXT_e021df7c9a22a394
42,2,1762,7584404491761861383,Positive,EXACT_TEXT_512498c720f9a43e,EXACT_TEXT_512498c720f9a43e,,exact_duplicate_group_id:EXACT_TEXT_512498c720f9a43e
42,2,1763,7586846884108780308,Neutral,EXACT_TEXT_59710961823cb264,EXACT_TEXT_59710961823cb264,,exact_duplicate_group_id:EXACT_TEXT_59710961823cb264
42,2,1764,7586869374007771924,Neutral,EXACT_TEXT_2526511002bf8633,EXACT_TEXT_2526511002bf8633,,exact_duplicate_group_id:EXACT_TEXT_2526511002bf8633
42,2,1773,7590983102874501889,Neutral,EXACT_GROUP_00168,EXACT_GROUP_00168,SIM_CLUSTER_00114,near_duplicate_cluster_id:SIM_CLUSTER_00114
42,2,1779,7596243763569050369,Neutral,EXACT_TEXT_6ba4482faf5201fc,EXACT_TEXT_6ba4482faf5201fc,,exact_duplicate_group_id:EXACT_TEXT_6ba4482faf5201fc
42,2,1784,7596250134884123410,Positive,EXACT_TEXT_a2f895a1c37bad20,EXACT_TEXT_a2f895a1c37bad20,,exact_duplicate_group_id:EXACT_TEXT_a2f895a1c37bad20
42,2,1786,7596276325607637780,Positive,EXACT_TEXT_a87baadd2542b0d4,EXACT_TEXT_a87baadd2542b0d4,,exact_duplicate_group_id:EXACT_TEXT_a87baadd2542b0d4
42,2,1790,7596491512835179272,Positive,EXACT_TEXT_23ba3e7eb0378907,EXACT_TEXT_23ba3e7eb0378907,,exact_duplicate_group_id:EXACT_TEXT_23ba3e7eb0378907
42,2,1801,7598600214124200722,Negative,EXACT_TEXT_968efd329c553569,EXACT_TEXT_968efd329c553569,,exact_duplicate_group_id:EXACT_TEXT_968efd329c553569
42,2,1803,7599111939948839700,Neutral,EXACT_TEXT_2a47f4d72ebfad40,EXACT_TEXT_2a47f4d72ebfad40,,exact_duplicate_group_id:EXACT_TEXT_2a47f4d72ebfad40
42,2,1808,7600044354103313170,Positive,EXACT_TEXT_eb9d5950f070cbda,EXACT_TEXT_eb9d5950f070cbda,,exact_duplicate_group_id:EXACT_TEXT_eb9d5950f070cbda
42,2,1809,7600050056381809429,Negative,EXACT_TEXT_1ac7b7fa47d52360,EXACT_TEXT_1ac7b7fa47d52360,,exact_duplicate_group_id:EXACT_TEXT_1ac7b7fa47d52360
42,2,1817,7619091092960494337,Neutral,EXACT_TEXT_2ac518b2874b51c4,EXACT_TEXT_2ac518b2874b51c4,,exact_duplicate_group_id:EXACT_TEXT_2ac518b2874b51c4
42,2,1820,7639026817244201749,Neutral,EXACT_TEXT_ef8c8851fd656463,EXACT_TEXT_ef8c8851fd656463,,exact_duplicate_group_id:EXACT_TEXT_ef8c8851fd656463
42,3,9,5823062342045730092,Positive,EXACT_GROUP_00475,EXACT_GROUP_00475,SIM_CLUSTER_00205,near_duplicate_cluster_id:SIM_CLUSTER_00205
42,3,11,6497555322016849843,Neutral,EXACT_GROUP_00144,EXACT_GROUP_00144,SIM_CLUSTER_00320,near_duplicate_cluster_id:SIM_CLUSTER_00320
42,3,20,7174382298128024347,Neutral,EXACT_TEXT_811c16ec86141691,EXACT_TEXT_811c16ec86141691,,exact_duplicate_group_id:EXACT_TEXT_811c16ec86141691
42,3,24,7188126789989335835,Neutral,EXACT_TEXT_21bbce1fc6738fe0,EXACT_TEXT_21bbce1fc6738fe0,,exact_duplicate_group_id:EXACT_TEXT_21bbce1fc6738fe0
42,3,28,7200692561793991451,Neutral,EXACT_TEXT_b3780664904d58fb,EXACT_TEXT_b3780664904d58fb,,exact_duplicate_group_id:EXACT_TEXT_b3780664904d58fb
42,3,37,7206607576397644571,Neutral,EXACT_TEXT_c147e13755f210f6,EXACT_TEXT_c147e13755f210f6,,exact_duplicate_group_id:EXACT_TEXT_c147e13755f210f6
42,3,39,7209254849912537883,Neutral,EXACT_TEXT_d10011abb815d787,EXACT_TEXT_d10011abb815d787,,exact_duplicate_group_id:EXACT_TEXT_d10011abb815d787
42,3,41,7210114446663107355,Neutral,EXACT_TEXT_1ece971cf8ca8a9e,EXACT_TEXT_1ece971cf8ca8a9e,,exact_duplicate_group_id:EXACT_TEXT_1ece971cf8ca8a9e
42,3,50,7222641991367803675,Neutral,EXACT_TEXT_b6b0f428ab74c657,EXACT_TEXT_b6b0f428ab74c657,,exact_duplicate_group_id:EXACT_TEXT_b6b0f428ab74c657
42,3,63,7229876787517260570,Positive,EXACT_TEXT_8b9c3aa3c51c730c,EXACT_TEXT_8b9c3aa3c51c730c,,exact_duplicate_group_id:EXACT_TEXT_8b9c3aa3c51c730c
42,3,67,7248028245966242566,Neutral,EXACT_TEXT_cc8ab721ff869814,EXACT_TEXT_cc8ab721ff869814,,exact_duplicate_group_id:EXACT_TEXT_cc8ab721ff869814
42,3,70,7251780942800634629,Positive,EXACT_TEXT_c8de3d3cbce31b1f,EXACT_TEXT_c8de3d3cbce31b1f,,exact_duplicate_group_id:EXACT_TEXT_c8de3d3cbce31b1f
42,3,84,7308335086637122310,Neutral,EXACT_TEXT_e4210b3a3d50557f,EXACT_TEXT_e4210b3a3d50557f,,exact_duplicate_group_id:EXACT_TEXT_e4210b3a3d50557f
42,3,85,7309874085793678085,Neutral,EXACT_TEXT_b917e27853e2296b,EXACT_TEXT_b917e27853e2296b,,exact_duplicate_group_id:EXACT_TEXT_b917e27853e2296b
42,3,87,7312025646363722502,Neutral,EXACT_TEXT_6789abc6a6a1a1ec,EXACT_TEXT_6789abc6a6a1a1ec,,exact_duplicate_group_id:EXACT_TEXT_6789abc6a6a1a1ec
42,3,90,7312052027029881606,Neutral,EXACT_TEXT_bf3258fa33c9a293,EXACT_TEXT_bf3258fa33c9a293,,exact_duplicate_group_id:EXACT_TEXT_bf3258fa33c9a293
42,3,93,7312070282369745666,Positive,EXACT_TEXT_ec8375212ae42472,EXACT_TEXT_ec8375212ae42472,,exact_duplicate_group_id:EXACT_TEXT_ec8375212ae42472
42,3,95,7312079393421067013,Negative,EXACT_TEXT_ebe4403b360cb646,EXACT_TEXT_ebe4403b360cb646,,exact_duplicate_group_id:EXACT_TEXT_ebe4403b360cb646
42,3,104,7314145291331027717,Neutral,EXACT_TEXT_db219842ee07d473,EXACT_TEXT_db219842ee07d473,,exact_duplicate_group_id:EXACT_TEXT_db219842ee07d473
42,3,107,7315105902082900742,Positive,EXACT_TEXT_2f73ab9834aeb084,EXACT_TEXT_2f73ab9834aeb084,,exact_duplicate_group_id:EXACT_TEXT_2f73ab9834aeb084
42,3,111,7317205302574301957,Neutral,EXACT_TEXT_468f6aac41542cf5,EXACT_TEXT_468f6aac41542cf5,,exact_duplicate_group_id:EXACT_TEXT_468f6aac41542cf5
42,3,112,7317297651186598661,Positive,EXACT_TEXT_97bd399e482903f1,EXACT_TEXT_97bd399e482903f1,,exact_duplicate_group_id:EXACT_TEXT_97bd399e482903f1
42,3,113,7317885504392151814,Negative,EXACT_TEXT_35a3f1c6db20056f,EXACT_TEXT_35a3f1c6db20056f,,exact_duplicate_group_id:EXACT_TEXT_35a3f1c6db20056f
42,3,115,7318659947952603909,Positive,EXACT_TEXT_bc1a530fd5d2bc19,EXACT_TEXT_bc1a530fd5d2bc19,,exact_duplicate_group_id:EXACT_TEXT_bc1a530fd5d2bc19
42,3,119,7320096353039188742,Neutral,EXACT_TEXT_b5b7d222ef5a3056,EXACT_TEXT_b5b7d222ef5a3056,,exact_duplicate_group_id:EXACT_TEXT_b5b7d222ef5a3056
42,3,121,7320121300960822021,Neutral,EXACT_TEXT_0179b37fbe76d375,EXACT_TEXT_0179b37fbe76d375,,exact_duplicate_group_id:EXACT_TEXT_0179b37fbe76d375
42,3,143,7330197851140145926,Neutral,EXACT_TEXT_e48481fe7b272f08,EXACT_TEXT_e48481fe7b272f08,,exact_duplicate_group_id:EXACT_TEXT_e48481fe7b272f08
42,3,150,7334161555136709382,Positive,EXACT_TEXT_5d17fb1cc541180c,EXACT_TEXT_5d17fb1cc541180c,,exact_duplicate_group_id:EXACT_TEXT_5d17fb1cc541180c
42,3,154,7336930083172811525,Negative,EXACT_TEXT_4e5dd3f930dbdca7,EXACT_TEXT_4e5dd3f930dbdca7,,exact_duplicate_group_id:EXACT_TEXT_4e5dd3f930dbdca7
42,3,161,7341041442758378246,Positive,EXACT_TEXT_ccf9b91f4008ee6c,EXACT_TEXT_ccf9b91f4008ee6c,,exact_duplicate_group_id:EXACT_TEXT_ccf9b91f4008ee6c
42,3,167,7345105648386032390,Positive,EXACT_TEXT_ca21bd5f0a42b8b9,EXACT_TEXT_ca21bd5f0a42b8b9,,exact_duplicate_group_id:EXACT_TEXT_ca21bd5f0a42b8b9
42,3,169,7345355533945340678,Neutral,EXACT_TEXT_a531346506145280,EXACT_TEXT_a531346506145280,,exact_duplicate_group_id:EXACT_TEXT_a531346506145280
42,3,189,7357923330228126469,Negative,EXACT_TEXT_3e23f0de2f9f1e3a,EXACT_TEXT_3e23f0de2f9f1e3a,,exact_duplicate_group_id:EXACT_TEXT_3e23f0de2f9f1e3a
42,3,200,7358153134517191430,Negative,EXACT_TEXT_81b0bce79fa5e351,EXACT_TEXT_81b0bce79fa5e351,,exact_duplicate_group_id:EXACT_TEXT_81b0bce79fa5e351
42,3,204,7358335430620021510,Neutral,EXACT_TEXT_3ef1d3608b244e4a,EXACT_TEXT_3ef1d3608b244e4a,,exact_duplicate_group_id:EXACT_TEXT_3ef1d3608b244e4a
42,3,205,7358336881115562758,Positive,EXACT_TEXT_a035a6dd56ff3049,EXACT_TEXT_a035a6dd56ff3049,,exact_duplicate_group_id:EXACT_TEXT_a035a6dd56ff3049
42,3,211,7358682351831761670,Neutral,EXACT_TEXT_25efb1b6557b276a,EXACT_TEXT_25efb1b6557b276a,,exact_duplicate_group_id:EXACT_TEXT_25efb1b6557b276a
42,3,216,7359525497539281669,Positive,EXACT_TEXT_d62aafc50c6b05fe,EXACT_TEXT_d62aafc50c6b05fe,,exact_duplicate_group_id:EXACT_TEXT_d62aafc50c6b05fe
42,3,219,7359770053929452293,Negative,EXACT_TEXT_34353b7bdc672351,EXACT_TEXT_34353b7bdc672351,,exact_duplicate_group_id:EXACT_TEXT_34353b7bdc672351
42,3,234,7366216602360857349,Positive,EXACT_TEXT_a9a53433b3a0840a,EXACT_TEXT_a9a53433b3a0840a,,exact_duplicate_group_id:EXACT_TEXT_a9a53433b3a0840a
42,3,237,7371392504329667335,Positive,EXACT_TEXT_53f50c4d0e27ce6d,EXACT_TEXT_53f50c4d0e27ce6d,,exact_duplicate_group_id:EXACT_TEXT_53f50c4d0e27ce6d
42,3,248,7378509528494883590,Neutral,EXACT_TEXT_826d2c7e1b72107d,EXACT_TEXT_826d2c7e1b72107d,,exact_duplicate_group_id:EXACT_TEXT_826d2c7e1b72107d
42,3,251,7378571864202871558,Positive,EXACT_TEXT_cc8a16a5e3c203d8,EXACT_TEXT_cc8a16a5e3c203d8,,exact_duplicate_group_id:EXACT_TEXT_cc8a16a5e3c203d8
42,3,257,7382901237107262214,Neutral,EXACT_TEXT_0f9f504072bfd03c,EXACT_TEXT_0f9f504072bfd03c,,exact_duplicate_group_id:EXACT_TEXT_0f9f504072bfd03c
42,3,270,7388517004779143942,Neutral,EXACT_TEXT_d581f771bb56c1eb,EXACT_TEXT_d581f771bb56c1eb,SIM_CLUSTER_00033,near_duplicate_cluster_id:SIM_CLUSTER_00033
42,3,275,7390363726446117638,Neutral,EXACT_TEXT_71f3ef78efbf3d56,EXACT_TEXT_71f3ef78efbf3d56,,exact_duplicate_group_id:EXACT_TEXT_71f3ef78efbf3d56
42,3,277,7392860246442312453,Positive,EXACT_TEXT_62b472234f582ef2,EXACT_TEXT_62b472234f582ef2,,exact_duplicate_group_id:EXACT_TEXT_62b472234f582ef2
42,3,278,7393629524293108485,Neutral,EXACT_TEXT_d313ddb0ebdfcc3c,EXACT_TEXT_d313ddb0ebdfcc3c,,exact_duplicate_group_id:EXACT_TEXT_d313ddb0ebdfcc3c
42,3,292,7399732216680743686,Neutral,EXACT_TEXT_4486305b1ccdd90f,EXACT_TEXT_4486305b1ccdd90f,,exact_duplicate_group_id:EXACT_TEXT_4486305b1ccdd90f
42,3,293,7402155614460314374,Neutral,EXACT_TEXT_dcf8930cb3084e41,EXACT_TEXT_dcf8930cb3084e41,,exact_duplicate_group_id:EXACT_TEXT_dcf8930cb3084e41
42,3,302,7409069596854076166,Neutral,EXACT_TEXT_23bdf6b84b37853d,EXACT_TEXT_23bdf6b84b37853d,,exact_duplicate_group_id:EXACT_TEXT_23bdf6b84b37853d
42,3,307,7413639970093826821,Neutral,EXACT_TEXT_863cae78aba145ce,EXACT_TEXT_863cae78aba145ce,,exact_duplicate_group_id:EXACT_TEXT_863cae78aba145ce
42,3,317,7420708516950262534,Negative,EXACT_TEXT_62512188b4be2761,EXACT_TEXT_62512188b4be2761,,exact_duplicate_group_id:EXACT_TEXT_62512188b4be2761
42,3,324,7421616975119762181,Negative,EXACT_TEXT_7177b033d477230a,EXACT_TEXT_7177b033d477230a,,exact_duplicate_group_id:EXACT_TEXT_7177b033d477230a
42,3,329,7422289119940002565,Negative,EXACT_TEXT_90f697f0fd5b945f,EXACT_TEXT_90f697f0fd5b945f,,exact_duplicate_group_id:EXACT_TEXT_90f697f0fd5b945f
42,3,331,7422440553240249094,Positive,EXACT_TEXT_e75ec06301731921,EXACT_TEXT_e75ec06301731921,,exact_duplicate_group_id:EXACT_TEXT_e75ec06301731921
42,3,336,7422925531873542918,Negative,EXACT_TEXT_27c20729be0fe1f0,EXACT_TEXT_27c20729be0fe1f0,,exact_duplicate_group_id:EXACT_TEXT_27c20729be0fe1f0
42,3,344,7425109593426281221,Negative,EXACT_TEXT_2db3a47a345cd4c1,EXACT_TEXT_2db3a47a345cd4c1,,exact_duplicate_group_id:EXACT_TEXT_2db3a47a345cd4c1
42,3,351,7428465300708803346,Negative,EXACT_TEXT_8e4be0c925576f58,EXACT_TEXT_8e4be0c925576f58,,exact_duplicate_group_id:EXACT_TEXT_8e4be0c925576f58
42,3,353,7428561340678177542,Negative,EXACT_TEXT_82ff32128fecd6e8,EXACT_TEXT_82ff32128fecd6e8,,exact_duplicate_group_id:EXACT_TEXT_82ff32128fecd6e8
42,3,356,7428617808802333458,Neutral,EXACT_TEXT_49b610a7b83069ed,EXACT_TEXT_49b610a7b83069ed,,exact_duplicate_group_id:EXACT_TEXT_49b610a7b83069ed
42,3,366,7430611441139801988,Positive,EXACT_GROUP_00295,EXACT_GROUP_00295,SIM_CLUSTER_00272,near_duplicate_cluster_id:SIM_CLUSTER_00272
42,3,367,7430659414204285738,Negative,EXACT_TEXT_9338960c9d07f779,EXACT_TEXT_9338960c9d07f779,,exact_duplicate_group_id:EXACT_TEXT_9338960c9d07f779
42,3,373,7432269383719240456,Neutral,EXACT_TEXT_57e9d797c3c45847,EXACT_TEXT_57e9d797c3c45847,,exact_duplicate_group_id:EXACT_TEXT_57e9d797c3c45847
42,3,383,7434721570532557624,Positive,EXACT_TEXT_48e7c36cce82d0da,EXACT_TEXT_48e7c36cce82d0da,,exact_duplicate_group_id:EXACT_TEXT_48e7c36cce82d0da
42,3,390,7446378412769936145,Positive,EXACT_TEXT_155502ac1b17b73b,EXACT_TEXT_155502ac1b17b73b,,exact_duplicate_group_id:EXACT_TEXT_155502ac1b17b73b
42,3,392,7447931216701702929,Negative,EXACT_TEXT_1d73b37d86e51f54,EXACT_TEXT_1d73b37d86e51f54,,exact_duplicate_group_id:EXACT_TEXT_1d73b37d86e51f54
42,3,398,7452588865166967560,Neutral,EXACT_TEXT_21685867538eee6c,EXACT_TEXT_21685867538eee6c,,exact_duplicate_group_id:EXACT_TEXT_21685867538eee6c
42,3,401,7455545471928795920,Neutral,EXACT_TEXT_13e3b9bed03fee09,EXACT_TEXT_13e3b9bed03fee09,,exact_duplicate_group_id:EXACT_TEXT_13e3b9bed03fee09
42,3,406,7457751365545100050,Negative,EXACT_TEXT_b05632746a2d67fa,EXACT_TEXT_b05632746a2d67fa,,exact_duplicate_group_id:EXACT_TEXT_b05632746a2d67fa
42,3,413,7461555616361186066,Negative,EXACT_TEXT_461458da45c7dc78,EXACT_TEXT_461458da45c7dc78,,exact_duplicate_group_id:EXACT_TEXT_461458da45c7dc78
42,3,418,7465180838009209607,Neutral,EXACT_TEXT_3f07635b309b50f9,EXACT_TEXT_3f07635b309b50f9,SIM_CLUSTER_00115,near_duplicate_cluster_id:SIM_CLUSTER_00115
42,3,419,7470081026904032007,Positive,EXACT_TEXT_8bd44ee74a077652,EXACT_TEXT_8bd44ee74a077652,,exact_duplicate_group_id:EXACT_TEXT_8bd44ee74a077652
42,3,422,7471587154696749841,Neutral,EXACT_TEXT_e819568a59baa4b9,EXACT_TEXT_e819568a59baa4b9,,exact_duplicate_group_id:EXACT_TEXT_e819568a59baa4b9
42,3,426,7475278462405542677,Negative,EXACT_TEXT_406d189bf0ef6501,EXACT_TEXT_406d189bf0ef6501,,exact_duplicate_group_id:EXACT_TEXT_406d189bf0ef6501
42,3,427,7475307263701435153,Positive,EXACT_TEXT_2e8d8556da9f2c94,EXACT_TEXT_2e8d8556da9f2c94,,exact_duplicate_group_id:EXACT_TEXT_2e8d8556da9f2c94
42,3,431,7479242775281124114,Negative,EXACT_TEXT_bfb3e89704c78318,EXACT_TEXT_bfb3e89704c78318,,exact_duplicate_group_id:EXACT_TEXT_bfb3e89704c78318
42,3,433,7488801375967560456,Neutral,EXACT_TEXT_1564cdc235f98f25,EXACT_TEXT_1564cdc235f98f25,,exact_duplicate_group_id:EXACT_TEXT_1564cdc235f98f25
42,3,435,7489496515816358657,Positive,EXACT_TEXT_4843c6ac19cc8eb1,EXACT_TEXT_4843c6ac19cc8eb1,,exact_duplicate_group_id:EXACT_TEXT_4843c6ac19cc8eb1
42,3,451,7526059026929861383,Neutral,EXACT_TEXT_47e9360ebc8a127a,EXACT_TEXT_47e9360ebc8a127a,,exact_duplicate_group_id:EXACT_TEXT_47e9360ebc8a127a
42,3,457,7537992251125973767,Negative,EXACT_TEXT_db1468909a8640d3,EXACT_TEXT_db1468909a8640d3,,exact_duplicate_group_id:EXACT_TEXT_db1468909a8640d3
42,3,462,7544519747158508295,Positive,EXACT_TEXT_a289809b6b0ccf53,EXACT_TEXT_a289809b6b0ccf53,,exact_duplicate_group_id:EXACT_TEXT_a289809b6b0ccf53
42,3,471,7572615059345933076,Neutral,EXACT_TEXT_b24e30dfd588f6ac,EXACT_TEXT_b24e30dfd588f6ac,,exact_duplicate_group_id:EXACT_TEXT_b24e30dfd588f6ac
42,3,472,7572798974701716232,Neutral,EXACT_TEXT_98c61165a7ac0a79,EXACT_TEXT_98c61165a7ac0a79,,exact_duplicate_group_id:EXACT_TEXT_98c61165a7ac0a79
42,3,473,7573263004461040385,Neutral,EXACT_TEXT_9bccf051982bc9f2,EXACT_TEXT_9bccf051982bc9f2,SIM_CLUSTER_00407,near_duplicate_cluster_id:SIM_CLUSTER_00407
42,3,474,7580331590564692754,Negative,EXACT_TEXT_e3d7ce0b78212925,EXACT_TEXT_e3d7ce0b78212925,,exact_duplicate_group_id:EXACT_TEXT_e3d7ce0b78212925
42,3,481,7586911315824231188,Positive,EXACT_TEXT_61cad73d48cbcb1c,EXACT_TEXT_61cad73d48cbcb1c,,exact_duplicate_group_id:EXACT_TEXT_61cad73d48cbcb1c
42,3,484,7586945741224428309,Positive,EXACT_TEXT_cdcaf14f103f6f85,EXACT_TEXT_cdcaf14f103f6f85,,exact_duplicate_group_id:EXACT_TEXT_cdcaf14f103f6f85
42,3,488,7586986926215463688,Neutral,EXACT_TEXT_efcc7892f869a6c0,EXACT_TEXT_efcc7892f869a6c0,,exact_duplicate_group_id:EXACT_TEXT_efcc7892f869a6c0
42,3,493,7587050897827775249,Positive,EXACT_TEXT_bb5f7281db464b4d,EXACT_TEXT_bb5f7281db464b4d,,exact_duplicate_group_id:EXACT_TEXT_bb5f7281db464b4d
42,3,496,7587083754239214344,Positive,EXACT_TEXT_c3ca8845289c3ddf,EXACT_TEXT_c3ca8845289c3ddf,,exact_duplicate_group_id:EXACT_TEXT_c3ca8845289c3ddf
42,3,501,7587401637221450514,Negative,EXACT_TEXT_247a039231a135cd,EXACT_TEXT_247a039231a135cd,SIM_CLUSTER_00525,near_duplicate_cluster_id:SIM_CLUSTER_00525
42,3,502,7587403596787221266,Negative,EXACT_TEXT_e6fa3d7293d53e40,EXACT_TEXT_e6fa3d7293d53e40,SIM_CLUSTER_00525,near_duplicate_cluster_id:SIM_CLUSTER_00525
42,3,504,7587404761705513736,Negative,EXACT_TEXT_fbe8808c05018def,EXACT_TEXT_fbe8808c05018def,SIM_CLUSTER_00525,near_duplicate_cluster_id:SIM_CLUSTER_00525
42,3,517,7596250295992238849,Positive,EXACT_TEXT_206217b69b0f5d7c,EXACT_TEXT_206217b69b0f5d7c,,exact_duplicate_group_id:EXACT_TEXT_206217b69b0f5d7c
42,3,519,7596258896651600660,Positive,EXACT_TEXT_60464650adfa6c0d,EXACT_TEXT_60464650adfa6c0d,,exact_duplicate_group_id:EXACT_TEXT_60464650adfa6c0d
42,3,521,7596286836189512455,Neutral,EXACT_TEXT_b3d8e6cfd7ea68d1,EXACT_TEXT_b3d8e6cfd7ea68d1,,exact_duplicate_group_id:EXACT_TEXT_b3d8e6cfd7ea68d1
42,3,522,7596306201408652053,Positive,EXACT_TEXT_4bc7896a286627fa,EXACT_TEXT_4bc7896a286627fa,,exact_duplicate_group_id:EXACT_TEXT_4bc7896a286627fa
42,3,528,7596541301589934869,Negative,EXACT_TEXT_81423de55edc7059,EXACT_TEXT_81423de55edc7059,,exact_duplicate_group_id:EXACT_TEXT_81423de55edc7059
42,3,531,7601555992890884885,Negative,EXACT_TEXT_a7b3c9b5ac7eb792,EXACT_TEXT_a7b3c9b5ac7eb792,,exact_duplicate_group_id:EXACT_TEXT_a7b3c9b5ac7eb792
42,3,533,7609142408161182471,Negative,EXACT_TEXT_85fd9dcba36374e0,EXACT_TEXT_85fd9dcba36374e0,,exact_duplicate_group_id:EXACT_TEXT_85fd9dcba36374e0
42,3,541,7923745513561139603,Positive,EXACT_GROUP_00297,EXACT_GROUP_00297,SIM_CLUSTER_00321,near_duplicate_cluster_id:SIM_CLUSTER_00321
42,3,550,7128078286030406427,Neutral,EXACT_TEXT_3fc04ba30277b112,EXACT_TEXT_3fc04ba30277b112,,exact_duplicate_group_id:EXACT_TEXT_3fc04ba30277b112
42,3,559,7145987862612787995,Neutral,EXACT_TEXT_301ac21bcad0e7cf,EXACT_TEXT_301ac21bcad0e7cf,SIM_CLUSTER_00774,near_duplicate_cluster_id:SIM_CLUSTER_00774
42,3,561,7147371347114803994,Neutral,EXACT_TEXT_dc2d24d01c2badfd,EXACT_TEXT_dc2d24d01c2badfd,,exact_duplicate_group_id:EXACT_TEXT_dc2d24d01c2badfd
42,3,567,7168753763439690498,Positive,EXACT_TEXT_cee9bed1d5b6eb22,EXACT_TEXT_cee9bed1d5b6eb22,SIM_CLUSTER_00534,near_duplicate_cluster_id:SIM_CLUSTER_00534
42,3,568,7169878986641769218,Positive,EXACT_TEXT_8a10ebbde6e5ef40,EXACT_TEXT_8a10ebbde6e5ef40,,exact_duplicate_group_id:EXACT_TEXT_8a10ebbde6e5ef40
42,3,570,7170226051518333697,Positive,EXACT_TEXT_5afb63166b73fe60,EXACT_TEXT_5afb63166b73fe60,,exact_duplicate_group_id:EXACT_TEXT_5afb63166b73fe60
42,3,579,7185166634687054619,Positive,EXACT_TEXT_79e13ee56e037192,EXACT_TEXT_79e13ee56e037192,,exact_duplicate_group_id:EXACT_TEXT_79e13ee56e037192
42,3,581,7185409378600846106,Positive,EXACT_TEXT_87324a1225133496,EXACT_TEXT_87324a1225133496,,exact_duplicate_group_id:EXACT_TEXT_87324a1225133496
42,3,582,7185791161751421723,Positive,EXACT_TEXT_9ef8d27b5c1f5bb1,EXACT_TEXT_9ef8d27b5c1f5bb1,SIM_CLUSTER_00789,near_duplicate_cluster_id:SIM_CLUSTER_00789
42,3,587,7188792559011283738,Neutral,EXACT_TEXT_1b7d1b734ec93e59,EXACT_TEXT_1b7d1b734ec93e59,SIM_CLUSTER_00158,near_duplicate_cluster_id:SIM_CLUSTER_00158
42,3,593,7200669602879275803,Neutral,EXACT_TEXT_851151df3f8cd207,EXACT_TEXT_851151df3f8cd207,SIM_CLUSTER_00805,near_duplicate_cluster_id:SIM_CLUSTER_00805
42,3,594,7202158780199469850,Neutral,EXACT_TEXT_811e90c0c7751e47,EXACT_TEXT_811e90c0c7751e47,,exact_duplicate_group_id:EXACT_TEXT_811e90c0c7751e47
42,3,597,7202933413417009946,Neutral,EXACT_GROUP_00208,EXACT_GROUP_00208,SIM_CLUSTER_00548,near_duplicate_cluster_id:SIM_CLUSTER_00548
42,3,601,7205048440215094042,Neutral,EXACT_TEXT_47f6551b139ea7e7,EXACT_TEXT_47f6551b139ea7e7,,exact_duplicate_group_id:EXACT_TEXT_47f6551b139ea7e7
42,3,611,7208168045260374810,Negative,EXACT_TEXT_a1937da611b17a0c,EXACT_TEXT_a1937da611b17a0c,,exact_duplicate_group_id:EXACT_TEXT_a1937da611b17a0c
42,3,618,7210221896372306715,Positive,EXACT_TEXT_a78c01244e4759de,EXACT_TEXT_a78c01244e4759de,,exact_duplicate_group_id:EXACT_TEXT_a78c01244e4759de
42,3,620,7210369365715141403,Positive,EXACT_TEXT_b67638501f8887a9,EXACT_TEXT_b67638501f8887a9,,exact_duplicate_group_id:EXACT_TEXT_b67638501f8887a9
42,3,623,7211641828176904987,Positive,EXACT_TEXT_431b02627bd8dce1,EXACT_TEXT_431b02627bd8dce1,,exact_duplicate_group_id:EXACT_TEXT_431b02627bd8dce1
42,3,626,7213176025844859675,Neutral,EXACT_TEXT_2ea5d9ada3d5d807,EXACT_TEXT_2ea5d9ada3d5d807,SIM_CLUSTER_00774,near_duplicate_cluster_id:SIM_CLUSTER_00774
42,3,646,7224806121546089222,Neutral,EXACT_TEXT_ee8a127de12cfb5b,EXACT_TEXT_ee8a127de12cfb5b,,exact_duplicate_group_id:EXACT_TEXT_ee8a127de12cfb5b
42,3,647,7224842807512695579,Neutral,EXACT_TEXT_419885779c620009,EXACT_TEXT_419885779c620009,,exact_duplicate_group_id:EXACT_TEXT_419885779c620009
42,3,648,7225082070598632219,Neutral,EXACT_TEXT_59fbe272cbd80b58,EXACT_TEXT_59fbe272cbd80b58,,exact_duplicate_group_id:EXACT_TEXT_59fbe272cbd80b58
42,3,649,7225379501366067995,Neutral,EXACT_TEXT_e3c75ee18dbbeeec,EXACT_TEXT_e3c75ee18dbbeeec,,exact_duplicate_group_id:EXACT_TEXT_e3c75ee18dbbeeec
42,3,653,7225798187155751706,Neutral,EXACT_GROUP_00208,EXACT_GROUP_00208,SIM_CLUSTER_00548,near_duplicate_cluster_id:SIM_CLUSTER_00548
42,3,662,7226016384986252058,Neutral,EXACT_TEXT_5060198008959794,EXACT_TEXT_5060198008959794,,exact_duplicate_group_id:EXACT_TEXT_5060198008959794
42,3,664,7226204967785628442,Neutral,EXACT_GROUP_00208,EXACT_GROUP_00208,SIM_CLUSTER_00548,near_duplicate_cluster_id:SIM_CLUSTER_00548
42,3,670,7226597220828529435,Positive,EXACT_TEXT_e8c65d79d79929ce,EXACT_TEXT_e8c65d79d79929ce,SIM_CLUSTER_00337,near_duplicate_cluster_id:SIM_CLUSTER_00337
42,3,671,7226623877181915931,Neutral,EXACT_TEXT_3fdb02a004f3e4bb,EXACT_TEXT_3fdb02a004f3e4bb,,exact_duplicate_group_id:EXACT_TEXT_3fdb02a004f3e4bb
42,3,683,7229935099062797082,Negative,EXACT_TEXT_171c909c62d8bdb3,EXACT_TEXT_171c909c62d8bdb3,,exact_duplicate_group_id:EXACT_TEXT_171c909c62d8bdb3
42,3,684,7230433078505784091,Neutral,EXACT_TEXT_140381dd64b11868,EXACT_TEXT_140381dd64b11868,,exact_duplicate_group_id:EXACT_TEXT_140381dd64b11868
42,3,689,7233013889926218523,Positive,EXACT_TEXT_14649c2ad0a01f07,EXACT_TEXT_14649c2ad0a01f07,,exact_duplicate_group_id:EXACT_TEXT_14649c2ad0a01f07
42,3,692,7234004441027740442,Neutral,EXACT_TEXT_78c6d10c03bc1bf8,EXACT_TEXT_78c6d10c03bc1bf8,,exact_duplicate_group_id:EXACT_TEXT_78c6d10c03bc1bf8
42,3,693,7234525003722228485,Neutral,EXACT_TEXT_e819d30edaa5880c,EXACT_TEXT_e819d30edaa5880c,,exact_duplicate_group_id:EXACT_TEXT_e819d30edaa5880c
42,3,695,7237700793036997381,Positive,EXACT_TEXT_c354b745f3aba55b,EXACT_TEXT_c354b745f3aba55b,,exact_duplicate_group_id:EXACT_TEXT_c354b745f3aba55b
42,3,700,7238802456179278597,Neutral,EXACT_TEXT_f2ae1ba202d7fc82,EXACT_TEXT_f2ae1ba202d7fc82,,exact_duplicate_group_id:EXACT_TEXT_f2ae1ba202d7fc82
42,3,713,7250680633449415430,Neutral,EXACT_TEXT_7ff7353fd9c213b8,EXACT_TEXT_7ff7353fd9c213b8,,exact_duplicate_group_id:EXACT_TEXT_7ff7353fd9c213b8
42,3,716,7254893953370653446,Neutral,EXACT_TEXT_5d40aa96e30f3c48,EXACT_TEXT_5d40aa96e30f3c48,,exact_duplicate_group_id:EXACT_TEXT_5d40aa96e30f3c48
42,3,724,7264944071935935238,Neutral,EXACT_TEXT_462869a66d8724cb,EXACT_TEXT_462869a66d8724cb,,exact_duplicate_group_id:EXACT_TEXT_462869a66d8724cb
42,3,733,7272341292688163590,Negative,EXACT_TEXT_eda16b93895cd230,EXACT_TEXT_eda16b93895cd230,,exact_duplicate_group_id:EXACT_TEXT_eda16b93895cd230
42,3,735,7273676014151697158,Neutral,EXACT_TEXT_1b068cc5743ea046,EXACT_TEXT_1b068cc5743ea046,,exact_duplicate_group_id:EXACT_TEXT_1b068cc5743ea046
42,3,746,7287113045997912837,Positive,EXACT_TEXT_35a836ebf1adc30c,EXACT_TEXT_35a836ebf1adc30c,,exact_duplicate_group_id:EXACT_TEXT_35a836ebf1adc30c
42,3,750,7287448573426893574,Neutral,EXACT_TEXT_fe4d9ece5715dbeb,EXACT_TEXT_fe4d9ece5715dbeb,,exact_duplicate_group_id:EXACT_TEXT_fe4d9ece5715dbeb
42,3,753,7289040672462734086,Positive,EXACT_TEXT_7ab3d1c2915ab278,EXACT_TEXT_7ab3d1c2915ab278,,exact_duplicate_group_id:EXACT_TEXT_7ab3d1c2915ab278
42,3,754,7289043577543164678,Positive,EXACT_TEXT_bf2e7869dd40cd97,EXACT_TEXT_bf2e7869dd40cd97,,exact_duplicate_group_id:EXACT_TEXT_bf2e7869dd40cd97
42,3,757,7291642673139450630,Neutral,EXACT_TEXT_990fb92839338459,EXACT_TEXT_990fb92839338459,SIM_CLUSTER_00887,near_duplicate_cluster_id:SIM_CLUSTER_00887
42,3,759,7291901186143716101,Positive,EXACT_TEXT_34d71aa9f7732945,EXACT_TEXT_34d71aa9f7732945,,exact_duplicate_group_id:EXACT_TEXT_34d71aa9f7732945
42,3,763,7296765256646705926,Neutral,EXACT_TEXT_f620b6ebc9358aca,EXACT_TEXT_f620b6ebc9358aca,SIM_CLUSTER_00898,near_duplicate_cluster_id:SIM_CLUSTER_00898
42,3,764,7297123146443834118,Neutral,EXACT_TEXT_fe1df179efa6f209,EXACT_TEXT_fe1df179efa6f209,,exact_duplicate_group_id:EXACT_TEXT_fe1df179efa6f209
42,3,770,7307553748199801606,Neutral,EXACT_TEXT_c12afcedbde3f2f1,EXACT_TEXT_c12afcedbde3f2f1,,exact_duplicate_group_id:EXACT_TEXT_c12afcedbde3f2f1
42,3,774,7309514130712216325,Positive,EXACT_TEXT_5ab7434e917dec4c,EXACT_TEXT_5ab7434e917dec4c,,exact_duplicate_group_id:EXACT_TEXT_5ab7434e917dec4c
42,3,776,7309734749914858245,Neutral,EXACT_TEXT_070ff872dd73b0d2,EXACT_TEXT_070ff872dd73b0d2,,exact_duplicate_group_id:EXACT_TEXT_070ff872dd73b0d2
42,3,777,7311316335278949125,Neutral,EXACT_TEXT_f3103f1ee49db0ba,EXACT_TEXT_f3103f1ee49db0ba,,exact_duplicate_group_id:EXACT_TEXT_f3103f1ee49db0ba
42,3,780,7312046544307749638,Positive,EXACT_TEXT_9133e06f805f68c6,EXACT_TEXT_9133e06f805f68c6,,exact_duplicate_group_id:EXACT_TEXT_9133e06f805f68c6
42,3,785,7312371393647362818,Negative,EXACT_TEXT_d3d882e9501b8c6c,EXACT_TEXT_d3d882e9501b8c6c,,exact_duplicate_group_id:EXACT_TEXT_d3d882e9501b8c6c
42,3,787,7312664590319010566,Neutral,EXACT_TEXT_6c114ececd031ba4,EXACT_TEXT_6c114ececd031ba4,,exact_duplicate_group_id:EXACT_TEXT_6c114ececd031ba4
42,3,796,7314290894252409605,Neutral,EXACT_TEXT_b9a27e255c9b5cf7,EXACT_TEXT_b9a27e255c9b5cf7,,exact_duplicate_group_id:EXACT_TEXT_b9a27e255c9b5cf7
42,3,797,7314324624471556870,Neutral,EXACT_TEXT_8b304b7ea614672b,EXACT_TEXT_8b304b7ea614672b,,exact_duplicate_group_id:EXACT_TEXT_8b304b7ea614672b
42,3,802,7315140287779996422,Neutral,EXACT_TEXT_8845e358096b5103,EXACT_TEXT_8845e358096b5103,SIM_CLUSTER_00914,near_duplicate_cluster_id:SIM_CLUSTER_00914
42,3,808,7317222394887275269,Neutral,EXACT_TEXT_49fd30a6bf4ec86a,EXACT_TEXT_49fd30a6bf4ec86a,,exact_duplicate_group_id:EXACT_TEXT_49fd30a6bf4ec86a
42,3,813,7318352585093268229,Negative,EXACT_TEXT_e63129350d481473,EXACT_TEXT_e63129350d481473,,exact_duplicate_group_id:EXACT_TEXT_e63129350d481473
42,3,816,7319793859189064453,Neutral,EXACT_TEXT_59beecea8198d91e,EXACT_TEXT_59beecea8198d91e,,exact_duplicate_group_id:EXACT_TEXT_59beecea8198d91e
42,3,824,7320571211875091205,Neutral,EXACT_TEXT_4b8164229f5b5dc1,EXACT_TEXT_4b8164229f5b5dc1,,exact_duplicate_group_id:EXACT_TEXT_4b8164229f5b5dc1
42,3,826,7320804847677326086,Neutral,EXACT_TEXT_7708a84eeb9fcf42,EXACT_TEXT_7708a84eeb9fcf42,,exact_duplicate_group_id:EXACT_TEXT_7708a84eeb9fcf42
42,3,836,7324404679897662210,Neutral,EXACT_TEXT_4c2b889ce44110c3,EXACT_TEXT_4c2b889ce44110c3,,exact_duplicate_group_id:EXACT_TEXT_4c2b889ce44110c3
42,3,839,7326464247525311238,Neutral,EXACT_GROUP_00386,EXACT_GROUP_00386,SIM_CLUSTER_00033,near_duplicate_cluster_id:SIM_CLUSTER_00033
42,3,842,7327508556155405062,Neutral,EXACT_TEXT_b0139436e1513fc1,EXACT_TEXT_b0139436e1513fc1,,exact_duplicate_group_id:EXACT_TEXT_b0139436e1513fc1
42,3,843,7327966867343213318,Neutral,EXACT_TEXT_0924685fb2880b25,EXACT_TEXT_0924685fb2880b25,,exact_duplicate_group_id:EXACT_TEXT_0924685fb2880b25
42,3,845,7329120924438577925,Neutral,EXACT_TEXT_377a2045411c0387,EXACT_TEXT_377a2045411c0387,,exact_duplicate_group_id:EXACT_TEXT_377a2045411c0387
42,3,847,7329501900683559685,Negative,EXACT_TEXT_a9a1ed35ce437635,EXACT_TEXT_a9a1ed35ce437635,,exact_duplicate_group_id:EXACT_TEXT_a9a1ed35ce437635
42,3,857,7333964548325540614,Neutral,EXACT_TEXT_e23c873cb95fcccc,EXACT_TEXT_e23c873cb95fcccc,,exact_duplicate_group_id:EXACT_TEXT_e23c873cb95fcccc
42,3,858,7334147425147699974,Neutral,EXACT_TEXT_d8c7af6af4332368,EXACT_TEXT_d8c7af6af4332368,,exact_duplicate_group_id:EXACT_TEXT_d8c7af6af4332368
42,3,861,7334649034349544197,Neutral,EXACT_TEXT_f112ee2bbe8a186e,EXACT_TEXT_f112ee2bbe8a186e,,exact_duplicate_group_id:EXACT_TEXT_f112ee2bbe8a186e
42,3,863,7336830796828197638,Neutral,EXACT_TEXT_12ea3fed478b0b9b,EXACT_TEXT_12ea3fed478b0b9b,,exact_duplicate_group_id:EXACT_TEXT_12ea3fed478b0b9b
42,3,869,7340855947600134917,Neutral,EXACT_GROUP_00386,EXACT_GROUP_00386,SIM_CLUSTER_00033,near_duplicate_cluster_id:SIM_CLUSTER_00033
42,3,878,7341258198390915846,Neutral,EXACT_TEXT_acaabe7593676407,EXACT_TEXT_acaabe7593676407,,exact_duplicate_group_id:EXACT_TEXT_acaabe7593676407
42,3,879,7341308624243376902,Neutral,EXACT_TEXT_52848a0219c8d990,EXACT_TEXT_52848a0219c8d990,SIM_CLUSTER_00790,near_duplicate_cluster_id:SIM_CLUSTER_00790
42,3,892,7349580272072164102,Negative,EXACT_TEXT_7848e4f1bef8ed55,EXACT_TEXT_7848e4f1bef8ed55,,exact_duplicate_group_id:EXACT_TEXT_7848e4f1bef8ed55
42,3,896,7350938840708481798,Neutral,EXACT_TEXT_1edc2384a073c18a,EXACT_TEXT_1edc2384a073c18a,,exact_duplicate_group_id:EXACT_TEXT_1edc2384a073c18a
42,3,897,7351386700109415174,Negative,EXACT_TEXT_dc3dbb6a12b2d435,EXACT_TEXT_dc3dbb6a12b2d435,,exact_duplicate_group_id:EXACT_TEXT_dc3dbb6a12b2d435
42,3,913,7357913451079828229,Neutral,EXACT_TEXT_ef936539196cc838,EXACT_TEXT_ef936539196cc838,,exact_duplicate_group_id:EXACT_TEXT_ef936539196cc838
42,3,916,7357917622644556550,Neutral,EXACT_TEXT_cda7897ff1a83c00,EXACT_TEXT_cda7897ff1a83c00,,exact_duplicate_group_id:EXACT_TEXT_cda7897ff1a83c00
42,3,918,7357968994395243269,Positive,EXACT_TEXT_f39016be1d4cc14d,EXACT_TEXT_f39016be1d4cc14d,,exact_duplicate_group_id:EXACT_TEXT_f39016be1d4cc14d
42,3,923,7358025378672050949,Negative,EXACT_TEXT_24f578fee61bf0cd,EXACT_TEXT_24f578fee61bf0cd,,exact_duplicate_group_id:EXACT_TEXT_24f578fee61bf0cd
42,3,924,7358031752739570437,Negative,EXACT_TEXT_cd2b984c002acb99,EXACT_TEXT_cd2b984c002acb99,,exact_duplicate_group_id:EXACT_TEXT_cd2b984c002acb99
42,3,928,7358110154917135110,Positive,EXACT_TEXT_4cab7b9e45869543,EXACT_TEXT_4cab7b9e45869543,,exact_duplicate_group_id:EXACT_TEXT_4cab7b9e45869543
42,3,933,7358412182881501958,Neutral,EXACT_TEXT_1d86c1511439b063,EXACT_TEXT_1d86c1511439b063,,exact_duplicate_group_id:EXACT_TEXT_1d86c1511439b063
42,3,941,7359567635937723142,Positive,EXACT_TEXT_fb998ca517ef92dd,EXACT_TEXT_fb998ca517ef92dd,,exact_duplicate_group_id:EXACT_TEXT_fb998ca517ef92dd
42,3,946,7359769698562769670,Negative,EXACT_TEXT_fc2590dbd404519a,EXACT_TEXT_fc2590dbd404519a,,exact_duplicate_group_id:EXACT_TEXT_fc2590dbd404519a
42,3,952,7360110959644508933,Neutral,EXACT_TEXT_bb6a36c782110875,EXACT_TEXT_bb6a36c782110875,,exact_duplicate_group_id:EXACT_TEXT_bb6a36c782110875
42,3,973,7365068225162478341,Neutral,EXACT_TEXT_5a684c8b9ea959ae,EXACT_TEXT_5a684c8b9ea959ae,,exact_duplicate_group_id:EXACT_TEXT_5a684c8b9ea959ae
42,3,976,7365898147652190982,Positive,EXACT_TEXT_53ece3600e11d2a6,EXACT_TEXT_53ece3600e11d2a6,,exact_duplicate_group_id:EXACT_TEXT_53ece3600e11d2a6
42,3,978,7366973375535792901,Neutral,EXACT_TEXT_1358521e1bf406f3,EXACT_TEXT_1358521e1bf406f3,,exact_duplicate_group_id:EXACT_TEXT_1358521e1bf406f3
42,3,994,7372551938288616197,Neutral,EXACT_GROUP_00386,EXACT_GROUP_00386,SIM_CLUSTER_00033,near_duplicate_cluster_id:SIM_CLUSTER_00033
42,3,995,7372586629690934021,Negative,EXACT_TEXT_6fd6b2fd187c0229,EXACT_TEXT_6fd6b2fd187c0229,,exact_duplicate_group_id:EXACT_TEXT_6fd6b2fd187c0229
42,3,997,7374281421546291974,Positive,EXACT_TEXT_8747278155957f48,EXACT_TEXT_8747278155957f48,SIM_CLUSTER_00388,near_duplicate_cluster_id:SIM_CLUSTER_00388
42,3,998,7374783179558109958,Neutral,EXACT_TEXT_1875230b58d69adc,EXACT_TEXT_1875230b58d69adc,,exact_duplicate_group_id:EXACT_TEXT_1875230b58d69adc
42,3,1006,7378338498274820870,Neutral,EXACT_TEXT_c3bf870f0b1da880,EXACT_TEXT_c3bf870f0b1da880,,exact_duplicate_group_id:EXACT_TEXT_c3bf870f0b1da880
42,3,1013,7380260986512687877,Negative,EXACT_TEXT_4acfade8820add90,EXACT_TEXT_4acfade8820add90,,exact_duplicate_group_id:EXACT_TEXT_4acfade8820add90
42,3,1014,7380569527777739525,Positive,EXACT_TEXT_59a3ddfa90dc490c,EXACT_TEXT_59a3ddfa90dc490c,,exact_duplicate_group_id:EXACT_TEXT_59a3ddfa90dc490c
42,3,1028,7384794216947303174,Neutral,EXACT_TEXT_23bd0767a5a5b268,EXACT_TEXT_23bd0767a5a5b268,,exact_duplicate_group_id:EXACT_TEXT_23bd0767a5a5b268
42,3,1029,7384928167145931526,Neutral,EXACT_TEXT_25533751c90dd20a,EXACT_TEXT_25533751c90dd20a,SIM_CLUSTER_00033,near_duplicate_cluster_id:SIM_CLUSTER_00033
42,3,1034,7386919095323525893,Neutral,EXACT_TEXT_43bd09b05d7b20c6,EXACT_TEXT_43bd09b05d7b20c6,SIM_CLUSTER_00033,near_duplicate_cluster_id:SIM_CLUSTER_00033
42,3,1037,7388427255024534278,Neutral,EXACT_TEXT_d56c87e3674c51bc,EXACT_TEXT_d56c87e3674c51bc,SIM_CLUSTER_00033,near_duplicate_cluster_id:SIM_CLUSTER_00033
42,3,1039,7388473745976967942,Neutral,EXACT_TEXT_1afa4f0df1b611d5,EXACT_TEXT_1afa4f0df1b611d5,,exact_duplicate_group_id:EXACT_TEXT_1afa4f0df1b611d5
42,3,1048,7388701409808237317,Neutral,EXACT_TEXT_2edef77007e04d4d,EXACT_TEXT_2edef77007e04d4d,,exact_duplicate_group_id:EXACT_TEXT_2edef77007e04d4d
42,3,1057,7389853122787083013,Neutral,EXACT_TEXT_c15bdc88a15c20b8,EXACT_TEXT_c15bdc88a15c20b8,,exact_duplicate_group_id:EXACT_TEXT_c15bdc88a15c20b8
42,3,1058,7389853196140806918,Neutral,EXACT_TEXT_cc7741f338137ef6,EXACT_TEXT_cc7741f338137ef6,,exact_duplicate_group_id:EXACT_TEXT_cc7741f338137ef6
42,3,1065,7393281108991165189,Neutral,EXACT_TEXT_b6a2d4a78f0710a4,EXACT_TEXT_b6a2d4a78f0710a4,,exact_duplicate_group_id:EXACT_TEXT_b6a2d4a78f0710a4
42,3,1066,7394763288012669701,Neutral,EXACT_GROUP_00387,EXACT_GROUP_00387,SIM_CLUSTER_00033,near_duplicate_cluster_id:SIM_CLUSTER_00033
42,3,1069,7397643140100276997,Positive,EXACT_TEXT_2cbcaddf3272a1f1,EXACT_TEXT_2cbcaddf3272a1f1,,exact_duplicate_group_id:EXACT_TEXT_2cbcaddf3272a1f1
42,3,1071,7397854832264168198,Neutral,EXACT_TEXT_010104a7e4956ab4,EXACT_TEXT_010104a7e4956ab4,,exact_duplicate_group_id:EXACT_TEXT_010104a7e4956ab4
42,3,1075,7398161515377361670,Neutral,EXACT_TEXT_a6e549a71146c71e,EXACT_TEXT_a6e549a71146c71e,,exact_duplicate_group_id:EXACT_TEXT_a6e549a71146c71e
42,3,1078,7398407484786574085,Positive,EXACT_TEXT_40dfb0cc1f42e68b,EXACT_TEXT_40dfb0cc1f42e68b,,exact_duplicate_group_id:EXACT_TEXT_40dfb0cc1f42e68b
42,3,1080,7398465619727844101,Neutral,EXACT_GROUP_00161,EXACT_GROUP_00161,SIM_CLUSTER_00033,near_duplicate_cluster_id:SIM_CLUSTER_00033
42,3,1083,7399454620001747717,Neutral,EXACT_TEXT_6ff1c43dc0af9eae,EXACT_TEXT_6ff1c43dc0af9eae,,exact_duplicate_group_id:EXACT_TEXT_6ff1c43dc0af9eae
42,3,1085,7399656739517596422,Positive,EXACT_TEXT_c9d020f7512f0b63,EXACT_TEXT_c9d020f7512f0b63,,exact_duplicate_group_id:EXACT_TEXT_c9d020f7512f0b63
42,3,1088,7400389808667755269,Neutral,EXACT_TEXT_7a85eacb7f4b3512,EXACT_TEXT_7a85eacb7f4b3512,SIM_CLUSTER_01044,near_duplicate_cluster_id:SIM_CLUSTER_01044
42,3,1089,7400422046398087941,Positive,EXACT_TEXT_ff00295eb36493ea,EXACT_TEXT_ff00295eb36493ea,SIM_CLUSTER_00388,near_duplicate_cluster_id:SIM_CLUSTER_00388
42,3,1091,7403340624236610309,Neutral,EXACT_TEXT_ff853ccfbf007894,EXACT_TEXT_ff853ccfbf007894,,exact_duplicate_group_id:EXACT_TEXT_ff853ccfbf007894
42,3,1097,7405242387843613446,Negative,EXACT_TEXT_e039d331c4338054,EXACT_TEXT_e039d331c4338054,,exact_duplicate_group_id:EXACT_TEXT_e039d331c4338054
42,3,1100,7406346242949956358,Negative,EXACT_TEXT_22f2619e1e4047c3,EXACT_TEXT_22f2619e1e4047c3,,exact_duplicate_group_id:EXACT_TEXT_22f2619e1e4047c3
42,3,1105,7408085618523669253,Positive,EXACT_TEXT_13db9a05e61786c2,EXACT_TEXT_13db9a05e61786c2,,exact_duplicate_group_id:EXACT_TEXT_13db9a05e61786c2
42,3,1106,7408905470403085061,Neutral,EXACT_TEXT_e56c125a5736129b,EXACT_TEXT_e56c125a5736129b,SIM_CLUSTER_00451,near_duplicate_cluster_id:SIM_CLUSTER_00451
42,3,1110,7414749171653903110,Neutral,EXACT_TEXT_f1050cb3d4756d52,EXACT_TEXT_f1050cb3d4756d52,,exact_duplicate_group_id:EXACT_TEXT_f1050cb3d4756d52
42,3,1111,7414869568495158022,Negative,EXACT_TEXT_b6a8d696f550dd3f,EXACT_TEXT_b6a8d696f550dd3f,,exact_duplicate_group_id:EXACT_TEXT_b6a8d696f550dd3f
42,3,1122,7420293969903829766,Neutral,EXACT_TEXT_efb7459bcfc4932c,EXACT_TEXT_efb7459bcfc4932c,,exact_duplicate_group_id:EXACT_TEXT_efb7459bcfc4932c
42,3,1123,7420358734596178693,Neutral,EXACT_GROUP_00161,EXACT_GROUP_00161,SIM_CLUSTER_00033,near_duplicate_cluster_id:SIM_CLUSTER_00033
42,3,1136,7421196063468372741,Negative,EXACT_TEXT_40111967202edac1,EXACT_TEXT_40111967202edac1,,exact_duplicate_group_id:EXACT_TEXT_40111967202edac1
42,3,1143,7421285953077707525,Negative,EXACT_TEXT_256b5281a29b7ca1,EXACT_TEXT_256b5281a29b7ca1,,exact_duplicate_group_id:EXACT_TEXT_256b5281a29b7ca1
42,3,1154,7421330810055623429,Negative,EXACT_TEXT_df7700a2750df75f,EXACT_TEXT_df7700a2750df75f,,exact_duplicate_group_id:EXACT_TEXT_df7700a2750df75f
42,3,1164,7421363367556514565,Negative,EXACT_TEXT_c61a2692c78c4983,EXACT_TEXT_c61a2692c78c4983,,exact_duplicate_group_id:EXACT_TEXT_c61a2692c78c4983
42,3,1173,7421406921402417925,Negative,EXACT_TEXT_96d0c263a4df839e,EXACT_TEXT_96d0c263a4df839e,,exact_duplicate_group_id:EXACT_TEXT_96d0c263a4df839e
42,3,1177,7421420318052811525,Negative,EXACT_TEXT_c84eb20389cca8ef,EXACT_TEXT_c84eb20389cca8ef,,exact_duplicate_group_id:EXACT_TEXT_c84eb20389cca8ef
42,3,1178,7421420854359868166,Negative,EXACT_TEXT_1e0d29f7822eb12a,EXACT_TEXT_1e0d29f7822eb12a,,exact_duplicate_group_id:EXACT_TEXT_1e0d29f7822eb12a
42,3,1180,7421423848347009797,Positive,EXACT_TEXT_32be348d65ec07ef,EXACT_TEXT_32be348d65ec07ef,,exact_duplicate_group_id:EXACT_TEXT_32be348d65ec07ef
42,3,1181,7421425875218187014,Negative,EXACT_TEXT_386765af9dbb68c7,EXACT_TEXT_386765af9dbb68c7,,exact_duplicate_group_id:EXACT_TEXT_386765af9dbb68c7
42,3,1182,7421435179958354693,Positive,EXACT_TEXT_58148240dbfc0912,EXACT_TEXT_58148240dbfc0912,,exact_duplicate_group_id:EXACT_TEXT_58148240dbfc0912
42,3,1185,7421534763276239621,Negative,EXACT_TEXT_2ec7cd338b2469ae,EXACT_TEXT_2ec7cd338b2469ae,,exact_duplicate_group_id:EXACT_TEXT_2ec7cd338b2469ae
42,3,1191,7421560456307147526,Negative,EXACT_TEXT_ea97e981bc7d6716,EXACT_TEXT_ea97e981bc7d6716,,exact_duplicate_group_id:EXACT_TEXT_ea97e981bc7d6716
42,3,1193,7421583797034582790,Negative,EXACT_TEXT_e7389df0ebf21fc7,EXACT_TEXT_e7389df0ebf21fc7,,exact_duplicate_group_id:EXACT_TEXT_e7389df0ebf21fc7
42,3,1198,7421665142327280390,Negative,EXACT_TEXT_842907b5ee3ea093,EXACT_TEXT_842907b5ee3ea093,,exact_duplicate_group_id:EXACT_TEXT_842907b5ee3ea093
42,3,1203,7421708954738967301,Negative,EXACT_TEXT_ff0e484d20700e19,EXACT_TEXT_ff0e484d20700e19,,exact_duplicate_group_id:EXACT_TEXT_ff0e484d20700e19
42,3,1205,7421709537785021190,Negative,EXACT_TEXT_52388d781011373a,EXACT_TEXT_52388d781011373a,,exact_duplicate_group_id:EXACT_TEXT_52388d781011373a
42,3,1214,7421792304488350470,Negative,EXACT_TEXT_32be838ac05e1b93,EXACT_TEXT_32be838ac05e1b93,,exact_duplicate_group_id:EXACT_TEXT_32be838ac05e1b93
42,3,1230,7422116665246204677,Negative,EXACT_TEXT_d6c0f8e3f5447008,EXACT_TEXT_d6c0f8e3f5447008,,exact_duplicate_group_id:EXACT_TEXT_d6c0f8e3f5447008
42,3,1233,7422147163000505096,Negative,EXACT_TEXT_7a6e25c424977b89,EXACT_TEXT_7a6e25c424977b89,,exact_duplicate_group_id:EXACT_TEXT_7a6e25c424977b89
42,3,1238,7422194369728545541,Negative,EXACT_TEXT_9f42f4819ef5e6d9,EXACT_TEXT_9f42f4819ef5e6d9,,exact_duplicate_group_id:EXACT_TEXT_9f42f4819ef5e6d9
42,3,1242,7422226753013613318,Negative,EXACT_TEXT_ee349a860715cf3a,EXACT_TEXT_ee349a860715cf3a,,exact_duplicate_group_id:EXACT_TEXT_ee349a860715cf3a
42,3,1248,7422258866593284869,Negative,EXACT_TEXT_4544463ba396c4e4,EXACT_TEXT_4544463ba396c4e4,,exact_duplicate_group_id:EXACT_TEXT_4544463ba396c4e4
42,3,1253,7422438566083134213,Neutral,EXACT_TEXT_9e28b1b01e5c0567,EXACT_TEXT_9e28b1b01e5c0567,,exact_duplicate_group_id:EXACT_TEXT_9e28b1b01e5c0567
42,3,1260,7422508967718863621,Negative,EXACT_TEXT_1f66069e3b2f3d45,EXACT_TEXT_1f66069e3b2f3d45,,exact_duplicate_group_id:EXACT_TEXT_1f66069e3b2f3d45
42,3,1266,7422561216847725318,Negative,EXACT_TEXT_766ff174564ffaf0,EXACT_TEXT_766ff174564ffaf0,,exact_duplicate_group_id:EXACT_TEXT_766ff174564ffaf0
42,3,1268,7422613774539277062,Negative,EXACT_TEXT_6b34833fc119b412,EXACT_TEXT_6b34833fc119b412,,exact_duplicate_group_id:EXACT_TEXT_6b34833fc119b412
42,3,1270,7422635769538036486,Negative,EXACT_TEXT_b870bbd8f1232264,EXACT_TEXT_b870bbd8f1232264,,exact_duplicate_group_id:EXACT_TEXT_b870bbd8f1232264
42,3,1278,7422683555433841414,Negative,EXACT_TEXT_bbcf8cfddc2f6232,EXACT_TEXT_bbcf8cfddc2f6232,,exact_duplicate_group_id:EXACT_TEXT_bbcf8cfddc2f6232
42,3,1295,7422941095002882822,Negative,EXACT_TEXT_b1cb6ee99a7a13b1,EXACT_TEXT_b1cb6ee99a7a13b1,,exact_duplicate_group_id:EXACT_TEXT_b1cb6ee99a7a13b1
42,3,1296,7422968791354966802,Neutral,EXACT_TEXT_7d7963f68647d4af,EXACT_TEXT_7d7963f68647d4af,,exact_duplicate_group_id:EXACT_TEXT_7d7963f68647d4af
42,3,1298,7422976832108856069,Negative,EXACT_TEXT_ab87e518019b5631,EXACT_TEXT_ab87e518019b5631,,exact_duplicate_group_id:EXACT_TEXT_ab87e518019b5631
42,3,1301,7423234382548697861,Negative,EXACT_TEXT_209e0973e7c2e255,EXACT_TEXT_209e0973e7c2e255,,exact_duplicate_group_id:EXACT_TEXT_209e0973e7c2e255
42,3,1305,7424364544149455621,Neutral,EXACT_TEXT_fe459c33cf74288c,EXACT_TEXT_fe459c33cf74288c,,exact_duplicate_group_id:EXACT_TEXT_fe459c33cf74288c
42,3,1306,7424367623687766790,Neutral,EXACT_TEXT_1314563ad132c45d,EXACT_TEXT_1314563ad132c45d,,exact_duplicate_group_id:EXACT_TEXT_1314563ad132c45d
42,3,1311,7424867400379761413,Negative,EXACT_TEXT_37f73eb831df99ee,EXACT_TEXT_37f73eb831df99ee,,exact_duplicate_group_id:EXACT_TEXT_37f73eb831df99ee
42,3,1319,7425890026561569541,Neutral,EXACT_TEXT_294fce54f535e08e,EXACT_TEXT_294fce54f535e08e,,exact_duplicate_group_id:EXACT_TEXT_294fce54f535e08e
42,3,1331,7428126212474798866,Neutral,EXACT_TEXT_1d6dfdac85c2e5a5,EXACT_TEXT_1d6dfdac85c2e5a5,,exact_duplicate_group_id:EXACT_TEXT_1d6dfdac85c2e5a5
42,3,1336,7428441188205052678,Positive,EXACT_GROUP_00117,EXACT_GROUP_00117,SIM_CLUSTER_00159,near_duplicate_cluster_id:SIM_CLUSTER_00159
42,3,1337,7428444930974696197,Positive,EXACT_GROUP_00117,EXACT_GROUP_00117,SIM_CLUSTER_00159,near_duplicate_cluster_id:SIM_CLUSTER_00159
42,3,1343,7428461519828960005,Neutral,EXACT_TEXT_fe5af29a970cf287,EXACT_TEXT_fe5af29a970cf287,,exact_duplicate_group_id:EXACT_TEXT_fe5af29a970cf287
42,3,1347,7428471597181256453,Positive,EXACT_GROUP_00117,EXACT_GROUP_00117,SIM_CLUSTER_00159,near_duplicate_cluster_id:SIM_CLUSTER_00159
42,3,1348,7428476136643003154,Positive,EXACT_GROUP_00117,EXACT_GROUP_00117,SIM_CLUSTER_00159,near_duplicate_cluster_id:SIM_CLUSTER_00159
42,3,1363,7428552401131963141,Neutral,EXACT_TEXT_68c4556c6edcb199,EXACT_TEXT_68c4556c6edcb199,SIM_CLUSTER_01245,near_duplicate_cluster_id:SIM_CLUSTER_01245
42,3,1365,7428580843227284232,Positive,EXACT_GROUP_00117,EXACT_GROUP_00117,SIM_CLUSTER_00159,near_duplicate_cluster_id:SIM_CLUSTER_00159
42,3,1376,7428625887799886597,Neutral,EXACT_TEXT_7e41214e9ecf1148,EXACT_TEXT_7e41214e9ecf1148,,exact_duplicate_group_id:EXACT_TEXT_7e41214e9ecf1148
42,3,1380,7428746124004213510,Neutral,EXACT_TEXT_4b0697a0bce52248,EXACT_TEXT_4b0697a0bce52248,SIM_CLUSTER_00028,near_duplicate_cluster_id:SIM_CLUSTER_00028
42,3,1381,7428755524211458834,Neutral,EXACT_TEXT_2621ff5d2663179f,EXACT_TEXT_2621ff5d2663179f,SIM_CLUSTER_00028,near_duplicate_cluster_id:SIM_CLUSTER_00028
42,3,1383,7428780907719017232,Positive,EXACT_TEXT_eddaec60e2ae7b14,EXACT_TEXT_eddaec60e2ae7b14,,exact_duplicate_group_id:EXACT_TEXT_eddaec60e2ae7b14
42,3,1390,7428849784822711048,Positive,EXACT_TEXT_71cb8ea826b6f975,EXACT_TEXT_71cb8ea826b6f975,,exact_duplicate_group_id:EXACT_TEXT_71cb8ea826b6f975
42,3,1392,7428907599603843856,Neutral,EXACT_GROUP_00352,EXACT_GROUP_00352,SIM_CLUSTER_00118,near_duplicate_cluster_id:SIM_CLUSTER_00118
42,3,1395,7428930973122069254,Neutral,EXACT_TEXT_780d727bd81cbd60,EXACT_TEXT_780d727bd81cbd60,,exact_duplicate_group_id:EXACT_TEXT_780d727bd81cbd60
42,3,1402,7429139011375743750,Positive,EXACT_TEXT_f9e0b0a94e70e61b,EXACT_TEXT_f9e0b0a94e70e61b,,exact_duplicate_group_id:EXACT_TEXT_f9e0b0a94e70e61b
42,3,1403,7429161307826258694,Positive,EXACT_TEXT_12eea553e590930e,EXACT_TEXT_12eea553e590930e,,exact_duplicate_group_id:EXACT_TEXT_12eea553e590930e
42,3,1406,7429170736281846534,Neutral,EXACT_TEXT_450d7059ac728e6e,EXACT_TEXT_450d7059ac728e6e,,exact_duplicate_group_id:EXACT_TEXT_450d7059ac728e6e
42,3,1407,7429186356247200532,Negative,EXACT_TEXT_60d8fe08b440a163,EXACT_TEXT_60d8fe08b440a163,,exact_duplicate_group_id:EXACT_TEXT_60d8fe08b440a163
42,3,1416,7429479426255110917,Positive,EXACT_TEXT_234a048111133131,EXACT_TEXT_234a048111133131,,exact_duplicate_group_id:EXACT_TEXT_234a048111133131
42,3,1417,7429528213313618693,Neutral,EXACT_TEXT_7b00eabb743e87b1,EXACT_TEXT_7b00eabb743e87b1,,exact_duplicate_group_id:EXACT_TEXT_7b00eabb743e87b1
42,3,1420,7429588259968074502,Neutral,EXACT_TEXT_e677ca147bb14a78,EXACT_TEXT_e677ca147bb14a78,,exact_duplicate_group_id:EXACT_TEXT_e677ca147bb14a78
42,3,1427,7429868954620298005,Negative,EXACT_TEXT_d95cb27e766909ec,EXACT_TEXT_d95cb27e766909ec,,exact_duplicate_group_id:EXACT_TEXT_d95cb27e766909ec
42,3,1429,7429897256695825158,Negative,EXACT_TEXT_ca522d86fd0a1f0b,EXACT_TEXT_ca522d86fd0a1f0b,,exact_duplicate_group_id:EXACT_TEXT_ca522d86fd0a1f0b
42,3,1452,7430771626549609221,Negative,EXACT_TEXT_74fbc590e8fa2ab3,EXACT_TEXT_74fbc590e8fa2ab3,,exact_duplicate_group_id:EXACT_TEXT_74fbc590e8fa2ab3
42,3,1457,7431040632675566344,Negative,EXACT_TEXT_b1f0cb44c83e69b5,EXACT_TEXT_b1f0cb44c83e69b5,,exact_duplicate_group_id:EXACT_TEXT_b1f0cb44c83e69b5
42,3,1459,7431089888273302277,Neutral,EXACT_GROUP_00387,EXACT_GROUP_00387,SIM_CLUSTER_00033,near_duplicate_cluster_id:SIM_CLUSTER_00033
42,3,1474,7432369578594992904,Neutral,EXACT_TEXT_cc708a42e75cda5f,EXACT_TEXT_cc708a42e75cda5f,,exact_duplicate_group_id:EXACT_TEXT_cc708a42e75cda5f
42,3,1488,7434782263223304967,Negative,EXACT_TEXT_b76a464776cba9c3,EXACT_TEXT_b76a464776cba9c3,,exact_duplicate_group_id:EXACT_TEXT_b76a464776cba9c3
42,3,1489,7434890184128250680,Positive,EXACT_TEXT_f8371c2b37a56e4d,EXACT_TEXT_f8371c2b37a56e4d,,exact_duplicate_group_id:EXACT_TEXT_f8371c2b37a56e4d
42,3,1537,7440742705674568464,Neutral,EXACT_GROUP_00386,EXACT_GROUP_00386,SIM_CLUSTER_00033,near_duplicate_cluster_id:SIM_CLUSTER_00033
42,3,1546,7443693620395262727,Neutral,EXACT_TEXT_ca582d3559e19113,EXACT_TEXT_ca582d3559e19113,SIM_CLUSTER_00451,near_duplicate_cluster_id:SIM_CLUSTER_00451
42,3,1556,7446074065301177105,Neutral,EXACT_TEXT_46d48a8dec870477,EXACT_TEXT_46d48a8dec870477,,exact_duplicate_group_id:EXACT_TEXT_46d48a8dec870477
42,3,1565,7448226291768460050,Positive,EXACT_TEXT_ac5b867216f2a73e,EXACT_TEXT_ac5b867216f2a73e,SIM_CLUSTER_00789,near_duplicate_cluster_id:SIM_CLUSTER_00789
42,3,1566,7448453948753478407,Neutral,EXACT_TEXT_7befff2fc6ee7573,EXACT_TEXT_7befff2fc6ee7573,,exact_duplicate_group_id:EXACT_TEXT_7befff2fc6ee7573
42,3,1581,7454741348199318290,Neutral,EXACT_TEXT_e6e4ef2871d07d67,EXACT_TEXT_e6e4ef2871d07d67,,exact_duplicate_group_id:EXACT_TEXT_e6e4ef2871d07d67
42,3,1585,7455885873332372229,Negative,EXACT_TEXT_4b605d45dd08e7ed,EXACT_TEXT_4b605d45dd08e7ed,,exact_duplicate_group_id:EXACT_TEXT_4b605d45dd08e7ed
42,3,1586,7457169429143552775,Positive,EXACT_GROUP_00117,EXACT_GROUP_00117,SIM_CLUSTER_00159,near_duplicate_cluster_id:SIM_CLUSTER_00159
42,3,1587,7457182381214581510,Neutral,EXACT_TEXT_0be04bff8b909d5d,EXACT_TEXT_0be04bff8b909d5d,,exact_duplicate_group_id:EXACT_TEXT_0be04bff8b909d5d
42,3,1598,7458141705847718672,Neutral,EXACT_TEXT_76d513169e228d51,EXACT_TEXT_76d513169e228d51,SIM_CLUSTER_01378,near_duplicate_cluster_id:SIM_CLUSTER_01378
42,3,1603,7458218606380729106,Negative,EXACT_TEXT_508feb16aac12e80,EXACT_TEXT_508feb16aac12e80,SIM_CLUSTER_01379,near_duplicate_cluster_id:SIM_CLUSTER_01379
42,3,1604,7458218931464782599,Negative,EXACT_TEXT_cd3269d4257424fc,EXACT_TEXT_cd3269d4257424fc,SIM_CLUSTER_01379,near_duplicate_cluster_id:SIM_CLUSTER_01379
42,3,1614,7460405159845413637,Positive,EXACT_GROUP_00117,EXACT_GROUP_00117,SIM_CLUSTER_00159,near_duplicate_cluster_id:SIM_CLUSTER_00159
42,3,1615,7460409839173894928,Positive,EXACT_TEXT_57c620931478ec07,EXACT_TEXT_57c620931478ec07,,exact_duplicate_group_id:EXACT_TEXT_57c620931478ec07
42,3,1617,7460726642425004807,Positive,EXACT_TEXT_faf4a9abd31ce84b,EXACT_TEXT_faf4a9abd31ce84b,,exact_duplicate_group_id:EXACT_TEXT_faf4a9abd31ce84b
42,3,1631,7463089800637416199,Neutral,EXACT_TEXT_bd94b49a5d989e8f,EXACT_TEXT_bd94b49a5d989e8f,,exact_duplicate_group_id:EXACT_TEXT_bd94b49a5d989e8f
42,3,1635,7463729638776505094,Neutral,EXACT_TEXT_c594abd37c4975db,EXACT_TEXT_c594abd37c4975db,SIM_CLUSTER_00158,near_duplicate_cluster_id:SIM_CLUSTER_00158
42,3,1639,7467816629105165073,Neutral,EXACT_TEXT_7b7d60582e0f539a,EXACT_TEXT_7b7d60582e0f539a,,exact_duplicate_group_id:EXACT_TEXT_7b7d60582e0f539a
42,3,1647,7471469683388990215,Negative,EXACT_TEXT_408461a25fb0ba01,EXACT_TEXT_408461a25fb0ba01,,exact_duplicate_group_id:EXACT_TEXT_408461a25fb0ba01
42,3,1648,7471543662889288456,Negative,EXACT_TEXT_0702e4b89181f8e1,EXACT_TEXT_0702e4b89181f8e1,,exact_duplicate_group_id:EXACT_TEXT_0702e4b89181f8e1
42,3,1652,7473732098672116535,Negative,EXACT_TEXT_f7d0f0394305cb2c,EXACT_TEXT_f7d0f0394305cb2c,,exact_duplicate_group_id:EXACT_TEXT_f7d0f0394305cb2c
42,3,1655,7476237416136524552,Positive,EXACT_TEXT_21edbcb2d52ec3b0,EXACT_TEXT_21edbcb2d52ec3b0,,exact_duplicate_group_id:EXACT_TEXT_21edbcb2d52ec3b0
42,3,1657,7477235005720609541,Positive,EXACT_TEXT_46bb0faf62e19eb9,EXACT_TEXT_46bb0faf62e19eb9,,exact_duplicate_group_id:EXACT_TEXT_46bb0faf62e19eb9
42,3,1670,7489588676624663303,Positive,EXACT_TEXT_b6b1d03d90453174,EXACT_TEXT_b6b1d03d90453174,,exact_duplicate_group_id:EXACT_TEXT_b6b1d03d90453174
42,3,1674,7492095313193861909,Negative,EXACT_TEXT_cf3c325a7c014114,EXACT_TEXT_cf3c325a7c014114,,exact_duplicate_group_id:EXACT_TEXT_cf3c325a7c014114
42,3,1678,7495519744498746119,Positive,EXACT_TEXT_211ce1586797d35e,EXACT_TEXT_211ce1586797d35e,,exact_duplicate_group_id:EXACT_TEXT_211ce1586797d35e
42,3,1696,7509056640122979090,Neutral,EXACT_TEXT_aafc1efba6c1e2e3,EXACT_TEXT_aafc1efba6c1e2e3,,exact_duplicate_group_id:EXACT_TEXT_aafc1efba6c1e2e3
42,3,1699,7509803015462273800,Negative,EXACT_TEXT_556b3290dc20d5c3,EXACT_TEXT_556b3290dc20d5c3,,exact_duplicate_group_id:EXACT_TEXT_556b3290dc20d5c3
42,3,1701,7510455393627112210,Negative,EXACT_TEXT_7f3bd6c6832c0ee6,EXACT_TEXT_7f3bd6c6832c0ee6,,exact_duplicate_group_id:EXACT_TEXT_7f3bd6c6832c0ee6
42,3,1709,7520615823951364872,Neutral,EXACT_TEXT_a082cac8882bbc1a,EXACT_TEXT_a082cac8882bbc1a,,exact_duplicate_group_id:EXACT_TEXT_a082cac8882bbc1a
42,3,1715,7525760350689641223,Neutral,EXACT_TEXT_5f5b3ed3e391a4c2,EXACT_TEXT_5f5b3ed3e391a4c2,,exact_duplicate_group_id:EXACT_TEXT_5f5b3ed3e391a4c2
42,3,1726,7537746724880139026,Negative,EXACT_TEXT_279ce18c23310c09,EXACT_TEXT_279ce18c23310c09,,exact_duplicate_group_id:EXACT_TEXT_279ce18c23310c09
42,3,1727,7537751965842391815,Negative,EXACT_TEXT_f89c85b91a0991ea,EXACT_TEXT_f89c85b91a0991ea,,exact_duplicate_group_id:EXACT_TEXT_f89c85b91a0991ea
42,3,1732,7542259660112610066,Negative,EXACT_TEXT_4e4a23e1d70f8aa0,EXACT_TEXT_4e4a23e1d70f8aa0,,exact_duplicate_group_id:EXACT_TEXT_4e4a23e1d70f8aa0
42,3,1743,7552521249004815112,Positive,EXACT_TEXT_60c7392aed8272df,EXACT_TEXT_60c7392aed8272df,,exact_duplicate_group_id:EXACT_TEXT_60c7392aed8272df
42,3,1745,7555428929714242305,Positive,EXACT_TEXT_ddc3135ea7575946,EXACT_TEXT_ddc3135ea7575946,,exact_duplicate_group_id:EXACT_TEXT_ddc3135ea7575946
42,3,1760,7581676075630166792,Negative,EXACT_TEXT_478c0381ebd67597,EXACT_TEXT_478c0381ebd67597,,exact_duplicate_group_id:EXACT_TEXT_478c0381ebd67597
42,3,1769,7587404428660392722,Negative,EXACT_TEXT_72b96f30ed1cc96a,EXACT_TEXT_72b96f30ed1cc96a,SIM_CLUSTER_00525,near_duplicate_cluster_id:SIM_CLUSTER_00525
42,3,1787,7596289638657114897,Positive,EXACT_TEXT_3320468259f8b0e2,EXACT_TEXT_3320468259f8b0e2,,exact_duplicate_group_id:EXACT_TEXT_3320468259f8b0e2
42,3,1789,7596292658257134357,Negative,EXACT_TEXT_b03dc401c8fda60f,EXACT_TEXT_b03dc401c8fda60f,,exact_duplicate_group_id:EXACT_TEXT_b03dc401c8fda60f
42,3,1792,7596666166371222289,Negative,EXACT_TEXT_b5a068e33110dedd,EXACT_TEXT_b5a068e33110dedd,,exact_duplicate_group_id:EXACT_TEXT_b5a068e33110dedd
42,3,1798,7597823306926605074,Positive,EXACT_TEXT_ad966699153696ea,EXACT_TEXT_ad966699153696ea,,exact_duplicate_group_id:EXACT_TEXT_ad966699153696ea
42,3,1806,7599923304773976839,Neutral,EXACT_TEXT_351dfa08a8f7c036,EXACT_TEXT_351dfa08a8f7c036,,exact_duplicate_group_id:EXACT_TEXT_351dfa08a8f7c036
42,3,1810,7601783963719303956,Positive,EXACT_TEXT_e5dc2069c65eca07,EXACT_TEXT_e5dc2069c65eca07,,exact_duplicate_group_id:EXACT_TEXT_e5dc2069c65eca07
42,4,1,1522152682623702145,Neutral,EXACT_GROUP_00142,EXACT_GROUP_00142,SIM_CLUSTER_00236,near_duplicate_cluster_id:SIM_CLUSTER_00236
42,4,2,1596193406559146509,Positive,EXACT_GROUP_00150,EXACT_GROUP_00150,SIM_CLUSTER_00203,near_duplicate_cluster_id:SIM_CLUSTER_00203
42,4,3,3369842758478444215,Positive,EXACT_GROUP_00150,EXACT_GROUP_00150,SIM_CLUSTER_00203,near_duplicate_cluster_id:SIM_CLUSTER_00203
42,4,5,4490276173539144062,Positive,EXACT_GROUP_00150,EXACT_GROUP_00150,SIM_CLUSTER_00203,near_duplicate_cluster_id:SIM_CLUSTER_00203
42,4,6,4562441376510471655,Positive,EXACT_GROUP_00150,EXACT_GROUP_00150,SIM_CLUSTER_00203,near_duplicate_cluster_id:SIM_CLUSTER_00203
42,4,7,5245494283788784464,Positive,EXACT_GROUP_00082,EXACT_GROUP_00082,SIM_CLUSTER_00235,near_duplicate_cluster_id:SIM_CLUSTER_00235
42,4,8,5399258435274849751,Positive,EXACT_GROUP_00150,EXACT_GROUP_00150,SIM_CLUSTER_00203,near_duplicate_cluster_id:SIM_CLUSTER_00203
42,4,10,6264831292812822701,Neutral,EXACT_GROUP_00143,EXACT_GROUP_00143,SIM_CLUSTER_00236,near_duplicate_cluster_id:SIM_CLUSTER_00236
42,4,12,7122842433423524634,Positive,EXACT_TEXT_7a4b8f1305250276,EXACT_TEXT_7a4b8f1305250276,SIM_CLUSTER_00021,near_duplicate_cluster_id:SIM_CLUSTER_00021
42,4,14,7130517379667133211,Neutral,EXACT_TEXT_2e7517bd1ed5c75d,EXACT_TEXT_2e7517bd1ed5c75d,,exact_duplicate_group_id:EXACT_TEXT_2e7517bd1ed5c75d
42,4,21,7185132629136638746,Neutral,EXACT_TEXT_06b86f45492a482a,EXACT_TEXT_06b86f45492a482a,,exact_duplicate_group_id:EXACT_TEXT_06b86f45492a482a
42,4,23,7187258978286699291,Neutral,EXACT_TEXT_03a028c9b343a217,EXACT_TEXT_03a028c9b343a217,,exact_duplicate_group_id:EXACT_TEXT_03a028c9b343a217
42,4,27,7195213275775943450,Neutral,EXACT_TEXT_c1732d5144dad281,EXACT_TEXT_c1732d5144dad281,,exact_duplicate_group_id:EXACT_TEXT_c1732d5144dad281
42,4,29,7201766217249571611,Neutral,EXACT_TEXT_e3db2a3ee5a3e623,EXACT_TEXT_e3db2a3ee5a3e623,,exact_duplicate_group_id:EXACT_TEXT_e3db2a3ee5a3e623
42,4,35,7205794801386767130,Positive,EXACT_TEXT_59a9fa641727cfd5,EXACT_TEXT_59a9fa641727cfd5,,exact_duplicate_group_id:EXACT_TEXT_59a9fa641727cfd5
42,4,43,7211434678505997082,Neutral,EXACT_TEXT_59c9beece0cc57ea,EXACT_TEXT_59c9beece0cc57ea,,exact_duplicate_group_id:EXACT_TEXT_59c9beece0cc57ea
42,4,51,7223013888890848026,Neutral,EXACT_TEXT_79fb935cf0775fa1,EXACT_TEXT_79fb935cf0775fa1,,exact_duplicate_group_id:EXACT_TEXT_79fb935cf0775fa1
42,4,52,7223215135145198363,Neutral,EXACT_TEXT_f2c42182c9d4cce8,EXACT_TEXT_f2c42182c9d4cce8,,exact_duplicate_group_id:EXACT_TEXT_f2c42182c9d4cce8
42,4,54,7223912416328352538,Positive,EXACT_TEXT_47a11dc8e02fb023,EXACT_TEXT_47a11dc8e02fb023,SIM_CLUSTER_00829,near_duplicate_cluster_id:SIM_CLUSTER_00829
42,4,58,7226699875529868058,Neutral,EXACT_TEXT_3bd8edf50771b152,EXACT_TEXT_3bd8edf50771b152,,exact_duplicate_group_id:EXACT_TEXT_3bd8edf50771b152
42,4,59,7226744900560683782,Neutral,EXACT_TEXT_930df3f73f348ac8,EXACT_TEXT_930df3f73f348ac8,,exact_duplicate_group_id:EXACT_TEXT_930df3f73f348ac8
42,4,72,7253812676177232646,Negative,EXACT_TEXT_ef16527a5503294e,EXACT_TEXT_ef16527a5503294e,,exact_duplicate_group_id:EXACT_TEXT_ef16527a5503294e
42,4,76,7272583051036525318,Neutral,EXACT_TEXT_b45aaffa8ddef464,EXACT_TEXT_b45aaffa8ddef464,,exact_duplicate_group_id:EXACT_TEXT_b45aaffa8ddef464
42,4,80,7287764800321405702,Positive,EXACT_TEXT_f7a5a7b9ca999819,EXACT_TEXT_f7a5a7b9ca999819,,exact_duplicate_group_id:EXACT_TEXT_f7a5a7b9ca999819
42,4,81,7289440939101487878,Negative,EXACT_TEXT_540eb508e0d84be4,EXACT_TEXT_540eb508e0d84be4,,exact_duplicate_group_id:EXACT_TEXT_540eb508e0d84be4
42,4,82,7292203062491874053,Positive,EXACT_TEXT_00c187361a7c6948,EXACT_TEXT_00c187361a7c6948,,exact_duplicate_group_id:EXACT_TEXT_00c187361a7c6948
42,4,96,7312260342766879493,Neutral,EXACT_TEXT_2dacb0aefe02a229,EXACT_TEXT_2dacb0aefe02a229,SIM_CLUSTER_00208,near_duplicate_cluster_id:SIM_CLUSTER_00208
42,4,100,7312979944723677958,Neutral,EXACT_TEXT_ef9f2b3e6e7ca914,EXACT_TEXT_ef9f2b3e6e7ca914,,exact_duplicate_group_id:EXACT_TEXT_ef9f2b3e6e7ca914
42,4,105,7314726590914691845,Positive,EXACT_TEXT_a23ece5774724a56,EXACT_TEXT_a23ece5774724a56,,exact_duplicate_group_id:EXACT_TEXT_a23ece5774724a56
42,4,124,7320190270212195077,Negative,EXACT_TEXT_27280891b64c5568,EXACT_TEXT_27280891b64c5568,,exact_duplicate_group_id:EXACT_TEXT_27280891b64c5568
42,4,146,7330626840119673605,Neutral,EXACT_TEXT_5c2c60ea7315fd1a,EXACT_TEXT_5c2c60ea7315fd1a,,exact_duplicate_group_id:EXACT_TEXT_5c2c60ea7315fd1a
42,4,151,7335246645772174085,Neutral,EXACT_TEXT_6c4ee6c81f60917e,EXACT_TEXT_6c4ee6c81f60917e,,exact_duplicate_group_id:EXACT_TEXT_6c4ee6c81f60917e
42,4,155,7339497686208840453,Neutral,EXACT_TEXT_a36382fa7c51ca8c,EXACT_TEXT_a36382fa7c51ca8c,,exact_duplicate_group_id:EXACT_TEXT_a36382fa7c51ca8c
42,4,160,7340957919175099141,Negative,EXACT_TEXT_650f71c9668c560f,EXACT_TEXT_650f71c9668c560f,,exact_duplicate_group_id:EXACT_TEXT_650f71c9668c560f
42,4,168,7345133626637501189,Neutral,EXACT_TEXT_ae257321640bd9df,EXACT_TEXT_ae257321640bd9df,,exact_duplicate_group_id:EXACT_TEXT_ae257321640bd9df
42,4,172,7349751900659516166,Neutral,EXACT_TEXT_e1b31267ba68369f,EXACT_TEXT_e1b31267ba68369f,,exact_duplicate_group_id:EXACT_TEXT_e1b31267ba68369f
42,4,177,7357685823293670150,Neutral,EXACT_TEXT_94b4402e40588c21,EXACT_TEXT_94b4402e40588c21,,exact_duplicate_group_id:EXACT_TEXT_94b4402e40588c21
42,4,178,7357738122287497990,Positive,EXACT_TEXT_637f0d07d1383f46,EXACT_TEXT_637f0d07d1383f46,,exact_duplicate_group_id:EXACT_TEXT_637f0d07d1383f46
42,4,180,7357755451231240966,Neutral,EXACT_TEXT_e367e0ffd8a48a33,EXACT_TEXT_e367e0ffd8a48a33,,exact_duplicate_group_id:EXACT_TEXT_e367e0ffd8a48a33
42,4,185,7357895236091560709,Neutral,EXACT_TEXT_85835af7cd00c0d7,EXACT_TEXT_85835af7cd00c0d7,,exact_duplicate_group_id:EXACT_TEXT_85835af7cd00c0d7
42,4,186,7357895755283874566,Neutral,EXACT_TEXT_086edc6c2d383622,EXACT_TEXT_086edc6c2d383622,,exact_duplicate_group_id:EXACT_TEXT_086edc6c2d383622
42,4,193,7357971118916027142,Negative,EXACT_TEXT_2a522a5994236caa,EXACT_TEXT_2a522a5994236caa,,exact_duplicate_group_id:EXACT_TEXT_2a522a5994236caa
42,4,195,7358006128037233414,Neutral,EXACT_TEXT_48e02537d5ca2e49,EXACT_TEXT_48e02537d5ca2e49,SIM_CLUSTER_00025,near_duplicate_cluster_id:SIM_CLUSTER_00025
42,4,198,7358089940905542405,Negative,EXACT_TEXT_1e831bcbce8b11b3,EXACT_TEXT_1e831bcbce8b11b3,,exact_duplicate_group_id:EXACT_TEXT_1e831bcbce8b11b3
42,4,199,7358110590571135749,Neutral,EXACT_TEXT_5a842c83345d5b05,EXACT_TEXT_5a842c83345d5b05,,exact_duplicate_group_id:EXACT_TEXT_5a842c83345d5b05
42,4,206,7358402111887573766,Neutral,EXACT_TEXT_e0227a1b8233f7a0,EXACT_TEXT_e0227a1b8233f7a0,,exact_duplicate_group_id:EXACT_TEXT_e0227a1b8233f7a0
42,4,207,7358413010857558790,Neutral,EXACT_TEXT_a4880f76f4d5bf3c,EXACT_TEXT_a4880f76f4d5bf3c,,exact_duplicate_group_id:EXACT_TEXT_a4880f76f4d5bf3c
42,4,214,7359220281518424850,Neutral,EXACT_TEXT_7d5ebf7556b45d46,EXACT_TEXT_7d5ebf7556b45d46,,exact_duplicate_group_id:EXACT_TEXT_7d5ebf7556b45d46
42,4,223,7360260178366743301,Neutral,EXACT_TEXT_ad8c5ec28c4c9914,EXACT_TEXT_ad8c5ec28c4c9914,,exact_duplicate_group_id:EXACT_TEXT_ad8c5ec28c4c9914
42,4,230,7363607326525342469,Neutral,EXACT_TEXT_2d8fa84d3dc4dc91,EXACT_TEXT_2d8fa84d3dc4dc91,,exact_duplicate_group_id:EXACT_TEXT_2d8fa84d3dc4dc91
42,4,235,7366843331944628997,Positive,EXACT_TEXT_879f11522608d4f4,EXACT_TEXT_879f11522608d4f4,,exact_duplicate_group_id:EXACT_TEXT_879f11522608d4f4
42,4,238,7372857017117328134,Positive,EXACT_TEXT_632a65a60c73a765,EXACT_TEXT_632a65a60c73a765,,exact_duplicate_group_id:EXACT_TEXT_632a65a60c73a765
42,4,240,7373308421233181446,Neutral,EXACT_TEXT_c5484611be9c0481,EXACT_TEXT_c5484611be9c0481,SIM_CLUSTER_00208,near_duplicate_cluster_id:SIM_CLUSTER_00208
42,4,244,7377288569931399942,Negative,EXACT_TEXT_106e479f52daf87c,EXACT_TEXT_106e479f52daf87c,,exact_duplicate_group_id:EXACT_TEXT_106e479f52daf87c
42,4,246,7377322865676763910,Neutral,EXACT_TEXT_2fa53d956b16a4c4,EXACT_TEXT_2fa53d956b16a4c4,,exact_duplicate_group_id:EXACT_TEXT_2fa53d956b16a4c4
42,4,259,7385185627312390918,Neutral,EXACT_TEXT_db74ed8e14543575,EXACT_TEXT_db74ed8e14543575,,exact_duplicate_group_id:EXACT_TEXT_db74ed8e14543575
42,4,261,7385337645985514245,Neutral,EXACT_TEXT_5a7d9b70fa791226,EXACT_TEXT_5a7d9b70fa791226,,exact_duplicate_group_id:EXACT_TEXT_5a7d9b70fa791226
42,4,262,7385454151532036870,Neutral,EXACT_TEXT_30859c1c1d2803ee,EXACT_TEXT_30859c1c1d2803ee,,exact_duplicate_group_id:EXACT_TEXT_30859c1c1d2803ee
42,4,268,7388451253443445510,Neutral,EXACT_TEXT_63834bae96213741,EXACT_TEXT_63834bae96213741,SIM_CLUSTER_00025,near_duplicate_cluster_id:SIM_CLUSTER_00025
42,4,271,7388550852934189829,Neutral,EXACT_TEXT_ea30ef7b2bac8db0,EXACT_TEXT_ea30ef7b2bac8db0,,exact_duplicate_group_id:EXACT_TEXT_ea30ef7b2bac8db0
42,4,273,7389064099441033990,Neutral,EXACT_TEXT_fde0fdd45e703e4c,EXACT_TEXT_fde0fdd45e703e4c,,exact_duplicate_group_id:EXACT_TEXT_fde0fdd45e703e4c
42,4,274,7389616131072656134,Neutral,EXACT_TEXT_7aea5f2f4023ae21,EXACT_TEXT_7aea5f2f4023ae21,,exact_duplicate_group_id:EXACT_TEXT_7aea5f2f4023ae21
42,4,281,7397304738260632325,Positive,EXACT_TEXT_950c4836ed95ef4c,EXACT_TEXT_950c4836ed95ef4c,,exact_duplicate_group_id:EXACT_TEXT_950c4836ed95ef4c
42,4,282,7397908535801742086,Positive,EXACT_TEXT_fb3de067b0d5314e,EXACT_TEXT_fb3de067b0d5314e,,exact_duplicate_group_id:EXACT_TEXT_fb3de067b0d5314e
42,4,284,7397989494555443974,Negative,EXACT_TEXT_fee40752856adc36,EXACT_TEXT_fee40752856adc36,,exact_duplicate_group_id:EXACT_TEXT_fee40752856adc36
42,4,286,7398020507608531728,Neutral,EXACT_TEXT_13117347f92b3852,EXACT_TEXT_13117347f92b3852,,exact_duplicate_group_id:EXACT_TEXT_13117347f92b3852
42,4,287,7398146064732160774,Neutral,EXACT_TEXT_1963562310321602,EXACT_TEXT_1963562310321602,,exact_duplicate_group_id:EXACT_TEXT_1963562310321602
42,4,289,7398752527174697771,Neutral,EXACT_TEXT_19f1c9e0222c488f,EXACT_TEXT_19f1c9e0222c488f,,exact_duplicate_group_id:EXACT_TEXT_19f1c9e0222c488f
42,4,298,7405783183332508421,Neutral,EXACT_TEXT_a22069827d50df6c,EXACT_TEXT_a22069827d50df6c,,exact_duplicate_group_id:EXACT_TEXT_a22069827d50df6c
42,4,301,7408709581616939782,Positive,EXACT_TEXT_1641c81b1996443d,EXACT_TEXT_1641c81b1996443d,,exact_duplicate_group_id:EXACT_TEXT_1641c81b1996443d
42,4,308,7414920277508850438,Positive,EXACT_TEXT_e17a269f5bf597dc,EXACT_TEXT_e17a269f5bf597dc,,exact_duplicate_group_id:EXACT_TEXT_e17a269f5bf597dc
42,4,313,7419290519233446661,Positive,EXACT_TEXT_988fb64ba93942e7,EXACT_TEXT_988fb64ba93942e7,,exact_duplicate_group_id:EXACT_TEXT_988fb64ba93942e7
42,4,315,7419655483143504646,Positive,EXACT_TEXT_467af3f35751e97b,EXACT_TEXT_467af3f35751e97b,,exact_duplicate_group_id:EXACT_TEXT_467af3f35751e97b
42,4,319,7421330981892915973,Negative,EXACT_TEXT_816e7d0ea3a11cf8,EXACT_TEXT_816e7d0ea3a11cf8,,exact_duplicate_group_id:EXACT_TEXT_816e7d0ea3a11cf8
42,4,320,7421352374406824709,Neutral,EXACT_TEXT_432aa0c4df8e8201,EXACT_TEXT_432aa0c4df8e8201,,exact_duplicate_group_id:EXACT_TEXT_432aa0c4df8e8201
42,4,334,7422593349075026694,Neutral,EXACT_TEXT_75b9464ca8aa741f,EXACT_TEXT_75b9464ca8aa741f,,exact_duplicate_group_id:EXACT_TEXT_75b9464ca8aa741f
42,4,337,7423348592411476741,Neutral,EXACT_TEXT_e779898154237931,EXACT_TEXT_e779898154237931,SIM_CLUSTER_00840,near_duplicate_cluster_id:SIM_CLUSTER_00840
42,4,340,7424249268200178438,Negative,EXACT_TEXT_4774f0a95b0fe381,EXACT_TEXT_4774f0a95b0fe381,,exact_duplicate_group_id:EXACT_TEXT_4774f0a95b0fe381
42,4,341,7424452988745876229,Negative,EXACT_TEXT_aed0572811a4cea9,EXACT_TEXT_aed0572811a4cea9,,exact_duplicate_group_id:EXACT_TEXT_aed0572811a4cea9
42,4,345,7425184299190485766,Neutral,EXACT_TEXT_c088078a9fb6806b,EXACT_TEXT_c088078a9fb6806b,SIM_CLUSTER_00208,near_duplicate_cluster_id:SIM_CLUSTER_00208
42,4,346,7425255870156964613,Negative,EXACT_TEXT_b8826c261123ded6,EXACT_TEXT_b8826c261123ded6,,exact_duplicate_group_id:EXACT_TEXT_b8826c261123ded6
42,4,347,7425309656337498885,Neutral,EXACT_TEXT_ffde4a3e6fb6dde8,EXACT_TEXT_ffde4a3e6fb6dde8,,exact_duplicate_group_id:EXACT_TEXT_ffde4a3e6fb6dde8
42,4,350,7427083583670977286,Negative,EXACT_TEXT_82c33d754d06856f,EXACT_TEXT_82c33d754d06856f,,exact_duplicate_group_id:EXACT_TEXT_82c33d754d06856f
42,4,354,7428581743287141126,Negative,EXACT_TEXT_05c6144ad1960ffc,EXACT_TEXT_05c6144ad1960ffc,,exact_duplicate_group_id:EXACT_TEXT_05c6144ad1960ffc
42,4,358,7429309304655659781,Positive,EXACT_TEXT_2427f357ca7ad99d,EXACT_TEXT_2427f357ca7ad99d,,exact_duplicate_group_id:EXACT_TEXT_2427f357ca7ad99d
42,4,361,7429616235484742407,Positive,EXACT_TEXT_7013516d0a84e3ad,EXACT_TEXT_7013516d0a84e3ad,,exact_duplicate_group_id:EXACT_TEXT_7013516d0a84e3ad
42,4,363,7429631175880622866,Neutral,EXACT_TEXT_c01ffdbaf2fb06ce,EXACT_TEXT_c01ffdbaf2fb06ce,,exact_duplicate_group_id:EXACT_TEXT_c01ffdbaf2fb06ce
42,4,368,7430767394401256198,Neutral,EXACT_TEXT_2d003f78e4f31f63,EXACT_TEXT_2d003f78e4f31f63,SIM_CLUSTER_01027,near_duplicate_cluster_id:SIM_CLUSTER_01027
42,4,371,7431735541747991314,Negative,EXACT_TEXT_5c6b2cc4284734e2,EXACT_TEXT_5c6b2cc4284734e2,,exact_duplicate_group_id:EXACT_TEXT_5c6b2cc4284734e2
42,4,382,7434308241242620727,Negative,EXACT_TEXT_32224e6ceba5efa1,EXACT_TEXT_32224e6ceba5efa1,,exact_duplicate_group_id:EXACT_TEXT_32224e6ceba5efa1
42,4,388,7441948246169125687,Negative,EXACT_TEXT_abfef0d670633ca1,EXACT_TEXT_abfef0d670633ca1,,exact_duplicate_group_id:EXACT_TEXT_abfef0d670633ca1
42,4,394,7449699424621642504,Negative,EXACT_TEXT_4ca929840c18a20e,EXACT_TEXT_4ca929840c18a20e,,exact_duplicate_group_id:EXACT_TEXT_4ca929840c18a20e
42,4,410,7460640968758313729,Neutral,EXACT_TEXT_3f7e75be5b91dff0,EXACT_TEXT_3f7e75be5b91dff0,,exact_duplicate_group_id:EXACT_TEXT_3f7e75be5b91dff0
42,4,414,7462328282752910088,Positive,EXACT_TEXT_558858c58a96b948,EXACT_TEXT_558858c58a96b948,,exact_duplicate_group_id:EXACT_TEXT_558858c58a96b948
42,4,429,7478416409100993288,Negative,EXACT_TEXT_5e1174ad5845f089,EXACT_TEXT_5e1174ad5845f089,,exact_duplicate_group_id:EXACT_TEXT_5e1174ad5845f089
42,4,430,7479242451200295688,Negative,EXACT_TEXT_51fcb9149a673144,EXACT_TEXT_51fcb9149a673144,,exact_duplicate_group_id:EXACT_TEXT_51fcb9149a673144
42,4,432,7487241657223447314,Negative,EXACT_TEXT_825fe5975ce1811e,EXACT_TEXT_825fe5975ce1811e,,exact_duplicate_group_id:EXACT_TEXT_825fe5975ce1811e
42,4,437,7496302240958628626,Positive,EXACT_TEXT_3d7287fd44137f9a,EXACT_TEXT_3d7287fd44137f9a,,exact_duplicate_group_id:EXACT_TEXT_3d7287fd44137f9a
42,4,446,7508015229289448209,Negative,EXACT_TEXT_b186aaa26cedd06f,EXACT_TEXT_b186aaa26cedd06f,,exact_duplicate_group_id:EXACT_TEXT_b186aaa26cedd06f
42,4,453,7529497235211502354,Neutral,EXACT_TEXT_1e15287ba85521d7,EXACT_TEXT_1e15287ba85521d7,,exact_duplicate_group_id:EXACT_TEXT_1e15287ba85521d7
42,4,456,7535311622904070930,Negative,EXACT_TEXT_57fe2608c8997845,EXACT_TEXT_57fe2608c8997845,,exact_duplicate_group_id:EXACT_TEXT_57fe2608c8997845
42,4,460,7542774521083724551,Neutral,EXACT_GROUP_00226,EXACT_GROUP_00226,SIM_CLUSTER_00453,near_duplicate_cluster_id:SIM_CLUSTER_00453
42,4,464,7550625327639216913,Neutral,EXACT_TEXT_cb825300f39b4222,EXACT_TEXT_cb825300f39b4222,,exact_duplicate_group_id:EXACT_TEXT_cb825300f39b4222
42,4,465,7553546197735850760,Positive,EXACT_TEXT_4e42f8c2ecc617e5,EXACT_TEXT_4e42f8c2ecc617e5,,exact_duplicate_group_id:EXACT_TEXT_4e42f8c2ecc617e5
42,4,467,7559247366689506066,Neutral,EXACT_TEXT_fa58b4dfa7b4dcaf,EXACT_TEXT_fa58b4dfa7b4dcaf,,exact_duplicate_group_id:EXACT_TEXT_fa58b4dfa7b4dcaf
42,4,470,7569844570143671058,Neutral,EXACT_TEXT_2e7fe82e7575103f,EXACT_TEXT_2e7fe82e7575103f,,exact_duplicate_group_id:EXACT_TEXT_2e7fe82e7575103f
42,4,475,7582856549539234568,Negative,EXACT_TEXT_2add288dcc60b37b,EXACT_TEXT_2add288dcc60b37b,,exact_duplicate_group_id:EXACT_TEXT_2add288dcc60b37b
42,4,478,7586883949931430677,Negative,EXACT_TEXT_56de62dfb18defad,EXACT_TEXT_56de62dfb18defad,,exact_duplicate_group_id:EXACT_TEXT_56de62dfb18defad
42,4,482,7586941362521047825,Neutral,EXACT_TEXT_ba76da6fdc550372,EXACT_TEXT_ba76da6fdc550372,,exact_duplicate_group_id:EXACT_TEXT_ba76da6fdc550372
42,4,483,7586944411960935186,Neutral,EXACT_TEXT_9b0a8d667bffbb64,EXACT_TEXT_9b0a8d667bffbb64,,exact_duplicate_group_id:EXACT_TEXT_9b0a8d667bffbb64
42,4,486,7586967063266165512,Neutral,EXACT_TEXT_ad4681ae7af9194b,EXACT_TEXT_ad4681ae7af9194b,,exact_duplicate_group_id:EXACT_TEXT_ad4681ae7af9194b
42,4,489,7586989507682779924,Positive,EXACT_TEXT_760521aec645d3c5,EXACT_TEXT_760521aec645d3c5,,exact_duplicate_group_id:EXACT_TEXT_760521aec645d3c5
42,4,495,7587067398617383698,Neutral,EXACT_TEXT_dce638b108115d01,EXACT_TEXT_dce638b108115d01,,exact_duplicate_group_id:EXACT_TEXT_dce638b108115d01
42,4,497,7587090378680926993,Neutral,EXACT_TEXT_d2be853aff954f52,EXACT_TEXT_d2be853aff954f52,,exact_duplicate_group_id:EXACT_TEXT_d2be853aff954f52
42,4,500,7587340302005322504,Neutral,EXACT_TEXT_bb97da3181fc3189,EXACT_TEXT_bb97da3181fc3189,,exact_duplicate_group_id:EXACT_TEXT_bb97da3181fc3189
42,4,508,7596241573664752402,Positive,EXACT_TEXT_24aa0d66648608d9,EXACT_TEXT_24aa0d66648608d9,,exact_duplicate_group_id:EXACT_TEXT_24aa0d66648608d9
42,4,511,7596245068638536468,Positive,EXACT_TEXT_59443729cb76b671,EXACT_TEXT_59443729cb76b671,,exact_duplicate_group_id:EXACT_TEXT_59443729cb76b671
42,4,518,7596258109304619783,Neutral,EXACT_TEXT_e63dcee8a393f2bd,EXACT_TEXT_e63dcee8a393f2bd,,exact_duplicate_group_id:EXACT_TEXT_e63dcee8a393f2bd
42,4,520,7596265723795030791,Negative,EXACT_TEXT_d04db55f99ada4a7,EXACT_TEXT_d04db55f99ada4a7,,exact_duplicate_group_id:EXACT_TEXT_d04db55f99ada4a7
42,4,523,7596313425778524948,Positive,EXACT_TEXT_28474620c3c2805b,EXACT_TEXT_28474620c3c2805b,,exact_duplicate_group_id:EXACT_TEXT_28474620c3c2805b
42,4,524,7596314697344303893,Positive,EXACT_TEXT_8e247da93f7e2b03,EXACT_TEXT_8e247da93f7e2b03,,exact_duplicate_group_id:EXACT_TEXT_8e247da93f7e2b03
42,4,529,7596572113365713665,Negative,EXACT_TEXT_6a9445b081ade0cd,EXACT_TEXT_6a9445b081ade0cd,,exact_duplicate_group_id:EXACT_TEXT_6a9445b081ade0cd
42,4,530,7598869400267178773,Positive,EXACT_TEXT_6c7bd53ae5906142,EXACT_TEXT_6c7bd53ae5906142,,exact_duplicate_group_id:EXACT_TEXT_6c7bd53ae5906142
42,4,535,7616370759460717333,Neutral,EXACT_TEXT_051f7ba38f833fd0,EXACT_TEXT_051f7ba38f833fd0,,exact_duplicate_group_id:EXACT_TEXT_051f7ba38f833fd0
42,4,540,7629678808207016725,Neutral,EXACT_TEXT_27777a4cf0680eef,EXACT_TEXT_27777a4cf0680eef,,exact_duplicate_group_id:EXACT_TEXT_27777a4cf0680eef
42,4,542,8047737222608403417,Positive,EXACT_GROUP_00150,EXACT_GROUP_00150,SIM_CLUSTER_00203,near_duplicate_cluster_id:SIM_CLUSTER_00203
42,4,544,9228323173467744818,Positive,EXACT_GROUP_00150,EXACT_GROUP_00150,SIM_CLUSTER_00203,near_duplicate_cluster_id:SIM_CLUSTER_00203
42,4,545,9746819620080062517,Positive,EXACT_GROUP_00150,EXACT_GROUP_00150,SIM_CLUSTER_00203,near_duplicate_cluster_id:SIM_CLUSTER_00203
42,4,548,7123925002375185179,Neutral,EXACT_TEXT_23b1aaa714802a8c,EXACT_TEXT_23b1aaa714802a8c,,exact_duplicate_group_id:EXACT_TEXT_23b1aaa714802a8c
42,4,585,7186789182744232730,Positive,EXACT_TEXT_285c45658f5f35bb,EXACT_TEXT_285c45658f5f35bb,,exact_duplicate_group_id:EXACT_TEXT_285c45658f5f35bb
42,4,588,7190663236550034202,Neutral,EXACT_TEXT_c0a86600eca68868,EXACT_TEXT_c0a86600eca68868,,exact_duplicate_group_id:EXACT_TEXT_c0a86600eca68868
42,4,589,7193551364944495387,Neutral,EXACT_TEXT_b66e6b7b78a1c8d5,EXACT_TEXT_b66e6b7b78a1c8d5,SIM_CLUSTER_00107,near_duplicate_cluster_id:SIM_CLUSTER_00107
42,4,598,7203377278377100059,Positive,EXACT_TEXT_7f425b67a4d271da,EXACT_TEXT_7f425b67a4d271da,,exact_duplicate_group_id:EXACT_TEXT_7f425b67a4d271da
42,4,599,7204694928949117701,Neutral,EXACT_TEXT_ee67c96c7ed3bbe3,EXACT_TEXT_ee67c96c7ed3bbe3,,exact_duplicate_group_id:EXACT_TEXT_ee67c96c7ed3bbe3
42,4,606,7206760325164499739,Neutral,EXACT_TEXT_2f807e485836ea41,EXACT_TEXT_2f807e485836ea41,,exact_duplicate_group_id:EXACT_TEXT_2f807e485836ea41
42,4,613,7209248057971802907,Neutral,EXACT_TEXT_50660b9ecdf088b6,EXACT_TEXT_50660b9ecdf088b6,,exact_duplicate_group_id:EXACT_TEXT_50660b9ecdf088b6
42,4,617,7210173586085233435,Negative,EXACT_TEXT_e629c9b0b878df50,EXACT_TEXT_e629c9b0b878df50,,exact_duplicate_group_id:EXACT_TEXT_e629c9b0b878df50
42,4,630,7216428470203876122,Neutral,EXACT_GROUP_00542,EXACT_GROUP_00542,SIM_CLUSTER_00823,near_duplicate_cluster_id:SIM_CLUSTER_00823
42,4,631,7216855781706154778,Negative,EXACT_TEXT_1d0c224e79bf226e,EXACT_TEXT_1d0c224e79bf226e,,exact_duplicate_group_id:EXACT_TEXT_1d0c224e79bf226e
42,4,638,7219715685822923547,Neutral,EXACT_TEXT_1ac61946ba76f72f,EXACT_TEXT_1ac61946ba76f72f,,exact_duplicate_group_id:EXACT_TEXT_1ac61946ba76f72f
42,4,641,7222721190912787226,Neutral,EXACT_TEXT_46f3cc634f399814,EXACT_TEXT_46f3cc634f399814,,exact_duplicate_group_id:EXACT_TEXT_46f3cc634f399814
42,4,642,7222838889026700059,Neutral,EXACT_TEXT_7841cbe53224d49a,EXACT_TEXT_7841cbe53224d49a,SIM_CLUSTER_00107,near_duplicate_cluster_id:SIM_CLUSTER_00107
42,4,644,7223414148175430426,Positive,EXACT_TEXT_02761bf8e469dae7,EXACT_TEXT_02761bf8e469dae7,,exact_duplicate_group_id:EXACT_TEXT_02761bf8e469dae7
42,4,645,7224705735542702874,Neutral,EXACT_TEXT_bf97c5dd55a01d44,EXACT_TEXT_bf97c5dd55a01d44,SIM_CLUSTER_00107,near_duplicate_cluster_id:SIM_CLUSTER_00107
42,4,655,7225899817460433690,Neutral,EXACT_TEXT_d5f18eddc249a250,EXACT_TEXT_d5f18eddc249a250,SIM_CLUSTER_00107,near_duplicate_cluster_id:SIM_CLUSTER_00107
42,4,657,7225918882271609627,Neutral,EXACT_TEXT_90a3d3a23dd67b0a,EXACT_TEXT_90a3d3a23dd67b0a,,exact_duplicate_group_id:EXACT_TEXT_90a3d3a23dd67b0a
42,4,658,7225942452360184603,Neutral,EXACT_TEXT_507d9e42e5d74897,EXACT_TEXT_507d9e42e5d74897,,exact_duplicate_group_id:EXACT_TEXT_507d9e42e5d74897
42,4,660,7225984167455671066,Negative,EXACT_TEXT_1aaaf8bb56a40602,EXACT_TEXT_1aaaf8bb56a40602,,exact_duplicate_group_id:EXACT_TEXT_1aaaf8bb56a40602
42,4,665,7226262590379541274,Neutral,EXACT_TEXT_af2c3a4636305e40,EXACT_TEXT_af2c3a4636305e40,,exact_duplicate_group_id:EXACT_TEXT_af2c3a4636305e40
42,4,667,7226493610400563994,Neutral,EXACT_TEXT_c15010edc5ecdf49,EXACT_TEXT_c15010edc5ecdf49,SIM_CLUSTER_00107,near_duplicate_cluster_id:SIM_CLUSTER_00107
42,4,673,7226692405369389830,Neutral,EXACT_TEXT_d679ce7a4b8a07ae,EXACT_TEXT_d679ce7a4b8a07ae,,exact_duplicate_group_id:EXACT_TEXT_d679ce7a4b8a07ae
42,4,675,7226988524318327579,Neutral,EXACT_TEXT_4703623eee34ee5c,EXACT_TEXT_4703623eee34ee5c,SIM_CLUSTER_00850,near_duplicate_cluster_id:SIM_CLUSTER_00850
42,4,688,7232545576809956122,Negative,EXACT_TEXT_b0b39027fba3ea43,EXACT_TEXT_b0b39027fba3ea43,,exact_duplicate_group_id:EXACT_TEXT_b0b39027fba3ea43
42,4,697,7237868853086307077,Neutral,EXACT_TEXT_42a054daa05c4806,EXACT_TEXT_42a054daa05c4806,,exact_duplicate_group_id:EXACT_TEXT_42a054daa05c4806
42,4,706,7242529873284662021,Neutral,EXACT_TEXT_597b3e1a912f3f20,EXACT_TEXT_597b3e1a912f3f20,,exact_duplicate_group_id:EXACT_TEXT_597b3e1a912f3f20
42,4,711,7249536099025126149,Neutral,EXACT_TEXT_ee9682cea39604ca,EXACT_TEXT_ee9682cea39604ca,,exact_duplicate_group_id:EXACT_TEXT_ee9682cea39604ca
42,4,712,7250343666831688453,Positive,EXACT_TEXT_4d3fc248a578199d,EXACT_TEXT_4d3fc248a578199d,SIM_CLUSTER_00865,near_duplicate_cluster_id:SIM_CLUSTER_00865
42,4,728,7269241669441733382,Neutral,EXACT_TEXT_436d49e30ebe6f80,EXACT_TEXT_436d49e30ebe6f80,,exact_duplicate_group_id:EXACT_TEXT_436d49e30ebe6f80
42,4,734,7272355687711048453,Negative,EXACT_TEXT_d4f3e031e05f665c,EXACT_TEXT_d4f3e031e05f665c,,exact_duplicate_group_id:EXACT_TEXT_d4f3e031e05f665c
42,4,742,7285695607283729158,Negative,EXACT_TEXT_2651185b2a29f8aa,EXACT_TEXT_2651185b2a29f8aa,,exact_duplicate_group_id:EXACT_TEXT_2651185b2a29f8aa
42,4,745,7286490366832100101,Neutral,EXACT_TEXT_dabe28afc8c460c5,EXACT_TEXT_dabe28afc8c460c5,,exact_duplicate_group_id:EXACT_TEXT_dabe28afc8c460c5
42,4,747,7287147585201259270,Positive,EXACT_TEXT_e8902286d81bce56,EXACT_TEXT_e8902286d81bce56,SIM_CLUSTER_00021,near_duplicate_cluster_id:SIM_CLUSTER_00021
42,4,748,7287151610533774086,Positive,EXACT_TEXT_4316b5190481aba5,EXACT_TEXT_4316b5190481aba5,,exact_duplicate_group_id:EXACT_TEXT_4316b5190481aba5
42,4,749,7287190198583247621,Positive,EXACT_TEXT_9c0575e13bfe4ed6,EXACT_TEXT_9c0575e13bfe4ed6,,exact_duplicate_group_id:EXACT_TEXT_9c0575e13bfe4ed6
42,4,755,7289043628734808837,Positive,EXACT_TEXT_3abe3649431eb363,EXACT_TEXT_3abe3649431eb363,,exact_duplicate_group_id:EXACT_TEXT_3abe3649431eb363
42,4,758,7291856823852958470,Neutral,EXACT_TEXT_77c452536aed4ded,EXACT_TEXT_77c452536aed4ded,SIM_CLUSTER_00107,near_duplicate_cluster_id:SIM_CLUSTER_00107
42,4,762,7296742075201929990,Neutral,EXACT_TEXT_7e44a28f5a41352b,EXACT_TEXT_7e44a28f5a41352b,,exact_duplicate_group_id:EXACT_TEXT_7e44a28f5a41352b
42,4,766,7303431527675773702,Neutral,EXACT_TEXT_92d641b1331cadbd,EXACT_TEXT_92d641b1331cadbd,,exact_duplicate_group_id:EXACT_TEXT_92d641b1331cadbd
42,4,771,7307682614298559237,Positive,EXACT_TEXT_9e0e6f43617bbc76,EXACT_TEXT_9e0e6f43617bbc76,,exact_duplicate_group_id:EXACT_TEXT_9e0e6f43617bbc76
42,4,772,7308170718339515141,Neutral,EXACT_TEXT_07a4e3351ed98904,EXACT_TEXT_07a4e3351ed98904,,exact_duplicate_group_id:EXACT_TEXT_07a4e3351ed98904
42,4,775,7309674419907199750,Neutral,EXACT_TEXT_e3718483f12cf720,EXACT_TEXT_e3718483f12cf720,,exact_duplicate_group_id:EXACT_TEXT_e3718483f12cf720
42,4,782,7312076737189233413,Neutral,EXACT_TEXT_5941dc0435066cf9,EXACT_TEXT_5941dc0435066cf9,,exact_duplicate_group_id:EXACT_TEXT_5941dc0435066cf9
42,4,786,7312442971810808581,Positive,EXACT_TEXT_c1ea0f3074e55567,EXACT_TEXT_c1ea0f3074e55567,,exact_duplicate_group_id:EXACT_TEXT_c1ea0f3074e55567
42,4,789,7313504132902961925,Neutral,EXACT_TEXT_176931edbaad8a45,EXACT_TEXT_176931edbaad8a45,,exact_duplicate_group_id:EXACT_TEXT_176931edbaad8a45
42,4,791,7313576603031208709,Neutral,EXACT_TEXT_f23e66564dc915b7,EXACT_TEXT_f23e66564dc915b7,SIM_CLUSTER_00414,near_duplicate_cluster_id:SIM_CLUSTER_00414
42,4,794,7313919159631921925,Positive,EXACT_TEXT_bbe29c33fa430cb4,EXACT_TEXT_bbe29c33fa430cb4,,exact_duplicate_group_id:EXACT_TEXT_bbe29c33fa430cb4
42,4,805,7316419591391265542,Neutral,EXACT_TEXT_da1a57c1e87d790d,EXACT_TEXT_da1a57c1e87d790d,,exact_duplicate_group_id:EXACT_TEXT_da1a57c1e87d790d
42,4,810,7317303113936765702,Positive,EXACT_TEXT_8a0cc8ad7687b92d,EXACT_TEXT_8a0cc8ad7687b92d,,exact_duplicate_group_id:EXACT_TEXT_8a0cc8ad7687b92d
42,4,819,7320162152375272197,Positive,EXACT_TEXT_15232756194bd576,EXACT_TEXT_15232756194bd576,,exact_duplicate_group_id:EXACT_TEXT_15232756194bd576
42,4,822,7320308105157198598,Neutral,EXACT_TEXT_de5172d92eb8e394,EXACT_TEXT_de5172d92eb8e394,,exact_duplicate_group_id:EXACT_TEXT_de5172d92eb8e394
42,4,827,7320868605225812741,Negative,EXACT_TEXT_b0dc134014827136,EXACT_TEXT_b0dc134014827136,,exact_duplicate_group_id:EXACT_TEXT_b0dc134014827136
42,4,828,7321189848634655493,Neutral,EXACT_TEXT_1fe8217fde02f401,EXACT_TEXT_1fe8217fde02f401,,exact_duplicate_group_id:EXACT_TEXT_1fe8217fde02f401
42,4,832,7323020931168764678,Neutral,EXACT_TEXT_7d86a92901a48cb1,EXACT_TEXT_7d86a92901a48cb1,,exact_duplicate_group_id:EXACT_TEXT_7d86a92901a48cb1
42,4,833,7323968034933932805,Negative,EXACT_TEXT_64002ce889d117fd,EXACT_TEXT_64002ce889d117fd,,exact_duplicate_group_id:EXACT_TEXT_64002ce889d117fd
42,4,835,7324302293402403589,Positive,EXACT_TEXT_9821276f25cf3b3e,EXACT_TEXT_9821276f25cf3b3e,,exact_duplicate_group_id:EXACT_TEXT_9821276f25cf3b3e
42,4,841,7327486312323515141,Neutral,EXACT_TEXT_bffe5fbf66c04d0f,EXACT_TEXT_bffe5fbf66c04d0f,,exact_duplicate_group_id:EXACT_TEXT_bffe5fbf66c04d0f
42,4,850,7331164043737580294,Positive,EXACT_TEXT_80a675fd472a8e6d,EXACT_TEXT_80a675fd472a8e6d,,exact_duplicate_group_id:EXACT_TEXT_80a675fd472a8e6d
42,4,870,7340962018168341254,Positive,EXACT_TEXT_a25d1c81d7e7f69d,EXACT_TEXT_a25d1c81d7e7f69d,,exact_duplicate_group_id:EXACT_TEXT_a25d1c81d7e7f69d
42,4,871,7340962860992611077,Negative,EXACT_TEXT_76e78565664219ff,EXACT_TEXT_76e78565664219ff,,exact_duplicate_group_id:EXACT_TEXT_76e78565664219ff
42,4,872,7341031908564812549,Negative,EXACT_TEXT_315bda0f7172f0ca,EXACT_TEXT_315bda0f7172f0ca,,exact_duplicate_group_id:EXACT_TEXT_315bda0f7172f0ca
42,4,873,7341033515360027397,Negative,EXACT_TEXT_2c473018867d513d,EXACT_TEXT_2c473018867d513d,,exact_duplicate_group_id:EXACT_TEXT_2c473018867d513d
42,4,874,7341040503327195909,Positive,EXACT_TEXT_d09143b757bd6e22,EXACT_TEXT_d09143b757bd6e22,,exact_duplicate_group_id:EXACT_TEXT_d09143b757bd6e22
42,4,881,7341552339193774854,Neutral,EXACT_TEXT_60affdeea21101dc,EXACT_TEXT_60affdeea21101dc,,exact_duplicate_group_id:EXACT_TEXT_60affdeea21101dc
42,4,890,7349164810972693254,Neutral,EXACT_TEXT_d902ab4780eae6cb,EXACT_TEXT_d902ab4780eae6cb,,exact_duplicate_group_id:EXACT_TEXT_d902ab4780eae6cb
42,4,895,7350515082760553221,Neutral,EXACT_TEXT_d01fdcc884ecd383,EXACT_TEXT_d01fdcc884ecd383,SIM_CLUSTER_00107,near_duplicate_cluster_id:SIM_CLUSTER_00107
42,4,898,7353165539302195974,Neutral,EXACT_TEXT_2ac56fbdce664b76,EXACT_TEXT_2ac56fbdce664b76,,exact_duplicate_group_id:EXACT_TEXT_2ac56fbdce664b76
42,4,901,7356994325316125446,Neutral,EXACT_TEXT_1a6d5fad605cd06c,EXACT_TEXT_1a6d5fad605cd06c,,exact_duplicate_group_id:EXACT_TEXT_1a6d5fad605cd06c
42,4,904,7357729724225389317,Positive,EXACT_TEXT_97945461bc2f2201,EXACT_TEXT_97945461bc2f2201,,exact_duplicate_group_id:EXACT_TEXT_97945461bc2f2201
42,4,907,7357766717471884038,Negative,EXACT_TEXT_a74a49d3215f99b9,EXACT_TEXT_a74a49d3215f99b9,,exact_duplicate_group_id:EXACT_TEXT_a74a49d3215f99b9
42,4,910,7357883462663422726,Neutral,EXACT_TEXT_3184dfac18559d92,EXACT_TEXT_3184dfac18559d92,,exact_duplicate_group_id:EXACT_TEXT_3184dfac18559d92
42,4,911,7357888816939795206,Negative,EXACT_TEXT_c7e7a294a5ea9a36,EXACT_TEXT_c7e7a294a5ea9a36,,exact_duplicate_group_id:EXACT_TEXT_c7e7a294a5ea9a36
42,4,920,7357985199369618182,Negative,EXACT_TEXT_efcf9a9cf1becd70,EXACT_TEXT_efcf9a9cf1becd70,,exact_duplicate_group_id:EXACT_TEXT_efcf9a9cf1becd70
42,4,921,7358000016394683141,Positive,EXACT_TEXT_6e41edb267274c3e,EXACT_TEXT_6e41edb267274c3e,,exact_duplicate_group_id:EXACT_TEXT_6e41edb267274c3e
42,4,939,7359428694631596805,Neutral,EXACT_TEXT_22cb3e83c2ea47c2,EXACT_TEXT_22cb3e83c2ea47c2,,exact_duplicate_group_id:EXACT_TEXT_22cb3e83c2ea47c2
42,4,954,7360304029161440006,Negative,EXACT_TEXT_19a66f4a685beb24,EXACT_TEXT_19a66f4a685beb24,,exact_duplicate_group_id:EXACT_TEXT_19a66f4a685beb24
42,4,959,7362046050905621254,Neutral,EXACT_TEXT_13851e6d33441bb5,EXACT_TEXT_13851e6d33441bb5,SIM_CLUSTER_00107,near_duplicate_cluster_id:SIM_CLUSTER_00107
42,4,983,7367547798855844614,Negative,EXACT_TEXT_9fb940881581c0d1,EXACT_TEXT_9fb940881581c0d1,,exact_duplicate_group_id:EXACT_TEXT_9fb940881581c0d1
42,4,986,7368264046841381637,Positive,EXACT_TEXT_bff1374c36365d3d,EXACT_TEXT_bff1374c36365d3d,,exact_duplicate_group_id:EXACT_TEXT_bff1374c36365d3d
42,4,987,7368663875938517766,Neutral,EXACT_TEXT_19a77135bc5af7d0,EXACT_TEXT_19a77135bc5af7d0,,exact_duplicate_group_id:EXACT_TEXT_19a77135bc5af7d0
42,4,990,7369219676978053894,Neutral,EXACT_TEXT_bc1197d33614c4c2,EXACT_TEXT_bc1197d33614c4c2,,exact_duplicate_group_id:EXACT_TEXT_bc1197d33614c4c2
42,4,996,7374041871854699269,Neutral,EXACT_TEXT_bb2e1ed06842d43f,EXACT_TEXT_bb2e1ed06842d43f,,exact_duplicate_group_id:EXACT_TEXT_bb2e1ed06842d43f
42,4,1001,7376957181163422469,Neutral,EXACT_TEXT_ca6797c3ca97ec20,EXACT_TEXT_ca6797c3ca97ec20,SIM_CLUSTER_00605,near_duplicate_cluster_id:SIM_CLUSTER_00605
42,4,1003,7377644913598972677,Neutral,EXACT_TEXT_b556b2321c22da1f,EXACT_TEXT_b556b2321c22da1f,,exact_duplicate_group_id:EXACT_TEXT_b556b2321c22da1f
42,4,1005,7378325306426295046,Neutral,EXACT_TEXT_78a194c079c985fd,EXACT_TEXT_78a194c079c985fd,,exact_duplicate_group_id:EXACT_TEXT_78a194c079c985fd
42,4,1010,7379498139060093702,Neutral,EXACT_TEXT_71571ed47dfdb06d,EXACT_TEXT_71571ed47dfdb06d,,exact_duplicate_group_id:EXACT_TEXT_71571ed47dfdb06d
42,4,1026,7384358954300015365,Positive,EXACT_GROUP_00896,EXACT_GROUP_00896,SIM_CLUSTER_00021,near_duplicate_cluster_id:SIM_CLUSTER_00021
42,4,1032,7385496074121757445,Neutral,EXACT_TEXT_eb07a6176eb228b0,EXACT_TEXT_eb07a6176eb228b0,SIM_CLUSTER_00107,near_duplicate_cluster_id:SIM_CLUSTER_00107
42,4,1043,7388518395325219589,Neutral,EXACT_TEXT_9328d7867b17ba58,EXACT_TEXT_9328d7867b17ba58,,exact_duplicate_group_id:EXACT_TEXT_9328d7867b17ba58
42,4,1056,7389852809695167238,Neutral,EXACT_TEXT_cff78848e80eebbe,EXACT_TEXT_cff78848e80eebbe,,exact_duplicate_group_id:EXACT_TEXT_cff78848e80eebbe
42,4,1060,7390965885643096837,Positive,EXACT_TEXT_c3d0f829eae96d30,EXACT_TEXT_c3d0f829eae96d30,SIM_CLUSTER_00021,near_duplicate_cluster_id:SIM_CLUSTER_00021
42,4,1073,7397990828096537350,Neutral,EXACT_TEXT_a3a108d3c72297e8,EXACT_TEXT_a3a108d3c72297e8,,exact_duplicate_group_id:EXACT_TEXT_a3a108d3c72297e8
42,4,1084,7399651714763539205,Neutral,EXACT_TEXT_33cbb88845de9021,EXACT_TEXT_33cbb88845de9021,,exact_duplicate_group_id:EXACT_TEXT_33cbb88845de9021
42,4,1086,7399829621603828486,Neutral,EXACT_TEXT_9f64c1eb443d0e19,EXACT_TEXT_9f64c1eb443d0e19,,exact_duplicate_group_id:EXACT_TEXT_9f64c1eb443d0e19
42,4,1099,7405975481226756869,Neutral,EXACT_TEXT_8b9ae15083f36016,EXACT_TEXT_8b9ae15083f36016,,exact_duplicate_group_id:EXACT_TEXT_8b9ae15083f36016
42,4,1102,7407348346169606918,Neutral,EXACT_TEXT_926be1997c7c5ba5,EXACT_TEXT_926be1997c7c5ba5,,exact_duplicate_group_id:EXACT_TEXT_926be1997c7c5ba5
42,4,1107,7410075245274776325,Neutral,EXACT_TEXT_eaab082e78b32035,EXACT_TEXT_eaab082e78b32035,SIM_CLUSTER_00107,near_duplicate_cluster_id:SIM_CLUSTER_00107
42,4,1113,7417712796441723654,Neutral,EXACT_TEXT_a80b47df010be51e,EXACT_TEXT_a80b47df010be51e,,exact_duplicate_group_id:EXACT_TEXT_a80b47df010be51e
42,4,1120,7420002464878068485,Neutral,EXACT_TEXT_4e7e8134ab760924,EXACT_TEXT_4e7e8134ab760924,,exact_duplicate_group_id:EXACT_TEXT_4e7e8134ab760924
42,4,1125,7420678183680459525,Negative,EXACT_TEXT_b69fc4ea93d17ba9,EXACT_TEXT_b69fc4ea93d17ba9,,exact_duplicate_group_id:EXACT_TEXT_b69fc4ea93d17ba9
42,4,1129,7421181591516939013,Negative,EXACT_TEXT_74073de4416904f3,EXACT_TEXT_74073de4416904f3,,exact_duplicate_group_id:EXACT_TEXT_74073de4416904f3
42,4,1133,7421191599785280262,Negative,EXACT_TEXT_63a0e94288eb6193,EXACT_TEXT_63a0e94288eb6193,,exact_duplicate_group_id:EXACT_TEXT_63a0e94288eb6193
42,4,1134,7421193827410035462,Positive,EXACT_TEXT_061992030700af60,EXACT_TEXT_061992030700af60,,exact_duplicate_group_id:EXACT_TEXT_061992030700af60
42,4,1138,7421219905577730821,Positive,EXACT_TEXT_fbdb52180a30a6be,EXACT_TEXT_fbdb52180a30a6be,,exact_duplicate_group_id:EXACT_TEXT_fbdb52180a30a6be
42,4,1139,7421229731531506437,Positive,EXACT_TEXT_39a92280659ed278,EXACT_TEXT_39a92280659ed278,SIM_CLUSTER_00638,near_duplicate_cluster_id:SIM_CLUSTER_00638
42,4,1140,7421234788650353414,Negative,EXACT_TEXT_fc74c807ca858c61,EXACT_TEXT_fc74c807ca858c61,,exact_duplicate_group_id:EXACT_TEXT_fc74c807ca858c61
42,4,1149,7421307832010883846,Positive,EXACT_TEXT_e0506c3aeabb7f00,EXACT_TEXT_e0506c3aeabb7f00,,exact_duplicate_group_id:EXACT_TEXT_e0506c3aeabb7f00
42,4,1150,7421313619831767813,Negative,EXACT_TEXT_e93c48a7ee447fba,EXACT_TEXT_e93c48a7ee447fba,,exact_duplicate_group_id:EXACT_TEXT_e93c48a7ee447fba
42,4,1153,7421330383545484038,Negative,EXACT_TEXT_31c26378a7d5ef65,EXACT_TEXT_31c26378a7d5ef65,,exact_duplicate_group_id:EXACT_TEXT_31c26378a7d5ef65
42,4,1155,7421332678856868613,Positive,EXACT_TEXT_c34dbe8276e1b815,EXACT_TEXT_c34dbe8276e1b815,,exact_duplicate_group_id:EXACT_TEXT_c34dbe8276e1b815
42,4,1158,7421338662268420869,Negative,EXACT_TEXT_36d0c012fe423ca7,EXACT_TEXT_36d0c012fe423ca7,,exact_duplicate_group_id:EXACT_TEXT_36d0c012fe423ca7
42,4,1160,7421356033682424582,Negative,EXACT_TEXT_7d6527625c2cbb8f,EXACT_TEXT_7d6527625c2cbb8f,,exact_duplicate_group_id:EXACT_TEXT_7d6527625c2cbb8f
42,4,1163,7421362536728068872,Negative,EXACT_TEXT_f0c3e4fbd08f08f6,EXACT_TEXT_f0c3e4fbd08f08f6,,exact_duplicate_group_id:EXACT_TEXT_f0c3e4fbd08f08f6
42,4,1168,7421366015349015304,Negative,EXACT_TEXT_1f36fe60d0b9202c,EXACT_TEXT_1f36fe60d0b9202c,,exact_duplicate_group_id:EXACT_TEXT_1f36fe60d0b9202c
42,4,1170,7421367472283337478,Negative,EXACT_TEXT_d9adb936975c72ab,EXACT_TEXT_d9adb936975c72ab,,exact_duplicate_group_id:EXACT_TEXT_d9adb936975c72ab
42,4,1172,7421403548610708229,Negative,EXACT_TEXT_beb582ba423e6c52,EXACT_TEXT_beb582ba423e6c52,,exact_duplicate_group_id:EXACT_TEXT_beb582ba423e6c52
42,4,1176,7421413595759837957,Negative,EXACT_TEXT_07fbd84be126a93c,EXACT_TEXT_07fbd84be126a93c,,exact_duplicate_group_id:EXACT_TEXT_07fbd84be126a93c
42,4,1179,7421422372580721413,Neutral,EXACT_TEXT_6020147e9e1d74d7,EXACT_TEXT_6020147e9e1d74d7,,exact_duplicate_group_id:EXACT_TEXT_6020147e9e1d74d7
42,4,1186,7421537721250661126,Negative,EXACT_TEXT_fad8564371164284,EXACT_TEXT_fad8564371164284,,exact_duplicate_group_id:EXACT_TEXT_fad8564371164284
42,4,1188,7421539367623099141,Positive,EXACT_TEXT_6f441b14fc996b3e,EXACT_TEXT_6f441b14fc996b3e,,exact_duplicate_group_id:EXACT_TEXT_6f441b14fc996b3e
42,4,1195,7421658120877540113,Negative,EXACT_TEXT_79ac4c147857c64e,EXACT_TEXT_79ac4c147857c64e,,exact_duplicate_group_id:EXACT_TEXT_79ac4c147857c64e
42,4,1202,7421698081223541510,Negative,EXACT_TEXT_f11e0ad5dac50b7c,EXACT_TEXT_f11e0ad5dac50b7c,,exact_duplicate_group_id:EXACT_TEXT_f11e0ad5dac50b7c
42,4,1204,7421709011974996741,Negative,EXACT_TEXT_a4c10401d8d23f2e,EXACT_TEXT_a4c10401d8d23f2e,SIM_CLUSTER_00468,near_duplicate_cluster_id:SIM_CLUSTER_00468
42,4,1208,7421731028812055301,Negative,EXACT_TEXT_c26aa6f55eb86460,EXACT_TEXT_c26aa6f55eb86460,,exact_duplicate_group_id:EXACT_TEXT_c26aa6f55eb86460
42,4,1210,7421748894722884357,Negative,EXACT_TEXT_36257f90dd7d4353,EXACT_TEXT_36257f90dd7d4353,,exact_duplicate_group_id:EXACT_TEXT_36257f90dd7d4353
42,4,1211,7421757188094051078,Negative,EXACT_TEXT_69b6f59bb37291f7,EXACT_TEXT_69b6f59bb37291f7,SIM_CLUSTER_00468,near_duplicate_cluster_id:SIM_CLUSTER_00468
42,4,1226,7422104975247835909,Negative,EXACT_TEXT_b1884d35f789fa72,EXACT_TEXT_b1884d35f789fa72,,exact_duplicate_group_id:EXACT_TEXT_b1884d35f789fa72
42,4,1236,7422180937326510853,Negative,EXACT_TEXT_18d78feaa51301c5,EXACT_TEXT_18d78feaa51301c5,,exact_duplicate_group_id:EXACT_TEXT_18d78feaa51301c5
42,4,1243,7422228101176558341,Negative,EXACT_TEXT_36e8c5d52eeac54a,EXACT_TEXT_36e8c5d52eeac54a,,exact_duplicate_group_id:EXACT_TEXT_36e8c5d52eeac54a
42,4,1250,7422288141963084549,Neutral,EXACT_TEXT_8605212c05c8ec35,EXACT_TEXT_8605212c05c8ec35,,exact_duplicate_group_id:EXACT_TEXT_8605212c05c8ec35
42,4,1251,7422351846835159813,Positive,EXACT_TEXT_0213fd6ca665bc63,EXACT_TEXT_0213fd6ca665bc63,SIM_CLUSTER_00021,near_duplicate_cluster_id:SIM_CLUSTER_00021
42,4,1252,7422401771090592517,Positive,EXACT_TEXT_3e4b76deeb9ac9c1,EXACT_TEXT_3e4b76deeb9ac9c1,,exact_duplicate_group_id:EXACT_TEXT_3e4b76deeb9ac9c1
42,4,1254,7422475462342869766,Positive,EXACT_GROUP_00896,EXACT_GROUP_00896,SIM_CLUSTER_00021,near_duplicate_cluster_id:SIM_CLUSTER_00021
42,4,1267,7422603503812920069,Negative,EXACT_TEXT_2ab0b4ce5963ccf0,EXACT_TEXT_2ab0b4ce5963ccf0,,exact_duplicate_group_id:EXACT_TEXT_2ab0b4ce5963ccf0
42,4,1273,7422643590273696518,Positive,EXACT_TEXT_c7dd22e4100b6b9d,EXACT_TEXT_c7dd22e4100b6b9d,,exact_duplicate_group_id:EXACT_TEXT_c7dd22e4100b6b9d
42,4,1274,7422648199997539073,Negative,EXACT_TEXT_4fabc35ff8b5dc35,EXACT_TEXT_4fabc35ff8b5dc35,SIM_CLUSTER_00468,near_duplicate_cluster_id:SIM_CLUSTER_00468
42,4,1275,7422661255251313414,Negative,EXACT_TEXT_32616b73583f6c90,EXACT_TEXT_32616b73583f6c90,SIM_CLUSTER_00468,near_duplicate_cluster_id:SIM_CLUSTER_00468
42,4,1277,7422670257007133445,Negative,EXACT_TEXT_ebc3efa50b659cb2,EXACT_TEXT_ebc3efa50b659cb2,,exact_duplicate_group_id:EXACT_TEXT_ebc3efa50b659cb2
42,4,1282,7422695194057376517,Neutral,EXACT_GROUP_00066,EXACT_GROUP_00066,SIM_CLUSTER_00652,near_duplicate_cluster_id:SIM_CLUSTER_00652
42,4,1286,7422748190922179333,Negative,EXACT_TEXT_de5f2841b80c79e4,EXACT_TEXT_de5f2841b80c79e4,,exact_duplicate_group_id:EXACT_TEXT_de5f2841b80c79e4
42,4,1288,7422816955675165446,Negative,EXACT_TEXT_bb2b36732882785c,EXACT_TEXT_bb2b36732882785c,,exact_duplicate_group_id:EXACT_TEXT_bb2b36732882785c
42,4,1291,7422851739516748549,Negative,EXACT_TEXT_d5d633a93a03feda,EXACT_TEXT_d5d633a93a03feda,,exact_duplicate_group_id:EXACT_TEXT_d5d633a93a03feda
42,4,1292,7422875445286339336,Negative,EXACT_TEXT_fcf0891b93a3f115,EXACT_TEXT_fcf0891b93a3f115,,exact_duplicate_group_id:EXACT_TEXT_fcf0891b93a3f115
42,4,1293,7422924653252150023,Negative,EXACT_TEXT_c35c8a95e68f250e,EXACT_TEXT_c35c8a95e68f250e,,exact_duplicate_group_id:EXACT_TEXT_c35c8a95e68f250e
42,4,1297,7422975619732865798,Negative,EXACT_TEXT_7b24f85f2a9049e6,EXACT_TEXT_7b24f85f2a9049e6,,exact_duplicate_group_id:EXACT_TEXT_7b24f85f2a9049e6
42,4,1302,7423287791416034054,Neutral,EXACT_TEXT_e8e088374512718f,EXACT_TEXT_e8e088374512718f,,exact_duplicate_group_id:EXACT_TEXT_e8e088374512718f
42,4,1307,7424400045057278726,Positive,EXACT_TEXT_40915b3c01fab89d,EXACT_TEXT_40915b3c01fab89d,,exact_duplicate_group_id:EXACT_TEXT_40915b3c01fab89d
42,4,1318,7425829927624459013,Positive,EXACT_TEXT_b53b5e86400fc7da,EXACT_TEXT_b53b5e86400fc7da,,exact_duplicate_group_id:EXACT_TEXT_b53b5e86400fc7da
42,4,1335,7428440164983161618,Neutral,EXACT_TEXT_f7a8505d0a35cff4,EXACT_TEXT_f7a8505d0a35cff4,,exact_duplicate_group_id:EXACT_TEXT_f7a8505d0a35cff4
42,4,1344,7428465206705603333,Negative,EXACT_TEXT_ddf5cd70a95ba817,EXACT_TEXT_ddf5cd70a95ba817,,exact_duplicate_group_id:EXACT_TEXT_ddf5cd70a95ba817
42,4,1346,7428470373551522566,Negative,EXACT_TEXT_284b625a87f578e3,EXACT_TEXT_284b625a87f578e3,,exact_duplicate_group_id:EXACT_TEXT_284b625a87f578e3
42,4,1354,7428508586845078280,Neutral,EXACT_TEXT_fc983a395cf3145b,EXACT_TEXT_fc983a395cf3145b,,exact_duplicate_group_id:EXACT_TEXT_fc983a395cf3145b
42,4,1355,7428528386224046853,Positive,EXACT_TEXT_c29894b6ec216c16,EXACT_TEXT_c29894b6ec216c16,,exact_duplicate_group_id:EXACT_TEXT_c29894b6ec216c16
42,4,1358,7428538743555179282,Positive,EXACT_TEXT_fa67c6e923d0ec76,EXACT_TEXT_fa67c6e923d0ec76,,exact_duplicate_group_id:EXACT_TEXT_fa67c6e923d0ec76
42,4,1360,7428546288370107141,Positive,EXACT_TEXT_be0998c908c65714,EXACT_TEXT_be0998c908c65714,SIM_CLUSTER_00258,near_duplicate_cluster_id:SIM_CLUSTER_00258
42,4,1364,7428562215383417606,Positive,EXACT_TEXT_6638773052f6ef27,EXACT_TEXT_6638773052f6ef27,,exact_duplicate_group_id:EXACT_TEXT_6638773052f6ef27
42,4,1366,7428582900646298373,Negative,EXACT_TEXT_ecd5264f4bbf0cdc,EXACT_TEXT_ecd5264f4bbf0cdc,,exact_duplicate_group_id:EXACT_TEXT_ecd5264f4bbf0cdc
42,4,1369,7428593755227800326,Neutral,EXACT_TEXT_6e6c951a6dbe9808,EXACT_TEXT_6e6c951a6dbe9808,,exact_duplicate_group_id:EXACT_TEXT_6e6c951a6dbe9808
42,4,1373,7428614622015521541,Neutral,EXACT_TEXT_796732767386ee94,EXACT_TEXT_796732767386ee94,SIM_CLUSTER_00021,near_duplicate_cluster_id:SIM_CLUSTER_00021
42,4,1385,7428791550224368389,Neutral,EXACT_TEXT_f0ca65d564b80f91,EXACT_TEXT_f0ca65d564b80f91,SIM_CLUSTER_00605,near_duplicate_cluster_id:SIM_CLUSTER_00605
42,4,1388,7428830498551743237,Neutral,EXACT_TEXT_e0b3229caa0d6e8f,EXACT_TEXT_e0b3229caa0d6e8f,,exact_duplicate_group_id:EXACT_TEXT_e0b3229caa0d6e8f
42,4,1394,7428920788566917894,Neutral,EXACT_TEXT_8e39caff0f761a46,EXACT_TEXT_8e39caff0f761a46,,exact_duplicate_group_id:EXACT_TEXT_8e39caff0f761a46
42,4,1412,7429324435167085318,Neutral,EXACT_TEXT_d95884e4b0f256af,EXACT_TEXT_d95884e4b0f256af,,exact_duplicate_group_id:EXACT_TEXT_d95884e4b0f256af
42,4,1436,7430279977905849094,Positive,EXACT_TEXT_b1e47f5f03772953,EXACT_TEXT_b1e47f5f03772953,,exact_duplicate_group_id:EXACT_TEXT_b1e47f5f03772953
42,4,1438,7430305059693953797,Positive,EXACT_TEXT_24dba4b5db186770,EXACT_TEXT_24dba4b5db186770,,exact_duplicate_group_id:EXACT_TEXT_24dba4b5db186770
42,4,1446,7430522825032991489,Negative,EXACT_TEXT_fc0b36440299caac,EXACT_TEXT_fc0b36440299caac,,exact_duplicate_group_id:EXACT_TEXT_fc0b36440299caac
42,4,1458,7431055081434678023,Neutral,EXACT_TEXT_ae1f9575d83bf398,EXACT_TEXT_ae1f9575d83bf398,,exact_duplicate_group_id:EXACT_TEXT_ae1f9575d83bf398
42,4,1466,7431911415177413382,Neutral,EXACT_TEXT_2fed8b3fe3a876a4,EXACT_TEXT_2fed8b3fe3a876a4,,exact_duplicate_group_id:EXACT_TEXT_2fed8b3fe3a876a4
42,4,1481,7433268954276365062,Negative,EXACT_TEXT_3a0680ff92cf1de8,EXACT_TEXT_3a0680ff92cf1de8,,exact_duplicate_group_id:EXACT_TEXT_3a0680ff92cf1de8
42,4,1491,7435856294118818616,Neutral,EXACT_TEXT_f94d60a7a03ded21,EXACT_TEXT_f94d60a7a03ded21,,exact_duplicate_group_id:EXACT_TEXT_f94d60a7a03ded21
42,4,1496,7436325037428605712,Neutral,EXACT_TEXT_006d527f9c2db7d6,EXACT_TEXT_006d527f9c2db7d6,,exact_duplicate_group_id:EXACT_TEXT_006d527f9c2db7d6
42,4,1499,7437067838433592065,Negative,EXACT_TEXT_a9b83bf9f7362ad3,EXACT_TEXT_a9b83bf9f7362ad3,,exact_duplicate_group_id:EXACT_TEXT_a9b83bf9f7362ad3
42,4,1532,7440327649454801671,Neutral,EXACT_TEXT_9344db7c24ad65cc,EXACT_TEXT_9344db7c24ad65cc,,exact_duplicate_group_id:EXACT_TEXT_9344db7c24ad65cc
42,4,1547,7443836721752277781,Neutral,EXACT_TEXT_21044658a8f6d8dc,EXACT_TEXT_21044658a8f6d8dc,,exact_duplicate_group_id:EXACT_TEXT_21044658a8f6d8dc
42,4,1562,7447893058040103688,Neutral,EXACT_TEXT_b06f04056f8fabed,EXACT_TEXT_b06f04056f8fabed,,exact_duplicate_group_id:EXACT_TEXT_b06f04056f8fabed
42,4,1563,7447986580340228869,Neutral,EXACT_TEXT_4b88a746f87f0344,EXACT_TEXT_4b88a746f87f0344,SIM_CLUSTER_00021,near_duplicate_cluster_id:SIM_CLUSTER_00021
42,4,1572,7450293360423748359,Neutral,EXACT_TEXT_6dfef3a89065047e,EXACT_TEXT_6dfef3a89065047e,,exact_duplicate_group_id:EXACT_TEXT_6dfef3a89065047e
42,4,1596,7457521454311080710,Negative,EXACT_TEXT_7c510de13c3fb92e,EXACT_TEXT_7c510de13c3fb92e,,exact_duplicate_group_id:EXACT_TEXT_7c510de13c3fb92e
42,4,1636,7463810849079034629,Negative,EXACT_TEXT_0ff1f12bd4f2ab7a,EXACT_TEXT_0ff1f12bd4f2ab7a,,exact_duplicate_group_id:EXACT_TEXT_0ff1f12bd4f2ab7a
42,4,1649,7472263861074068244,Negative,EXACT_TEXT_34dc62a1a4457830,EXACT_TEXT_34dc62a1a4457830,,exact_duplicate_group_id:EXACT_TEXT_34dc62a1a4457830
42,4,1654,7475278232570446612,Negative,EXACT_TEXT_a059282dd920bcc7,EXACT_TEXT_a059282dd920bcc7,,exact_duplicate_group_id:EXACT_TEXT_a059282dd920bcc7
42,4,1658,7477579268261544725,Negative,EXACT_TEXT_313276dc1d56a732,EXACT_TEXT_313276dc1d56a732,,exact_duplicate_group_id:EXACT_TEXT_313276dc1d56a732
42,4,1659,7477627185760928520,Positive,EXACT_TEXT_0c9df862fc2aaa70,EXACT_TEXT_0c9df862fc2aaa70,,exact_duplicate_group_id:EXACT_TEXT_0c9df862fc2aaa70
42,4,1660,7477697204237386504,Positive,EXACT_TEXT_5359992f46e0354b,EXACT_TEXT_5359992f46e0354b,,exact_duplicate_group_id:EXACT_TEXT_5359992f46e0354b
42,4,1673,7492025256124547861,Neutral,EXACT_TEXT_6d8c68d92f9782c2,EXACT_TEXT_6d8c68d92f9782c2,SIM_CLUSTER_00107,near_duplicate_cluster_id:SIM_CLUSTER_00107
42,4,1676,7494478048496304914,Neutral,EXACT_TEXT_bced2336d647a137,EXACT_TEXT_bced2336d647a137,,exact_duplicate_group_id:EXACT_TEXT_bced2336d647a137
42,4,1683,7499845805572342546,Negative,EXACT_TEXT_d97290843b304812,EXACT_TEXT_d97290843b304812,,exact_duplicate_group_id:EXACT_TEXT_d97290843b304812
42,4,1685,7501228005735121672,Positive,EXACT_TEXT_ba7e84c3f20c990f,EXACT_TEXT_ba7e84c3f20c990f,,exact_duplicate_group_id:EXACT_TEXT_ba7e84c3f20c990f
42,4,1694,7508227556665197319,Positive,EXACT_TEXT_acb4926db98fea68,EXACT_TEXT_acb4926db98fea68,,exact_duplicate_group_id:EXACT_TEXT_acb4926db98fea68
42,4,1698,7509461783984997127,Neutral,EXACT_TEXT_a1916e62ebbf1263,EXACT_TEXT_a1916e62ebbf1263,,exact_duplicate_group_id:EXACT_TEXT_a1916e62ebbf1263
42,4,1706,7516877118471766801,Negative,EXACT_TEXT_3ab6720714ca59ce,EXACT_TEXT_3ab6720714ca59ce,,exact_duplicate_group_id:EXACT_TEXT_3ab6720714ca59ce
42,4,1712,7523025974805283591,Neutral,EXACT_TEXT_9b3eda6552cac341,EXACT_TEXT_9b3eda6552cac341,,exact_duplicate_group_id:EXACT_TEXT_9b3eda6552cac341
42,4,1713,7523219641034638098,Neutral,EXACT_TEXT_0b23d1ada59e0118,EXACT_TEXT_0b23d1ada59e0118,,exact_duplicate_group_id:EXACT_TEXT_0b23d1ada59e0118
42,4,1725,7536016760194368264,Positive,EXACT_TEXT_613a019383344c0f,EXACT_TEXT_613a019383344c0f,,exact_duplicate_group_id:EXACT_TEXT_613a019383344c0f
42,4,1730,7539322942334321415,Negative,EXACT_TEXT_d6bfec225270fa5b,EXACT_TEXT_d6bfec225270fa5b,,exact_duplicate_group_id:EXACT_TEXT_d6bfec225270fa5b
42,4,1734,7543158366038852360,Negative,EXACT_TEXT_855cf811c03bfc35,EXACT_TEXT_855cf811c03bfc35,,exact_duplicate_group_id:EXACT_TEXT_855cf811c03bfc35
42,4,1736,7544220355133735687,Negative,EXACT_TEXT_7b1777bd43f12cb9,EXACT_TEXT_7b1777bd43f12cb9,,exact_duplicate_group_id:EXACT_TEXT_7b1777bd43f12cb9
42,4,1740,7548228101995348754,Positive,EXACT_TEXT_ff075515b1e321e7,EXACT_TEXT_ff075515b1e321e7,,exact_duplicate_group_id:EXACT_TEXT_ff075515b1e321e7
42,4,1742,7549831991319954194,Neutral,EXACT_TEXT_701ad44926739c62,EXACT_TEXT_701ad44926739c62,,exact_duplicate_group_id:EXACT_TEXT_701ad44926739c62
42,4,1746,7556100472421368584,Positive,EXACT_TEXT_1cc0baf259844064,EXACT_TEXT_1cc0baf259844064,,exact_duplicate_group_id:EXACT_TEXT_1cc0baf259844064
42,4,1747,7556483419887911698,Neutral,EXACT_TEXT_d5945e530d4f9b5b,EXACT_TEXT_d5945e530d4f9b5b,,exact_duplicate_group_id:EXACT_TEXT_d5945e530d4f9b5b
42,4,1748,7557955559442514695,Negative,EXACT_TEXT_d5f545495ed8578a,EXACT_TEXT_d5f545495ed8578a,,exact_duplicate_group_id:EXACT_TEXT_d5f545495ed8578a
42,4,1756,7573832725615837960,Neutral,EXACT_TEXT_9a75cc93478b4e69,EXACT_TEXT_9a75cc93478b4e69,,exact_duplicate_group_id:EXACT_TEXT_9a75cc93478b4e69
42,4,1767,7587184132943495943,Positive,EXACT_TEXT_53ab6bce5158cc57,EXACT_TEXT_53ab6bce5158cc57,,exact_duplicate_group_id:EXACT_TEXT_53ab6bce5158cc57
42,4,1768,7587360269875118855,Positive,EXACT_TEXT_cf458658faacce10,EXACT_TEXT_cf458658faacce10,,exact_duplicate_group_id:EXACT_TEXT_cf458658faacce10
42,4,1775,7592917612435424008,Positive,EXACT_TEXT_c8a6fdc38026f095,EXACT_TEXT_c8a6fdc38026f095,,exact_duplicate_group_id:EXACT_TEXT_c8a6fdc38026f095
42,4,1781,7596244632204329736,Positive,EXACT_TEXT_6605d3d5da32dea7,EXACT_TEXT_6605d3d5da32dea7,,exact_duplicate_group_id:EXACT_TEXT_6605d3d5da32dea7
42,4,1791,7596492406260253458,Positive,EXACT_TEXT_fd2a701331c208e2,EXACT_TEXT_fd2a701331c208e2,,exact_duplicate_group_id:EXACT_TEXT_fd2a701331c208e2
42,4,1795,7597241373851239169,Negative,EXACT_TEXT_bb6f6d6b5dc473a5,EXACT_TEXT_bb6f6d6b5dc473a5,,exact_duplicate_group_id:EXACT_TEXT_bb6f6d6b5dc473a5
42,4,1796,7597334543415591687,Neutral,EXACT_TEXT_7243467b59b7dca0,EXACT_TEXT_7243467b59b7dca0,SIM_CLUSTER_01015,near_duplicate_cluster_id:SIM_CLUSTER_01015
42,5,19,7171752356215145243,Negative,EXACT_TEXT_513a8126240255ae,EXACT_TEXT_513a8126240255ae,,exact_duplicate_group_id:EXACT_TEXT_513a8126240255ae
42,5,42,7210441183792169755,Neutral,EXACT_TEXT_3c6b7c192e804423,EXACT_TEXT_3c6b7c192e804423,,exact_duplicate_group_id:EXACT_TEXT_3c6b7c192e804423
42,5,47,7217967587257336603,Neutral,EXACT_TEXT_52a27928b9088804,EXACT_TEXT_52a27928b9088804,,exact_duplicate_group_id:EXACT_TEXT_52a27928b9088804
42,5,48,7219874901083357979,Neutral,EXACT_TEXT_89f73c7a3bab2166,EXACT_TEXT_89f73c7a3bab2166,,exact_duplicate_group_id:EXACT_TEXT_89f73c7a3bab2166
42,5,53,7223398588939535110,Negative,EXACT_TEXT_cb8586ff03f8af70,EXACT_TEXT_cb8586ff03f8af70,,exact_duplicate_group_id:EXACT_TEXT_cb8586ff03f8af70
42,5,60,7228370189992444678,Neutral,EXACT_TEXT_6e2a31565d92a797,EXACT_TEXT_6e2a31565d92a797,,exact_duplicate_group_id:EXACT_TEXT_6e2a31565d92a797
42,5,62,7229237207624729371,Neutral,EXACT_GROUP_00137,EXACT_GROUP_00137,SIM_CLUSTER_00854,near_duplicate_cluster_id:SIM_CLUSTER_00854
42,5,66,7239665419245748998,Neutral,EXACT_TEXT_7d70896cec768ad6,EXACT_TEXT_7d70896cec768ad6,,exact_duplicate_group_id:EXACT_TEXT_7d70896cec768ad6
42,5,77,7284901903266579206,Neutral,EXACT_TEXT_077c543ae8c69216,EXACT_TEXT_077c543ae8c69216,,exact_duplicate_group_id:EXACT_TEXT_077c543ae8c69216
42,5,83,7295751155098272517,Negative,EXACT_TEXT_49da8d6eb14d9563,EXACT_TEXT_49da8d6eb14d9563,,exact_duplicate_group_id:EXACT_TEXT_49da8d6eb14d9563
42,5,88,7312026058579624709,Negative,EXACT_TEXT_a15cd77bf7692dd4,EXACT_TEXT_a15cd77bf7692dd4,,exact_duplicate_group_id:EXACT_TEXT_a15cd77bf7692dd4
42,5,94,7312078235625718534,Neutral,EXACT_TEXT_ef3d60f1c39c65c5,EXACT_TEXT_ef3d60f1c39c65c5,,exact_duplicate_group_id:EXACT_TEXT_ef3d60f1c39c65c5
42,5,98,7312431204807574278,Neutral,EXACT_TEXT_97821a1fe6fdfebd,EXACT_TEXT_97821a1fe6fdfebd,,exact_duplicate_group_id:EXACT_TEXT_97821a1fe6fdfebd
42,5,99,7312616985380291334,Negative,EXACT_TEXT_9c16f25a5f534530,EXACT_TEXT_9c16f25a5f534530,,exact_duplicate_group_id:EXACT_TEXT_9c16f25a5f534530
42,5,101,7312996886096118533,Neutral,EXACT_GROUP_00470,EXACT_GROUP_00470,SIM_CLUSTER_00913,near_duplicate_cluster_id:SIM_CLUSTER_00913
42,5,102,7313555388275376901,Neutral,EXACT_TEXT_50ea86285541137c,EXACT_TEXT_50ea86285541137c,,exact_duplicate_group_id:EXACT_TEXT_50ea86285541137c
42,5,106,7314892219084014341,Neutral,EXACT_GROUP_00254,EXACT_GROUP_00254,SIM_CLUSTER_00098,near_duplicate_cluster_id:SIM_CLUSTER_00098
42,5,116,7318715657784050438,Neutral,EXACT_TEXT_f861b9a5678b6920,EXACT_TEXT_f861b9a5678b6920,,exact_duplicate_group_id:EXACT_TEXT_f861b9a5678b6920
42,5,117,7319427771931280134,Neutral,EXACT_TEXT_cb8e70946fd34276,EXACT_TEXT_cb8e70946fd34276,,exact_duplicate_group_id:EXACT_TEXT_cb8e70946fd34276
42,5,122,7320178699759371014,Negative,EXACT_TEXT_5a534bc029fe42c6,EXACT_TEXT_5a534bc029fe42c6,,exact_duplicate_group_id:EXACT_TEXT_5a534bc029fe42c6
42,5,125,7320190520797938438,Negative,EXACT_TEXT_e24b615e9a280ba1,EXACT_TEXT_e24b615e9a280ba1,,exact_duplicate_group_id:EXACT_TEXT_e24b615e9a280ba1
42,5,130,7321195775969477382,Neutral,EXACT_TEXT_507d5db95d843487,EXACT_TEXT_507d5db95d843487,,exact_duplicate_group_id:EXACT_TEXT_507d5db95d843487
42,5,131,7322418149794071301,Negative,EXACT_TEXT_d58ddb93c355800a,EXACT_TEXT_d58ddb93c355800a,,exact_duplicate_group_id:EXACT_TEXT_d58ddb93c355800a
42,5,135,7325016522207494918,Neutral,EXACT_TEXT_01c30cc2144bb42a,EXACT_TEXT_01c30cc2144bb42a,,exact_duplicate_group_id:EXACT_TEXT_01c30cc2144bb42a
42,5,148,7331151541480784645,Negative,EXACT_TEXT_7b09bdeeb20be4d2,EXACT_TEXT_7b09bdeeb20be4d2,,exact_duplicate_group_id:EXACT_TEXT_7b09bdeeb20be4d2
42,5,152,7336068256431522566,Negative,EXACT_TEXT_d866c36ad04512db,EXACT_TEXT_d866c36ad04512db,,exact_duplicate_group_id:EXACT_TEXT_d866c36ad04512db
42,5,153,7336853531112112902,Neutral,EXACT_TEXT_a06b7086c3662b10,EXACT_TEXT_a06b7086c3662b10,,exact_duplicate_group_id:EXACT_TEXT_a06b7086c3662b10
42,5,156,7340244506267239173,Negative,EXACT_TEXT_94a2e78ed84a7d17,EXACT_TEXT_94a2e78ed84a7d17,,exact_duplicate_group_id:EXACT_TEXT_94a2e78ed84a7d17
42,5,164,7341843669739897605,Neutral,EXACT_TEXT_38be6c30e0cfa30b,EXACT_TEXT_38be6c30e0cfa30b,,exact_duplicate_group_id:EXACT_TEXT_38be6c30e0cfa30b
42,5,166,7345023486530290437,Neutral,EXACT_TEXT_1f8a6092f32ba122,EXACT_TEXT_1f8a6092f32ba122,,exact_duplicate_group_id:EXACT_TEXT_1f8a6092f32ba122
42,5,174,7352760121527206661,Negative,EXACT_TEXT_7784166264f0047d,EXACT_TEXT_7784166264f0047d,,exact_duplicate_group_id:EXACT_TEXT_7784166264f0047d
42,5,175,7356999748694065926,Neutral,EXACT_TEXT_835949c9e9d1155e,EXACT_TEXT_835949c9e9d1155e,,exact_duplicate_group_id:EXACT_TEXT_835949c9e9d1155e
42,5,176,7357260979196297989,Neutral,EXACT_TEXT_47eeebf97d415ef1,EXACT_TEXT_47eeebf97d415ef1,,exact_duplicate_group_id:EXACT_TEXT_47eeebf97d415ef1
42,5,182,7357795529356477190,Neutral,EXACT_TEXT_794e7dfd8690fd07,EXACT_TEXT_794e7dfd8690fd07,,exact_duplicate_group_id:EXACT_TEXT_794e7dfd8690fd07
42,5,194,7357996326225330950,Negative,EXACT_TEXT_b3579a1c8f315e9f,EXACT_TEXT_b3579a1c8f315e9f,,exact_duplicate_group_id:EXACT_TEXT_b3579a1c8f315e9f
42,5,201,7358155380872774405,Neutral,EXACT_TEXT_cff95fde635bb81b,EXACT_TEXT_cff95fde635bb81b,,exact_duplicate_group_id:EXACT_TEXT_cff95fde635bb81b
42,5,202,7358272857816072965,Neutral,EXACT_TEXT_79eeab256c27e640,EXACT_TEXT_79eeab256c27e640,,exact_duplicate_group_id:EXACT_TEXT_79eeab256c27e640
42,5,203,7358274389807022854,Negative,EXACT_TEXT_7d0099e0861b8922,EXACT_TEXT_7d0099e0861b8922,,exact_duplicate_group_id:EXACT_TEXT_7d0099e0861b8922
42,5,213,7359049180055520006,Neutral,EXACT_TEXT_40c448dd10506319,EXACT_TEXT_40c448dd10506319,,exact_duplicate_group_id:EXACT_TEXT_40c448dd10506319
42,5,217,7359578132838564614,Neutral,EXACT_TEXT_da3c52ea007bf28b,EXACT_TEXT_da3c52ea007bf28b,,exact_duplicate_group_id:EXACT_TEXT_da3c52ea007bf28b
42,5,220,7359803609520145157,Negative,EXACT_TEXT_25e0c9a1ce458465,EXACT_TEXT_25e0c9a1ce458465,,exact_duplicate_group_id:EXACT_TEXT_25e0c9a1ce458465
42,5,225,7361367850408739590,Neutral,EXACT_TEXT_7efd30b4841fe7be,EXACT_TEXT_7efd30b4841fe7be,,exact_duplicate_group_id:EXACT_TEXT_7efd30b4841fe7be
42,5,226,7362055774011081478,Neutral,EXACT_TEXT_9c6863e09629ca07,EXACT_TEXT_9c6863e09629ca07,,exact_duplicate_group_id:EXACT_TEXT_9c6863e09629ca07
42,5,236,7369392701919675141,Neutral,EXACT_TEXT_0e2fa38b86a146e2,EXACT_TEXT_0e2fa38b86a146e2,,exact_duplicate_group_id:EXACT_TEXT_0e2fa38b86a146e2
42,5,241,7374730998196978437,Negative,EXACT_TEXT_361d79828e659319,EXACT_TEXT_361d79828e659319,,exact_duplicate_group_id:EXACT_TEXT_361d79828e659319
42,5,243,7377262921006957318,Neutral,EXACT_TEXT_704bf43a6cb57dfc,EXACT_TEXT_704bf43a6cb57dfc,SIM_CLUSTER_00994,near_duplicate_cluster_id:SIM_CLUSTER_00994
42,5,247,7377600918801433349,Neutral,EXACT_TEXT_59ca1084415752f7,EXACT_TEXT_59ca1084415752f7,,exact_duplicate_group_id:EXACT_TEXT_59ca1084415752f7
42,5,256,7382654512458777350,Negative,EXACT_TEXT_797c2f64e810dfe9,EXACT_TEXT_797c2f64e810dfe9,,exact_duplicate_group_id:EXACT_TEXT_797c2f64e810dfe9
42,5,258,7384704331185275653,Negative,EXACT_TEXT_0d962581a8c730b4,EXACT_TEXT_0d962581a8c730b4,,exact_duplicate_group_id:EXACT_TEXT_0d962581a8c730b4
42,5,263,7385511702635201286,Neutral,EXACT_TEXT_6b778b08bf287dd4,EXACT_TEXT_6b778b08bf287dd4,,exact_duplicate_group_id:EXACT_TEXT_6b778b08bf287dd4
42,5,265,7386158318811890437,Neutral,EXACT_TEXT_881d0d6567fefd04,EXACT_TEXT_881d0d6567fefd04,,exact_duplicate_group_id:EXACT_TEXT_881d0d6567fefd04
42,5,267,7387213212251226885,Neutral,EXACT_TEXT_613a180b32230165,EXACT_TEXT_613a180b32230165,,exact_duplicate_group_id:EXACT_TEXT_613a180b32230165
42,5,272,7388865843516850949,Neutral,EXACT_TEXT_4ed9d8355bbb7fab,EXACT_TEXT_4ed9d8355bbb7fab,,exact_duplicate_group_id:EXACT_TEXT_4ed9d8355bbb7fab
42,5,276,7392615078329172742,Neutral,EXACT_TEXT_7ee1644c038a04f6,EXACT_TEXT_7ee1644c038a04f6,,exact_duplicate_group_id:EXACT_TEXT_7ee1644c038a04f6
42,5,288,7398528735296111365,Neutral,EXACT_TEXT_25df572454dfa556,EXACT_TEXT_25df572454dfa556,,exact_duplicate_group_id:EXACT_TEXT_25df572454dfa556
42,5,290,7398888704423740166,Neutral,EXACT_TEXT_8ce96a6b619db19a,EXACT_TEXT_8ce96a6b619db19a,,exact_duplicate_group_id:EXACT_TEXT_8ce96a6b619db19a
42,5,294,7402558354931647237,Negative,EXACT_TEXT_806b7b6a11b6be80,EXACT_TEXT_806b7b6a11b6be80,,exact_duplicate_group_id:EXACT_TEXT_806b7b6a11b6be80
42,5,296,7403753825418871558,Neutral,EXACT_TEXT_c4410bf3db7db9d2,EXACT_TEXT_c4410bf3db7db9d2,,exact_duplicate_group_id:EXACT_TEXT_c4410bf3db7db9d2
42,5,303,7409156165194056454,Neutral,EXACT_TEXT_eb8657d4b64835c2,EXACT_TEXT_eb8657d4b64835c2,,exact_duplicate_group_id:EXACT_TEXT_eb8657d4b64835c2
42,5,304,7411504802301182725,Neutral,EXACT_TEXT_402193db3862d9b0,EXACT_TEXT_402193db3862d9b0,,exact_duplicate_group_id:EXACT_TEXT_402193db3862d9b0
42,5,310,7416899065499222789,Negative,EXACT_TEXT_584dd0f2a5f83c55,EXACT_TEXT_584dd0f2a5f83c55,,exact_duplicate_group_id:EXACT_TEXT_584dd0f2a5f83c55
42,5,314,7419546300117730054,Neutral,EXACT_TEXT_4e675253ec94366c,EXACT_TEXT_4e675253ec94366c,,exact_duplicate_group_id:EXACT_TEXT_4e675253ec94366c
42,5,316,7420444077306430226,Negative,EXACT_TEXT_287d71daf2525086,EXACT_TEXT_287d71daf2525086,,exact_duplicate_group_id:EXACT_TEXT_287d71daf2525086
42,5,318,7420752243659916038,Negative,EXACT_TEXT_b6e3c9a0ae521b2e,EXACT_TEXT_b6e3c9a0ae521b2e,,exact_duplicate_group_id:EXACT_TEXT_b6e3c9a0ae521b2e
42,5,326,7421792961870906118,Negative,EXACT_TEXT_fb32f05f92ae24a7,EXACT_TEXT_fb32f05f92ae24a7,,exact_duplicate_group_id:EXACT_TEXT_fb32f05f92ae24a7
42,5,327,7422091852134089477,Negative,EXACT_TEXT_8fd424627a406ca5,EXACT_TEXT_8fd424627a406ca5,,exact_duplicate_group_id:EXACT_TEXT_8fd424627a406ca5
42,5,330,7422322317295354629,Negative,EXACT_TEXT_2dea883181d73152,EXACT_TEXT_2dea883181d73152,,exact_duplicate_group_id:EXACT_TEXT_2dea883181d73152
42,5,338,7423754169369002758,Negative,EXACT_TEXT_19a31f0b35993a37,EXACT_TEXT_19a31f0b35993a37,,exact_duplicate_group_id:EXACT_TEXT_19a31f0b35993a37
42,5,343,7425032039500497669,Negative,EXACT_TEXT_aff5e69af5052a76,EXACT_TEXT_aff5e69af5052a76,,exact_duplicate_group_id:EXACT_TEXT_aff5e69af5052a76
42,5,362,7429631153680581381,Neutral,EXACT_TEXT_7ac291d75060a872,EXACT_TEXT_7ac291d75060a872,,exact_duplicate_group_id:EXACT_TEXT_7ac291d75060a872
42,5,365,7430165395645055749,Neutral,EXACT_TEXT_4491d218a18a40b3,EXACT_TEXT_4491d218a18a40b3,,exact_duplicate_group_id:EXACT_TEXT_4491d218a18a40b3
42,5,370,7430787814322995985,Neutral,EXACT_TEXT_b397ed557f5ec1c1,EXACT_TEXT_b397ed557f5ec1c1,,exact_duplicate_group_id:EXACT_TEXT_b397ed557f5ec1c1
42,5,375,7432588097660093189,Neutral,EXACT_TEXT_7e907b3aea93e574,EXACT_TEXT_7e907b3aea93e574,SIM_CLUSTER_00452,near_duplicate_cluster_id:SIM_CLUSTER_00452
42,5,376,7432672360526332678,Negative,EXACT_TEXT_d8288aa88e6f0350,EXACT_TEXT_d8288aa88e6f0350,,exact_duplicate_group_id:EXACT_TEXT_d8288aa88e6f0350
42,5,377,7432911172020765445,Neutral,EXACT_TEXT_a0b917ea42303f83,EXACT_TEXT_a0b917ea42303f83,,exact_duplicate_group_id:EXACT_TEXT_a0b917ea42303f83
42,5,379,7433844108995904262,Neutral,EXACT_TEXT_1be331f5cc488211,EXACT_TEXT_1be331f5cc488211,,exact_duplicate_group_id:EXACT_TEXT_1be331f5cc488211
42,5,385,7439702070418866962,Neutral,EXACT_GROUP_00137,EXACT_GROUP_00137,SIM_CLUSTER_00854,near_duplicate_cluster_id:SIM_CLUSTER_00854
42,5,387,7439952728133042952,Negative,EXACT_TEXT_a3842c7ac55f4067,EXACT_TEXT_a3842c7ac55f4067,,exact_duplicate_group_id:EXACT_TEXT_a3842c7ac55f4067
42,5,395,7450395610849248005,Neutral,EXACT_TEXT_da6ff5f69b95944c,EXACT_TEXT_da6ff5f69b95944c,,exact_duplicate_group_id:EXACT_TEXT_da6ff5f69b95944c
42,5,420,7470516782697775878,Negative,EXACT_TEXT_f64cda53296cd30b,EXACT_TEXT_f64cda53296cd30b,,exact_duplicate_group_id:EXACT_TEXT_f64cda53296cd30b
42,5,438,7498011086869709586,Neutral,EXACT_TEXT_61f170377a9a90f3,EXACT_TEXT_61f170377a9a90f3,,exact_duplicate_group_id:EXACT_TEXT_61f170377a9a90f3
42,5,444,7506733608762655506,Negative,EXACT_TEXT_22cf936ab34626eb,EXACT_TEXT_22cf936ab34626eb,,exact_duplicate_group_id:EXACT_TEXT_22cf936ab34626eb
42,5,449,7522470465038746376,Neutral,EXACT_TEXT_93d489909d71c91e,EXACT_TEXT_93d489909d71c91e,,exact_duplicate_group_id:EXACT_TEXT_93d489909d71c91e
42,5,450,7525614709035303688,Negative,EXACT_TEXT_cf1164fceb7ea2c6,EXACT_TEXT_cf1164fceb7ea2c6,,exact_duplicate_group_id:EXACT_TEXT_cf1164fceb7ea2c6
42,5,455,7532129791417795335,Negative,EXACT_TEXT_4cbb51d12aaba418,EXACT_TEXT_4cbb51d12aaba418,,exact_duplicate_group_id:EXACT_TEXT_4cbb51d12aaba418
42,5,463,7544712267066802962,Negative,EXACT_TEXT_15f294c5f698b38d,EXACT_TEXT_15f294c5f698b38d,,exact_duplicate_group_id:EXACT_TEXT_15f294c5f698b38d
42,5,468,7560667518839522069,Negative,EXACT_GROUP_00038,EXACT_GROUP_00038,SIM_CLUSTER_01435,near_duplicate_cluster_id:SIM_CLUSTER_01435
42,5,469,7560670446296335124,Negative,EXACT_GROUP_00038,EXACT_GROUP_00038,SIM_CLUSTER_01435,near_duplicate_cluster_id:SIM_CLUSTER_01435
42,5,479,7586893070479082248,Neutral,EXACT_TEXT_dbd19b4199248620,EXACT_TEXT_dbd19b4199248620,,exact_duplicate_group_id:EXACT_TEXT_dbd19b4199248620
42,5,487,7586981334897394439,Neutral,EXACT_TEXT_c03b22b9adf730ff,EXACT_TEXT_c03b22b9adf730ff,,exact_duplicate_group_id:EXACT_TEXT_c03b22b9adf730ff
42,5,490,7587005908417315591,Neutral,EXACT_TEXT_e510c63ce7f29bcc,EXACT_TEXT_e510c63ce7f29bcc,,exact_duplicate_group_id:EXACT_TEXT_e510c63ce7f29bcc
42,5,498,7587266534801851144,Negative,EXACT_TEXT_189036431422f252,EXACT_TEXT_189036431422f252,,exact_duplicate_group_id:EXACT_TEXT_189036431422f252
42,5,503,7587404469648032513,Negative,EXACT_TEXT_bddde06e863183a1,EXACT_TEXT_bddde06e863183a1,,exact_duplicate_group_id:EXACT_TEXT_bddde06e863183a1
42,5,506,7592051181234750229,Neutral,EXACT_TEXT_3f34697623c7b863,EXACT_TEXT_3f34697623c7b863,,exact_duplicate_group_id:EXACT_TEXT_3f34697623c7b863
42,5,516,7596250253708509968,Neutral,EXACT_TEXT_c19b34af4d18ddc2,EXACT_TEXT_c19b34af4d18ddc2,,exact_duplicate_group_id:EXACT_TEXT_c19b34af4d18ddc2
42,5,536,7616819883376771847,Negative,EXACT_TEXT_3ee88904768a0c28,EXACT_TEXT_3ee88904768a0c28,,exact_duplicate_group_id:EXACT_TEXT_3ee88904768a0c28
42,5,537,7622530006435496711,Neutral,EXACT_TEXT_2c8dc0dbbdef5da4,EXACT_TEXT_2c8dc0dbbdef5da4,SIM_CLUSTER_01415,near_duplicate_cluster_id:SIM_CLUSTER_01415
42,5,553,7131258287714583323,Neutral,EXACT_TEXT_596ff09e59f2751f,EXACT_TEXT_596ff09e59f2751f,,exact_duplicate_group_id:EXACT_TEXT_596ff09e59f2751f
42,5,555,7134636339097961242,Negative,EXACT_TEXT_8e63aa02e58b4d1d,EXACT_TEXT_8e63aa02e58b4d1d,,exact_duplicate_group_id:EXACT_TEXT_8e63aa02e58b4d1d
42,5,569,7169903880985232155,Positive,EXACT_GROUP_00965,EXACT_GROUP_00965,SIM_CLUSTER_00004,near_duplicate_cluster_id:SIM_CLUSTER_00004
42,5,575,7177556827240055579,Neutral,EXACT_TEXT_65d01aead8fbe330,EXACT_TEXT_65d01aead8fbe330,,exact_duplicate_group_id:EXACT_TEXT_65d01aead8fbe330
42,5,576,7180666465140441883,Neutral,EXACT_TEXT_6ba15bbea2b1642f,EXACT_TEXT_6ba15bbea2b1642f,,exact_duplicate_group_id:EXACT_TEXT_6ba15bbea2b1642f
42,5,577,7180737424883598107,Negative,EXACT_TEXT_0c6b4090dab74f51,EXACT_TEXT_0c6b4090dab74f51,,exact_duplicate_group_id:EXACT_TEXT_0c6b4090dab74f51
42,5,584,7186166682376520475,Neutral,EXACT_TEXT_f84c57324d4727b5,EXACT_TEXT_f84c57324d4727b5,,exact_duplicate_group_id:EXACT_TEXT_f84c57324d4727b5
42,5,590,7195328901157159706,Positive,EXACT_GROUP_00965,EXACT_GROUP_00965,SIM_CLUSTER_00004,near_duplicate_cluster_id:SIM_CLUSTER_00004
42,5,602,7205582804725056283,Neutral,EXACT_TEXT_7de07ee715242f6e,EXACT_TEXT_7de07ee715242f6e,,exact_duplicate_group_id:EXACT_TEXT_7de07ee715242f6e
42,5,621,7210738164925891334,Neutral,EXACT_TEXT_1e17a1e9be9deb8d,EXACT_TEXT_1e17a1e9be9deb8d,,exact_duplicate_group_id:EXACT_TEXT_1e17a1e9be9deb8d
42,5,625,7212291578004505371,Neutral,EXACT_TEXT_79e11580b90d4ec0,EXACT_TEXT_79e11580b90d4ec0,,exact_duplicate_group_id:EXACT_TEXT_79e11580b90d4ec0
42,5,628,7213527524739269403,Neutral,EXACT_GROUP_00805,EXACT_GROUP_00805,SIM_CLUSTER_00244,near_duplicate_cluster_id:SIM_CLUSTER_00244
42,5,629,7215929009283973893,Neutral,EXACT_TEXT_e3030d4668b562ac,EXACT_TEXT_e3030d4668b562ac,,exact_duplicate_group_id:EXACT_TEXT_e3030d4668b562ac
42,5,636,7218311296340312859,Neutral,EXACT_TEXT_ced73e3d9a0c065b,EXACT_TEXT_ced73e3d9a0c065b,,exact_duplicate_group_id:EXACT_TEXT_ced73e3d9a0c065b
42,5,639,7222069371744650010,Positive,EXACT_GROUP_00965,EXACT_GROUP_00965,SIM_CLUSTER_00004,near_duplicate_cluster_id:SIM_CLUSTER_00004
42,5,643,7223412297611166490,Positive,EXACT_GROUP_00965,EXACT_GROUP_00965,SIM_CLUSTER_00004,near_duplicate_cluster_id:SIM_CLUSTER_00004
42,5,663,7226179727169127194,Positive,EXACT_GROUP_00965,EXACT_GROUP_00965,SIM_CLUSTER_00004,near_duplicate_cluster_id:SIM_CLUSTER_00004
42,5,674,7226960041310487323,Neutral,EXACT_GROUP_00806,EXACT_GROUP_00806,SIM_CLUSTER_00244,near_duplicate_cluster_id:SIM_CLUSTER_00244
42,5,698,7238174291640189701,Positive,EXACT_GROUP_00965,EXACT_GROUP_00965,SIM_CLUSTER_00004,near_duplicate_cluster_id:SIM_CLUSTER_00004
42,5,699,7238790156329124613,Positive,EXACT_GROUP_00965,EXACT_GROUP_00965,SIM_CLUSTER_00004,near_duplicate_cluster_id:SIM_CLUSTER_00004
42,5,715,7254327233010123525,Positive,EXACT_GROUP_00965,EXACT_GROUP_00965,SIM_CLUSTER_00004,near_duplicate_cluster_id:SIM_CLUSTER_00004
42,5,717,7255267696098951942,Neutral,EXACT_TEXT_6bb02ab1db74fbb9,EXACT_TEXT_6bb02ab1db74fbb9,,exact_duplicate_group_id:EXACT_TEXT_6bb02ab1db74fbb9
42,5,720,7258565494596551430,Neutral,EXACT_TEXT_f864b008cf68ca41,EXACT_TEXT_f864b008cf68ca41,,exact_duplicate_group_id:EXACT_TEXT_f864b008cf68ca41
42,5,721,7259689453563216645,Neutral,EXACT_TEXT_a66c4c2e6038e182,EXACT_TEXT_a66c4c2e6038e182,SIM_CLUSTER_00244,near_duplicate_cluster_id:SIM_CLUSTER_00244
42,5,725,7264967427946513157,Neutral,EXACT_TEXT_84d48c9910e730a1,EXACT_TEXT_84d48c9910e730a1,,exact_duplicate_group_id:EXACT_TEXT_84d48c9910e730a1
42,5,726,7268492243315770117,Positive,EXACT_GROUP_00965,EXACT_GROUP_00965,SIM_CLUSTER_00004,near_duplicate_cluster_id:SIM_CLUSTER_00004
42,5,732,7271882931798426374,Neutral,EXACT_TEXT_ece4ef726ec11fb8,EXACT_TEXT_ece4ef726ec11fb8,,exact_duplicate_group_id:EXACT_TEXT_ece4ef726ec11fb8
42,5,738,7276554467465233158,Neutral,EXACT_TEXT_300d8a968ae295cb,EXACT_TEXT_300d8a968ae295cb,,exact_duplicate_group_id:EXACT_TEXT_300d8a968ae295cb
42,5,740,7284879656426636038,Neutral,EXACT_TEXT_2ef6a5210b9e3849,EXACT_TEXT_2ef6a5210b9e3849,SIM_CLUSTER_00244,near_duplicate_cluster_id:SIM_CLUSTER_00244
42,5,751,7287485133446972165,Neutral,EXACT_TEXT_75e3d524f1ba7cc7,EXACT_TEXT_75e3d524f1ba7cc7,,exact_duplicate_group_id:EXACT_TEXT_75e3d524f1ba7cc7
42,5,760,7291912889861374725,Positive,EXACT_GROUP_00965,EXACT_GROUP_00965,SIM_CLUSTER_00004,near_duplicate_cluster_id:SIM_CLUSTER_00004
42,5,761,7293585641940763397,Neutral,EXACT_TEXT_fd86a1a908bac908,EXACT_TEXT_fd86a1a908bac908,,exact_duplicate_group_id:EXACT_TEXT_fd86a1a908bac908
42,5,767,7306084783837987589,Neutral,EXACT_TEXT_75f7e6dc10f90c2a,EXACT_TEXT_75f7e6dc10f90c2a,,exact_duplicate_group_id:EXACT_TEXT_75f7e6dc10f90c2a
42,5,769,7306395336695530245,Neutral,EXACT_TEXT_877cdc48901337f7,EXACT_TEXT_877cdc48901337f7,,exact_duplicate_group_id:EXACT_TEXT_877cdc48901337f7
42,5,773,7309419830318613254,Neutral,EXACT_TEXT_beae41bd53b6187a,EXACT_TEXT_beae41bd53b6187a,,exact_duplicate_group_id:EXACT_TEXT_beae41bd53b6187a
42,5,781,7312061500301165318,Neutral,EXACT_TEXT_3e03271335a1477c,EXACT_TEXT_3e03271335a1477c,,exact_duplicate_group_id:EXACT_TEXT_3e03271335a1477c
42,5,784,7312368700316877574,Neutral,EXACT_GROUP_00805,EXACT_GROUP_00805,SIM_CLUSTER_00244,near_duplicate_cluster_id:SIM_CLUSTER_00244
42,5,788,7312845388079006470,Positive,EXACT_GROUP_00965,EXACT_GROUP_00965,SIM_CLUSTER_00004,near_duplicate_cluster_id:SIM_CLUSTER_00004
42,5,792,7313755585337885445,Neutral,EXACT_TEXT_68166a169d59af93,EXACT_TEXT_68166a169d59af93,,exact_duplicate_group_id:EXACT_TEXT_68166a169d59af93
42,5,801,7315000063540822789,Neutral,EXACT_TEXT_b2fe4109cebb8076,EXACT_TEXT_b2fe4109cebb8076,,exact_duplicate_group_id:EXACT_TEXT_b2fe4109cebb8076
42,5,804,7315981839272968966,Neutral,EXACT_TEXT_d30d719a931ad596,EXACT_TEXT_d30d719a931ad596,,exact_duplicate_group_id:EXACT_TEXT_d30d719a931ad596
42,5,807,7317126435892642566,Neutral,EXACT_TEXT_56dced8cab539ba0,EXACT_TEXT_56dced8cab539ba0,SIM_CLUSTER_00244,near_duplicate_cluster_id:SIM_CLUSTER_00244
42,5,811,7317626552366891781,Negative,EXACT_TEXT_d1b2122c8d831e6c,EXACT_TEXT_d1b2122c8d831e6c,,exact_duplicate_group_id:EXACT_TEXT_d1b2122c8d831e6c
42,5,814,7318356644894393093,Neutral,EXACT_TEXT_5c4c9952c7aa5fcb,EXACT_TEXT_5c4c9952c7aa5fcb,,exact_duplicate_group_id:EXACT_TEXT_5c4c9952c7aa5fcb
42,5,818,7320140230308594437,Neutral,EXACT_TEXT_c54b33b11261ad46,EXACT_TEXT_c54b33b11261ad46,,exact_duplicate_group_id:EXACT_TEXT_c54b33b11261ad46
42,5,823,7320432576630375174,Positive,EXACT_GROUP_00965,EXACT_GROUP_00965,SIM_CLUSTER_00004,near_duplicate_cluster_id:SIM_CLUSTER_00004
42,5,829,7321464784292152070,Negative,EXACT_TEXT_a113acc552a5cfdc,EXACT_TEXT_a113acc552a5cfdc,,exact_duplicate_group_id:EXACT_TEXT_a113acc552a5cfdc
42,5,830,7321564373486289669,Neutral,EXACT_TEXT_fd32bac61df9f597,EXACT_TEXT_fd32bac61df9f597,,exact_duplicate_group_id:EXACT_TEXT_fd32bac61df9f597
42,5,831,7321719737175655173,Neutral,EXACT_TEXT_b22db90ea269e686,EXACT_TEXT_b22db90ea269e686,,exact_duplicate_group_id:EXACT_TEXT_b22db90ea269e686
42,5,837,7324656501786854150,Neutral,EXACT_TEXT_31e0729d2b3587b7,EXACT_TEXT_31e0729d2b3587b7,,exact_duplicate_group_id:EXACT_TEXT_31e0729d2b3587b7
42,5,840,7326486242500412166,Neutral,EXACT_TEXT_50299af5d84625f3,EXACT_TEXT_50299af5d84625f3,,exact_duplicate_group_id:EXACT_TEXT_50299af5d84625f3
42,5,844,7328839848096563973,Neutral,EXACT_TEXT_5e9416f9d8388f32,EXACT_TEXT_5e9416f9d8388f32,,exact_duplicate_group_id:EXACT_TEXT_5e9416f9d8388f32
42,5,846,7329164596961592069,Neutral,EXACT_GROUP_00563,EXACT_GROUP_00563,SIM_CLUSTER_00933,near_duplicate_cluster_id:SIM_CLUSTER_00933
42,5,848,7329559293869802246,Positive,EXACT_GROUP_00965,EXACT_GROUP_00965,SIM_CLUSTER_00004,near_duplicate_cluster_id:SIM_CLUSTER_00004
42,5,849,7330577007329395462,Neutral,EXACT_GROUP_00563,EXACT_GROUP_00563,SIM_CLUSTER_00933,near_duplicate_cluster_id:SIM_CLUSTER_00933
42,5,855,7333957441094566662,Neutral,EXACT_TEXT_9f8d3f09319241f4,EXACT_TEXT_9f8d3f09319241f4,SIM_CLUSTER_00938,near_duplicate_cluster_id:SIM_CLUSTER_00938
42,5,856,7333963185323950853,Neutral,EXACT_TEXT_9f1c729bc2ee3df5,EXACT_TEXT_9f1c729bc2ee3df5,,exact_duplicate_group_id:EXACT_TEXT_9f1c729bc2ee3df5
42,5,860,7334509226657841925,Positive,EXACT_GROUP_00965,EXACT_GROUP_00965,SIM_CLUSTER_00004,near_duplicate_cluster_id:SIM_CLUSTER_00004
42,5,862,7336450498961113861,Negative,EXACT_TEXT_66c2656a147d6165,EXACT_TEXT_66c2656a147d6165,,exact_duplicate_group_id:EXACT_TEXT_66c2656a147d6165
42,5,866,7338548626556502789,Neutral,EXACT_TEXT_af7b3598bb9b8049,EXACT_TEXT_af7b3598bb9b8049,,exact_duplicate_group_id:EXACT_TEXT_af7b3598bb9b8049
42,5,867,7340508400265495301,Neutral,EXACT_TEXT_816586d7cca10d0c,EXACT_TEXT_816586d7cca10d0c,,exact_duplicate_group_id:EXACT_TEXT_816586d7cca10d0c
42,5,882,7341578103204266758,Neutral,EXACT_TEXT_4f89a1e9a8684003,EXACT_TEXT_4f89a1e9a8684003,,exact_duplicate_group_id:EXACT_TEXT_4f89a1e9a8684003
42,5,883,7342823254589408006,Neutral,EXACT_TEXT_0eec400505ba28e2,EXACT_TEXT_0eec400505ba28e2,SIM_CLUSTER_00592,near_duplicate_cluster_id:SIM_CLUSTER_00592
42,5,889,7348949055786238726,Neutral,EXACT_TEXT_1677f22226c08251,EXACT_TEXT_1677f22226c08251,,exact_duplicate_group_id:EXACT_TEXT_1677f22226c08251
42,5,899,7356164650168632069,Positive,EXACT_GROUP_00965,EXACT_GROUP_00965,SIM_CLUSTER_00004,near_duplicate_cluster_id:SIM_CLUSTER_00004
42,5,900,7356751053268206342,Neutral,EXACT_TEXT_dda9dfcdb290ff92,EXACT_TEXT_dda9dfcdb290ff92,,exact_duplicate_group_id:EXACT_TEXT_dda9dfcdb290ff92
42,5,902,7357451985475371781,Positive,EXACT_GROUP_00965,EXACT_GROUP_00965,SIM_CLUSTER_00004,near_duplicate_cluster_id:SIM_CLUSTER_00004
42,5,903,7357718861894206213,Neutral,EXACT_TEXT_df09e316ba3ed753,EXACT_TEXT_df09e316ba3ed753,,exact_duplicate_group_id:EXACT_TEXT_df09e316ba3ed753
42,5,914,7357914008345789189,Positive,EXACT_GROUP_00965,EXACT_GROUP_00965,SIM_CLUSTER_00004,near_duplicate_cluster_id:SIM_CLUSTER_00004
42,5,915,7357917579786224390,Positive,EXACT_GROUP_00965,EXACT_GROUP_00965,SIM_CLUSTER_00004,near_duplicate_cluster_id:SIM_CLUSTER_00004
42,5,917,7357934542176486150,Positive,EXACT_GROUP_00965,EXACT_GROUP_00965,SIM_CLUSTER_00004,near_duplicate_cluster_id:SIM_CLUSTER_00004
42,5,919,7357977942607168262,Positive,EXACT_GROUP_00965,EXACT_GROUP_00965,SIM_CLUSTER_00004,near_duplicate_cluster_id:SIM_CLUSTER_00004
42,5,925,7358046245653447430,Positive,EXACT_GROUP_00965,EXACT_GROUP_00965,SIM_CLUSTER_00004,near_duplicate_cluster_id:SIM_CLUSTER_00004
42,5,927,7358088904257848069,Positive,EXACT_GROUP_00965,EXACT_GROUP_00965,SIM_CLUSTER_00004,near_duplicate_cluster_id:SIM_CLUSTER_00004
42,5,929,7358133153689305862,Neutral,EXACT_TEXT_a6d1ae339c2b1102,EXACT_TEXT_a6d1ae339c2b1102,SIM_CLUSTER_00447,near_duplicate_cluster_id:SIM_CLUSTER_00447
42,5,930,7358219180795560709,Positive,EXACT_GROUP_00965,EXACT_GROUP_00965,SIM_CLUSTER_00004,near_duplicate_cluster_id:SIM_CLUSTER_00004
42,5,932,7358275658076783366,Neutral,EXACT_TEXT_4007b4ffa433cfc7,EXACT_TEXT_4007b4ffa433cfc7,,exact_duplicate_group_id:EXACT_TEXT_4007b4ffa433cfc7
42,5,934,7358603341309444870,Negative,EXACT_TEXT_4a6a352496127114,EXACT_TEXT_4a6a352496127114,,exact_duplicate_group_id:EXACT_TEXT_4a6a352496127114
42,5,935,7358622222871659270,Neutral,EXACT_TEXT_786f8f0b4a83de44,EXACT_TEXT_786f8f0b4a83de44,,exact_duplicate_group_id:EXACT_TEXT_786f8f0b4a83de44
42,5,936,7358715213758137093,Neutral,EXACT_GROUP_00806,EXACT_GROUP_00806,SIM_CLUSTER_00244,near_duplicate_cluster_id:SIM_CLUSTER_00244
42,5,942,7359583029955986181,Positive,EXACT_GROUP_00965,EXACT_GROUP_00965,SIM_CLUSTER_00004,near_duplicate_cluster_id:SIM_CLUSTER_00004
42,5,947,7359782793671164678,Neutral,EXACT_TEXT_5512bbd15f06993c,EXACT_TEXT_5512bbd15f06993c,,exact_duplicate_group_id:EXACT_TEXT_5512bbd15f06993c
42,5,949,7359906190657045264,Positive,EXACT_GROUP_00965,EXACT_GROUP_00965,SIM_CLUSTER_00004,near_duplicate_cluster_id:SIM_CLUSTER_00004
42,5,950,7359909036287312646,Neutral,EXACT_TEXT_88d12d90c15125cf,EXACT_TEXT_88d12d90c15125cf,,exact_duplicate_group_id:EXACT_TEXT_88d12d90c15125cf
42,5,955,7360602176102056709,Neutral,EXACT_TEXT_19465ce3c57627f1,EXACT_TEXT_19465ce3c57627f1,,exact_duplicate_group_id:EXACT_TEXT_19465ce3c57627f1
42,5,956,7361427902136845061,Positive,EXACT_GROUP_00965,EXACT_GROUP_00965,SIM_CLUSTER_00004,near_duplicate_cluster_id:SIM_CLUSTER_00004
42,5,957,7361794321124033286,Positive,EXACT_GROUP_00965,EXACT_GROUP_00965,SIM_CLUSTER_00004,near_duplicate_cluster_id:SIM_CLUSTER_00004
42,5,958,7361809245778576133,Positive,EXACT_GROUP_00965,EXACT_GROUP_00965,SIM_CLUSTER_00004,near_duplicate_cluster_id:SIM_CLUSTER_00004
42,5,960,7362178885419549445,Neutral,EXACT_TEXT_1a1e2b196a1a4f86,EXACT_TEXT_1a1e2b196a1a4f86,,exact_duplicate_group_id:EXACT_TEXT_1a1e2b196a1a4f86
42,5,962,7363309636549755654,Neutral,EXACT_TEXT_f1d347f38870067c,EXACT_TEXT_f1d347f38870067c,,exact_duplicate_group_id:EXACT_TEXT_f1d347f38870067c
42,5,964,7363596693810397958,Positive,EXACT_GROUP_00965,EXACT_GROUP_00965,SIM_CLUSTER_00004,near_duplicate_cluster_id:SIM_CLUSTER_00004
42,5,966,7363712616621622021,Positive,EXACT_GROUP_00965,EXACT_GROUP_00965,SIM_CLUSTER_00004,near_duplicate_cluster_id:SIM_CLUSTER_00004
42,5,968,7364005653167964934,Positive,EXACT_GROUP_00965,EXACT_GROUP_00965,SIM_CLUSTER_00004,near_duplicate_cluster_id:SIM_CLUSTER_00004
42,5,971,7364301466405946118,Positive,EXACT_GROUP_00965,EXACT_GROUP_00965,SIM_CLUSTER_00004,near_duplicate_cluster_id:SIM_CLUSTER_00004
42,5,972,7364718235387183877,Negative,EXACT_TEXT_26c593987153f958,EXACT_TEXT_26c593987153f958,,exact_duplicate_group_id:EXACT_TEXT_26c593987153f958
42,5,974,7365785060472210182,Positive,EXACT_GROUP_00965,EXACT_GROUP_00965,SIM_CLUSTER_00004,near_duplicate_cluster_id:SIM_CLUSTER_00004
42,5,977,7366500948577780485,Negative,EXACT_TEXT_97d17a8ffe7ffa8a,EXACT_TEXT_97d17a8ffe7ffa8a,,exact_duplicate_group_id:EXACT_TEXT_97d17a8ffe7ffa8a
42,5,980,7367176007714390789,Positive,EXACT_GROUP_00965,EXACT_GROUP_00965,SIM_CLUSTER_00004,near_duplicate_cluster_id:SIM_CLUSTER_00004
42,5,981,7367318112575030022,Positive,EXACT_GROUP_00965,EXACT_GROUP_00965,SIM_CLUSTER_00004,near_duplicate_cluster_id:SIM_CLUSTER_00004
42,5,982,7367466527027839750,Positive,EXACT_GROUP_00965,EXACT_GROUP_00965,SIM_CLUSTER_00004,near_duplicate_cluster_id:SIM_CLUSTER_00004
42,5,984,7367761949964190470,Positive,EXACT_GROUP_00965,EXACT_GROUP_00965,SIM_CLUSTER_00004,near_duplicate_cluster_id:SIM_CLUSTER_00004
42,5,991,7370757576499708678,Positive,EXACT_GROUP_00965,EXACT_GROUP_00965,SIM_CLUSTER_00004,near_duplicate_cluster_id:SIM_CLUSTER_00004
42,5,999,7375750984989754118,Positive,EXACT_GROUP_00965,EXACT_GROUP_00965,SIM_CLUSTER_00004,near_duplicate_cluster_id:SIM_CLUSTER_00004
42,5,1000,7375880308845871877,Neutral,EXACT_TEXT_d4bb70648ae87e22,EXACT_TEXT_d4bb70648ae87e22,,exact_duplicate_group_id:EXACT_TEXT_d4bb70648ae87e22
42,5,1004,7377993991361495814,Negative,EXACT_TEXT_2bf34fe0f18e9630,EXACT_TEXT_2bf34fe0f18e9630,,exact_duplicate_group_id:EXACT_TEXT_2bf34fe0f18e9630
42,5,1009,7378897401036161797,Positive,EXACT_GROUP_00965,EXACT_GROUP_00965,SIM_CLUSTER_00004,near_duplicate_cluster_id:SIM_CLUSTER_00004
42,5,1019,7381472658807931654,Neutral,EXACT_TEXT_c14f3f0865959f5c,EXACT_TEXT_c14f3f0865959f5c,,exact_duplicate_group_id:EXACT_TEXT_c14f3f0865959f5c
42,5,1022,7383254121824027397,Positive,EXACT_GROUP_00965,EXACT_GROUP_00965,SIM_CLUSTER_00004,near_duplicate_cluster_id:SIM_CLUSTER_00004
42,5,1023,7383292120670651141,Positive,EXACT_GROUP_00965,EXACT_GROUP_00965,SIM_CLUSTER_00004,near_duplicate_cluster_id:SIM_CLUSTER_00004
42,5,1024,7383504906814538502,Positive,EXACT_GROUP_00965,EXACT_GROUP_00965,SIM_CLUSTER_00004,near_duplicate_cluster_id:SIM_CLUSTER_00004
42,5,1027,7384758236446606085,Neutral,EXACT_TEXT_913491ca002ae9e6,EXACT_TEXT_913491ca002ae9e6,,exact_duplicate_group_id:EXACT_TEXT_913491ca002ae9e6
42,5,1033,7386191975324943109,Positive,EXACT_GROUP_00965,EXACT_GROUP_00965,SIM_CLUSTER_00004,near_duplicate_cluster_id:SIM_CLUSTER_00004
42,5,1038,7388439943142146821,Neutral,EXACT_TEXT_9bc088daa3459696,EXACT_TEXT_9bc088daa3459696,,exact_duplicate_group_id:EXACT_TEXT_9bc088daa3459696
42,5,1040,7388502226690753286,Neutral,EXACT_TEXT_eeac8ee78a966a30,EXACT_TEXT_eeac8ee78a966a30,SIM_CLUSTER_00121,near_duplicate_cluster_id:SIM_CLUSTER_00121
42,5,1041,7388503468393005830,Positive,EXACT_GROUP_00965,EXACT_GROUP_00965,SIM_CLUSTER_00004,near_duplicate_cluster_id:SIM_CLUSTER_00004
42,5,1042,7388518009050137349,Neutral,EXACT_TEXT_de6d41185e80d589,EXACT_TEXT_de6d41185e80d589,,exact_duplicate_group_id:EXACT_TEXT_de6d41185e80d589
42,5,1046,7388562647812227845,Positive,EXACT_GROUP_00965,EXACT_GROUP_00965,SIM_CLUSTER_00004,near_duplicate_cluster_id:SIM_CLUSTER_00004
42,5,1047,7388681610457268997,Neutral,EXACT_TEXT_c69a32f0653dd465,EXACT_TEXT_c69a32f0653dd465,SIM_CLUSTER_00121,near_duplicate_cluster_id:SIM_CLUSTER_00121
42,5,1049,7388728584673936134,Positive,EXACT_GROUP_00965,EXACT_GROUP_00965,SIM_CLUSTER_00004,near_duplicate_cluster_id:SIM_CLUSTER_00004
42,5,1054,7389696755183813382,Positive,EXACT_GROUP_00965,EXACT_GROUP_00965,SIM_CLUSTER_00004,near_duplicate_cluster_id:SIM_CLUSTER_00004
42,5,1055,7389852379825439494,Neutral,EXACT_TEXT_4519a9088a70461e,EXACT_TEXT_4519a9088a70461e,,exact_duplicate_group_id:EXACT_TEXT_4519a9088a70461e
42,5,1059,7390555069663740677,Neutral,EXACT_TEXT_6a1a1861a86d046a,EXACT_TEXT_6a1a1861a86d046a,,exact_duplicate_group_id:EXACT_TEXT_6a1a1861a86d046a
42,5,1063,7392113919957172998,Neutral,EXACT_TEXT_7a833fbc3c7584e1,EXACT_TEXT_7a833fbc3c7584e1,SIM_CLUSTER_00592,near_duplicate_cluster_id:SIM_CLUSTER_00592
42,5,1070,7397740489188033285,Neutral,EXACT_TEXT_9df7834b1f64bec3,EXACT_TEXT_9df7834b1f64bec3,,exact_duplicate_group_id:EXACT_TEXT_9df7834b1f64bec3
42,5,1074,7398129119014585094,Neutral,EXACT_GROUP_00172,EXACT_GROUP_00172,SIM_CLUSTER_00089,near_duplicate_cluster_id:SIM_CLUSTER_00089
42,5,1077,7398403890695750405,Neutral,EXACT_TEXT_ec5e20c59e39ccfd,EXACT_TEXT_ec5e20c59e39ccfd,SIM_CLUSTER_00089,near_duplicate_cluster_id:SIM_CLUSTER_00089
42,5,1103,7407755099138966278,Neutral,EXACT_TEXT_2cd67ef6c6aa7b29,EXACT_TEXT_2cd67ef6c6aa7b29,,exact_duplicate_group_id:EXACT_TEXT_2cd67ef6c6aa7b29
42,5,1104,7408071956212663046,Negative,EXACT_TEXT_2bda1edb4f00114a,EXACT_TEXT_2bda1edb4f00114a,,exact_duplicate_group_id:EXACT_TEXT_2bda1edb4f00114a
42,5,1124,7420366817790657286,Positive,EXACT_GROUP_00965,EXACT_GROUP_00965,SIM_CLUSTER_00004,near_duplicate_cluster_id:SIM_CLUSTER_00004
42,5,1126,7420736173980713734,Positive,EXACT_GROUP_00965,EXACT_GROUP_00965,SIM_CLUSTER_00004,near_duplicate_cluster_id:SIM_CLUSTER_00004
42,5,1147,7421303517551952646,Negative,EXACT_TEXT_5d36f1e893fc7cf4,EXACT_TEXT_5d36f1e893fc7cf4,,exact_duplicate_group_id:EXACT_TEXT_5d36f1e893fc7cf4
42,5,1151,7421316312331649797,Negative,EXACT_TEXT_50ae318e802fdf8a,EXACT_TEXT_50ae318e802fdf8a,,exact_duplicate_group_id:EXACT_TEXT_50ae318e802fdf8a
42,5,1159,7421353328472752902,Negative,EXACT_TEXT_fe83c414fdf1511f,EXACT_TEXT_fe83c414fdf1511f,,exact_duplicate_group_id:EXACT_TEXT_fe83c414fdf1511f
42,5,1161,7421358294780936965,Negative,EXACT_TEXT_6d5db099deb56d53,EXACT_TEXT_6d5db099deb56d53,,exact_duplicate_group_id:EXACT_TEXT_6d5db099deb56d53
42,5,1162,7421361919020253958,Negative,EXACT_TEXT_e3f0f5204a2d5f7d,EXACT_TEXT_e3f0f5204a2d5f7d,,exact_duplicate_group_id:EXACT_TEXT_e3f0f5204a2d5f7d
42,5,1165,7421363496002667270,Negative,EXACT_TEXT_0c215a3011057586,EXACT_TEXT_0c215a3011057586,,exact_duplicate_group_id:EXACT_TEXT_0c215a3011057586
42,5,1166,7421364367646900998,Negative,EXACT_TEXT_7a2f019cfcd299e9,EXACT_TEXT_7a2f019cfcd299e9,,exact_duplicate_group_id:EXACT_TEXT_7a2f019cfcd299e9
42,5,1167,7421364467378094853,Negative,EXACT_TEXT_cf5f0201cab0b633,EXACT_TEXT_cf5f0201cab0b633,,exact_duplicate_group_id:EXACT_TEXT_cf5f0201cab0b633
42,5,1174,7421407016285340423,Negative,EXACT_TEXT_74788a218dd64af0,EXACT_TEXT_74788a218dd64af0,,exact_duplicate_group_id:EXACT_TEXT_74788a218dd64af0
42,5,1190,7421557470773297926,Positive,EXACT_GROUP_00965,EXACT_GROUP_00965,SIM_CLUSTER_00004,near_duplicate_cluster_id:SIM_CLUSTER_00004
42,5,1196,7421658496103908113,Negative,EXACT_TEXT_8b1b8b982cb49a28,EXACT_TEXT_8b1b8b982cb49a28,,exact_duplicate_group_id:EXACT_TEXT_8b1b8b982cb49a28
42,5,1201,7421697105645060869,Positive,EXACT_GROUP_00965,EXACT_GROUP_00965,SIM_CLUSTER_00004,near_duplicate_cluster_id:SIM_CLUSTER_00004
42,5,1212,7421765889152893702,Negative,EXACT_TEXT_5ec5cc0b97b60a10,EXACT_TEXT_5ec5cc0b97b60a10,,exact_duplicate_group_id:EXACT_TEXT_5ec5cc0b97b60a10
42,5,1215,7421793386888545030,Positive,EXACT_GROUP_00965,EXACT_GROUP_00965,SIM_CLUSTER_00004,near_duplicate_cluster_id:SIM_CLUSTER_00004
42,5,1216,7421796986389807877,Negative,EXACT_TEXT_8c3b03ec48f170eb,EXACT_TEXT_8c3b03ec48f170eb,,exact_duplicate_group_id:EXACT_TEXT_8c3b03ec48f170eb
42,5,1219,7421897771001676549,Negative,EXACT_TEXT_6d0977bf80944398,EXACT_TEXT_6d0977bf80944398,,exact_duplicate_group_id:EXACT_TEXT_6d0977bf80944398
42,5,1222,7421942789238571781,Negative,EXACT_TEXT_a81ea978a3712fb2,EXACT_TEXT_a81ea978a3712fb2,,exact_duplicate_group_id:EXACT_TEXT_a81ea978a3712fb2
42,5,1225,7422095353204753157,Negative,EXACT_TEXT_f3ed3ea92ce29b70,EXACT_TEXT_f3ed3ea92ce29b70,,exact_duplicate_group_id:EXACT_TEXT_f3ed3ea92ce29b70
42,5,1232,7422127928223417093,Positive,EXACT_GROUP_00965,EXACT_GROUP_00965,SIM_CLUSTER_00004,near_duplicate_cluster_id:SIM_CLUSTER_00004
42,5,1237,7422186388954055430,Negative,EXACT_TEXT_975e112e64696f25,EXACT_TEXT_975e112e64696f25,,exact_duplicate_group_id:EXACT_TEXT_975e112e64696f25
42,5,1239,7422210210113274630,Negative,EXACT_TEXT_6520d9e2f2063c27,EXACT_TEXT_6520d9e2f2063c27,,exact_duplicate_group_id:EXACT_TEXT_6520d9e2f2063c27
42,5,1249,7422264995746153221,Positive,EXACT_GROUP_00965,EXACT_GROUP_00965,SIM_CLUSTER_00004,near_duplicate_cluster_id:SIM_CLUSTER_00004
42,5,1256,7422492064812548869,Negative,EXACT_TEXT_f6ff0a73e412a5e4,EXACT_TEXT_f6ff0a73e412a5e4,,exact_duplicate_group_id:EXACT_TEXT_f6ff0a73e412a5e4
42,5,1257,7422493623197582085,Positive,EXACT_GROUP_00965,EXACT_GROUP_00965,SIM_CLUSTER_00004,near_duplicate_cluster_id:SIM_CLUSTER_00004
42,5,1264,7422552663774053126,Negative,EXACT_TEXT_d33330b7ca7cf03f,EXACT_TEXT_d33330b7ca7cf03f,,exact_duplicate_group_id:EXACT_TEXT_d33330b7ca7cf03f
42,5,1271,7422639915614470918,Positive,EXACT_GROUP_00965,EXACT_GROUP_00965,SIM_CLUSTER_00004,near_duplicate_cluster_id:SIM_CLUSTER_00004
42,5,1279,7422688997681677062,Negative,EXACT_TEXT_e787217155fc831c,EXACT_TEXT_e787217155fc831c,,exact_duplicate_group_id:EXACT_TEXT_e787217155fc831c
42,5,1283,7422699238121915142,Positive,EXACT_GROUP_00965,EXACT_GROUP_00965,SIM_CLUSTER_00004,near_duplicate_cluster_id:SIM_CLUSTER_00004
42,5,1289,7422830808740332294,Positive,EXACT_GROUP_00965,EXACT_GROUP_00965,SIM_CLUSTER_00004,near_duplicate_cluster_id:SIM_CLUSTER_00004
42,5,1290,7422834137193808646,Negative,EXACT_TEXT_65ca631882804467,EXACT_TEXT_65ca631882804467,,exact_duplicate_group_id:EXACT_TEXT_65ca631882804467
42,5,1303,7423897799690027781,Neutral,EXACT_TEXT_013938fc6f5264a6,EXACT_TEXT_013938fc6f5264a6,,exact_duplicate_group_id:EXACT_TEXT_013938fc6f5264a6
42,5,1304,7424346815073452806,Positive,EXACT_GROUP_00965,EXACT_GROUP_00965,SIM_CLUSTER_00004,near_duplicate_cluster_id:SIM_CLUSTER_00004
42,5,1312,7424911805736682246,Positive,EXACT_GROUP_00965,EXACT_GROUP_00965,SIM_CLUSTER_00004,near_duplicate_cluster_id:SIM_CLUSTER_00004
42,5,1313,7424914365549429509,Negative,EXACT_TEXT_1e3ae16c56345b61,EXACT_TEXT_1e3ae16c56345b61,,exact_duplicate_group_id:EXACT_TEXT_1e3ae16c56345b61
42,5,1314,7425120562387124997,Neutral,EXACT_TEXT_60f4bfa07227df77,EXACT_TEXT_60f4bfa07227df77,SIM_CLUSTER_00089,near_duplicate_cluster_id:SIM_CLUSTER_00089
42,5,1320,7426039025922458373,Positive,EXACT_GROUP_00965,EXACT_GROUP_00965,SIM_CLUSTER_00004,near_duplicate_cluster_id:SIM_CLUSTER_00004
42,5,1322,7426235657113420549,Neutral,EXACT_TEXT_e9012431b574f044,EXACT_TEXT_e9012431b574f044,,exact_duplicate_group_id:EXACT_TEXT_e9012431b574f044
42,5,1324,7426609825515913989,Positive,EXACT_GROUP_00965,EXACT_GROUP_00965,SIM_CLUSTER_00004,near_duplicate_cluster_id:SIM_CLUSTER_00004
42,5,1328,7427686443104977669,Positive,EXACT_GROUP_00965,EXACT_GROUP_00965,SIM_CLUSTER_00004,near_duplicate_cluster_id:SIM_CLUSTER_00004
42,5,1329,7428039363935601414,Positive,EXACT_GROUP_00965,EXACT_GROUP_00965,SIM_CLUSTER_00004,near_duplicate_cluster_id:SIM_CLUSTER_00004
42,5,1330,7428065746918671110,Positive,EXACT_GROUP_00965,EXACT_GROUP_00965,SIM_CLUSTER_00004,near_duplicate_cluster_id:SIM_CLUSTER_00004
42,5,1333,7428438755684664072,Positive,EXACT_GROUP_00965,EXACT_GROUP_00965,SIM_CLUSTER_00004,near_duplicate_cluster_id:SIM_CLUSTER_00004
42,5,1334,7428438971061977864,Neutral,EXACT_TEXT_50a225065fcda1d7,EXACT_TEXT_50a225065fcda1d7,,exact_duplicate_group_id:EXACT_TEXT_50a225065fcda1d7
42,5,1339,7428454233544950534,Neutral,EXACT_TEXT_427142843cd36804,EXACT_TEXT_427142843cd36804,SIM_CLUSTER_01169,near_duplicate_cluster_id:SIM_CLUSTER_01169
42,5,1342,7428460130213167879,Neutral,EXACT_TEXT_55559d9eb9a5ef51,EXACT_TEXT_55559d9eb9a5ef51,,exact_duplicate_group_id:EXACT_TEXT_55559d9eb9a5ef51
42,5,1350,7428484616800322325,Positive,EXACT_GROUP_00965,EXACT_GROUP_00965,SIM_CLUSTER_00004,near_duplicate_cluster_id:SIM_CLUSTER_00004
42,5,1356,7428530844208694022,Positive,EXACT_GROUP_00965,EXACT_GROUP_00965,SIM_CLUSTER_00004,near_duplicate_cluster_id:SIM_CLUSTER_00004
42,5,1371,7428601006077231878,Neutral,EXACT_TEXT_9fd3344f2f7e94b8,EXACT_TEXT_9fd3344f2f7e94b8,SIM_CLUSTER_01272,near_duplicate_cluster_id:SIM_CLUSTER_01272
42,5,1372,7428603375271035654,Positive,EXACT_GROUP_00965,EXACT_GROUP_00965,SIM_CLUSTER_00004,near_duplicate_cluster_id:SIM_CLUSTER_00004
42,5,1374,7428618400412451589,Neutral,EXACT_TEXT_5b599fafe65c0650,EXACT_TEXT_5b599fafe65c0650,,exact_duplicate_group_id:EXACT_TEXT_5b599fafe65c0650
42,5,1377,7428673512141554438,Neutral,EXACT_TEXT_df8da68a25c84ad6,EXACT_TEXT_df8da68a25c84ad6,SIM_CLUSTER_00089,near_duplicate_cluster_id:SIM_CLUSTER_00089
42,5,1384,7428783976675115794,Neutral,EXACT_TEXT_6ce318969619d1c3,EXACT_TEXT_6ce318969619d1c3,,exact_duplicate_group_id:EXACT_TEXT_6ce318969619d1c3
42,5,1386,7428812050040406789,Positive,EXACT_GROUP_00965,EXACT_GROUP_00965,SIM_CLUSTER_00004,near_duplicate_cluster_id:SIM_CLUSTER_00004
42,5,1389,7428847595194123029,Positive,EXACT_GROUP_00965,EXACT_GROUP_00965,SIM_CLUSTER_00004,near_duplicate_cluster_id:SIM_CLUSTER_00004
42,5,1391,7428877932565283590,Positive,EXACT_GROUP_00965,EXACT_GROUP_00965,SIM_CLUSTER_00004,near_duplicate_cluster_id:SIM_CLUSTER_00004
42,5,1397,7428945831228637958,Positive,EXACT_GROUP_00965,EXACT_GROUP_00965,SIM_CLUSTER_00004,near_duplicate_cluster_id:SIM_CLUSTER_00004
42,5,1399,7428966953321202440,Positive,EXACT_GROUP_00965,EXACT_GROUP_00965,SIM_CLUSTER_00004,near_duplicate_cluster_id:SIM_CLUSTER_00004
42,5,1401,7429104026069058305,Positive,EXACT_GROUP_00965,EXACT_GROUP_00965,SIM_CLUSTER_00004,near_duplicate_cluster_id:SIM_CLUSTER_00004
42,5,1405,7429166868394820360,Positive,EXACT_GROUP_00965,EXACT_GROUP_00965,SIM_CLUSTER_00004,near_duplicate_cluster_id:SIM_CLUSTER_00004
42,5,1410,7429206353178198790,Positive,EXACT_GROUP_00965,EXACT_GROUP_00965,SIM_CLUSTER_00004,near_duplicate_cluster_id:SIM_CLUSTER_00004
42,5,1423,7429628400438526738,Positive,EXACT_GROUP_00965,EXACT_GROUP_00965,SIM_CLUSTER_00004,near_duplicate_cluster_id:SIM_CLUSTER_00004
42,5,1424,7429716056560763653,Positive,EXACT_GROUP_00965,EXACT_GROUP_00965,SIM_CLUSTER_00004,near_duplicate_cluster_id:SIM_CLUSTER_00004
42,5,1426,7429761562703266580,Positive,EXACT_GROUP_00965,EXACT_GROUP_00965,SIM_CLUSTER_00004,near_duplicate_cluster_id:SIM_CLUSTER_00004
42,5,1430,7429919583836750599,Positive,EXACT_GROUP_00965,EXACT_GROUP_00965,SIM_CLUSTER_00004,near_duplicate_cluster_id:SIM_CLUSTER_00004
42,5,1431,7429944694136652550,Neutral,EXACT_TEXT_f7efe6df2fcb932b,EXACT_TEXT_f7efe6df2fcb932b,,exact_duplicate_group_id:EXACT_TEXT_f7efe6df2fcb932b
42,5,1432,7430019082638476038,Neutral,EXACT_TEXT_1f69a199794b1d9a,EXACT_TEXT_1f69a199794b1d9a,SIM_CLUSTER_00366,near_duplicate_cluster_id:SIM_CLUSTER_00366
42,5,1433,7430059025091330821,Positive,EXACT_GROUP_00965,EXACT_GROUP_00965,SIM_CLUSTER_00004,near_duplicate_cluster_id:SIM_CLUSTER_00004
42,5,1435,7430267876521476885,Negative,EXACT_TEXT_7a30e7cd22ca8bdd,EXACT_TEXT_7a30e7cd22ca8bdd,,exact_duplicate_group_id:EXACT_TEXT_7a30e7cd22ca8bdd
42,5,1437,7430293682362286849,Positive,EXACT_GROUP_00965,EXACT_GROUP_00965,SIM_CLUSTER_00004,near_duplicate_cluster_id:SIM_CLUSTER_00004
42,5,1441,7430383160904614674,Neutral,EXACT_TEXT_b07ca10d012da5f2,EXACT_TEXT_b07ca10d012da5f2,SIM_CLUSTER_00022,near_duplicate_cluster_id:SIM_CLUSTER_00022
42,5,1442,7430391675539227410,Positive,EXACT_GROUP_00965,EXACT_GROUP_00965,SIM_CLUSTER_00004,near_duplicate_cluster_id:SIM_CLUSTER_00004
42,5,1443,7430459236216275717,Positive,EXACT_GROUP_00965,EXACT_GROUP_00965,SIM_CLUSTER_00004,near_duplicate_cluster_id:SIM_CLUSTER_00004
42,5,1444,7430473263749137153,Positive,EXACT_GROUP_00965,EXACT_GROUP_00965,SIM_CLUSTER_00004,near_duplicate_cluster_id:SIM_CLUSTER_00004
42,5,1447,7430637622899720966,Negative,EXACT_TEXT_5d6bb775bcda19d7,EXACT_TEXT_5d6bb775bcda19d7,,exact_duplicate_group_id:EXACT_TEXT_5d6bb775bcda19d7
42,5,1448,7430671271513359122,Positive,EXACT_GROUP_00965,EXACT_GROUP_00965,SIM_CLUSTER_00004,near_duplicate_cluster_id:SIM_CLUSTER_00004
42,5,1449,7430682393461572353,Positive,EXACT_GROUP_00965,EXACT_GROUP_00965,SIM_CLUSTER_00004,near_duplicate_cluster_id:SIM_CLUSTER_00004
42,5,1451,7430726567230571272,Neutral,EXACT_TEXT_1da8991935994e2c,EXACT_TEXT_1da8991935994e2c,,exact_duplicate_group_id:EXACT_TEXT_1da8991935994e2c
42,5,1453,7430821620417987333,Positive,EXACT_GROUP_00965,EXACT_GROUP_00965,SIM_CLUSTER_00004,near_duplicate_cluster_id:SIM_CLUSTER_00004
42,5,1454,7430973767830389521,Negative,EXACT_TEXT_31fdfbd9dd0a6e03,EXACT_TEXT_31fdfbd9dd0a6e03,,exact_duplicate_group_id:EXACT_TEXT_31fdfbd9dd0a6e03
42,5,1456,7431026620877013768,Positive,EXACT_TEXT_29098185d332cf01,EXACT_TEXT_29098185d332cf01,SIM_CLUSTER_00004,near_duplicate_cluster_id:SIM_CLUSTER_00004
42,5,1463,7431506944026411782,Positive,EXACT_GROUP_00965,EXACT_GROUP_00965,SIM_CLUSTER_00004,near_duplicate_cluster_id:SIM_CLUSTER_00004
42,5,1464,7431566543556117256,Neutral,EXACT_TEXT_2ea8122e28cd7751,EXACT_TEXT_2ea8122e28cd7751,SIM_CLUSTER_00089,near_duplicate_cluster_id:SIM_CLUSTER_00089
42,5,1465,7431733215000707856,Positive,EXACT_GROUP_00965,EXACT_GROUP_00965,SIM_CLUSTER_00004,near_duplicate_cluster_id:SIM_CLUSTER_00004
42,5,1467,7431949020501885713,Positive,EXACT_GROUP_00965,EXACT_GROUP_00965,SIM_CLUSTER_00004,near_duplicate_cluster_id:SIM_CLUSTER_00004
42,5,1468,7431998110006035218,Positive,EXACT_GROUP_00965,EXACT_GROUP_00965,SIM_CLUSTER_00004,near_duplicate_cluster_id:SIM_CLUSTER_00004
42,5,1469,7431998126286717704,Positive,EXACT_GROUP_00965,EXACT_GROUP_00965,SIM_CLUSTER_00004,near_duplicate_cluster_id:SIM_CLUSTER_00004
42,5,1472,7432270373876335365,Positive,EXACT_GROUP_00965,EXACT_GROUP_00965,SIM_CLUSTER_00004,near_duplicate_cluster_id:SIM_CLUSTER_00004
42,5,1473,7432322441806873349,Neutral,EXACT_TEXT_8be3c4101694048c,EXACT_TEXT_8be3c4101694048c,SIM_CLUSTER_01346,near_duplicate_cluster_id:SIM_CLUSTER_01346
42,5,1475,7432425912417256198,Positive,EXACT_GROUP_00965,EXACT_GROUP_00965,SIM_CLUSTER_00004,near_duplicate_cluster_id:SIM_CLUSTER_00004
42,5,1477,7432519661822493448,Positive,EXACT_GROUP_00965,EXACT_GROUP_00965,SIM_CLUSTER_00004,near_duplicate_cluster_id:SIM_CLUSTER_00004
42,5,1478,7432541056895386374,Positive,EXACT_GROUP_00965,EXACT_GROUP_00965,SIM_CLUSTER_00004,near_duplicate_cluster_id:SIM_CLUSTER_00004
42,5,1479,7432718249496003348,Positive,EXACT_GROUP_00965,EXACT_GROUP_00965,SIM_CLUSTER_00004,near_duplicate_cluster_id:SIM_CLUSTER_00004
42,5,1480,7432899106635072261,Positive,EXACT_GROUP_00965,EXACT_GROUP_00965,SIM_CLUSTER_00004,near_duplicate_cluster_id:SIM_CLUSTER_00004
42,5,1483,7433728638753686278,Neutral,EXACT_TEXT_05674c979d66c1ac,EXACT_TEXT_05674c979d66c1ac,,exact_duplicate_group_id:EXACT_TEXT_05674c979d66c1ac
42,5,1484,7433834520212472593,Positive,EXACT_GROUP_00965,EXACT_GROUP_00965,SIM_CLUSTER_00004,near_duplicate_cluster_id:SIM_CLUSTER_00004
42,5,1485,7433975478758179602,Positive,EXACT_GROUP_00965,EXACT_GROUP_00965,SIM_CLUSTER_00004,near_duplicate_cluster_id:SIM_CLUSTER_00004
42,5,1486,7434110867027231543,Positive,EXACT_GROUP_00965,EXACT_GROUP_00965,SIM_CLUSTER_00004,near_duplicate_cluster_id:SIM_CLUSTER_00004
42,5,1487,7434409565058237239,Neutral,EXACT_TEXT_1d25e13eb3aad63f,EXACT_TEXT_1d25e13eb3aad63f,,exact_duplicate_group_id:EXACT_TEXT_1d25e13eb3aad63f
42,5,1494,7436037478023709496,Positive,EXACT_GROUP_00965,EXACT_GROUP_00965,SIM_CLUSTER_00004,near_duplicate_cluster_id:SIM_CLUSTER_00004
42,5,1497,7436962982842467127,Positive,EXACT_GROUP_00965,EXACT_GROUP_00965,SIM_CLUSTER_00004,near_duplicate_cluster_id:SIM_CLUSTER_00004
42,5,1498,7437001657026036487,Positive,EXACT_GROUP_00965,EXACT_GROUP_00965,SIM_CLUSTER_00004,near_duplicate_cluster_id:SIM_CLUSTER_00004
42,5,1500,7437260630493790996,Positive,EXACT_GROUP_00965,EXACT_GROUP_00965,SIM_CLUSTER_00004,near_duplicate_cluster_id:SIM_CLUSTER_00004
42,5,1501,7437358792226947841,Positive,EXACT_GROUP_00965,EXACT_GROUP_00965,SIM_CLUSTER_00004,near_duplicate_cluster_id:SIM_CLUSTER_00004
42,5,1502,7437444140936332048,Positive,EXACT_GROUP_00965,EXACT_GROUP_00965,SIM_CLUSTER_00004,near_duplicate_cluster_id:SIM_CLUSTER_00004
42,5,1503,7437529244496773896,Positive,EXACT_GROUP_00965,EXACT_GROUP_00965,SIM_CLUSTER_00004,near_duplicate_cluster_id:SIM_CLUSTER_00004
42,5,1504,7437619896022254337,Positive,EXACT_GROUP_00965,EXACT_GROUP_00965,SIM_CLUSTER_00004,near_duplicate_cluster_id:SIM_CLUSTER_00004
42,5,1505,7437728812558943032,Positive,EXACT_GROUP_00965,EXACT_GROUP_00965,SIM_CLUSTER_00004,near_duplicate_cluster_id:SIM_CLUSTER_00004
42,5,1506,7437731878105613111,Positive,EXACT_GROUP_00965,EXACT_GROUP_00965,SIM_CLUSTER_00004,near_duplicate_cluster_id:SIM_CLUSTER_00004
42,5,1507,7437795681790804754,Negative,EXACT_TEXT_81af0f09f2296301,EXACT_TEXT_81af0f09f2296301,,exact_duplicate_group_id:EXACT_TEXT_81af0f09f2296301
42,5,1509,7437934945034830599,Positive,EXACT_GROUP_00965,EXACT_GROUP_00965,SIM_CLUSTER_00004,near_duplicate_cluster_id:SIM_CLUSTER_00004
42,5,1510,7438039096200725268,Positive,EXACT_GROUP_00965,EXACT_GROUP_00965,SIM_CLUSTER_00004,near_duplicate_cluster_id:SIM_CLUSTER_00004
42,5,1511,7438059187304055560,Negative,EXACT_TEXT_d998c45724f2aad7,EXACT_TEXT_d998c45724f2aad7,,exact_duplicate_group_id:EXACT_TEXT_d998c45724f2aad7
42,5,1512,7438076464158032695,Positive,EXACT_GROUP_00965,EXACT_GROUP_00965,SIM_CLUSTER_00004,near_duplicate_cluster_id:SIM_CLUSTER_00004
42,5,1513,7438106883824648978,Positive,EXACT_GROUP_00965,EXACT_GROUP_00965,SIM_CLUSTER_00004,near_duplicate_cluster_id:SIM_CLUSTER_00004
42,5,1515,7438242874905395989,Positive,EXACT_GROUP_00965,EXACT_GROUP_00965,SIM_CLUSTER_00004,near_duplicate_cluster_id:SIM_CLUSTER_00004
42,5,1516,7438292221776331527,Positive,EXACT_GROUP_00965,EXACT_GROUP_00965,SIM_CLUSTER_00004,near_duplicate_cluster_id:SIM_CLUSTER_00004
42,5,1517,7438303028849967873,Positive,EXACT_GROUP_00965,EXACT_GROUP_00965,SIM_CLUSTER_00004,near_duplicate_cluster_id:SIM_CLUSTER_00004
42,5,1518,7438432386641216274,Positive,EXACT_GROUP_00965,EXACT_GROUP_00965,SIM_CLUSTER_00004,near_duplicate_cluster_id:SIM_CLUSTER_00004
42,5,1519,7438458129211753234,Positive,EXACT_GROUP_00965,EXACT_GROUP_00965,SIM_CLUSTER_00004,near_duplicate_cluster_id:SIM_CLUSTER_00004
42,5,1520,7438563496140014343,Positive,EXACT_GROUP_00965,EXACT_GROUP_00965,SIM_CLUSTER_00004,near_duplicate_cluster_id:SIM_CLUSTER_00004
42,5,1521,7438624851936232199,Neutral,EXACT_TEXT_be4600f8a76b392c,EXACT_TEXT_be4600f8a76b392c,SIM_CLUSTER_00447,near_duplicate_cluster_id:SIM_CLUSTER_00447
42,5,1522,7438819115831411463,Positive,EXACT_GROUP_00965,EXACT_GROUP_00965,SIM_CLUSTER_00004,near_duplicate_cluster_id:SIM_CLUSTER_00004
42,5,1523,7438850189060326164,Positive,EXACT_GROUP_00965,EXACT_GROUP_00965,SIM_CLUSTER_00004,near_duplicate_cluster_id:SIM_CLUSTER_00004
42,5,1524,7438928969845834551,Positive,EXACT_GROUP_00965,EXACT_GROUP_00965,SIM_CLUSTER_00004,near_duplicate_cluster_id:SIM_CLUSTER_00004
42,5,1525,7439190316747866936,Positive,EXACT_GROUP_00965,EXACT_GROUP_00965,SIM_CLUSTER_00004,near_duplicate_cluster_id:SIM_CLUSTER_00004
42,5,1526,7439369191520322312,Positive,EXACT_GROUP_00965,EXACT_GROUP_00965,SIM_CLUSTER_00004,near_duplicate_cluster_id:SIM_CLUSTER_00004
42,5,1527,7439642883823223570,Positive,EXACT_GROUP_00965,EXACT_GROUP_00965,SIM_CLUSTER_00004,near_duplicate_cluster_id:SIM_CLUSTER_00004
42,5,1528,7439736694263841552,Positive,EXACT_GROUP_00965,EXACT_GROUP_00965,SIM_CLUSTER_00004,near_duplicate_cluster_id:SIM_CLUSTER_00004
42,5,1529,7439742650667189000,Positive,EXACT_GROUP_00965,EXACT_GROUP_00965,SIM_CLUSTER_00004,near_duplicate_cluster_id:SIM_CLUSTER_00004
42,5,1530,7439895509781250824,Positive,EXACT_GROUP_00965,EXACT_GROUP_00965,SIM_CLUSTER_00004,near_duplicate_cluster_id:SIM_CLUSTER_00004
42,5,1533,7440485344888095495,Positive,EXACT_GROUP_00965,EXACT_GROUP_00965,SIM_CLUSTER_00004,near_duplicate_cluster_id:SIM_CLUSTER_00004
42,5,1535,7440491852250612488,Neutral,EXACT_TEXT_751d62e017ef0f9a,EXACT_TEXT_751d62e017ef0f9a,,exact_duplicate_group_id:EXACT_TEXT_751d62e017ef0f9a
42,5,1536,7440698576164258578,Positive,EXACT_GROUP_00965,EXACT_GROUP_00965,SIM_CLUSTER_00004,near_duplicate_cluster_id:SIM_CLUSTER_00004
42,5,1538,7440850908362064695,Positive,EXACT_GROUP_00965,EXACT_GROUP_00965,SIM_CLUSTER_00004,near_duplicate_cluster_id:SIM_CLUSTER_00004
42,5,1539,7441746429381247762,Positive,EXACT_GROUP_00965,EXACT_GROUP_00965,SIM_CLUSTER_00004,near_duplicate_cluster_id:SIM_CLUSTER_00004
42,5,1540,7442118885580718856,Positive,EXACT_GROUP_00965,EXACT_GROUP_00965,SIM_CLUSTER_00004,near_duplicate_cluster_id:SIM_CLUSTER_00004
42,5,1541,7442318839528604472,Positive,EXACT_GROUP_00965,EXACT_GROUP_00965,SIM_CLUSTER_00004,near_duplicate_cluster_id:SIM_CLUSTER_00004
42,5,1544,7443356744174912312,Positive,EXACT_GROUP_00965,EXACT_GROUP_00965,SIM_CLUSTER_00004,near_duplicate_cluster_id:SIM_CLUSTER_00004
42,5,1545,7443375833857327880,Positive,EXACT_GROUP_00965,EXACT_GROUP_00965,SIM_CLUSTER_00004,near_duplicate_cluster_id:SIM_CLUSTER_00004
42,5,1548,7444079925588525842,Positive,EXACT_GROUP_00965,EXACT_GROUP_00965,SIM_CLUSTER_00004,near_duplicate_cluster_id:SIM_CLUSTER_00004
42,5,1549,7444200790451356434,Positive,EXACT_GROUP_00965,EXACT_GROUP_00965,SIM_CLUSTER_00004,near_duplicate_cluster_id:SIM_CLUSTER_00004
42,5,1550,7444245208697078546,Positive,EXACT_GROUP_00965,EXACT_GROUP_00965,SIM_CLUSTER_00004,near_duplicate_cluster_id:SIM_CLUSTER_00004
42,5,1552,7444390480797942548,Neutral,EXACT_GROUP_00221,EXACT_GROUP_00221,SIM_CLUSTER_00068,near_duplicate_cluster_id:SIM_CLUSTER_00068
42,5,1553,7445006624009650951,Positive,EXACT_GROUP_00965,EXACT_GROUP_00965,SIM_CLUSTER_00004,near_duplicate_cluster_id:SIM_CLUSTER_00004
42,5,1554,7445437909513487122,Positive,EXACT_GROUP_00965,EXACT_GROUP_00965,SIM_CLUSTER_00004,near_duplicate_cluster_id:SIM_CLUSTER_00004
42,5,1555,7445867711425364742,Positive,EXACT_GROUP_00965,EXACT_GROUP_00965,SIM_CLUSTER_00004,near_duplicate_cluster_id:SIM_CLUSTER_00004
42,5,1557,7446980874263167760,Positive,EXACT_GROUP_00965,EXACT_GROUP_00965,SIM_CLUSTER_00004,near_duplicate_cluster_id:SIM_CLUSTER_00004
42,5,1558,7446984916220904200,Positive,EXACT_GROUP_00965,EXACT_GROUP_00965,SIM_CLUSTER_00004,near_duplicate_cluster_id:SIM_CLUSTER_00004
42,5,1559,7447080545529971463,Positive,EXACT_GROUP_00965,EXACT_GROUP_00965,SIM_CLUSTER_00004,near_duplicate_cluster_id:SIM_CLUSTER_00004
42,5,1564,7448123110223512328,Negative,EXACT_TEXT_c35d464229a7e42e,EXACT_TEXT_c35d464229a7e42e,,exact_duplicate_group_id:EXACT_TEXT_c35d464229a7e42e
42,5,1567,7448806746775175954,Positive,EXACT_GROUP_00965,EXACT_GROUP_00965,SIM_CLUSTER_00004,near_duplicate_cluster_id:SIM_CLUSTER_00004
42,5,1568,7449285878131409670,Positive,EXACT_GROUP_00965,EXACT_GROUP_00965,SIM_CLUSTER_00004,near_duplicate_cluster_id:SIM_CLUSTER_00004
42,5,1569,7449651933395256082,Positive,EXACT_GROUP_00965,EXACT_GROUP_00965,SIM_CLUSTER_00004,near_duplicate_cluster_id:SIM_CLUSTER_00004
42,5,1573,7450568174553088775,Positive,EXACT_GROUP_00965,EXACT_GROUP_00965,SIM_CLUSTER_00004,near_duplicate_cluster_id:SIM_CLUSTER_00004
42,5,1574,7452012303292023570,Positive,EXACT_GROUP_00965,EXACT_GROUP_00965,SIM_CLUSTER_00004,near_duplicate_cluster_id:SIM_CLUSTER_00004
42,5,1575,7452195669370176264,Negative,EXACT_TEXT_8fbcb11760485e24,EXACT_TEXT_8fbcb11760485e24,,exact_duplicate_group_id:EXACT_TEXT_8fbcb11760485e24
42,5,1577,7452879367321240321,Positive,EXACT_GROUP_00965,EXACT_GROUP_00965,SIM_CLUSTER_00004,near_duplicate_cluster_id:SIM_CLUSTER_00004
42,5,1579,7453439645817488135,Positive,EXACT_GROUP_00965,EXACT_GROUP_00965,SIM_CLUSTER_00004,near_duplicate_cluster_id:SIM_CLUSTER_00004
42,5,1583,7454790400374244104,Neutral,EXACT_TEXT_5f589d7d8c28fbac,EXACT_TEXT_5f589d7d8c28fbac,,exact_duplicate_group_id:EXACT_TEXT_5f589d7d8c28fbac
42,5,1595,7457449283878961938,Positive,EXACT_GROUP_00965,EXACT_GROUP_00965,SIM_CLUSTER_00004,near_duplicate_cluster_id:SIM_CLUSTER_00004
42,5,1597,7457576194088534802,Negative,EXACT_TEXT_cecd2a31c95efe24,EXACT_TEXT_cecd2a31c95efe24,,exact_duplicate_group_id:EXACT_TEXT_cecd2a31c95efe24
42,5,1605,7458434781459350277,Positive,EXACT_GROUP_00965,EXACT_GROUP_00965,SIM_CLUSTER_00004,near_duplicate_cluster_id:SIM_CLUSTER_00004
42,5,1607,7458562220436226822,Positive,EXACT_GROUP_00965,EXACT_GROUP_00965,SIM_CLUSTER_00004,near_duplicate_cluster_id:SIM_CLUSTER_00004
42,5,1608,7458702553095750408,Positive,EXACT_GROUP_00965,EXACT_GROUP_00965,SIM_CLUSTER_00004,near_duplicate_cluster_id:SIM_CLUSTER_00004
42,5,1611,7459548436594000661,Positive,EXACT_GROUP_00965,EXACT_GROUP_00965,SIM_CLUSTER_00004,near_duplicate_cluster_id:SIM_CLUSTER_00004
42,5,1612,7459627796831355655,Negative,EXACT_TEXT_7eecfa51a0a1c880,EXACT_TEXT_7eecfa51a0a1c880,,exact_duplicate_group_id:EXACT_TEXT_7eecfa51a0a1c880
42,5,1616,7460502725908071175,Positive,EXACT_GROUP_00965,EXACT_GROUP_00965,SIM_CLUSTER_00004,near_duplicate_cluster_id:SIM_CLUSTER_00004
42,5,1619,7460878562981233425,Neutral,EXACT_TEXT_d1271392a8c42f8e,EXACT_TEXT_d1271392a8c42f8e,SIM_CLUSTER_00592,near_duplicate_cluster_id:SIM_CLUSTER_00592
42,5,1620,7461200132362076933,Positive,EXACT_GROUP_00965,EXACT_GROUP_00965,SIM_CLUSTER_00004,near_duplicate_cluster_id:SIM_CLUSTER_00004
42,5,1622,7461660541753754375,Neutral,EXACT_TEXT_d4068c68ea9472fe,EXACT_TEXT_d4068c68ea9472fe,,exact_duplicate_group_id:EXACT_TEXT_d4068c68ea9472fe
42,5,1624,7462005515234640658,Negative,EXACT_TEXT_491d6e283593daa5,EXACT_TEXT_491d6e283593daa5,,exact_duplicate_group_id:EXACT_TEXT_491d6e283593daa5
42,5,1625,7462014899985826566,Positive,EXACT_GROUP_00965,EXACT_GROUP_00965,SIM_CLUSTER_00004,near_duplicate_cluster_id:SIM_CLUSTER_00004
42,5,1626,7462379485465199378,Negative,EXACT_TEXT_392c703825097609,EXACT_TEXT_392c703825097609,,exact_duplicate_group_id:EXACT_TEXT_392c703825097609
42,5,1629,7462928549969937159,Positive,EXACT_GROUP_00965,EXACT_GROUP_00965,SIM_CLUSTER_00004,near_duplicate_cluster_id:SIM_CLUSTER_00004
42,5,1633,7463428966104793877,Positive,EXACT_GROUP_00965,EXACT_GROUP_00965,SIM_CLUSTER_00004,near_duplicate_cluster_id:SIM_CLUSTER_00004
42,5,1634,7463548747696489224,Negative,EXACT_TEXT_18795f00f2e6df1e,EXACT_TEXT_18795f00f2e6df1e,,exact_duplicate_group_id:EXACT_TEXT_18795f00f2e6df1e
42,5,1637,7466454059463377680,Positive,EXACT_GROUP_00965,EXACT_GROUP_00965,SIM_CLUSTER_00004,near_duplicate_cluster_id:SIM_CLUSTER_00004
42,5,1640,7468192642104001301,Negative,EXACT_TEXT_7cb2398f9cf9d41b,EXACT_TEXT_7cb2398f9cf9d41b,,exact_duplicate_group_id:EXACT_TEXT_7cb2398f9cf9d41b
42,5,1641,7468898428145091334,Positive,EXACT_GROUP_00965,EXACT_GROUP_00965,SIM_CLUSTER_00004,near_duplicate_cluster_id:SIM_CLUSTER_00004
42,5,1650,7472394480465822484,Neutral,EXACT_TEXT_d35cee371dee560d,EXACT_TEXT_d35cee371dee560d,,exact_duplicate_group_id:EXACT_TEXT_d35cee371dee560d
42,5,1651,7473165917501899526,Positive,EXACT_GROUP_00965,EXACT_GROUP_00965,SIM_CLUSTER_00004,near_duplicate_cluster_id:SIM_CLUSTER_00004
42,5,1653,7473833955894362888,Positive,EXACT_GROUP_00965,EXACT_GROUP_00965,SIM_CLUSTER_00004,near_duplicate_cluster_id:SIM_CLUSTER_00004
42,5,1661,7478378820396221202,Neutral,EXACT_TEXT_536e77a2642b9789,EXACT_TEXT_536e77a2642b9789,,exact_duplicate_group_id:EXACT_TEXT_536e77a2642b9789
42,5,1662,7479006116090397461,Positive,EXACT_GROUP_00965,EXACT_GROUP_00965,SIM_CLUSTER_00004,near_duplicate_cluster_id:SIM_CLUSTER_00004
42,5,1663,7480052580045095700,Negative,EXACT_TEXT_86df4fb19bd43aa3,EXACT_TEXT_86df4fb19bd43aa3,,exact_duplicate_group_id:EXACT_TEXT_86df4fb19bd43aa3
42,5,1665,7480337392688268037,Negative,EXACT_TEXT_d3d7bdc03411ab3f,EXACT_TEXT_d3d7bdc03411ab3f,,exact_duplicate_group_id:EXACT_TEXT_d3d7bdc03411ab3f
42,5,1667,7482855187285312262,Positive,EXACT_GROUP_00965,EXACT_GROUP_00965,SIM_CLUSTER_00004,near_duplicate_cluster_id:SIM_CLUSTER_00004
42,5,1669,7486065827340747575,Positive,EXACT_GROUP_00965,EXACT_GROUP_00965,SIM_CLUSTER_00004,near_duplicate_cluster_id:SIM_CLUSTER_00004
42,5,1677,7494678571518001928,Negative,EXACT_TEXT_0efae896b3ec338b,EXACT_TEXT_0efae896b3ec338b,,exact_duplicate_group_id:EXACT_TEXT_0efae896b3ec338b
42,5,1679,7495954019501196050,Positive,EXACT_GROUP_00965,EXACT_GROUP_00965,SIM_CLUSTER_00004,near_duplicate_cluster_id:SIM_CLUSTER_00004
42,5,1680,7496412897464238868,Positive,EXACT_GROUP_00965,EXACT_GROUP_00965,SIM_CLUSTER_00004,near_duplicate_cluster_id:SIM_CLUSTER_00004
42,5,1684,7500727807619285768,Positive,EXACT_GROUP_00965,EXACT_GROUP_00965,SIM_CLUSTER_00004,near_duplicate_cluster_id:SIM_CLUSTER_00004
42,5,1686,7501605610233742088,Positive,EXACT_GROUP_00965,EXACT_GROUP_00965,SIM_CLUSTER_00004,near_duplicate_cluster_id:SIM_CLUSTER_00004
42,5,1687,7502973846615622401,Positive,EXACT_GROUP_00965,EXACT_GROUP_00965,SIM_CLUSTER_00004,near_duplicate_cluster_id:SIM_CLUSTER_00004
42,5,1688,7503785975110288148,Positive,EXACT_GROUP_00965,EXACT_GROUP_00965,SIM_CLUSTER_00004,near_duplicate_cluster_id:SIM_CLUSTER_00004
42,5,1689,7504140403471827730,Positive,EXACT_GROUP_00965,EXACT_GROUP_00965,SIM_CLUSTER_00004,near_duplicate_cluster_id:SIM_CLUSTER_00004
42,5,1690,7506122827121034002,Positive,EXACT_GROUP_00965,EXACT_GROUP_00965,SIM_CLUSTER_00004,near_duplicate_cluster_id:SIM_CLUSTER_00004
42,5,1692,7507849532429173512,Positive,EXACT_GROUP_00965,EXACT_GROUP_00965,SIM_CLUSTER_00004,near_duplicate_cluster_id:SIM_CLUSTER_00004
42,5,1693,7507888051294864136,Positive,EXACT_GROUP_00965,EXACT_GROUP_00965,SIM_CLUSTER_00004,near_duplicate_cluster_id:SIM_CLUSTER_00004
42,5,1695,7508543800060494600,Positive,EXACT_GROUP_00965,EXACT_GROUP_00965,SIM_CLUSTER_00004,near_duplicate_cluster_id:SIM_CLUSTER_00004
42,5,1697,7509095909570183944,Positive,EXACT_GROUP_00965,EXACT_GROUP_00965,SIM_CLUSTER_00004,near_duplicate_cluster_id:SIM_CLUSTER_00004
42,5,1702,7510482691881943816,Positive,EXACT_GROUP_00965,EXACT_GROUP_00965,SIM_CLUSTER_00004,near_duplicate_cluster_id:SIM_CLUSTER_00004
42,5,1703,7511796480831800071,Positive,EXACT_GROUP_00965,EXACT_GROUP_00965,SIM_CLUSTER_00004,near_duplicate_cluster_id:SIM_CLUSTER_00004
42,5,1705,7514313100536808200,Positive,EXACT_GROUP_00965,EXACT_GROUP_00965,SIM_CLUSTER_00004,near_duplicate_cluster_id:SIM_CLUSTER_00004
42,5,1707,7517569390192935698,Positive,EXACT_GROUP_00965,EXACT_GROUP_00965,SIM_CLUSTER_00004,near_duplicate_cluster_id:SIM_CLUSTER_00004
42,5,1711,7522094342941557522,Positive,EXACT_GROUP_00965,EXACT_GROUP_00965,SIM_CLUSTER_00004,near_duplicate_cluster_id:SIM_CLUSTER_00004
42,5,1716,7526892485106287367,Positive,EXACT_GROUP_00965,EXACT_GROUP_00965,SIM_CLUSTER_00004,near_duplicate_cluster_id:SIM_CLUSTER_00004
42,5,1718,7528958869016724242,Positive,EXACT_GROUP_00965,EXACT_GROUP_00965,SIM_CLUSTER_00004,near_duplicate_cluster_id:SIM_CLUSTER_00004
42,5,1719,7528958924021138183,Positive,EXACT_GROUP_00965,EXACT_GROUP_00965,SIM_CLUSTER_00004,near_duplicate_cluster_id:SIM_CLUSTER_00004
42,5,1720,7528958943264310024,Positive,EXACT_GROUP_00965,EXACT_GROUP_00965,SIM_CLUSTER_00004,near_duplicate_cluster_id:SIM_CLUSTER_00004
42,5,1724,7535846308566106896,Negative,EXACT_TEXT_e2dc90d81f86daa4,EXACT_TEXT_e2dc90d81f86daa4,,exact_duplicate_group_id:EXACT_TEXT_e2dc90d81f86daa4
42,5,1731,7541063593912681233,Positive,EXACT_GROUP_00965,EXACT_GROUP_00965,SIM_CLUSTER_00004,near_duplicate_cluster_id:SIM_CLUSTER_00004
42,5,1733,7542965196329141000,Positive,EXACT_GROUP_00965,EXACT_GROUP_00965,SIM_CLUSTER_00004,near_duplicate_cluster_id:SIM_CLUSTER_00004
42,5,1738,7545729250420835080,Positive,EXACT_GROUP_00965,EXACT_GROUP_00965,SIM_CLUSTER_00004,near_duplicate_cluster_id:SIM_CLUSTER_00004
42,5,1741,7548735570172871432,Negative,EXACT_TEXT_3c5f5fd4ee156166,EXACT_TEXT_3c5f5fd4ee156166,,exact_duplicate_group_id:EXACT_TEXT_3c5f5fd4ee156166
42,5,1749,7559046898457625345,Positive,EXACT_GROUP_00965,EXACT_GROUP_00965,SIM_CLUSTER_00004,near_duplicate_cluster_id:SIM_CLUSTER_00004
42,5,1752,7564798414924317441,Positive,EXACT_GROUP_00965,EXACT_GROUP_00965,SIM_CLUSTER_00004,near_duplicate_cluster_id:SIM_CLUSTER_00004
42,5,1757,7579632503368483591,Negative,EXACT_GROUP_00056,EXACT_GROUP_00056,SIM_CLUSTER_00753,near_duplicate_cluster_id:SIM_CLUSTER_00753
42,5,1758,7579632559107490568,Negative,EXACT_GROUP_00056,EXACT_GROUP_00056,SIM_CLUSTER_00753,near_duplicate_cluster_id:SIM_CLUSTER_00753
42,5,1759,7579633215049302791,Negative,EXACT_GROUP_00056,EXACT_GROUP_00056,SIM_CLUSTER_00753,near_duplicate_cluster_id:SIM_CLUSTER_00753
42,5,1761,7581808803751052052,Positive,EXACT_GROUP_00965,EXACT_GROUP_00965,SIM_CLUSTER_00004,near_duplicate_cluster_id:SIM_CLUSTER_00004
42,5,1765,7586966923628905236,Neutral,EXACT_TEXT_d8cd367fc63d9467,EXACT_TEXT_d8cd367fc63d9467,,exact_duplicate_group_id:EXACT_TEXT_d8cd367fc63d9467
42,5,1770,7588125634302493458,Negative,EXACT_TEXT_d585a2758a623362,EXACT_TEXT_d585a2758a623362,,exact_duplicate_group_id:EXACT_TEXT_d585a2758a623362
42,5,1771,7589582368261276434,Positive,EXACT_GROUP_00965,EXACT_GROUP_00965,SIM_CLUSTER_00004,near_duplicate_cluster_id:SIM_CLUSTER_00004
42,5,1772,7590694242893398792,Positive,EXACT_GROUP_00965,EXACT_GROUP_00965,SIM_CLUSTER_00004,near_duplicate_cluster_id:SIM_CLUSTER_00004
42,5,1776,7593528575975129857,Positive,EXACT_GROUP_00965,EXACT_GROUP_00965,SIM_CLUSTER_00004,near_duplicate_cluster_id:SIM_CLUSTER_00004
42,5,1777,7595258763856413458,Positive,EXACT_GROUP_00965,EXACT_GROUP_00965,SIM_CLUSTER_00004,near_duplicate_cluster_id:SIM_CLUSTER_00004
42,5,1778,7595300639141479188,Positive,EXACT_GROUP_00965,EXACT_GROUP_00965,SIM_CLUSTER_00004,near_duplicate_cluster_id:SIM_CLUSTER_00004
42,5,1794,7597029392611492615,Positive,EXACT_GROUP_00965,EXACT_GROUP_00965,SIM_CLUSTER_00004,near_duplicate_cluster_id:SIM_CLUSTER_00004
42,5,1799,7598468058432570133,Positive,EXACT_GROUP_00965,EXACT_GROUP_00965,SIM_CLUSTER_00004,near_duplicate_cluster_id:SIM_CLUSTER_00004
42,5,1800,7598521270137160455,Positive,EXACT_GROUP_00965,EXACT_GROUP_00965,SIM_CLUSTER_00004,near_duplicate_cluster_id:SIM_CLUSTER_00004
42,5,1802,7598836838421938952,Positive,EXACT_GROUP_00965,EXACT_GROUP_00965,SIM_CLUSTER_00004,near_duplicate_cluster_id:SIM_CLUSTER_00004
42,5,1804,7599656512251986706,Positive,EXACT_GROUP_00965,EXACT_GROUP_00965,SIM_CLUSTER_00004,near_duplicate_cluster_id:SIM_CLUSTER_00004
42,5,1805,7599682525929882385,Positive,EXACT_GROUP_00965,EXACT_GROUP_00965,SIM_CLUSTER_00004,near_duplicate_cluster_id:SIM_CLUSTER_00004
42,5,1807,7599948650182640405,Positive,EXACT_GROUP_00965,EXACT_GROUP_00965,SIM_CLUSTER_00004,near_duplicate_cluster_id:SIM_CLUSTER_00004
42,5,1811,7604507651976135444,Neutral,EXACT_TEXT_88655baa1ca3b5fd,EXACT_TEXT_88655baa1ca3b5fd,,exact_duplicate_group_id:EXACT_TEXT_88655baa1ca3b5fd
42,5,1813,7612405686018360084,Positive,EXACT_GROUP_00965,EXACT_GROUP_00965,SIM_CLUSTER_00004,near_duplicate_cluster_id:SIM_CLUSTER_00004
42,5,1816,7618136270812807952,Neutral,EXACT_TEXT_ccfff7123405bbdf,EXACT_TEXT_ccfff7123405bbdf,,exact_duplicate_group_id:EXACT_TEXT_ccfff7123405bbdf
42,5,1819,7635984522102129416,Positive,EXACT_GROUP_00965,EXACT_GROUP_00965,SIM_CLUSTER_00004,near_duplicate_cluster_id:SIM_CLUSTER_00004
42,5,1821,7645236619843224341,Positive,EXACT_GROUP_00965,EXACT_GROUP_00965,SIM_CLUSTER_00004,near_duplicate_cluster_id:SIM_CLUSTER_00004
42,5,1822,7648964116292846354,Negative,EXACT_TEXT_ab4ca9b9646eb32f,EXACT_TEXT_ab4ca9b9646eb32f,,exact_duplicate_group_id:EXACT_TEXT_ab4ca9b9646eb32f
52,1,1,1522152682623702145,Neutral,EXACT_GROUP_00142,EXACT_GROUP_00142,SIM_CLUSTER_00236,near_duplicate_cluster_id:SIM_CLUSTER_00236
52,1,7,5245494283788784464,Positive,EXACT_GROUP_00082,EXACT_GROUP_00082,SIM_CLUSTER_00235,near_duplicate_cluster_id:SIM_CLUSTER_00235
52,1,10,6264831292812822701,Neutral,EXACT_GROUP_00143,EXACT_GROUP_00143,SIM_CLUSTER_00236,near_duplicate_cluster_id:SIM_CLUSTER_00236
52,1,11,6497555322016849843,Neutral,EXACT_GROUP_00144,EXACT_GROUP_00144,SIM_CLUSTER_00320,near_duplicate_cluster_id:SIM_CLUSTER_00320
52,1,15,7136552264877409050,Neutral,EXACT_TEXT_ede15a64ec375b9a,EXACT_TEXT_ede15a64ec375b9a,,exact_duplicate_group_id:EXACT_TEXT_ede15a64ec375b9a
52,1,18,7168754499258401538,Positive,EXACT_TEXT_307457cf8c1af921,EXACT_TEXT_307457cf8c1af921,,exact_duplicate_group_id:EXACT_TEXT_307457cf8c1af921
52,1,19,7171752356215145243,Negative,EXACT_TEXT_513a8126240255ae,EXACT_TEXT_513a8126240255ae,,exact_duplicate_group_id:EXACT_TEXT_513a8126240255ae
52,1,36,7205945961834480390,Neutral,EXACT_TEXT_f2d00fcd44771eb6,EXACT_TEXT_f2d00fcd44771eb6,,exact_duplicate_group_id:EXACT_TEXT_f2d00fcd44771eb6
52,1,38,7206872756942603034,Negative,EXACT_TEXT_09fc8488df0807ab,EXACT_TEXT_09fc8488df0807ab,,exact_duplicate_group_id:EXACT_TEXT_09fc8488df0807ab
52,1,40,7209497283485598490,Positive,EXACT_TEXT_1125090e5d0516ae,EXACT_TEXT_1125090e5d0516ae,,exact_duplicate_group_id:EXACT_TEXT_1125090e5d0516ae
52,1,44,7214765278814208773,Negative,EXACT_TEXT_a8888f7ee2e4f897,EXACT_TEXT_a8888f7ee2e4f897,,exact_duplicate_group_id:EXACT_TEXT_a8888f7ee2e4f897
52,1,47,7217967587257336603,Neutral,EXACT_TEXT_52a27928b9088804,EXACT_TEXT_52a27928b9088804,,exact_duplicate_group_id:EXACT_TEXT_52a27928b9088804
52,1,48,7219874901083357979,Neutral,EXACT_TEXT_89f73c7a3bab2166,EXACT_TEXT_89f73c7a3bab2166,,exact_duplicate_group_id:EXACT_TEXT_89f73c7a3bab2166
52,1,53,7223398588939535110,Negative,EXACT_TEXT_cb8586ff03f8af70,EXACT_TEXT_cb8586ff03f8af70,,exact_duplicate_group_id:EXACT_TEXT_cb8586ff03f8af70
52,1,56,7225198855330267931,Neutral,EXACT_TEXT_eb48f129dda7d748,EXACT_TEXT_eb48f129dda7d748,,exact_duplicate_group_id:EXACT_TEXT_eb48f129dda7d748
52,1,58,7226699875529868058,Neutral,EXACT_TEXT_3bd8edf50771b152,EXACT_TEXT_3bd8edf50771b152,,exact_duplicate_group_id:EXACT_TEXT_3bd8edf50771b152
52,1,59,7226744900560683782,Neutral,EXACT_TEXT_930df3f73f348ac8,EXACT_TEXT_930df3f73f348ac8,,exact_duplicate_group_id:EXACT_TEXT_930df3f73f348ac8
52,1,63,7229876787517260570,Positive,EXACT_TEXT_8b9c3aa3c51c730c,EXACT_TEXT_8b9c3aa3c51c730c,,exact_duplicate_group_id:EXACT_TEXT_8b9c3aa3c51c730c
52,1,64,7236207709598597894,Neutral,EXACT_TEXT_291d1eb0476dd4a5,EXACT_TEXT_291d1eb0476dd4a5,,exact_duplicate_group_id:EXACT_TEXT_291d1eb0476dd4a5
52,1,78,7287440185271632646,Neutral,EXACT_TEXT_e2509f13f57479a9,EXACT_TEXT_e2509f13f57479a9,,exact_duplicate_group_id:EXACT_TEXT_e2509f13f57479a9
52,1,80,7287764800321405702,Positive,EXACT_TEXT_f7a5a7b9ca999819,EXACT_TEXT_f7a5a7b9ca999819,,exact_duplicate_group_id:EXACT_TEXT_f7a5a7b9ca999819
52,1,95,7312079393421067013,Negative,EXACT_TEXT_ebe4403b360cb646,EXACT_TEXT_ebe4403b360cb646,,exact_duplicate_group_id:EXACT_TEXT_ebe4403b360cb646
52,1,97,7312423250763891462,Positive,EXACT_TEXT_a4bedeeb909c51f6,EXACT_TEXT_a4bedeeb909c51f6,,exact_duplicate_group_id:EXACT_TEXT_a4bedeeb909c51f6
52,1,109,7315403715216048902,Neutral,EXACT_TEXT_200eaee482e63b84,EXACT_TEXT_200eaee482e63b84,,exact_duplicate_group_id:EXACT_TEXT_200eaee482e63b84
52,1,120,7320114192966533894,Neutral,EXACT_TEXT_e46b38687cf83612,EXACT_TEXT_e46b38687cf83612,,exact_duplicate_group_id:EXACT_TEXT_e46b38687cf83612
52,1,123,7320179262581293829,Positive,EXACT_TEXT_e83d207d2d0ed89c,EXACT_TEXT_e83d207d2d0ed89c,,exact_duplicate_group_id:EXACT_TEXT_e83d207d2d0ed89c
52,1,128,7320427899285668613,Negative,EXACT_TEXT_7b56cbc2beac6243,EXACT_TEXT_7b56cbc2beac6243,,exact_duplicate_group_id:EXACT_TEXT_7b56cbc2beac6243
52,1,138,7327069054786601733,Neutral,EXACT_TEXT_a9b6997549f4f051,EXACT_TEXT_a9b6997549f4f051,,exact_duplicate_group_id:EXACT_TEXT_a9b6997549f4f051
52,1,143,7330197851140145926,Neutral,EXACT_TEXT_e48481fe7b272f08,EXACT_TEXT_e48481fe7b272f08,,exact_duplicate_group_id:EXACT_TEXT_e48481fe7b272f08
52,1,148,7331151541480784645,Negative,EXACT_TEXT_7b09bdeeb20be4d2,EXACT_TEXT_7b09bdeeb20be4d2,,exact_duplicate_group_id:EXACT_TEXT_7b09bdeeb20be4d2
52,1,150,7334161555136709382,Positive,EXACT_TEXT_5d17fb1cc541180c,EXACT_TEXT_5d17fb1cc541180c,,exact_duplicate_group_id:EXACT_TEXT_5d17fb1cc541180c
52,1,155,7339497686208840453,Neutral,EXACT_TEXT_a36382fa7c51ca8c,EXACT_TEXT_a36382fa7c51ca8c,,exact_duplicate_group_id:EXACT_TEXT_a36382fa7c51ca8c
52,1,161,7341041442758378246,Positive,EXACT_TEXT_ccf9b91f4008ee6c,EXACT_TEXT_ccf9b91f4008ee6c,,exact_duplicate_group_id:EXACT_TEXT_ccf9b91f4008ee6c
52,1,162,7341253134432649990,Neutral,EXACT_TEXT_64519a9c274fdafc,EXACT_TEXT_64519a9c274fdafc,,exact_duplicate_group_id:EXACT_TEXT_64519a9c274fdafc
52,1,164,7341843669739897605,Neutral,EXACT_TEXT_38be6c30e0cfa30b,EXACT_TEXT_38be6c30e0cfa30b,,exact_duplicate_group_id:EXACT_TEXT_38be6c30e0cfa30b
52,1,166,7345023486530290437,Neutral,EXACT_TEXT_1f8a6092f32ba122,EXACT_TEXT_1f8a6092f32ba122,,exact_duplicate_group_id:EXACT_TEXT_1f8a6092f32ba122
52,1,169,7345355533945340678,Neutral,EXACT_TEXT_a531346506145280,EXACT_TEXT_a531346506145280,,exact_duplicate_group_id:EXACT_TEXT_a531346506145280
52,1,171,7348653217889452805,Neutral,EXACT_TEXT_ace35c2a17a85829,EXACT_TEXT_ace35c2a17a85829,,exact_duplicate_group_id:EXACT_TEXT_ace35c2a17a85829
52,1,178,7357738122287497990,Positive,EXACT_TEXT_637f0d07d1383f46,EXACT_TEXT_637f0d07d1383f46,,exact_duplicate_group_id:EXACT_TEXT_637f0d07d1383f46
52,1,185,7357895236091560709,Neutral,EXACT_TEXT_85835af7cd00c0d7,EXACT_TEXT_85835af7cd00c0d7,,exact_duplicate_group_id:EXACT_TEXT_85835af7cd00c0d7
52,1,189,7357923330228126469,Negative,EXACT_TEXT_3e23f0de2f9f1e3a,EXACT_TEXT_3e23f0de2f9f1e3a,,exact_duplicate_group_id:EXACT_TEXT_3e23f0de2f9f1e3a
52,1,196,7358009959529267973,Negative,EXACT_TEXT_a38dec7ad1378200,EXACT_TEXT_a38dec7ad1378200,,exact_duplicate_group_id:EXACT_TEXT_a38dec7ad1378200
52,1,202,7358272857816072965,Neutral,EXACT_TEXT_79eeab256c27e640,EXACT_TEXT_79eeab256c27e640,,exact_duplicate_group_id:EXACT_TEXT_79eeab256c27e640
52,1,203,7358274389807022854,Negative,EXACT_TEXT_7d0099e0861b8922,EXACT_TEXT_7d0099e0861b8922,,exact_duplicate_group_id:EXACT_TEXT_7d0099e0861b8922
52,1,207,7358413010857558790,Neutral,EXACT_TEXT_a4880f76f4d5bf3c,EXACT_TEXT_a4880f76f4d5bf3c,,exact_duplicate_group_id:EXACT_TEXT_a4880f76f4d5bf3c
52,1,230,7363607326525342469,Neutral,EXACT_TEXT_2d8fa84d3dc4dc91,EXACT_TEXT_2d8fa84d3dc4dc91,,exact_duplicate_group_id:EXACT_TEXT_2d8fa84d3dc4dc91
52,1,247,7377600918801433349,Neutral,EXACT_TEXT_59ca1084415752f7,EXACT_TEXT_59ca1084415752f7,,exact_duplicate_group_id:EXACT_TEXT_59ca1084415752f7
52,1,252,7379096813607731974,Positive,EXACT_TEXT_0f9661ab4fe97006,EXACT_TEXT_0f9661ab4fe97006,,exact_duplicate_group_id:EXACT_TEXT_0f9661ab4fe97006
52,1,260,7385230242791375622,Neutral,EXACT_TEXT_04ca391cc1223aff,EXACT_TEXT_04ca391cc1223aff,,exact_duplicate_group_id:EXACT_TEXT_04ca391cc1223aff
52,1,261,7385337645985514245,Neutral,EXACT_TEXT_5a7d9b70fa791226,EXACT_TEXT_5a7d9b70fa791226,,exact_duplicate_group_id:EXACT_TEXT_5a7d9b70fa791226
52,1,262,7385454151532036870,Neutral,EXACT_TEXT_30859c1c1d2803ee,EXACT_TEXT_30859c1c1d2803ee,,exact_duplicate_group_id:EXACT_TEXT_30859c1c1d2803ee
52,1,266,7386198819039806213,Positive,EXACT_TEXT_49fed3c2d37f9378,EXACT_TEXT_49fed3c2d37f9378,,exact_duplicate_group_id:EXACT_TEXT_49fed3c2d37f9378
52,1,267,7387213212251226885,Neutral,EXACT_TEXT_613a180b32230165,EXACT_TEXT_613a180b32230165,,exact_duplicate_group_id:EXACT_TEXT_613a180b32230165
52,1,269,7388483085107643141,Neutral,EXACT_TEXT_36814aa5390c6e01,EXACT_TEXT_36814aa5390c6e01,SIM_CLUSTER_00134,near_duplicate_cluster_id:SIM_CLUSTER_00134
52,1,271,7388550852934189829,Neutral,EXACT_TEXT_ea30ef7b2bac8db0,EXACT_TEXT_ea30ef7b2bac8db0,,exact_duplicate_group_id:EXACT_TEXT_ea30ef7b2bac8db0
52,1,277,7392860246442312453,Positive,EXACT_TEXT_62b472234f582ef2,EXACT_TEXT_62b472234f582ef2,,exact_duplicate_group_id:EXACT_TEXT_62b472234f582ef2
52,1,280,7397229527270867718,Neutral,EXACT_TEXT_3b933b2952ec5573,EXACT_TEXT_3b933b2952ec5573,,exact_duplicate_group_id:EXACT_TEXT_3b933b2952ec5573
52,1,281,7397304738260632325,Positive,EXACT_TEXT_950c4836ed95ef4c,EXACT_TEXT_950c4836ed95ef4c,,exact_duplicate_group_id:EXACT_TEXT_950c4836ed95ef4c
52,1,282,7397908535801742086,Positive,EXACT_TEXT_fb3de067b0d5314e,EXACT_TEXT_fb3de067b0d5314e,,exact_duplicate_group_id:EXACT_TEXT_fb3de067b0d5314e
52,1,284,7397989494555443974,Negative,EXACT_TEXT_fee40752856adc36,EXACT_TEXT_fee40752856adc36,,exact_duplicate_group_id:EXACT_TEXT_fee40752856adc36
52,1,300,7408507744985334534,Neutral,EXACT_TEXT_dd052f078ec6ba2d,EXACT_TEXT_dd052f078ec6ba2d,,exact_duplicate_group_id:EXACT_TEXT_dd052f078ec6ba2d
52,1,305,7412493433497699078,Neutral,EXACT_TEXT_e88177eca7f1026a,EXACT_TEXT_e88177eca7f1026a,SIM_CLUSTER_00929,near_duplicate_cluster_id:SIM_CLUSTER_00929
52,1,310,7416899065499222789,Negative,EXACT_TEXT_584dd0f2a5f83c55,EXACT_TEXT_584dd0f2a5f83c55,,exact_duplicate_group_id:EXACT_TEXT_584dd0f2a5f83c55
52,1,313,7419290519233446661,Positive,EXACT_TEXT_988fb64ba93942e7,EXACT_TEXT_988fb64ba93942e7,,exact_duplicate_group_id:EXACT_TEXT_988fb64ba93942e7
52,1,316,7420444077306430226,Negative,EXACT_TEXT_287d71daf2525086,EXACT_TEXT_287d71daf2525086,,exact_duplicate_group_id:EXACT_TEXT_287d71daf2525086
52,1,321,7421366340701586181,Negative,EXACT_TEXT_cccbadb4e4161997,EXACT_TEXT_cccbadb4e4161997,,exact_duplicate_group_id:EXACT_TEXT_cccbadb4e4161997
52,1,322,7421446158713684742,Negative,EXACT_TEXT_39cd51dbc7962f7a,EXACT_TEXT_39cd51dbc7962f7a,,exact_duplicate_group_id:EXACT_TEXT_39cd51dbc7962f7a
52,1,324,7421616975119762181,Negative,EXACT_TEXT_7177b033d477230a,EXACT_TEXT_7177b033d477230a,,exact_duplicate_group_id:EXACT_TEXT_7177b033d477230a
52,1,328,7422129577525461765,Negative,EXACT_TEXT_8583c946e3e473e7,EXACT_TEXT_8583c946e3e473e7,,exact_duplicate_group_id:EXACT_TEXT_8583c946e3e473e7
52,1,341,7424452988745876229,Negative,EXACT_TEXT_aed0572811a4cea9,EXACT_TEXT_aed0572811a4cea9,,exact_duplicate_group_id:EXACT_TEXT_aed0572811a4cea9
52,1,342,7424761377402028806,Neutral,EXACT_TEXT_de6f586ad41d26e2,EXACT_TEXT_de6f586ad41d26e2,,exact_duplicate_group_id:EXACT_TEXT_de6f586ad41d26e2
52,1,347,7425309656337498885,Neutral,EXACT_TEXT_ffde4a3e6fb6dde8,EXACT_TEXT_ffde4a3e6fb6dde8,,exact_duplicate_group_id:EXACT_TEXT_ffde4a3e6fb6dde8
52,1,356,7428617808802333458,Neutral,EXACT_TEXT_49b610a7b83069ed,EXACT_TEXT_49b610a7b83069ed,,exact_duplicate_group_id:EXACT_TEXT_49b610a7b83069ed
52,1,361,7429616235484742407,Positive,EXACT_TEXT_7013516d0a84e3ad,EXACT_TEXT_7013516d0a84e3ad,,exact_duplicate_group_id:EXACT_TEXT_7013516d0a84e3ad
52,1,363,7429631175880622866,Neutral,EXACT_TEXT_c01ffdbaf2fb06ce,EXACT_TEXT_c01ffdbaf2fb06ce,,exact_duplicate_group_id:EXACT_TEXT_c01ffdbaf2fb06ce
52,1,381,7434043879738868498,Neutral,EXACT_TEXT_9fb36095f8fb3fb3,EXACT_TEXT_9fb36095f8fb3fb3,,exact_duplicate_group_id:EXACT_TEXT_9fb36095f8fb3fb3
52,1,383,7434721570532557624,Positive,EXACT_TEXT_48e7c36cce82d0da,EXACT_TEXT_48e7c36cce82d0da,,exact_duplicate_group_id:EXACT_TEXT_48e7c36cce82d0da
52,1,399,7454813376210289426,Negative,EXACT_TEXT_54783b0893335a2c,EXACT_TEXT_54783b0893335a2c,,exact_duplicate_group_id:EXACT_TEXT_54783b0893335a2c
52,1,405,7457145601819476744,Positive,EXACT_TEXT_9808110c84498205,EXACT_TEXT_9808110c84498205,,exact_duplicate_group_id:EXACT_TEXT_9808110c84498205
52,1,407,7458235264864649989,Neutral,EXACT_TEXT_b5be502f516f68e9,EXACT_TEXT_b5be502f516f68e9,,exact_duplicate_group_id:EXACT_TEXT_b5be502f516f68e9
52,1,409,7459210143533335302,Neutral,EXACT_TEXT_0bf67c6b65afee6f,EXACT_TEXT_0bf67c6b65afee6f,,exact_duplicate_group_id:EXACT_TEXT_0bf67c6b65afee6f
52,1,413,7461555616361186066,Negative,EXACT_TEXT_461458da45c7dc78,EXACT_TEXT_461458da45c7dc78,,exact_duplicate_group_id:EXACT_TEXT_461458da45c7dc78
52,1,415,7463272302371062545,Negative,EXACT_TEXT_d3385614dba8aade,EXACT_TEXT_d3385614dba8aade,,exact_duplicate_group_id:EXACT_TEXT_d3385614dba8aade
52,1,418,7465180838009209607,Neutral,EXACT_TEXT_3f07635b309b50f9,EXACT_TEXT_3f07635b309b50f9,SIM_CLUSTER_00115,near_duplicate_cluster_id:SIM_CLUSTER_00115
52,1,420,7470516782697775878,Negative,EXACT_TEXT_f64cda53296cd30b,EXACT_TEXT_f64cda53296cd30b,,exact_duplicate_group_id:EXACT_TEXT_f64cda53296cd30b
52,1,426,7475278462405542677,Negative,EXACT_TEXT_406d189bf0ef6501,EXACT_TEXT_406d189bf0ef6501,,exact_duplicate_group_id:EXACT_TEXT_406d189bf0ef6501
52,1,435,7489496515816358657,Positive,EXACT_TEXT_4843c6ac19cc8eb1,EXACT_TEXT_4843c6ac19cc8eb1,,exact_duplicate_group_id:EXACT_TEXT_4843c6ac19cc8eb1
52,1,437,7496302240958628626,Positive,EXACT_TEXT_3d7287fd44137f9a,EXACT_TEXT_3d7287fd44137f9a,,exact_duplicate_group_id:EXACT_TEXT_3d7287fd44137f9a
52,1,439,7499000663357408001,Neutral,EXACT_TEXT_077063d6a4f2070b,EXACT_TEXT_077063d6a4f2070b,,exact_duplicate_group_id:EXACT_TEXT_077063d6a4f2070b
52,1,442,7502680923206189831,Negative,EXACT_TEXT_022da4c2771259fd,EXACT_TEXT_022da4c2771259fd,,exact_duplicate_group_id:EXACT_TEXT_022da4c2771259fd
52,1,448,7520828754064802568,Negative,EXACT_TEXT_29bbb9e4f5b24325,EXACT_TEXT_29bbb9e4f5b24325,,exact_duplicate_group_id:EXACT_TEXT_29bbb9e4f5b24325
52,1,451,7526059026929861383,Neutral,EXACT_TEXT_47e9360ebc8a127a,EXACT_TEXT_47e9360ebc8a127a,,exact_duplicate_group_id:EXACT_TEXT_47e9360ebc8a127a
52,1,453,7529497235211502354,Neutral,EXACT_TEXT_1e15287ba85521d7,EXACT_TEXT_1e15287ba85521d7,,exact_duplicate_group_id:EXACT_TEXT_1e15287ba85521d7
52,1,455,7532129791417795335,Negative,EXACT_TEXT_4cbb51d12aaba418,EXACT_TEXT_4cbb51d12aaba418,,exact_duplicate_group_id:EXACT_TEXT_4cbb51d12aaba418
52,1,460,7542774521083724551,Neutral,EXACT_GROUP_00226,EXACT_GROUP_00226,SIM_CLUSTER_00453,near_duplicate_cluster_id:SIM_CLUSTER_00453
52,1,466,7555913775367471880,Negative,EXACT_TEXT_85f57bc1c0959789,EXACT_TEXT_85f57bc1c0959789,,exact_duplicate_group_id:EXACT_TEXT_85f57bc1c0959789
52,1,467,7559247366689506066,Neutral,EXACT_TEXT_fa58b4dfa7b4dcaf,EXACT_TEXT_fa58b4dfa7b4dcaf,,exact_duplicate_group_id:EXACT_TEXT_fa58b4dfa7b4dcaf
52,1,476,7584404639752258312,Positive,EXACT_TEXT_28453bcd9aa12040,EXACT_TEXT_28453bcd9aa12040,,exact_duplicate_group_id:EXACT_TEXT_28453bcd9aa12040
52,1,478,7586883949931430677,Negative,EXACT_TEXT_56de62dfb18defad,EXACT_TEXT_56de62dfb18defad,,exact_duplicate_group_id:EXACT_TEXT_56de62dfb18defad
52,1,482,7586941362521047825,Neutral,EXACT_TEXT_ba76da6fdc550372,EXACT_TEXT_ba76da6fdc550372,,exact_duplicate_group_id:EXACT_TEXT_ba76da6fdc550372
52,1,483,7586944411960935186,Neutral,EXACT_TEXT_9b0a8d667bffbb64,EXACT_TEXT_9b0a8d667bffbb64,,exact_duplicate_group_id:EXACT_TEXT_9b0a8d667bffbb64
52,1,484,7586945741224428309,Positive,EXACT_TEXT_cdcaf14f103f6f85,EXACT_TEXT_cdcaf14f103f6f85,,exact_duplicate_group_id:EXACT_TEXT_cdcaf14f103f6f85
52,1,486,7586967063266165512,Neutral,EXACT_TEXT_ad4681ae7af9194b,EXACT_TEXT_ad4681ae7af9194b,,exact_duplicate_group_id:EXACT_TEXT_ad4681ae7af9194b
52,1,491,7587018714543080200,Positive,EXACT_TEXT_3b651a60c0e2b274,EXACT_TEXT_3b651a60c0e2b274,,exact_duplicate_group_id:EXACT_TEXT_3b651a60c0e2b274
52,1,508,7596241573664752402,Positive,EXACT_TEXT_24aa0d66648608d9,EXACT_TEXT_24aa0d66648608d9,,exact_duplicate_group_id:EXACT_TEXT_24aa0d66648608d9
52,1,520,7596265723795030791,Negative,EXACT_TEXT_d04db55f99ada4a7,EXACT_TEXT_d04db55f99ada4a7,,exact_duplicate_group_id:EXACT_TEXT_d04db55f99ada4a7
52,1,522,7596306201408652053,Positive,EXACT_TEXT_4bc7896a286627fa,EXACT_TEXT_4bc7896a286627fa,,exact_duplicate_group_id:EXACT_TEXT_4bc7896a286627fa
52,1,525,7596403074463597330,Negative,EXACT_TEXT_9cdbd87a83ec2fb0,EXACT_TEXT_9cdbd87a83ec2fb0,,exact_duplicate_group_id:EXACT_TEXT_9cdbd87a83ec2fb0
52,1,534,7609304634448429844,Neutral,EXACT_TEXT_2d37c22cf5ae08a0,EXACT_TEXT_2d37c22cf5ae08a0,,exact_duplicate_group_id:EXACT_TEXT_2d37c22cf5ae08a0
52,1,538,7622592044998247184,Neutral,EXACT_TEXT_6b94eb7d738e9b6d,EXACT_TEXT_6b94eb7d738e9b6d,,exact_duplicate_group_id:EXACT_TEXT_6b94eb7d738e9b6d
52,1,550,7128078286030406427,Neutral,EXACT_TEXT_3fc04ba30277b112,EXACT_TEXT_3fc04ba30277b112,,exact_duplicate_group_id:EXACT_TEXT_3fc04ba30277b112
52,1,554,7132820620518343451,Neutral,EXACT_TEXT_5575ee60ada973e7,EXACT_TEXT_5575ee60ada973e7,,exact_duplicate_group_id:EXACT_TEXT_5575ee60ada973e7
52,1,560,7146529520320758555,Positive,EXACT_GROUP_00245,EXACT_GROUP_00245,SIM_CLUSTER_00185,near_duplicate_cluster_id:SIM_CLUSTER_00185
52,1,563,7152890364817359642,Positive,EXACT_TEXT_bc7bab95f14659eb,EXACT_TEXT_bc7bab95f14659eb,,exact_duplicate_group_id:EXACT_TEXT_bc7bab95f14659eb
52,1,564,7155674478416102145,Neutral,EXACT_GROUP_00382,EXACT_GROUP_00382,SIM_CLUSTER_00533,near_duplicate_cluster_id:SIM_CLUSTER_00533
52,1,565,7155674697555559169,Neutral,EXACT_GROUP_00382,EXACT_GROUP_00382,SIM_CLUSTER_00533,near_duplicate_cluster_id:SIM_CLUSTER_00533
52,1,570,7170226051518333697,Positive,EXACT_TEXT_5afb63166b73fe60,EXACT_TEXT_5afb63166b73fe60,,exact_duplicate_group_id:EXACT_TEXT_5afb63166b73fe60
52,1,571,7170602805774107394,Positive,EXACT_TEXT_ba5f21148c4ad11e,EXACT_TEXT_ba5f21148c4ad11e,SIM_CLUSTER_00779,near_duplicate_cluster_id:SIM_CLUSTER_00779
52,1,572,7170669584126214914,Positive,EXACT_TEXT_ec56c5f812a6966c,EXACT_TEXT_ec56c5f812a6966c,SIM_CLUSTER_00779,near_duplicate_cluster_id:SIM_CLUSTER_00779
52,1,582,7185791161751421723,Positive,EXACT_TEXT_9ef8d27b5c1f5bb1,EXACT_TEXT_9ef8d27b5c1f5bb1,SIM_CLUSTER_00789,near_duplicate_cluster_id:SIM_CLUSTER_00789
52,1,583,7186112265400943386,Neutral,EXACT_TEXT_84688c7f537280e0,EXACT_TEXT_84688c7f537280e0,,exact_duplicate_group_id:EXACT_TEXT_84688c7f537280e0
52,1,603,7205973661311042330,Neutral,EXACT_TEXT_68c9648287c77e76,EXACT_TEXT_68c9648287c77e76,,exact_duplicate_group_id:EXACT_TEXT_68c9648287c77e76
52,1,605,7206513872437707547,Positive,EXACT_TEXT_ae09adb486576150,EXACT_TEXT_ae09adb486576150,,exact_duplicate_group_id:EXACT_TEXT_ae09adb486576150
52,1,609,7207765782809477915,Neutral,EXACT_TEXT_b18d3439b7cbce91,EXACT_TEXT_b18d3439b7cbce91,,exact_duplicate_group_id:EXACT_TEXT_b18d3439b7cbce91
52,1,612,7208472373073838875,Positive,EXACT_TEXT_ea6d074542bb24fa,EXACT_TEXT_ea6d074542bb24fa,,exact_duplicate_group_id:EXACT_TEXT_ea6d074542bb24fa
52,1,615,7209828726221456154,Neutral,EXACT_TEXT_b9023b46b190696c,EXACT_TEXT_b9023b46b190696c,,exact_duplicate_group_id:EXACT_TEXT_b9023b46b190696c
52,1,618,7210221896372306715,Positive,EXACT_TEXT_a78c01244e4759de,EXACT_TEXT_a78c01244e4759de,,exact_duplicate_group_id:EXACT_TEXT_a78c01244e4759de
52,1,621,7210738164925891334,Neutral,EXACT_TEXT_1e17a1e9be9deb8d,EXACT_TEXT_1e17a1e9be9deb8d,,exact_duplicate_group_id:EXACT_TEXT_1e17a1e9be9deb8d
52,1,630,7216428470203876122,Neutral,EXACT_GROUP_00542,EXACT_GROUP_00542,SIM_CLUSTER_00823,near_duplicate_cluster_id:SIM_CLUSTER_00823
52,1,631,7216855781706154778,Negative,EXACT_TEXT_1d0c224e79bf226e,EXACT_TEXT_1d0c224e79bf226e,,exact_duplicate_group_id:EXACT_TEXT_1d0c224e79bf226e
52,1,646,7224806121546089222,Neutral,EXACT_TEXT_ee8a127de12cfb5b,EXACT_TEXT_ee8a127de12cfb5b,,exact_duplicate_group_id:EXACT_TEXT_ee8a127de12cfb5b
52,1,648,7225082070598632219,Neutral,EXACT_TEXT_59fbe272cbd80b58,EXACT_TEXT_59fbe272cbd80b58,,exact_duplicate_group_id:EXACT_TEXT_59fbe272cbd80b58
52,1,657,7225918882271609627,Neutral,EXACT_TEXT_90a3d3a23dd67b0a,EXACT_TEXT_90a3d3a23dd67b0a,,exact_duplicate_group_id:EXACT_TEXT_90a3d3a23dd67b0a
52,1,660,7225984167455671066,Negative,EXACT_TEXT_1aaaf8bb56a40602,EXACT_TEXT_1aaaf8bb56a40602,,exact_duplicate_group_id:EXACT_TEXT_1aaaf8bb56a40602
52,1,675,7226988524318327579,Neutral,EXACT_TEXT_4703623eee34ee5c,EXACT_TEXT_4703623eee34ee5c,SIM_CLUSTER_00850,near_duplicate_cluster_id:SIM_CLUSTER_00850
52,1,681,7227869254963086107,Neutral,EXACT_TEXT_d1c63bf57327b23e,EXACT_TEXT_d1c63bf57327b23e,SIM_CLUSTER_00411,near_duplicate_cluster_id:SIM_CLUSTER_00411
52,1,686,7231508780238865179,Positive,EXACT_TEXT_5d609c9129f2acee,EXACT_TEXT_5d609c9129f2acee,,exact_duplicate_group_id:EXACT_TEXT_5d609c9129f2acee
52,1,689,7233013889926218523,Positive,EXACT_TEXT_14649c2ad0a01f07,EXACT_TEXT_14649c2ad0a01f07,,exact_duplicate_group_id:EXACT_TEXT_14649c2ad0a01f07
52,1,690,7233730400786236165,Positive,EXACT_TEXT_1075dca66fd39210,EXACT_TEXT_1075dca66fd39210,,exact_duplicate_group_id:EXACT_TEXT_1075dca66fd39210
52,1,694,7234861092190618374,Positive,EXACT_TEXT_1020a62b2d1b20d0,EXACT_TEXT_1020a62b2d1b20d0,,exact_duplicate_group_id:EXACT_TEXT_1020a62b2d1b20d0
52,1,695,7237700793036997381,Positive,EXACT_TEXT_c354b745f3aba55b,EXACT_TEXT_c354b745f3aba55b,,exact_duplicate_group_id:EXACT_TEXT_c354b745f3aba55b
52,1,701,7238802559727633158,Neutral,EXACT_TEXT_9e059f3ce28093fa,EXACT_TEXT_9e059f3ce28093fa,SIM_CLUSTER_00563,near_duplicate_cluster_id:SIM_CLUSTER_00563
52,1,702,7238803005008741125,Neutral,EXACT_TEXT_8e632ff71dcab31a,EXACT_TEXT_8e632ff71dcab31a,,exact_duplicate_group_id:EXACT_TEXT_8e632ff71dcab31a
52,1,722,7260872166195004165,Neutral,EXACT_TEXT_4a844dc55095ab0a,EXACT_TEXT_4a844dc55095ab0a,,exact_duplicate_group_id:EXACT_TEXT_4a844dc55095ab0a
52,1,724,7264944071935935238,Neutral,EXACT_TEXT_462869a66d8724cb,EXACT_TEXT_462869a66d8724cb,,exact_duplicate_group_id:EXACT_TEXT_462869a66d8724cb
52,1,729,7270353357990527762,Positive,EXACT_TEXT_66d161a79aa3d676,EXACT_TEXT_66d161a79aa3d676,,exact_duplicate_group_id:EXACT_TEXT_66d161a79aa3d676
52,1,741,7285693567275172614,Positive,EXACT_GROUP_00245,EXACT_GROUP_00245,SIM_CLUSTER_00185,near_duplicate_cluster_id:SIM_CLUSTER_00185
52,1,743,7285864269328188166,Positive,EXACT_GROUP_00245,EXACT_GROUP_00245,SIM_CLUSTER_00185,near_duplicate_cluster_id:SIM_CLUSTER_00185
52,1,744,7286412305986241286,Positive,EXACT_GROUP_00245,EXACT_GROUP_00245,SIM_CLUSTER_00185,near_duplicate_cluster_id:SIM_CLUSTER_00185
52,1,748,7287151610533774086,Positive,EXACT_TEXT_4316b5190481aba5,EXACT_TEXT_4316b5190481aba5,,exact_duplicate_group_id:EXACT_TEXT_4316b5190481aba5
52,1,761,7293585641940763397,Neutral,EXACT_TEXT_fd86a1a908bac908,EXACT_TEXT_fd86a1a908bac908,,exact_duplicate_group_id:EXACT_TEXT_fd86a1a908bac908
52,1,762,7296742075201929990,Neutral,EXACT_TEXT_7e44a28f5a41352b,EXACT_TEXT_7e44a28f5a41352b,,exact_duplicate_group_id:EXACT_TEXT_7e44a28f5a41352b
52,1,764,7297123146443834118,Neutral,EXACT_TEXT_fe1df179efa6f209,EXACT_TEXT_fe1df179efa6f209,,exact_duplicate_group_id:EXACT_TEXT_fe1df179efa6f209
52,1,768,7306379052428231429,Neutral,EXACT_TEXT_9642c1fa0d01fb3c,EXACT_TEXT_9642c1fa0d01fb3c,,exact_duplicate_group_id:EXACT_TEXT_9642c1fa0d01fb3c
52,1,770,7307553748199801606,Neutral,EXACT_TEXT_c12afcedbde3f2f1,EXACT_TEXT_c12afcedbde3f2f1,,exact_duplicate_group_id:EXACT_TEXT_c12afcedbde3f2f1
52,1,772,7308170718339515141,Neutral,EXACT_TEXT_07a4e3351ed98904,EXACT_TEXT_07a4e3351ed98904,,exact_duplicate_group_id:EXACT_TEXT_07a4e3351ed98904
52,1,779,7312040556920701701,Positive,EXACT_TEXT_d93e92ec8beaad1a,EXACT_TEXT_d93e92ec8beaad1a,,exact_duplicate_group_id:EXACT_TEXT_d93e92ec8beaad1a
52,1,786,7312442971810808581,Positive,EXACT_TEXT_c1ea0f3074e55567,EXACT_TEXT_c1ea0f3074e55567,,exact_duplicate_group_id:EXACT_TEXT_c1ea0f3074e55567
52,1,793,7313904172767920902,Positive,EXACT_TEXT_340ac6ad4cf06c40,EXACT_TEXT_340ac6ad4cf06c40,,exact_duplicate_group_id:EXACT_TEXT_340ac6ad4cf06c40
52,1,808,7317222394887275269,Neutral,EXACT_TEXT_49fd30a6bf4ec86a,EXACT_TEXT_49fd30a6bf4ec86a,,exact_duplicate_group_id:EXACT_TEXT_49fd30a6bf4ec86a
52,1,809,7317281426381390597,Positive,EXACT_TEXT_a34d2ebb2b2e2625,EXACT_TEXT_a34d2ebb2b2e2625,,exact_duplicate_group_id:EXACT_TEXT_a34d2ebb2b2e2625
52,1,814,7318356644894393093,Neutral,EXACT_TEXT_5c4c9952c7aa5fcb,EXACT_TEXT_5c4c9952c7aa5fcb,,exact_duplicate_group_id:EXACT_TEXT_5c4c9952c7aa5fcb
52,1,815,7318401029631148805,Neutral,EXACT_TEXT_45e724639e092b48,EXACT_TEXT_45e724639e092b48,,exact_duplicate_group_id:EXACT_TEXT_45e724639e092b48
52,1,824,7320571211875091205,Neutral,EXACT_TEXT_4b8164229f5b5dc1,EXACT_TEXT_4b8164229f5b5dc1,,exact_duplicate_group_id:EXACT_TEXT_4b8164229f5b5dc1
52,1,826,7320804847677326086,Neutral,EXACT_TEXT_7708a84eeb9fcf42,EXACT_TEXT_7708a84eeb9fcf42,,exact_duplicate_group_id:EXACT_TEXT_7708a84eeb9fcf42
52,1,827,7320868605225812741,Negative,EXACT_TEXT_b0dc134014827136,EXACT_TEXT_b0dc134014827136,,exact_duplicate_group_id:EXACT_TEXT_b0dc134014827136
52,1,847,7329501900683559685,Negative,EXACT_TEXT_a9a1ed35ce437635,EXACT_TEXT_a9a1ed35ce437635,,exact_duplicate_group_id:EXACT_TEXT_a9a1ed35ce437635
52,1,851,7331329813112685318,Neutral,EXACT_GROUP_00169,EXACT_GROUP_00169,SIM_CLUSTER_00114,near_duplicate_cluster_id:SIM_CLUSTER_00114
52,1,859,7334319639118398213,Positive,EXACT_TEXT_06ae08e6db9ea2d1,EXACT_TEXT_06ae08e6db9ea2d1,,exact_duplicate_group_id:EXACT_TEXT_06ae08e6db9ea2d1
52,1,863,7336830796828197638,Neutral,EXACT_TEXT_12ea3fed478b0b9b,EXACT_TEXT_12ea3fed478b0b9b,,exact_duplicate_group_id:EXACT_TEXT_12ea3fed478b0b9b
52,1,865,7337295339303109382,Neutral,EXACT_TEXT_695bea32be68d167,EXACT_TEXT_695bea32be68d167,,exact_duplicate_group_id:EXACT_TEXT_695bea32be68d167
52,1,866,7338548626556502789,Neutral,EXACT_TEXT_af7b3598bb9b8049,EXACT_TEXT_af7b3598bb9b8049,,exact_duplicate_group_id:EXACT_TEXT_af7b3598bb9b8049
52,1,870,7340962018168341254,Positive,EXACT_TEXT_a25d1c81d7e7f69d,EXACT_TEXT_a25d1c81d7e7f69d,,exact_duplicate_group_id:EXACT_TEXT_a25d1c81d7e7f69d
52,1,874,7341040503327195909,Positive,EXACT_TEXT_d09143b757bd6e22,EXACT_TEXT_d09143b757bd6e22,,exact_duplicate_group_id:EXACT_TEXT_d09143b757bd6e22
52,1,910,7357883462663422726,Neutral,EXACT_TEXT_3184dfac18559d92,EXACT_TEXT_3184dfac18559d92,,exact_duplicate_group_id:EXACT_TEXT_3184dfac18559d92
52,1,912,7357910638214480645,Neutral,EXACT_GROUP_00169,EXACT_GROUP_00169,SIM_CLUSTER_00114,near_duplicate_cluster_id:SIM_CLUSTER_00114
52,1,928,7358110154917135110,Positive,EXACT_TEXT_4cab7b9e45869543,EXACT_TEXT_4cab7b9e45869543,,exact_duplicate_group_id:EXACT_TEXT_4cab7b9e45869543
52,1,931,7358251170152465158,Neutral,EXACT_TEXT_29f92a91fc903142,EXACT_TEXT_29f92a91fc903142,SIM_CLUSTER_00114,near_duplicate_cluster_id:SIM_CLUSTER_00114
52,1,933,7358412182881501958,Neutral,EXACT_TEXT_1d86c1511439b063,EXACT_TEXT_1d86c1511439b063,,exact_duplicate_group_id:EXACT_TEXT_1d86c1511439b063
52,1,934,7358603341309444870,Negative,EXACT_TEXT_4a6a352496127114,EXACT_TEXT_4a6a352496127114,,exact_duplicate_group_id:EXACT_TEXT_4a6a352496127114
52,1,938,7359122353735828230,Neutral,EXACT_TEXT_6348c29041c3209b,EXACT_TEXT_6348c29041c3209b,,exact_duplicate_group_id:EXACT_TEXT_6348c29041c3209b
52,1,944,7359730540700549893,Neutral,EXACT_GROUP_00168,EXACT_GROUP_00168,SIM_CLUSTER_00114,near_duplicate_cluster_id:SIM_CLUSTER_00114
52,1,951,7359973272811684614,Neutral,EXACT_TEXT_28cfbe9b0509e5c5,EXACT_TEXT_28cfbe9b0509e5c5,,exact_duplicate_group_id:EXACT_TEXT_28cfbe9b0509e5c5
52,1,955,7360602176102056709,Neutral,EXACT_TEXT_19465ce3c57627f1,EXACT_TEXT_19465ce3c57627f1,,exact_duplicate_group_id:EXACT_TEXT_19465ce3c57627f1
52,1,965,7363694925776421637,Positive,EXACT_TEXT_612223f39fc373de,EXACT_TEXT_612223f39fc373de,,exact_duplicate_group_id:EXACT_TEXT_612223f39fc373de
52,1,969,7364020184250778373,Neutral,EXACT_TEXT_e453b7d947e8a4e3,EXACT_TEXT_e453b7d947e8a4e3,,exact_duplicate_group_id:EXACT_TEXT_e453b7d947e8a4e3
52,1,972,7364718235387183877,Negative,EXACT_TEXT_26c593987153f958,EXACT_TEXT_26c593987153f958,,exact_duplicate_group_id:EXACT_TEXT_26c593987153f958
52,1,973,7365068225162478341,Neutral,EXACT_TEXT_5a684c8b9ea959ae,EXACT_TEXT_5a684c8b9ea959ae,,exact_duplicate_group_id:EXACT_TEXT_5a684c8b9ea959ae
52,1,977,7366500948577780485,Negative,EXACT_TEXT_97d17a8ffe7ffa8a,EXACT_TEXT_97d17a8ffe7ffa8a,,exact_duplicate_group_id:EXACT_TEXT_97d17a8ffe7ffa8a
52,1,985,7368108236832834309,Positive,EXACT_TEXT_d6f0007c570a80f6,EXACT_TEXT_d6f0007c570a80f6,SIM_CLUSTER_00803,near_duplicate_cluster_id:SIM_CLUSTER_00803
52,1,987,7368663875938517766,Neutral,EXACT_TEXT_19a77135bc5af7d0,EXACT_TEXT_19a77135bc5af7d0,,exact_duplicate_group_id:EXACT_TEXT_19a77135bc5af7d0
52,1,989,7369219597172491014,Neutral,EXACT_TEXT_57a6d183bb3ca241,EXACT_TEXT_57a6d183bb3ca241,,exact_duplicate_group_id:EXACT_TEXT_57a6d183bb3ca241
52,1,997,7374281421546291974,Positive,EXACT_TEXT_8747278155957f48,EXACT_TEXT_8747278155957f48,SIM_CLUSTER_00388,near_duplicate_cluster_id:SIM_CLUSTER_00388
52,1,998,7374783179558109958,Neutral,EXACT_TEXT_1875230b58d69adc,EXACT_TEXT_1875230b58d69adc,,exact_duplicate_group_id:EXACT_TEXT_1875230b58d69adc
52,1,1002,7377628480567526149,Positive,EXACT_GROUP_00245,EXACT_GROUP_00245,SIM_CLUSTER_00185,near_duplicate_cluster_id:SIM_CLUSTER_00185
52,1,1013,7380260986512687877,Negative,EXACT_TEXT_4acfade8820add90,EXACT_TEXT_4acfade8820add90,,exact_duplicate_group_id:EXACT_TEXT_4acfade8820add90
52,1,1015,7380625107615941381,Neutral,EXACT_TEXT_df2ec7388a5ad274,EXACT_TEXT_df2ec7388a5ad274,,exact_duplicate_group_id:EXACT_TEXT_df2ec7388a5ad274
52,1,1021,7383224058697286405,Neutral,EXACT_TEXT_4da14f18a5e7eb45,EXACT_TEXT_4da14f18a5e7eb45,SIM_CLUSTER_00114,near_duplicate_cluster_id:SIM_CLUSTER_00114
52,1,1028,7384794216947303174,Neutral,EXACT_TEXT_23bd0767a5a5b268,EXACT_TEXT_23bd0767a5a5b268,,exact_duplicate_group_id:EXACT_TEXT_23bd0767a5a5b268
52,1,1035,7387285033772925701,Neutral,EXACT_TEXT_21c83e1de784a332,EXACT_TEXT_21c83e1de784a332,,exact_duplicate_group_id:EXACT_TEXT_21c83e1de784a332
52,1,1036,7388016853135770374,Neutral,EXACT_GROUP_00168,EXACT_GROUP_00168,SIM_CLUSTER_00114,near_duplicate_cluster_id:SIM_CLUSTER_00114
52,1,1038,7388439943142146821,Neutral,EXACT_TEXT_9bc088daa3459696,EXACT_TEXT_9bc088daa3459696,,exact_duplicate_group_id:EXACT_TEXT_9bc088daa3459696
52,1,1040,7388502226690753286,Neutral,EXACT_TEXT_eeac8ee78a966a30,EXACT_TEXT_eeac8ee78a966a30,SIM_CLUSTER_00121,near_duplicate_cluster_id:SIM_CLUSTER_00121
52,1,1047,7388681610457268997,Neutral,EXACT_TEXT_c69a32f0653dd465,EXACT_TEXT_c69a32f0653dd465,SIM_CLUSTER_00121,near_duplicate_cluster_id:SIM_CLUSTER_00121
52,1,1050,7388775316094747397,Neutral,EXACT_TEXT_bb98f0679d460a02,EXACT_TEXT_bb98f0679d460a02,,exact_duplicate_group_id:EXACT_TEXT_bb98f0679d460a02
52,1,1051,7388835109359649542,Neutral,EXACT_GROUP_00168,EXACT_GROUP_00168,SIM_CLUSTER_00114,near_duplicate_cluster_id:SIM_CLUSTER_00114
52,1,1052,7388894649916965637,Neutral,EXACT_GROUP_00168,EXACT_GROUP_00168,SIM_CLUSTER_00114,near_duplicate_cluster_id:SIM_CLUSTER_00114
52,1,1053,7389655476613612294,Positive,EXACT_GROUP_00245,EXACT_GROUP_00245,SIM_CLUSTER_00185,near_duplicate_cluster_id:SIM_CLUSTER_00185
52,1,1057,7389853122787083013,Neutral,EXACT_TEXT_c15bdc88a15c20b8,EXACT_TEXT_c15bdc88a15c20b8,,exact_duplicate_group_id:EXACT_TEXT_c15bdc88a15c20b8
52,1,1058,7389853196140806918,Neutral,EXACT_TEXT_cc7741f338137ef6,EXACT_TEXT_cc7741f338137ef6,,exact_duplicate_group_id:EXACT_TEXT_cc7741f338137ef6
52,1,1068,7397357367937680133,Neutral,EXACT_TEXT_8425591d3341dd51,EXACT_TEXT_8425591d3341dd51,,exact_duplicate_group_id:EXACT_TEXT_8425591d3341dd51
52,1,1069,7397643140100276997,Positive,EXACT_TEXT_2cbcaddf3272a1f1,EXACT_TEXT_2cbcaddf3272a1f1,,exact_duplicate_group_id:EXACT_TEXT_2cbcaddf3272a1f1
52,1,1070,7397740489188033285,Neutral,EXACT_TEXT_9df7834b1f64bec3,EXACT_TEXT_9df7834b1f64bec3,,exact_duplicate_group_id:EXACT_TEXT_9df7834b1f64bec3
52,1,1071,7397854832264168198,Neutral,EXACT_TEXT_010104a7e4956ab4,EXACT_TEXT_010104a7e4956ab4,,exact_duplicate_group_id:EXACT_TEXT_010104a7e4956ab4
52,1,1075,7398161515377361670,Neutral,EXACT_TEXT_a6e549a71146c71e,EXACT_TEXT_a6e549a71146c71e,,exact_duplicate_group_id:EXACT_TEXT_a6e549a71146c71e
52,1,1089,7400422046398087941,Positive,EXACT_TEXT_ff00295eb36493ea,EXACT_TEXT_ff00295eb36493ea,SIM_CLUSTER_00388,near_duplicate_cluster_id:SIM_CLUSTER_00388
52,1,1092,7403938358961652485,Negative,EXACT_TEXT_01f5798cc8dc4027,EXACT_TEXT_01f5798cc8dc4027,,exact_duplicate_group_id:EXACT_TEXT_01f5798cc8dc4027
52,1,1093,7404028959853724422,Positive,EXACT_TEXT_5e05589090fd42e2,EXACT_TEXT_5e05589090fd42e2,SIM_CLUSTER_01046,near_duplicate_cluster_id:SIM_CLUSTER_01046
52,1,1094,7404283336775287557,Neutral,EXACT_GROUP_00168,EXACT_GROUP_00168,SIM_CLUSTER_00114,near_duplicate_cluster_id:SIM_CLUSTER_00114
52,1,1100,7406346242949956358,Negative,EXACT_TEXT_22f2619e1e4047c3,EXACT_TEXT_22f2619e1e4047c3,,exact_duplicate_group_id:EXACT_TEXT_22f2619e1e4047c3
52,1,1103,7407755099138966278,Neutral,EXACT_TEXT_2cd67ef6c6aa7b29,EXACT_TEXT_2cd67ef6c6aa7b29,,exact_duplicate_group_id:EXACT_TEXT_2cd67ef6c6aa7b29
52,1,1115,7419214368988971781,Negative,EXACT_TEXT_73417a0aa75818d2,EXACT_TEXT_73417a0aa75818d2,,exact_duplicate_group_id:EXACT_TEXT_73417a0aa75818d2
52,1,1121,7420291878745096965,Neutral,EXACT_TEXT_0a63cbad619d21c6,EXACT_TEXT_0a63cbad619d21c6,,exact_duplicate_group_id:EXACT_TEXT_0a63cbad619d21c6
52,1,1122,7420293969903829766,Neutral,EXACT_TEXT_efb7459bcfc4932c,EXACT_TEXT_efb7459bcfc4932c,,exact_duplicate_group_id:EXACT_TEXT_efb7459bcfc4932c
52,1,1135,7421195417847137030,Negative,EXACT_TEXT_e79ee2a731694fd9,EXACT_TEXT_e79ee2a731694fd9,,exact_duplicate_group_id:EXACT_TEXT_e79ee2a731694fd9
52,1,1141,7421246807592502021,Negative,EXACT_TEXT_b715c1612a5c3268,EXACT_TEXT_b715c1612a5c3268,,exact_duplicate_group_id:EXACT_TEXT_b715c1612a5c3268
52,1,1142,7421260273463476997,Negative,EXACT_TEXT_840803b727457912,EXACT_TEXT_840803b727457912,,exact_duplicate_group_id:EXACT_TEXT_840803b727457912
52,1,1146,7421301644103828230,Negative,EXACT_TEXT_e5e91ab2165fb915,EXACT_TEXT_e5e91ab2165fb915,,exact_duplicate_group_id:EXACT_TEXT_e5e91ab2165fb915
52,1,1150,7421313619831767813,Negative,EXACT_TEXT_e93c48a7ee447fba,EXACT_TEXT_e93c48a7ee447fba,,exact_duplicate_group_id:EXACT_TEXT_e93c48a7ee447fba
52,1,1151,7421316312331649797,Negative,EXACT_TEXT_50ae318e802fdf8a,EXACT_TEXT_50ae318e802fdf8a,,exact_duplicate_group_id:EXACT_TEXT_50ae318e802fdf8a
52,1,1156,7421333099373871877,Negative,EXACT_TEXT_aa9ea38c0174e2d2,EXACT_TEXT_aa9ea38c0174e2d2,,exact_duplicate_group_id:EXACT_TEXT_aa9ea38c0174e2d2
52,1,1165,7421363496002667270,Negative,EXACT_TEXT_0c215a3011057586,EXACT_TEXT_0c215a3011057586,,exact_duplicate_group_id:EXACT_TEXT_0c215a3011057586
52,1,1166,7421364367646900998,Negative,EXACT_TEXT_7a2f019cfcd299e9,EXACT_TEXT_7a2f019cfcd299e9,,exact_duplicate_group_id:EXACT_TEXT_7a2f019cfcd299e9
52,1,1177,7421420318052811525,Negative,EXACT_TEXT_c84eb20389cca8ef,EXACT_TEXT_c84eb20389cca8ef,,exact_duplicate_group_id:EXACT_TEXT_c84eb20389cca8ef
52,1,1181,7421425875218187014,Negative,EXACT_TEXT_386765af9dbb68c7,EXACT_TEXT_386765af9dbb68c7,,exact_duplicate_group_id:EXACT_TEXT_386765af9dbb68c7
52,1,1184,7421502561243185926,Negative,EXACT_TEXT_07f6f76459744a01,EXACT_TEXT_07f6f76459744a01,,exact_duplicate_group_id:EXACT_TEXT_07f6f76459744a01
52,1,1188,7421539367623099141,Positive,EXACT_TEXT_6f441b14fc996b3e,EXACT_TEXT_6f441b14fc996b3e,,exact_duplicate_group_id:EXACT_TEXT_6f441b14fc996b3e
52,1,1196,7421658496103908113,Negative,EXACT_TEXT_8b1b8b982cb49a28,EXACT_TEXT_8b1b8b982cb49a28,,exact_duplicate_group_id:EXACT_TEXT_8b1b8b982cb49a28
52,1,1197,7421661538622194437,Negative,EXACT_TEXT_d2e092eee5814ba1,EXACT_TEXT_d2e092eee5814ba1,,exact_duplicate_group_id:EXACT_TEXT_d2e092eee5814ba1
52,1,1202,7421698081223541510,Negative,EXACT_TEXT_f11e0ad5dac50b7c,EXACT_TEXT_f11e0ad5dac50b7c,,exact_duplicate_group_id:EXACT_TEXT_f11e0ad5dac50b7c
52,1,1206,7421712705876509445,Positive,EXACT_TEXT_f9553f7f3f6b309c,EXACT_TEXT_f9553f7f3f6b309c,,exact_duplicate_group_id:EXACT_TEXT_f9553f7f3f6b309c
52,1,1212,7421765889152893702,Negative,EXACT_TEXT_5ec5cc0b97b60a10,EXACT_TEXT_5ec5cc0b97b60a10,,exact_duplicate_group_id:EXACT_TEXT_5ec5cc0b97b60a10
52,1,1213,7421775302433358597,Negative,EXACT_TEXT_eb75771f2a52663d,EXACT_TEXT_eb75771f2a52663d,,exact_duplicate_group_id:EXACT_TEXT_eb75771f2a52663d
52,1,1223,7422077856492520197,Positive,EXACT_TEXT_5b8feaf45aa7210b,EXACT_TEXT_5b8feaf45aa7210b,,exact_duplicate_group_id:EXACT_TEXT_5b8feaf45aa7210b
52,1,1233,7422147163000505096,Negative,EXACT_TEXT_7a6e25c424977b89,EXACT_TEXT_7a6e25c424977b89,,exact_duplicate_group_id:EXACT_TEXT_7a6e25c424977b89
52,1,1235,7422172664515314438,Negative,EXACT_TEXT_e5ce480eb3b086f2,EXACT_TEXT_e5ce480eb3b086f2,,exact_duplicate_group_id:EXACT_TEXT_e5ce480eb3b086f2
52,1,1237,7422186388954055430,Negative,EXACT_TEXT_975e112e64696f25,EXACT_TEXT_975e112e64696f25,,exact_duplicate_group_id:EXACT_TEXT_975e112e64696f25
52,1,1244,7422228171217289990,Negative,EXACT_TEXT_03920b7415e5c780,EXACT_TEXT_03920b7415e5c780,,exact_duplicate_group_id:EXACT_TEXT_03920b7415e5c780
52,1,1252,7422401771090592517,Positive,EXACT_TEXT_3e4b76deeb9ac9c1,EXACT_TEXT_3e4b76deeb9ac9c1,,exact_duplicate_group_id:EXACT_TEXT_3e4b76deeb9ac9c1
52,1,1255,7422480253837148935,Negative,EXACT_TEXT_8aae100423429899,EXACT_TEXT_8aae100423429899,,exact_duplicate_group_id:EXACT_TEXT_8aae100423429899
52,1,1263,7422541667024143110,Negative,EXACT_TEXT_9846c3e4a6b6c7bb,EXACT_TEXT_9846c3e4a6b6c7bb,,exact_duplicate_group_id:EXACT_TEXT_9846c3e4a6b6c7bb
52,1,1266,7422561216847725318,Negative,EXACT_TEXT_766ff174564ffaf0,EXACT_TEXT_766ff174564ffaf0,,exact_duplicate_group_id:EXACT_TEXT_766ff174564ffaf0
52,1,1270,7422635769538036486,Negative,EXACT_TEXT_b870bbd8f1232264,EXACT_TEXT_b870bbd8f1232264,,exact_duplicate_group_id:EXACT_TEXT_b870bbd8f1232264
52,1,1272,7422643378486264582,Negative,EXACT_TEXT_33a8d21d7380b1fb,EXACT_TEXT_33a8d21d7380b1fb,,exact_duplicate_group_id:EXACT_TEXT_33a8d21d7380b1fb
52,1,1281,7422694909196452614,Positive,EXACT_TEXT_b830d9f3ea446335,EXACT_TEXT_b830d9f3ea446335,,exact_duplicate_group_id:EXACT_TEXT_b830d9f3ea446335
52,1,1284,7422701389368148741,Negative,EXACT_TEXT_115f2d0320c84bb3,EXACT_TEXT_115f2d0320c84bb3,,exact_duplicate_group_id:EXACT_TEXT_115f2d0320c84bb3
52,1,1286,7422748190922179333,Negative,EXACT_TEXT_de5f2841b80c79e4,EXACT_TEXT_de5f2841b80c79e4,,exact_duplicate_group_id:EXACT_TEXT_de5f2841b80c79e4
52,1,1288,7422816955675165446,Negative,EXACT_TEXT_bb2b36732882785c,EXACT_TEXT_bb2b36732882785c,,exact_duplicate_group_id:EXACT_TEXT_bb2b36732882785c
52,1,1294,7422934533030953734,Positive,EXACT_TEXT_1ab662d95cd2e50e,EXACT_TEXT_1ab662d95cd2e50e,,exact_duplicate_group_id:EXACT_TEXT_1ab662d95cd2e50e
52,1,1299,7422987484332851974,Negative,EXACT_TEXT_7acb2923553569e7,EXACT_TEXT_7acb2923553569e7,,exact_duplicate_group_id:EXACT_TEXT_7acb2923553569e7
52,1,1303,7423897799690027781,Neutral,EXACT_TEXT_013938fc6f5264a6,EXACT_TEXT_013938fc6f5264a6,,exact_duplicate_group_id:EXACT_TEXT_013938fc6f5264a6
52,1,1305,7424364544149455621,Neutral,EXACT_TEXT_fe459c33cf74288c,EXACT_TEXT_fe459c33cf74288c,,exact_duplicate_group_id:EXACT_TEXT_fe459c33cf74288c
52,1,1308,7424492932483613458,Negative,EXACT_TEXT_b2b9e199ede62f35,EXACT_TEXT_b2b9e199ede62f35,,exact_duplicate_group_id:EXACT_TEXT_b2b9e199ede62f35
52,1,1313,7424914365549429509,Negative,EXACT_TEXT_1e3ae16c56345b61,EXACT_TEXT_1e3ae16c56345b61,,exact_duplicate_group_id:EXACT_TEXT_1e3ae16c56345b61
52,1,1315,7425427829251080966,Neutral,EXACT_TEXT_a98d3296d8f9bce1,EXACT_TEXT_a98d3296d8f9bce1,,exact_duplicate_group_id:EXACT_TEXT_a98d3296d8f9bce1
52,1,1317,7425478810374341381,Positive,EXACT_TEXT_122cd048ea08ac46,EXACT_TEXT_122cd048ea08ac46,,exact_duplicate_group_id:EXACT_TEXT_122cd048ea08ac46
52,1,1326,7426730979378692869,Neutral,EXACT_TEXT_44213e4113669ad1,EXACT_TEXT_44213e4113669ad1,,exact_duplicate_group_id:EXACT_TEXT_44213e4113669ad1
52,1,1331,7428126212474798866,Neutral,EXACT_TEXT_1d6dfdac85c2e5a5,EXACT_TEXT_1d6dfdac85c2e5a5,,exact_duplicate_group_id:EXACT_TEXT_1d6dfdac85c2e5a5
52,1,1332,7428437621444788997,Positive,EXACT_TEXT_b1beeb96c4606d9b,EXACT_TEXT_b1beeb96c4606d9b,,exact_duplicate_group_id:EXACT_TEXT_b1beeb96c4606d9b
52,1,1334,7428438971061977864,Neutral,EXACT_TEXT_50a225065fcda1d7,EXACT_TEXT_50a225065fcda1d7,,exact_duplicate_group_id:EXACT_TEXT_50a225065fcda1d7
52,1,1339,7428454233544950534,Neutral,EXACT_TEXT_427142843cd36804,EXACT_TEXT_427142843cd36804,SIM_CLUSTER_01169,near_duplicate_cluster_id:SIM_CLUSTER_01169
52,1,1342,7428460130213167879,Neutral,EXACT_TEXT_55559d9eb9a5ef51,EXACT_TEXT_55559d9eb9a5ef51,,exact_duplicate_group_id:EXACT_TEXT_55559d9eb9a5ef51
52,1,1353,7428508154876723973,Neutral,EXACT_TEXT_b1bc54c08fbe5197,EXACT_TEXT_b1bc54c08fbe5197,,exact_duplicate_group_id:EXACT_TEXT_b1bc54c08fbe5197
52,1,1355,7428528386224046853,Positive,EXACT_TEXT_c29894b6ec216c16,EXACT_TEXT_c29894b6ec216c16,,exact_duplicate_group_id:EXACT_TEXT_c29894b6ec216c16
52,1,1357,7428537918694195969,Positive,EXACT_TEXT_675f4b38158e00ce,EXACT_TEXT_675f4b38158e00ce,,exact_duplicate_group_id:EXACT_TEXT_675f4b38158e00ce
52,1,1360,7428546288370107141,Positive,EXACT_TEXT_be0998c908c65714,EXACT_TEXT_be0998c908c65714,SIM_CLUSTER_00258,near_duplicate_cluster_id:SIM_CLUSTER_00258
52,1,1361,7428546502827885330,Positive,EXACT_TEXT_56d4dfc2588b786e,EXACT_TEXT_56d4dfc2588b786e,,exact_duplicate_group_id:EXACT_TEXT_56d4dfc2588b786e
52,1,1370,7428597946209338117,Negative,EXACT_TEXT_98ff63fa47369ecd,EXACT_TEXT_98ff63fa47369ecd,,exact_duplicate_group_id:EXACT_TEXT_98ff63fa47369ecd
52,1,1371,7428601006077231878,Neutral,EXACT_TEXT_9fd3344f2f7e94b8,EXACT_TEXT_9fd3344f2f7e94b8,SIM_CLUSTER_01272,near_duplicate_cluster_id:SIM_CLUSTER_01272
52,1,1376,7428625887799886597,Neutral,EXACT_TEXT_7e41214e9ecf1148,EXACT_TEXT_7e41214e9ecf1148,,exact_duplicate_group_id:EXACT_TEXT_7e41214e9ecf1148
52,1,1379,7428743347591889681,Neutral,EXACT_GROUP_00216,EXACT_GROUP_00216,SIM_CLUSTER_00164,near_duplicate_cluster_id:SIM_CLUSTER_00164
52,1,1392,7428907599603843856,Neutral,EXACT_GROUP_00352,EXACT_GROUP_00352,SIM_CLUSTER_00118,near_duplicate_cluster_id:SIM_CLUSTER_00118
52,1,1400,7428980859867333382,Neutral,EXACT_TEXT_ec5bfaabd14bbf36,EXACT_TEXT_ec5bfaabd14bbf36,SIM_CLUSTER_00720,near_duplicate_cluster_id:SIM_CLUSTER_00720
52,1,1409,7429202079204098823,Negative,EXACT_TEXT_a55d4d90b051cae9,EXACT_TEXT_a55d4d90b051cae9,,exact_duplicate_group_id:EXACT_TEXT_a55d4d90b051cae9
52,1,1412,7429324435167085318,Neutral,EXACT_TEXT_d95884e4b0f256af,EXACT_TEXT_d95884e4b0f256af,,exact_duplicate_group_id:EXACT_TEXT_d95884e4b0f256af
52,1,1428,7429890501560730386,Neutral,EXACT_TEXT_939dfd409ee07771,EXACT_TEXT_939dfd409ee07771,,exact_duplicate_group_id:EXACT_TEXT_939dfd409ee07771
52,1,1432,7430019082638476038,Neutral,EXACT_TEXT_1f69a199794b1d9a,EXACT_TEXT_1f69a199794b1d9a,SIM_CLUSTER_00366,near_duplicate_cluster_id:SIM_CLUSTER_00366
52,1,1447,7430637622899720966,Negative,EXACT_TEXT_5d6bb775bcda19d7,EXACT_TEXT_5d6bb775bcda19d7,,exact_duplicate_group_id:EXACT_TEXT_5d6bb775bcda19d7
52,1,1454,7430973767830389521,Negative,EXACT_TEXT_31fdfbd9dd0a6e03,EXACT_TEXT_31fdfbd9dd0a6e03,,exact_duplicate_group_id:EXACT_TEXT_31fdfbd9dd0a6e03
52,1,1471,7432216132754490117,Neutral,EXACT_TEXT_c46a7504a9e528b0,EXACT_TEXT_c46a7504a9e528b0,,exact_duplicate_group_id:EXACT_TEXT_c46a7504a9e528b0
52,1,1487,7434409565058237239,Neutral,EXACT_TEXT_1d25e13eb3aad63f,EXACT_TEXT_1d25e13eb3aad63f,,exact_duplicate_group_id:EXACT_TEXT_1d25e13eb3aad63f
52,1,1489,7434890184128250680,Positive,EXACT_TEXT_f8371c2b37a56e4d,EXACT_TEXT_f8371c2b37a56e4d,,exact_duplicate_group_id:EXACT_TEXT_f8371c2b37a56e4d
52,1,1491,7435856294118818616,Neutral,EXACT_TEXT_f94d60a7a03ded21,EXACT_TEXT_f94d60a7a03ded21,,exact_duplicate_group_id:EXACT_TEXT_f94d60a7a03ded21
52,1,1493,7436015506686444343,Neutral,EXACT_TEXT_6f38c8bd7f423d18,EXACT_TEXT_6f38c8bd7f423d18,SIM_CLUSTER_00114,near_duplicate_cluster_id:SIM_CLUSTER_00114
52,1,1514,7438161776196518711,Neutral,EXACT_TEXT_3270cc510aaaf5b2,EXACT_TEXT_3270cc510aaaf5b2,,exact_duplicate_group_id:EXACT_TEXT_3270cc510aaaf5b2
52,1,1534,7440491451236090642,Neutral,EXACT_TEXT_ec007cbf9a9ecdfa,EXACT_TEXT_ec007cbf9a9ecdfa,,exact_duplicate_group_id:EXACT_TEXT_ec007cbf9a9ecdfa
52,1,1542,7442918026603479828,Neutral,EXACT_TEXT_13887915c8f5f941,EXACT_TEXT_13887915c8f5f941,SIM_CLUSTER_00164,near_duplicate_cluster_id:SIM_CLUSTER_00164
52,1,1543,7443030548849410834,Neutral,EXACT_GROUP_00168,EXACT_GROUP_00168,SIM_CLUSTER_00114,near_duplicate_cluster_id:SIM_CLUSTER_00114
52,1,1560,7447188154295108370,Negative,EXACT_TEXT_3304f0597566ce3c,EXACT_TEXT_3304f0597566ce3c,,exact_duplicate_group_id:EXACT_TEXT_3304f0597566ce3c
52,1,1565,7448226291768460050,Positive,EXACT_TEXT_ac5b867216f2a73e,EXACT_TEXT_ac5b867216f2a73e,SIM_CLUSTER_00789,near_duplicate_cluster_id:SIM_CLUSTER_00789
52,1,1570,7450005171181175557,Neutral,EXACT_TEXT_2a8c62e4170f9ddc,EXACT_TEXT_2a8c62e4170f9ddc,SIM_CLUSTER_00114,near_duplicate_cluster_id:SIM_CLUSTER_00114
52,1,1576,7452688668726821648,Neutral,EXACT_TEXT_06dfcb2afca3d1b5,EXACT_TEXT_06dfcb2afca3d1b5,,exact_duplicate_group_id:EXACT_TEXT_06dfcb2afca3d1b5
52,1,1588,7457184060759982854,Negative,EXACT_GROUP_00055,EXACT_GROUP_00055,SIM_CLUSTER_00268,near_duplicate_cluster_id:SIM_CLUSTER_00268
52,1,1589,7457184423135937286,Negative,EXACT_GROUP_00055,EXACT_GROUP_00055,SIM_CLUSTER_00268,near_duplicate_cluster_id:SIM_CLUSTER_00268
52,1,1590,7457184522792600325,Negative,EXACT_GROUP_00055,EXACT_GROUP_00055,SIM_CLUSTER_00268,near_duplicate_cluster_id:SIM_CLUSTER_00268
52,1,1591,7457184604014674693,Negative,EXACT_GROUP_00055,EXACT_GROUP_00055,SIM_CLUSTER_00268,near_duplicate_cluster_id:SIM_CLUSTER_00268
52,1,1592,7457184936820130565,Negative,EXACT_GROUP_00055,EXACT_GROUP_00055,SIM_CLUSTER_00268,near_duplicate_cluster_id:SIM_CLUSTER_00268
52,1,1593,7457186055939212038,Negative,EXACT_GROUP_00055,EXACT_GROUP_00055,SIM_CLUSTER_00268,near_duplicate_cluster_id:SIM_CLUSTER_00268
52,1,1594,7457188023546970886,Negative,EXACT_GROUP_00055,EXACT_GROUP_00055,SIM_CLUSTER_00268,near_duplicate_cluster_id:SIM_CLUSTER_00268
52,1,1596,7457521454311080710,Negative,EXACT_TEXT_7c510de13c3fb92e,EXACT_TEXT_7c510de13c3fb92e,,exact_duplicate_group_id:EXACT_TEXT_7c510de13c3fb92e
52,1,1598,7458141705847718672,Neutral,EXACT_TEXT_76d513169e228d51,EXACT_TEXT_76d513169e228d51,SIM_CLUSTER_01378,near_duplicate_cluster_id:SIM_CLUSTER_01378
52,1,1617,7460726642425004807,Positive,EXACT_TEXT_faf4a9abd31ce84b,EXACT_TEXT_faf4a9abd31ce84b,,exact_duplicate_group_id:EXACT_TEXT_faf4a9abd31ce84b
52,1,1618,7460726690541912839,Positive,EXACT_TEXT_859b3e82c41c0e36,EXACT_TEXT_859b3e82c41c0e36,,exact_duplicate_group_id:EXACT_TEXT_859b3e82c41c0e36
52,1,1621,7461659201585873672,Positive,EXACT_TEXT_ee07d389f4ce4777,EXACT_TEXT_ee07d389f4ce4777,,exact_duplicate_group_id:EXACT_TEXT_ee07d389f4ce4777
52,1,1642,7468992666293027592,Positive,EXACT_TEXT_3556cffcad315059,EXACT_TEXT_3556cffcad315059,,exact_duplicate_group_id:EXACT_TEXT_3556cffcad315059
52,1,1647,7471469683388990215,Negative,EXACT_TEXT_408461a25fb0ba01,EXACT_TEXT_408461a25fb0ba01,,exact_duplicate_group_id:EXACT_TEXT_408461a25fb0ba01
52,1,1656,7476724843804934920,Neutral,EXACT_TEXT_245167933538eb5b,EXACT_TEXT_245167933538eb5b,,exact_duplicate_group_id:EXACT_TEXT_245167933538eb5b
52,1,1663,7480052580045095700,Negative,EXACT_TEXT_86df4fb19bd43aa3,EXACT_TEXT_86df4fb19bd43aa3,,exact_duplicate_group_id:EXACT_TEXT_86df4fb19bd43aa3
52,1,1666,7480562674825347848,Negative,EXACT_TEXT_3630252ba27b915c,EXACT_TEXT_3630252ba27b915c,,exact_duplicate_group_id:EXACT_TEXT_3630252ba27b915c
52,1,1674,7492095313193861909,Negative,EXACT_TEXT_cf3c325a7c014114,EXACT_TEXT_cf3c325a7c014114,,exact_duplicate_group_id:EXACT_TEXT_cf3c325a7c014114
52,1,1678,7495519744498746119,Positive,EXACT_TEXT_211ce1586797d35e,EXACT_TEXT_211ce1586797d35e,,exact_duplicate_group_id:EXACT_TEXT_211ce1586797d35e
52,1,1691,7507829893993759496,Positive,EXACT_TEXT_44af5e027eb10105,EXACT_TEXT_44af5e027eb10105,,exact_duplicate_group_id:EXACT_TEXT_44af5e027eb10105
52,1,1696,7509056640122979090,Neutral,EXACT_TEXT_aafc1efba6c1e2e3,EXACT_TEXT_aafc1efba6c1e2e3,,exact_duplicate_group_id:EXACT_TEXT_aafc1efba6c1e2e3
52,1,1710,7521617564851159815,Negative,EXACT_TEXT_0115e7390643b864,EXACT_TEXT_0115e7390643b864,,exact_duplicate_group_id:EXACT_TEXT_0115e7390643b864
52,1,1712,7523025974805283591,Neutral,EXACT_TEXT_9b3eda6552cac341,EXACT_TEXT_9b3eda6552cac341,,exact_duplicate_group_id:EXACT_TEXT_9b3eda6552cac341
52,1,1713,7523219641034638098,Neutral,EXACT_TEXT_0b23d1ada59e0118,EXACT_TEXT_0b23d1ada59e0118,,exact_duplicate_group_id:EXACT_TEXT_0b23d1ada59e0118
52,1,1725,7536016760194368264,Positive,EXACT_TEXT_613a019383344c0f,EXACT_TEXT_613a019383344c0f,,exact_duplicate_group_id:EXACT_TEXT_613a019383344c0f
52,1,1726,7537746724880139026,Negative,EXACT_TEXT_279ce18c23310c09,EXACT_TEXT_279ce18c23310c09,,exact_duplicate_group_id:EXACT_TEXT_279ce18c23310c09
52,1,1736,7544220355133735687,Negative,EXACT_TEXT_7b1777bd43f12cb9,EXACT_TEXT_7b1777bd43f12cb9,,exact_duplicate_group_id:EXACT_TEXT_7b1777bd43f12cb9
52,1,1743,7552521249004815112,Positive,EXACT_TEXT_60c7392aed8272df,EXACT_TEXT_60c7392aed8272df,,exact_duplicate_group_id:EXACT_TEXT_60c7392aed8272df
52,1,1754,7572824953540805383,Neutral,EXACT_GROUP_00216,EXACT_GROUP_00216,SIM_CLUSTER_00164,near_duplicate_cluster_id:SIM_CLUSTER_00164
52,1,1768,7587360269875118855,Positive,EXACT_TEXT_cf458658faacce10,EXACT_TEXT_cf458658faacce10,,exact_duplicate_group_id:EXACT_TEXT_cf458658faacce10
52,1,1773,7590983102874501889,Neutral,EXACT_GROUP_00168,EXACT_GROUP_00168,SIM_CLUSTER_00114,near_duplicate_cluster_id:SIM_CLUSTER_00114
52,1,1774,7592102683785118484,Neutral,EXACT_TEXT_55f074fd0ceea7a9,EXACT_TEXT_55f074fd0ceea7a9,,exact_duplicate_group_id:EXACT_TEXT_55f074fd0ceea7a9
52,1,1775,7592917612435424008,Positive,EXACT_TEXT_c8a6fdc38026f095,EXACT_TEXT_c8a6fdc38026f095,,exact_duplicate_group_id:EXACT_TEXT_c8a6fdc38026f095
52,1,1785,7596250493999923976,Positive,EXACT_TEXT_d9f9e14a569222f7,EXACT_TEXT_d9f9e14a569222f7,,exact_duplicate_group_id:EXACT_TEXT_d9f9e14a569222f7
52,1,1789,7596292658257134357,Negative,EXACT_TEXT_b03dc401c8fda60f,EXACT_TEXT_b03dc401c8fda60f,,exact_duplicate_group_id:EXACT_TEXT_b03dc401c8fda60f
52,1,1808,7600044354103313170,Positive,EXACT_TEXT_eb9d5950f070cbda,EXACT_TEXT_eb9d5950f070cbda,,exact_duplicate_group_id:EXACT_TEXT_eb9d5950f070cbda
52,1,1816,7618136270812807952,Neutral,EXACT_TEXT_ccfff7123405bbdf,EXACT_TEXT_ccfff7123405bbdf,,exact_duplicate_group_id:EXACT_TEXT_ccfff7123405bbdf
52,2,21,7185132629136638746,Neutral,EXACT_TEXT_06b86f45492a482a,EXACT_TEXT_06b86f45492a482a,,exact_duplicate_group_id:EXACT_TEXT_06b86f45492a482a
52,2,25,7188486918966035226,Neutral,EXACT_TEXT_9330213e71d4d0ca,EXACT_TEXT_9330213e71d4d0ca,,exact_duplicate_group_id:EXACT_TEXT_9330213e71d4d0ca
52,2,32,7205454395553956635,Positive,EXACT_TEXT_e6bdcaaf5462530d,EXACT_TEXT_e6bdcaaf5462530d,,exact_duplicate_group_id:EXACT_TEXT_e6bdcaaf5462530d
52,2,35,7205794801386767130,Positive,EXACT_TEXT_59a9fa641727cfd5,EXACT_TEXT_59a9fa641727cfd5,,exact_duplicate_group_id:EXACT_TEXT_59a9fa641727cfd5
52,2,42,7210441183792169755,Neutral,EXACT_TEXT_3c6b7c192e804423,EXACT_TEXT_3c6b7c192e804423,,exact_duplicate_group_id:EXACT_TEXT_3c6b7c192e804423
52,2,43,7211434678505997082,Neutral,EXACT_TEXT_59c9beece0cc57ea,EXACT_TEXT_59c9beece0cc57ea,,exact_duplicate_group_id:EXACT_TEXT_59c9beece0cc57ea
52,2,50,7222641991367803675,Neutral,EXACT_TEXT_b6b0f428ab74c657,EXACT_TEXT_b6b0f428ab74c657,,exact_duplicate_group_id:EXACT_TEXT_b6b0f428ab74c657
52,2,51,7223013888890848026,Neutral,EXACT_TEXT_79fb935cf0775fa1,EXACT_TEXT_79fb935cf0775fa1,,exact_duplicate_group_id:EXACT_TEXT_79fb935cf0775fa1
52,2,52,7223215135145198363,Neutral,EXACT_TEXT_f2c42182c9d4cce8,EXACT_TEXT_f2c42182c9d4cce8,,exact_duplicate_group_id:EXACT_TEXT_f2c42182c9d4cce8
52,2,68,7250806324341310213,Negative,EXACT_TEXT_d3a58642643d1c17,EXACT_TEXT_d3a58642643d1c17,,exact_duplicate_group_id:EXACT_TEXT_d3a58642643d1c17
52,2,70,7251780942800634629,Positive,EXACT_TEXT_c8de3d3cbce31b1f,EXACT_TEXT_c8de3d3cbce31b1f,,exact_duplicate_group_id:EXACT_TEXT_c8de3d3cbce31b1f
52,2,71,7252149555487179525,Neutral,EXACT_TEXT_eec668b8dc037637,EXACT_TEXT_eec668b8dc037637,,exact_duplicate_group_id:EXACT_TEXT_eec668b8dc037637
52,2,73,7261518032432972549,Neutral,EXACT_TEXT_649598749c9db03d,EXACT_TEXT_649598749c9db03d,,exact_duplicate_group_id:EXACT_TEXT_649598749c9db03d
52,2,74,7263057602950693637,Neutral,EXACT_TEXT_9676a62641cf811a,EXACT_TEXT_9676a62641cf811a,,exact_duplicate_group_id:EXACT_TEXT_9676a62641cf811a
52,2,79,7287603631888171781,Neutral,EXACT_TEXT_ecc2f68d0f565adc,EXACT_TEXT_ecc2f68d0f565adc,,exact_duplicate_group_id:EXACT_TEXT_ecc2f68d0f565adc
52,2,81,7289440939101487878,Negative,EXACT_TEXT_540eb508e0d84be4,EXACT_TEXT_540eb508e0d84be4,,exact_duplicate_group_id:EXACT_TEXT_540eb508e0d84be4
52,2,82,7292203062491874053,Positive,EXACT_TEXT_00c187361a7c6948,EXACT_TEXT_00c187361a7c6948,,exact_duplicate_group_id:EXACT_TEXT_00c187361a7c6948
52,2,84,7308335086637122310,Neutral,EXACT_TEXT_e4210b3a3d50557f,EXACT_TEXT_e4210b3a3d50557f,,exact_duplicate_group_id:EXACT_TEXT_e4210b3a3d50557f
52,2,85,7309874085793678085,Neutral,EXACT_TEXT_b917e27853e2296b,EXACT_TEXT_b917e27853e2296b,,exact_duplicate_group_id:EXACT_TEXT_b917e27853e2296b
52,2,86,7311310042953794310,Neutral,EXACT_TEXT_3d76db92c278066d,EXACT_TEXT_3d76db92c278066d,,exact_duplicate_group_id:EXACT_TEXT_3d76db92c278066d
52,2,87,7312025646363722502,Neutral,EXACT_TEXT_6789abc6a6a1a1ec,EXACT_TEXT_6789abc6a6a1a1ec,,exact_duplicate_group_id:EXACT_TEXT_6789abc6a6a1a1ec
52,2,94,7312078235625718534,Neutral,EXACT_TEXT_ef3d60f1c39c65c5,EXACT_TEXT_ef3d60f1c39c65c5,,exact_duplicate_group_id:EXACT_TEXT_ef3d60f1c39c65c5
52,2,96,7312260342766879493,Neutral,EXACT_TEXT_2dacb0aefe02a229,EXACT_TEXT_2dacb0aefe02a229,SIM_CLUSTER_00208,near_duplicate_cluster_id:SIM_CLUSTER_00208
52,2,98,7312431204807574278,Neutral,EXACT_TEXT_97821a1fe6fdfebd,EXACT_TEXT_97821a1fe6fdfebd,,exact_duplicate_group_id:EXACT_TEXT_97821a1fe6fdfebd
52,2,99,7312616985380291334,Negative,EXACT_TEXT_9c16f25a5f534530,EXACT_TEXT_9c16f25a5f534530,,exact_duplicate_group_id:EXACT_TEXT_9c16f25a5f534530
52,2,102,7313555388275376901,Neutral,EXACT_TEXT_50ea86285541137c,EXACT_TEXT_50ea86285541137c,,exact_duplicate_group_id:EXACT_TEXT_50ea86285541137c
52,2,108,7315204078517830405,Negative,EXACT_TEXT_a27490396df011c9,EXACT_TEXT_a27490396df011c9,,exact_duplicate_group_id:EXACT_TEXT_a27490396df011c9
52,2,110,7317156874541302533,Negative,EXACT_TEXT_eb79faa3cd8906f7,EXACT_TEXT_eb79faa3cd8906f7,,exact_duplicate_group_id:EXACT_TEXT_eb79faa3cd8906f7
52,2,112,7317297651186598661,Positive,EXACT_TEXT_97bd399e482903f1,EXACT_TEXT_97bd399e482903f1,,exact_duplicate_group_id:EXACT_TEXT_97bd399e482903f1
52,2,114,7318270451284214533,Positive,EXACT_TEXT_3f8e57b9344b033e,EXACT_TEXT_3f8e57b9344b033e,,exact_duplicate_group_id:EXACT_TEXT_3f8e57b9344b033e
52,2,118,7319876546654913285,Neutral,EXACT_TEXT_71aa6778e92bfd62,EXACT_TEXT_71aa6778e92bfd62,,exact_duplicate_group_id:EXACT_TEXT_71aa6778e92bfd62
52,2,124,7320190270212195077,Negative,EXACT_TEXT_27280891b64c5568,EXACT_TEXT_27280891b64c5568,,exact_duplicate_group_id:EXACT_TEXT_27280891b64c5568
52,2,130,7321195775969477382,Neutral,EXACT_TEXT_507d5db95d843487,EXACT_TEXT_507d5db95d843487,,exact_duplicate_group_id:EXACT_TEXT_507d5db95d843487
52,2,135,7325016522207494918,Neutral,EXACT_TEXT_01c30cc2144bb42a,EXACT_TEXT_01c30cc2144bb42a,,exact_duplicate_group_id:EXACT_TEXT_01c30cc2144bb42a
52,2,145,7330586327135748870,Positive,EXACT_GROUP_00128,EXACT_GROUP_00128,SIM_CLUSTER_00438,near_duplicate_cluster_id:SIM_CLUSTER_00438
52,2,147,7331025407977095941,Neutral,EXACT_TEXT_b3dc53aea39e4a97,EXACT_TEXT_b3dc53aea39e4a97,,exact_duplicate_group_id:EXACT_TEXT_b3dc53aea39e4a97
52,2,168,7345133626637501189,Neutral,EXACT_TEXT_ae257321640bd9df,EXACT_TEXT_ae257321640bd9df,,exact_duplicate_group_id:EXACT_TEXT_ae257321640bd9df
52,2,186,7357895755283874566,Neutral,EXACT_TEXT_086edc6c2d383622,EXACT_TEXT_086edc6c2d383622,,exact_duplicate_group_id:EXACT_TEXT_086edc6c2d383622
52,2,192,7357970691813344006,Neutral,EXACT_TEXT_51ea308f96c8cf8d,EXACT_TEXT_51ea308f96c8cf8d,,exact_duplicate_group_id:EXACT_TEXT_51ea308f96c8cf8d
52,2,194,7357996326225330950,Negative,EXACT_TEXT_b3579a1c8f315e9f,EXACT_TEXT_b3579a1c8f315e9f,,exact_duplicate_group_id:EXACT_TEXT_b3579a1c8f315e9f
52,2,195,7358006128037233414,Neutral,EXACT_TEXT_48e02537d5ca2e49,EXACT_TEXT_48e02537d5ca2e49,SIM_CLUSTER_00025,near_duplicate_cluster_id:SIM_CLUSTER_00025
52,2,212,7358751640498995973,Neutral,EXACT_TEXT_f951917cabf8e133,EXACT_TEXT_f951917cabf8e133,,exact_duplicate_group_id:EXACT_TEXT_f951917cabf8e133
52,2,216,7359525497539281669,Positive,EXACT_TEXT_d62aafc50c6b05fe,EXACT_TEXT_d62aafc50c6b05fe,,exact_duplicate_group_id:EXACT_TEXT_d62aafc50c6b05fe
52,2,217,7359578132838564614,Neutral,EXACT_TEXT_da3c52ea007bf28b,EXACT_TEXT_da3c52ea007bf28b,,exact_duplicate_group_id:EXACT_TEXT_da3c52ea007bf28b
52,2,220,7359803609520145157,Negative,EXACT_TEXT_25e0c9a1ce458465,EXACT_TEXT_25e0c9a1ce458465,,exact_duplicate_group_id:EXACT_TEXT_25e0c9a1ce458465
52,2,221,7360194937886130949,Neutral,EXACT_TEXT_35d78c0283d1200c,EXACT_TEXT_35d78c0283d1200c,,exact_duplicate_group_id:EXACT_TEXT_35d78c0283d1200c
52,2,222,7360198958050935558,Negative,EXACT_TEXT_c2cfe40df0f35372,EXACT_TEXT_c2cfe40df0f35372,,exact_duplicate_group_id:EXACT_TEXT_c2cfe40df0f35372
52,2,223,7360260178366743301,Neutral,EXACT_TEXT_ad8c5ec28c4c9914,EXACT_TEXT_ad8c5ec28c4c9914,,exact_duplicate_group_id:EXACT_TEXT_ad8c5ec28c4c9914
52,2,233,7366126355194430214,Positive,EXACT_TEXT_d747db0b9a23cfa4,EXACT_TEXT_d747db0b9a23cfa4,,exact_duplicate_group_id:EXACT_TEXT_d747db0b9a23cfa4
52,2,235,7366843331944628997,Positive,EXACT_TEXT_879f11522608d4f4,EXACT_TEXT_879f11522608d4f4,,exact_duplicate_group_id:EXACT_TEXT_879f11522608d4f4
52,2,237,7371392504329667335,Positive,EXACT_TEXT_53f50c4d0e27ce6d,EXACT_TEXT_53f50c4d0e27ce6d,,exact_duplicate_group_id:EXACT_TEXT_53f50c4d0e27ce6d
52,2,238,7372857017117328134,Positive,EXACT_TEXT_632a65a60c73a765,EXACT_TEXT_632a65a60c73a765,,exact_duplicate_group_id:EXACT_TEXT_632a65a60c73a765
52,2,240,7373308421233181446,Neutral,EXACT_TEXT_c5484611be9c0481,EXACT_TEXT_c5484611be9c0481,SIM_CLUSTER_00208,near_duplicate_cluster_id:SIM_CLUSTER_00208
52,2,244,7377288569931399942,Negative,EXACT_TEXT_106e479f52daf87c,EXACT_TEXT_106e479f52daf87c,,exact_duplicate_group_id:EXACT_TEXT_106e479f52daf87c
52,2,253,7380750258316411653,Negative,EXACT_TEXT_1e99563692093bf5,EXACT_TEXT_1e99563692093bf5,,exact_duplicate_group_id:EXACT_TEXT_1e99563692093bf5
52,2,263,7385511702635201286,Neutral,EXACT_TEXT_6b778b08bf287dd4,EXACT_TEXT_6b778b08bf287dd4,,exact_duplicate_group_id:EXACT_TEXT_6b778b08bf287dd4
52,2,268,7388451253443445510,Neutral,EXACT_TEXT_63834bae96213741,EXACT_TEXT_63834bae96213741,SIM_CLUSTER_00025,near_duplicate_cluster_id:SIM_CLUSTER_00025
52,2,272,7388865843516850949,Neutral,EXACT_TEXT_4ed9d8355bbb7fab,EXACT_TEXT_4ed9d8355bbb7fab,,exact_duplicate_group_id:EXACT_TEXT_4ed9d8355bbb7fab
52,2,273,7389064099441033990,Neutral,EXACT_TEXT_fde0fdd45e703e4c,EXACT_TEXT_fde0fdd45e703e4c,,exact_duplicate_group_id:EXACT_TEXT_fde0fdd45e703e4c
52,2,276,7392615078329172742,Neutral,EXACT_TEXT_7ee1644c038a04f6,EXACT_TEXT_7ee1644c038a04f6,,exact_duplicate_group_id:EXACT_TEXT_7ee1644c038a04f6
52,2,286,7398020507608531728,Neutral,EXACT_TEXT_13117347f92b3852,EXACT_TEXT_13117347f92b3852,,exact_duplicate_group_id:EXACT_TEXT_13117347f92b3852
52,2,289,7398752527174697771,Neutral,EXACT_TEXT_19f1c9e0222c488f,EXACT_TEXT_19f1c9e0222c488f,,exact_duplicate_group_id:EXACT_TEXT_19f1c9e0222c488f
52,2,291,7399193633789346566,Neutral,EXACT_TEXT_61472fd88db339dd,EXACT_TEXT_61472fd88db339dd,,exact_duplicate_group_id:EXACT_TEXT_61472fd88db339dd
52,2,292,7399732216680743686,Neutral,EXACT_TEXT_4486305b1ccdd90f,EXACT_TEXT_4486305b1ccdd90f,,exact_duplicate_group_id:EXACT_TEXT_4486305b1ccdd90f
52,2,294,7402558354931647237,Negative,EXACT_TEXT_806b7b6a11b6be80,EXACT_TEXT_806b7b6a11b6be80,,exact_duplicate_group_id:EXACT_TEXT_806b7b6a11b6be80
52,2,298,7405783183332508421,Neutral,EXACT_TEXT_a22069827d50df6c,EXACT_TEXT_a22069827d50df6c,,exact_duplicate_group_id:EXACT_TEXT_a22069827d50df6c
52,2,304,7411504802301182725,Neutral,EXACT_TEXT_402193db3862d9b0,EXACT_TEXT_402193db3862d9b0,,exact_duplicate_group_id:EXACT_TEXT_402193db3862d9b0
52,2,307,7413639970093826821,Neutral,EXACT_TEXT_863cae78aba145ce,EXACT_TEXT_863cae78aba145ce,,exact_duplicate_group_id:EXACT_TEXT_863cae78aba145ce
52,2,308,7414920277508850438,Positive,EXACT_TEXT_e17a269f5bf597dc,EXACT_TEXT_e17a269f5bf597dc,,exact_duplicate_group_id:EXACT_TEXT_e17a269f5bf597dc
52,2,314,7419546300117730054,Neutral,EXACT_TEXT_4e675253ec94366c,EXACT_TEXT_4e675253ec94366c,,exact_duplicate_group_id:EXACT_TEXT_4e675253ec94366c
52,2,318,7420752243659916038,Negative,EXACT_TEXT_b6e3c9a0ae521b2e,EXACT_TEXT_b6e3c9a0ae521b2e,,exact_duplicate_group_id:EXACT_TEXT_b6e3c9a0ae521b2e
52,2,325,7421772799935775508,Neutral,EXACT_TEXT_969eacbbf8bc05e4,EXACT_TEXT_969eacbbf8bc05e4,,exact_duplicate_group_id:EXACT_TEXT_969eacbbf8bc05e4
52,2,329,7422289119940002565,Negative,EXACT_TEXT_90f697f0fd5b945f,EXACT_TEXT_90f697f0fd5b945f,,exact_duplicate_group_id:EXACT_TEXT_90f697f0fd5b945f
52,2,331,7422440553240249094,Positive,EXACT_TEXT_e75ec06301731921,EXACT_TEXT_e75ec06301731921,,exact_duplicate_group_id:EXACT_TEXT_e75ec06301731921
52,2,334,7422593349075026694,Neutral,EXACT_TEXT_75b9464ca8aa741f,EXACT_TEXT_75b9464ca8aa741f,,exact_duplicate_group_id:EXACT_TEXT_75b9464ca8aa741f
52,2,338,7423754169369002758,Negative,EXACT_TEXT_19a31f0b35993a37,EXACT_TEXT_19a31f0b35993a37,,exact_duplicate_group_id:EXACT_TEXT_19a31f0b35993a37
52,2,339,7424191177136767750,Positive,EXACT_TEXT_2f4581845a24d741,EXACT_TEXT_2f4581845a24d741,,exact_duplicate_group_id:EXACT_TEXT_2f4581845a24d741
52,2,343,7425032039500497669,Negative,EXACT_TEXT_aff5e69af5052a76,EXACT_TEXT_aff5e69af5052a76,,exact_duplicate_group_id:EXACT_TEXT_aff5e69af5052a76
52,2,345,7425184299190485766,Neutral,EXACT_TEXT_c088078a9fb6806b,EXACT_TEXT_c088078a9fb6806b,SIM_CLUSTER_00208,near_duplicate_cluster_id:SIM_CLUSTER_00208
52,2,351,7428465300708803346,Negative,EXACT_TEXT_8e4be0c925576f58,EXACT_TEXT_8e4be0c925576f58,,exact_duplicate_group_id:EXACT_TEXT_8e4be0c925576f58
52,2,352,7428525688141906695,Negative,EXACT_TEXT_c72dff03ec4ba5ec,EXACT_TEXT_c72dff03ec4ba5ec,,exact_duplicate_group_id:EXACT_TEXT_c72dff03ec4ba5ec
52,2,354,7428581743287141126,Negative,EXACT_TEXT_05c6144ad1960ffc,EXACT_TEXT_05c6144ad1960ffc,,exact_duplicate_group_id:EXACT_TEXT_05c6144ad1960ffc
52,2,355,7428589260124898054,Negative,EXACT_TEXT_48899a0f0e437adf,EXACT_TEXT_48899a0f0e437adf,,exact_duplicate_group_id:EXACT_TEXT_48899a0f0e437adf
52,2,367,7430659414204285738,Negative,EXACT_TEXT_9338960c9d07f779,EXACT_TEXT_9338960c9d07f779,,exact_duplicate_group_id:EXACT_TEXT_9338960c9d07f779
52,2,375,7432588097660093189,Neutral,EXACT_TEXT_7e907b3aea93e574,EXACT_TEXT_7e907b3aea93e574,SIM_CLUSTER_00452,near_duplicate_cluster_id:SIM_CLUSTER_00452
52,2,379,7433844108995904262,Neutral,EXACT_TEXT_1be331f5cc488211,EXACT_TEXT_1be331f5cc488211,,exact_duplicate_group_id:EXACT_TEXT_1be331f5cc488211
52,2,382,7434308241242620727,Negative,EXACT_TEXT_32224e6ceba5efa1,EXACT_TEXT_32224e6ceba5efa1,,exact_duplicate_group_id:EXACT_TEXT_32224e6ceba5efa1
52,2,384,7435685301819441928,Neutral,EXACT_TEXT_0dc70430711173e1,EXACT_TEXT_0dc70430711173e1,SIM_CLUSTER_00820,near_duplicate_cluster_id:SIM_CLUSTER_00820
52,2,390,7446378412769936145,Positive,EXACT_TEXT_155502ac1b17b73b,EXACT_TEXT_155502ac1b17b73b,,exact_duplicate_group_id:EXACT_TEXT_155502ac1b17b73b
52,2,394,7449699424621642504,Negative,EXACT_TEXT_4ca929840c18a20e,EXACT_TEXT_4ca929840c18a20e,,exact_duplicate_group_id:EXACT_TEXT_4ca929840c18a20e
52,2,396,7451201472513639169,Neutral,EXACT_TEXT_ab4a3910c634a93a,EXACT_TEXT_ab4a3910c634a93a,SIM_CLUSTER_00184,near_duplicate_cluster_id:SIM_CLUSTER_00184
52,2,397,7452171435227611911,Positive,EXACT_TEXT_3a6ce147f2ee2112,EXACT_TEXT_3a6ce147f2ee2112,,exact_duplicate_group_id:EXACT_TEXT_3a6ce147f2ee2112
52,2,398,7452588865166967560,Neutral,EXACT_TEXT_21685867538eee6c,EXACT_TEXT_21685867538eee6c,,exact_duplicate_group_id:EXACT_TEXT_21685867538eee6c
52,2,410,7460640968758313729,Neutral,EXACT_TEXT_3f7e75be5b91dff0,EXACT_TEXT_3f7e75be5b91dff0,,exact_duplicate_group_id:EXACT_TEXT_3f7e75be5b91dff0
52,2,412,7460928148445070085,Positive,EXACT_TEXT_7fca55279132c89a,EXACT_TEXT_7fca55279132c89a,,exact_duplicate_group_id:EXACT_TEXT_7fca55279132c89a
52,2,414,7462328282752910088,Positive,EXACT_TEXT_558858c58a96b948,EXACT_TEXT_558858c58a96b948,,exact_duplicate_group_id:EXACT_TEXT_558858c58a96b948
52,2,416,7463511687061848840,Neutral,EXACT_TEXT_8594d5b1800c6891,EXACT_TEXT_8594d5b1800c6891,,exact_duplicate_group_id:EXACT_TEXT_8594d5b1800c6891
52,2,417,7463833284758995733,Negative,EXACT_TEXT_cbf70ddb1f2fcc37,EXACT_TEXT_cbf70ddb1f2fcc37,,exact_duplicate_group_id:EXACT_TEXT_cbf70ddb1f2fcc37
52,2,421,7470679442122146565,Positive,EXACT_TEXT_44e05a48c95a2d49,EXACT_TEXT_44e05a48c95a2d49,,exact_duplicate_group_id:EXACT_TEXT_44e05a48c95a2d49
52,2,423,7472563885531693832,Positive,EXACT_TEXT_f81b1f9200f67236,EXACT_TEXT_f81b1f9200f67236,,exact_duplicate_group_id:EXACT_TEXT_f81b1f9200f67236
52,2,425,7474106197714092808,Neutral,EXACT_TEXT_9825dfb137021291,EXACT_TEXT_9825dfb137021291,,exact_duplicate_group_id:EXACT_TEXT_9825dfb137021291
52,2,428,7476232595589169936,Neutral,EXACT_TEXT_c9fa083521ceabad,EXACT_TEXT_c9fa083521ceabad,,exact_duplicate_group_id:EXACT_TEXT_c9fa083521ceabad
52,2,429,7478416409100993288,Negative,EXACT_TEXT_5e1174ad5845f089,EXACT_TEXT_5e1174ad5845f089,,exact_duplicate_group_id:EXACT_TEXT_5e1174ad5845f089
52,2,436,7492613044883981074,Neutral,EXACT_TEXT_3201ea28d6de11c8,EXACT_TEXT_3201ea28d6de11c8,,exact_duplicate_group_id:EXACT_TEXT_3201ea28d6de11c8
52,2,438,7498011086869709586,Neutral,EXACT_TEXT_61f170377a9a90f3,EXACT_TEXT_61f170377a9a90f3,,exact_duplicate_group_id:EXACT_TEXT_61f170377a9a90f3
52,2,441,7499938333100081928,Neutral,EXACT_TEXT_a463d0edea7cd352,EXACT_TEXT_a463d0edea7cd352,,exact_duplicate_group_id:EXACT_TEXT_a463d0edea7cd352
52,2,443,7506085705480831762,Neutral,EXACT_TEXT_32990659ab4b88c4,EXACT_TEXT_32990659ab4b88c4,,exact_duplicate_group_id:EXACT_TEXT_32990659ab4b88c4
52,2,444,7506733608762655506,Negative,EXACT_TEXT_22cf936ab34626eb,EXACT_TEXT_22cf936ab34626eb,,exact_duplicate_group_id:EXACT_TEXT_22cf936ab34626eb
52,2,449,7522470465038746376,Neutral,EXACT_TEXT_93d489909d71c91e,EXACT_TEXT_93d489909d71c91e,,exact_duplicate_group_id:EXACT_TEXT_93d489909d71c91e
52,2,456,7535311622904070930,Negative,EXACT_TEXT_57fe2608c8997845,EXACT_TEXT_57fe2608c8997845,,exact_duplicate_group_id:EXACT_TEXT_57fe2608c8997845
52,2,458,7539699748082975506,Positive,EXACT_TEXT_32aa48fbc9652b49,EXACT_TEXT_32aa48fbc9652b49,,exact_duplicate_group_id:EXACT_TEXT_32aa48fbc9652b49
52,2,462,7544519747158508295,Positive,EXACT_TEXT_a289809b6b0ccf53,EXACT_TEXT_a289809b6b0ccf53,,exact_duplicate_group_id:EXACT_TEXT_a289809b6b0ccf53
52,2,470,7569844570143671058,Neutral,EXACT_TEXT_2e7fe82e7575103f,EXACT_TEXT_2e7fe82e7575103f,,exact_duplicate_group_id:EXACT_TEXT_2e7fe82e7575103f
52,2,473,7573263004461040385,Neutral,EXACT_TEXT_9bccf051982bc9f2,EXACT_TEXT_9bccf051982bc9f2,SIM_CLUSTER_00407,near_duplicate_cluster_id:SIM_CLUSTER_00407
52,2,480,7586898483333546760,Neutral,EXACT_TEXT_12af4ae6af72ae41,EXACT_TEXT_12af4ae6af72ae41,,exact_duplicate_group_id:EXACT_TEXT_12af4ae6af72ae41
52,2,481,7586911315824231188,Positive,EXACT_TEXT_61cad73d48cbcb1c,EXACT_TEXT_61cad73d48cbcb1c,,exact_duplicate_group_id:EXACT_TEXT_61cad73d48cbcb1c
52,2,488,7586986926215463688,Neutral,EXACT_TEXT_efcc7892f869a6c0,EXACT_TEXT_efcc7892f869a6c0,,exact_duplicate_group_id:EXACT_TEXT_efcc7892f869a6c0
52,2,489,7586989507682779924,Positive,EXACT_TEXT_760521aec645d3c5,EXACT_TEXT_760521aec645d3c5,,exact_duplicate_group_id:EXACT_TEXT_760521aec645d3c5
52,2,493,7587050897827775249,Positive,EXACT_TEXT_bb5f7281db464b4d,EXACT_TEXT_bb5f7281db464b4d,,exact_duplicate_group_id:EXACT_TEXT_bb5f7281db464b4d
52,2,494,7587056804390142727,Positive,EXACT_TEXT_181d9bfb3b2f6787,EXACT_TEXT_181d9bfb3b2f6787,,exact_duplicate_group_id:EXACT_TEXT_181d9bfb3b2f6787
52,2,495,7587067398617383698,Neutral,EXACT_TEXT_dce638b108115d01,EXACT_TEXT_dce638b108115d01,,exact_duplicate_group_id:EXACT_TEXT_dce638b108115d01
52,2,498,7587266534801851144,Negative,EXACT_TEXT_189036431422f252,EXACT_TEXT_189036431422f252,,exact_duplicate_group_id:EXACT_TEXT_189036431422f252
52,2,505,7589273851784659733,Positive,EXACT_TEXT_b868d72913b98235,EXACT_TEXT_b868d72913b98235,,exact_duplicate_group_id:EXACT_TEXT_b868d72913b98235
52,2,507,7596240010019357447,Neutral,EXACT_TEXT_8e26f17e1a63c5e7,EXACT_TEXT_8e26f17e1a63c5e7,SIM_CLUSTER_00765,near_duplicate_cluster_id:SIM_CLUSTER_00765
52,2,509,7596242591277318930,Positive,EXACT_TEXT_39f53872d8a3eda0,EXACT_TEXT_39f53872d8a3eda0,,exact_duplicate_group_id:EXACT_TEXT_39f53872d8a3eda0
52,2,512,7596245404438561552,Positive,EXACT_TEXT_70bb756479e987ad,EXACT_TEXT_70bb756479e987ad,,exact_duplicate_group_id:EXACT_TEXT_70bb756479e987ad
52,2,514,7596248705314472711,Neutral,EXACT_TEXT_ffddb342d973e5e9,EXACT_TEXT_ffddb342d973e5e9,,exact_duplicate_group_id:EXACT_TEXT_ffddb342d973e5e9
52,2,521,7596286836189512455,Neutral,EXACT_TEXT_b3d8e6cfd7ea68d1,EXACT_TEXT_b3d8e6cfd7ea68d1,,exact_duplicate_group_id:EXACT_TEXT_b3d8e6cfd7ea68d1
52,2,524,7596314697344303893,Positive,EXACT_TEXT_8e247da93f7e2b03,EXACT_TEXT_8e247da93f7e2b03,,exact_duplicate_group_id:EXACT_TEXT_8e247da93f7e2b03
52,2,529,7596572113365713665,Negative,EXACT_TEXT_6a9445b081ade0cd,EXACT_TEXT_6a9445b081ade0cd,,exact_duplicate_group_id:EXACT_TEXT_6a9445b081ade0cd
52,2,531,7601555992890884885,Negative,EXACT_TEXT_a7b3c9b5ac7eb792,EXACT_TEXT_a7b3c9b5ac7eb792,,exact_duplicate_group_id:EXACT_TEXT_a7b3c9b5ac7eb792
52,2,547,7123786220865733402,Positive,EXACT_TEXT_2b163fdfe6eb424e,EXACT_TEXT_2b163fdfe6eb424e,,exact_duplicate_group_id:EXACT_TEXT_2b163fdfe6eb424e
52,2,549,7125724357326275355,Neutral,EXACT_TEXT_9d2ce0068707e654,EXACT_TEXT_9d2ce0068707e654,,exact_duplicate_group_id:EXACT_TEXT_9d2ce0068707e654
52,2,555,7134636339097961242,Negative,EXACT_TEXT_8e63aa02e58b4d1d,EXACT_TEXT_8e63aa02e58b4d1d,,exact_duplicate_group_id:EXACT_TEXT_8e63aa02e58b4d1d
52,2,556,7135622123757929242,Neutral,EXACT_TEXT_39a79fc036f6205f,EXACT_TEXT_39a79fc036f6205f,,exact_duplicate_group_id:EXACT_TEXT_39a79fc036f6205f
52,2,559,7145987862612787995,Neutral,EXACT_TEXT_301ac21bcad0e7cf,EXACT_TEXT_301ac21bcad0e7cf,SIM_CLUSTER_00774,near_duplicate_cluster_id:SIM_CLUSTER_00774
52,2,568,7169878986641769218,Positive,EXACT_TEXT_8a10ebbde6e5ef40,EXACT_TEXT_8a10ebbde6e5ef40,,exact_duplicate_group_id:EXACT_TEXT_8a10ebbde6e5ef40
52,2,575,7177556827240055579,Neutral,EXACT_TEXT_65d01aead8fbe330,EXACT_TEXT_65d01aead8fbe330,,exact_duplicate_group_id:EXACT_TEXT_65d01aead8fbe330
52,2,579,7185166634687054619,Positive,EXACT_TEXT_79e13ee56e037192,EXACT_TEXT_79e13ee56e037192,,exact_duplicate_group_id:EXACT_TEXT_79e13ee56e037192
52,2,585,7186789182744232730,Positive,EXACT_TEXT_285c45658f5f35bb,EXACT_TEXT_285c45658f5f35bb,,exact_duplicate_group_id:EXACT_TEXT_285c45658f5f35bb
52,2,592,7197368725996307226,Neutral,EXACT_TEXT_15c912c1243dd394,EXACT_TEXT_15c912c1243dd394,,exact_duplicate_group_id:EXACT_TEXT_15c912c1243dd394
52,2,598,7203377278377100059,Positive,EXACT_TEXT_7f425b67a4d271da,EXACT_TEXT_7f425b67a4d271da,,exact_duplicate_group_id:EXACT_TEXT_7f425b67a4d271da
52,2,623,7211641828176904987,Positive,EXACT_TEXT_431b02627bd8dce1,EXACT_TEXT_431b02627bd8dce1,,exact_duplicate_group_id:EXACT_TEXT_431b02627bd8dce1
52,2,624,7212104371218301722,Positive,EXACT_TEXT_67700a2a1d1aa6c2,EXACT_TEXT_67700a2a1d1aa6c2,SIM_CLUSTER_00143,near_duplicate_cluster_id:SIM_CLUSTER_00143
52,2,626,7213176025844859675,Neutral,EXACT_TEXT_2ea5d9ada3d5d807,EXACT_TEXT_2ea5d9ada3d5d807,SIM_CLUSTER_00774,near_duplicate_cluster_id:SIM_CLUSTER_00774
52,2,629,7215929009283973893,Neutral,EXACT_TEXT_e3030d4668b562ac,EXACT_TEXT_e3030d4668b562ac,,exact_duplicate_group_id:EXACT_TEXT_e3030d4668b562ac
52,2,633,7217695052168217370,Positive,EXACT_TEXT_aa9422178d848e8f,EXACT_TEXT_aa9422178d848e8f,,exact_duplicate_group_id:EXACT_TEXT_aa9422178d848e8f
52,2,634,7217696824290984730,Neutral,EXACT_GROUP_00207,EXACT_GROUP_00207,SIM_CLUSTER_00027,near_duplicate_cluster_id:SIM_CLUSTER_00027
52,2,640,7222370603801412357,Neutral,EXACT_GROUP_00207,EXACT_GROUP_00207,SIM_CLUSTER_00027,near_duplicate_cluster_id:SIM_CLUSTER_00027
52,2,644,7223414148175430426,Positive,EXACT_TEXT_02761bf8e469dae7,EXACT_TEXT_02761bf8e469dae7,,exact_duplicate_group_id:EXACT_TEXT_02761bf8e469dae7
52,2,647,7224842807512695579,Neutral,EXACT_TEXT_419885779c620009,EXACT_TEXT_419885779c620009,,exact_duplicate_group_id:EXACT_TEXT_419885779c620009
52,2,650,7225606293826208539,Neutral,EXACT_TEXT_209b98dcf5e4f043,EXACT_TEXT_209b98dcf5e4f043,,exact_duplicate_group_id:EXACT_TEXT_209b98dcf5e4f043
52,2,651,7225649359907177243,Positive,EXACT_TEXT_3fec55dce520b775,EXACT_TEXT_3fec55dce520b775,SIM_CLUSTER_00101,near_duplicate_cluster_id:SIM_CLUSTER_00101
52,2,656,7225913076820984603,Neutral,EXACT_GROUP_00207,EXACT_GROUP_00207,SIM_CLUSTER_00027,near_duplicate_cluster_id:SIM_CLUSTER_00027
52,2,676,7227076945702978331,Positive,EXACT_GROUP_00140,EXACT_GROUP_00140,SIM_CLUSTER_00409,near_duplicate_cluster_id:SIM_CLUSTER_00409
52,2,680,7227773481806709530,Neutral,EXACT_GROUP_00207,EXACT_GROUP_00207,SIM_CLUSTER_00027,near_duplicate_cluster_id:SIM_CLUSTER_00027
52,2,682,7228614589817225989,Positive,EXACT_GROUP_00140,EXACT_GROUP_00140,SIM_CLUSTER_00409,near_duplicate_cluster_id:SIM_CLUSTER_00409
52,2,685,7231034468458087195,Positive,EXACT_TEXT_a4d7dde361644de9,EXACT_TEXT_a4d7dde361644de9,,exact_duplicate_group_id:EXACT_TEXT_a4d7dde361644de9
52,2,691,7234004139235361563,Neutral,EXACT_GROUP_00207,EXACT_GROUP_00207,SIM_CLUSTER_00027,near_duplicate_cluster_id:SIM_CLUSTER_00027
52,2,693,7234525003722228485,Neutral,EXACT_TEXT_e819d30edaa5880c,EXACT_TEXT_e819d30edaa5880c,,exact_duplicate_group_id:EXACT_TEXT_e819d30edaa5880c
52,2,700,7238802456179278597,Neutral,EXACT_TEXT_f2ae1ba202d7fc82,EXACT_TEXT_f2ae1ba202d7fc82,,exact_duplicate_group_id:EXACT_TEXT_f2ae1ba202d7fc82
52,2,705,7241169611743396614,Neutral,EXACT_GROUP_00207,EXACT_GROUP_00207,SIM_CLUSTER_00027,near_duplicate_cluster_id:SIM_CLUSTER_00027
52,2,708,7243967832990597893,Positive,EXACT_GROUP_00140,EXACT_GROUP_00140,SIM_CLUSTER_00409,near_duplicate_cluster_id:SIM_CLUSTER_00409
52,2,709,7248888858317816581,Neutral,EXACT_TEXT_45eb8df3f9d84d48,EXACT_TEXT_45eb8df3f9d84d48,,exact_duplicate_group_id:EXACT_TEXT_45eb8df3f9d84d48
52,2,718,7256342374321996549,Neutral,EXACT_GROUP_00207,EXACT_GROUP_00207,SIM_CLUSTER_00027,near_duplicate_cluster_id:SIM_CLUSTER_00027
52,2,719,7256724113656808198,Neutral,EXACT_TEXT_00c264acf7e6e9a1,EXACT_TEXT_00c264acf7e6e9a1,,exact_duplicate_group_id:EXACT_TEXT_00c264acf7e6e9a1
52,2,732,7271882931798426374,Neutral,EXACT_TEXT_ece4ef726ec11fb8,EXACT_TEXT_ece4ef726ec11fb8,,exact_duplicate_group_id:EXACT_TEXT_ece4ef726ec11fb8
52,2,734,7272355687711048453,Negative,EXACT_TEXT_d4f3e031e05f665c,EXACT_TEXT_d4f3e031e05f665c,,exact_duplicate_group_id:EXACT_TEXT_d4f3e031e05f665c
52,2,737,7274509817426346758,Neutral,EXACT_TEXT_fe5d55a0015e2784,EXACT_TEXT_fe5d55a0015e2784,,exact_duplicate_group_id:EXACT_TEXT_fe5d55a0015e2784
52,2,745,7286490366832100101,Neutral,EXACT_TEXT_dabe28afc8c460c5,EXACT_TEXT_dabe28afc8c460c5,,exact_duplicate_group_id:EXACT_TEXT_dabe28afc8c460c5
52,2,752,7288637869123961606,Positive,EXACT_TEXT_72641e2207309efd,EXACT_TEXT_72641e2207309efd,,exact_duplicate_group_id:EXACT_TEXT_72641e2207309efd
52,2,756,7290001129856959238,Neutral,EXACT_GROUP_00207,EXACT_GROUP_00207,SIM_CLUSTER_00027,near_duplicate_cluster_id:SIM_CLUSTER_00027
52,2,767,7306084783837987589,Neutral,EXACT_TEXT_75f7e6dc10f90c2a,EXACT_TEXT_75f7e6dc10f90c2a,,exact_duplicate_group_id:EXACT_TEXT_75f7e6dc10f90c2a
52,2,771,7307682614298559237,Positive,EXACT_TEXT_9e0e6f43617bbc76,EXACT_TEXT_9e0e6f43617bbc76,,exact_duplicate_group_id:EXACT_TEXT_9e0e6f43617bbc76
52,2,777,7311316335278949125,Neutral,EXACT_TEXT_f3103f1ee49db0ba,EXACT_TEXT_f3103f1ee49db0ba,,exact_duplicate_group_id:EXACT_TEXT_f3103f1ee49db0ba
52,2,780,7312046544307749638,Positive,EXACT_TEXT_9133e06f805f68c6,EXACT_TEXT_9133e06f805f68c6,,exact_duplicate_group_id:EXACT_TEXT_9133e06f805f68c6
52,2,781,7312061500301165318,Neutral,EXACT_TEXT_3e03271335a1477c,EXACT_TEXT_3e03271335a1477c,,exact_duplicate_group_id:EXACT_TEXT_3e03271335a1477c
52,2,789,7313504132902961925,Neutral,EXACT_TEXT_176931edbaad8a45,EXACT_TEXT_176931edbaad8a45,,exact_duplicate_group_id:EXACT_TEXT_176931edbaad8a45
52,2,791,7313576603031208709,Neutral,EXACT_TEXT_f23e66564dc915b7,EXACT_TEXT_f23e66564dc915b7,SIM_CLUSTER_00414,near_duplicate_cluster_id:SIM_CLUSTER_00414
52,2,797,7314324624471556870,Neutral,EXACT_TEXT_8b304b7ea614672b,EXACT_TEXT_8b304b7ea614672b,,exact_duplicate_group_id:EXACT_TEXT_8b304b7ea614672b
52,2,800,7314934316105876230,Neutral,EXACT_TEXT_db778de1d8538600,EXACT_TEXT_db778de1d8538600,,exact_duplicate_group_id:EXACT_TEXT_db778de1d8538600
52,2,817,7320112911454569222,Positive,EXACT_TEXT_7323a824b42c7497,EXACT_TEXT_7323a824b42c7497,,exact_duplicate_group_id:EXACT_TEXT_7323a824b42c7497
52,2,820,7320162781801333510,Positive,EXACT_TEXT_48964f92db6868ca,EXACT_TEXT_48964f92db6868ca,SIM_CLUSTER_00926,near_duplicate_cluster_id:SIM_CLUSTER_00926
52,2,821,7320255643405861637,Negative,EXACT_TEXT_76f4dae46aed5531,EXACT_TEXT_76f4dae46aed5531,,exact_duplicate_group_id:EXACT_TEXT_76f4dae46aed5531
52,2,830,7321564373486289669,Neutral,EXACT_TEXT_fd32bac61df9f597,EXACT_TEXT_fd32bac61df9f597,,exact_duplicate_group_id:EXACT_TEXT_fd32bac61df9f597
52,2,831,7321719737175655173,Neutral,EXACT_TEXT_b22db90ea269e686,EXACT_TEXT_b22db90ea269e686,,exact_duplicate_group_id:EXACT_TEXT_b22db90ea269e686
52,2,834,7323976284123513605,Neutral,EXACT_TEXT_01cc91d4f9e8e35b,EXACT_TEXT_01cc91d4f9e8e35b,,exact_duplicate_group_id:EXACT_TEXT_01cc91d4f9e8e35b
52,2,838,7324980674875228933,Neutral,EXACT_GROUP_00207,EXACT_GROUP_00207,SIM_CLUSTER_00027,near_duplicate_cluster_id:SIM_CLUSTER_00027
52,2,842,7327508556155405062,Neutral,EXACT_TEXT_b0139436e1513fc1,EXACT_TEXT_b0139436e1513fc1,,exact_duplicate_group_id:EXACT_TEXT_b0139436e1513fc1
52,2,843,7327966867343213318,Neutral,EXACT_TEXT_0924685fb2880b25,EXACT_TEXT_0924685fb2880b25,,exact_duplicate_group_id:EXACT_TEXT_0924685fb2880b25
52,2,850,7331164043737580294,Positive,EXACT_TEXT_80a675fd472a8e6d,EXACT_TEXT_80a675fd472a8e6d,,exact_duplicate_group_id:EXACT_TEXT_80a675fd472a8e6d
52,2,852,7332078312799814405,Neutral,EXACT_GROUP_00207,EXACT_GROUP_00207,SIM_CLUSTER_00027,near_duplicate_cluster_id:SIM_CLUSTER_00027
52,2,853,7332456966579028741,Negative,EXACT_TEXT_1f7264767979a3c6,EXACT_TEXT_1f7264767979a3c6,,exact_duplicate_group_id:EXACT_TEXT_1f7264767979a3c6
52,2,854,7332647086997226245,Neutral,EXACT_TEXT_598d3c4967b3eed7,EXACT_TEXT_598d3c4967b3eed7,,exact_duplicate_group_id:EXACT_TEXT_598d3c4967b3eed7
52,2,855,7333957441094566662,Neutral,EXACT_TEXT_9f8d3f09319241f4,EXACT_TEXT_9f8d3f09319241f4,SIM_CLUSTER_00938,near_duplicate_cluster_id:SIM_CLUSTER_00938
52,2,871,7340962860992611077,Negative,EXACT_TEXT_76e78565664219ff,EXACT_TEXT_76e78565664219ff,,exact_duplicate_group_id:EXACT_TEXT_76e78565664219ff
52,2,891,7349521782313812741,Negative,EXACT_TEXT_b2820d5a1bc15f4b,EXACT_TEXT_b2820d5a1bc15f4b,,exact_duplicate_group_id:EXACT_TEXT_b2820d5a1bc15f4b
52,2,896,7350938840708481798,Neutral,EXACT_TEXT_1edc2384a073c18a,EXACT_TEXT_1edc2384a073c18a,,exact_duplicate_group_id:EXACT_TEXT_1edc2384a073c18a
52,2,901,7356994325316125446,Neutral,EXACT_TEXT_1a6d5fad605cd06c,EXACT_TEXT_1a6d5fad605cd06c,,exact_duplicate_group_id:EXACT_TEXT_1a6d5fad605cd06c
52,2,904,7357729724225389317,Positive,EXACT_TEXT_97945461bc2f2201,EXACT_TEXT_97945461bc2f2201,,exact_duplicate_group_id:EXACT_TEXT_97945461bc2f2201
52,2,926,7358057770676929286,Neutral,EXACT_TEXT_d5a1b066728c3086,EXACT_TEXT_d5a1b066728c3086,,exact_duplicate_group_id:EXACT_TEXT_d5a1b066728c3086
52,2,929,7358133153689305862,Neutral,EXACT_TEXT_a6d1ae339c2b1102,EXACT_TEXT_a6d1ae339c2b1102,SIM_CLUSTER_00447,near_duplicate_cluster_id:SIM_CLUSTER_00447
52,2,932,7358275658076783366,Neutral,EXACT_TEXT_4007b4ffa433cfc7,EXACT_TEXT_4007b4ffa433cfc7,,exact_duplicate_group_id:EXACT_TEXT_4007b4ffa433cfc7
52,2,937,7358795708987065093,Negative,EXACT_TEXT_ae25fa1c6f2fb8cc,EXACT_TEXT_ae25fa1c6f2fb8cc,,exact_duplicate_group_id:EXACT_TEXT_ae25fa1c6f2fb8cc
52,2,945,7359738125763625734,Neutral,EXACT_TEXT_2ff6f5d82a6b839a,EXACT_TEXT_2ff6f5d82a6b839a,,exact_duplicate_group_id:EXACT_TEXT_2ff6f5d82a6b839a
52,2,946,7359769698562769670,Negative,EXACT_TEXT_fc2590dbd404519a,EXACT_TEXT_fc2590dbd404519a,,exact_duplicate_group_id:EXACT_TEXT_fc2590dbd404519a
52,2,954,7360304029161440006,Negative,EXACT_TEXT_19a66f4a685beb24,EXACT_TEXT_19a66f4a685beb24,,exact_duplicate_group_id:EXACT_TEXT_19a66f4a685beb24
52,2,961,7363268304910123781,Positive,EXACT_TEXT_e1baac62e3358e23,EXACT_TEXT_e1baac62e3358e23,SIM_CLUSTER_00101,near_duplicate_cluster_id:SIM_CLUSTER_00101
52,2,970,7364194550032319249,Positive,EXACT_GROUP_00969,EXACT_GROUP_00969,SIM_CLUSTER_00101,near_duplicate_cluster_id:SIM_CLUSTER_00101
52,2,979,7367028521958490885,Neutral,EXACT_TEXT_6a90c6fb313d4ff7,EXACT_TEXT_6a90c6fb313d4ff7,,exact_duplicate_group_id:EXACT_TEXT_6a90c6fb313d4ff7
52,2,986,7368264046841381637,Positive,EXACT_TEXT_bff1374c36365d3d,EXACT_TEXT_bff1374c36365d3d,,exact_duplicate_group_id:EXACT_TEXT_bff1374c36365d3d
52,2,993,7371579376817537798,Positive,EXACT_TEXT_6b836a3e22c68b96,EXACT_TEXT_6b836a3e22c68b96,SIM_CLUSTER_00445,near_duplicate_cluster_id:SIM_CLUSTER_00445
52,2,1000,7375880308845871877,Neutral,EXACT_TEXT_d4bb70648ae87e22,EXACT_TEXT_d4bb70648ae87e22,,exact_duplicate_group_id:EXACT_TEXT_d4bb70648ae87e22
52,2,1007,7378384502588572421,Positive,EXACT_TEXT_e449909d37e179a3,EXACT_TEXT_e449909d37e179a3,,exact_duplicate_group_id:EXACT_TEXT_e449909d37e179a3
52,2,1010,7379498139060093702,Neutral,EXACT_TEXT_71571ed47dfdb06d,EXACT_TEXT_71571ed47dfdb06d,,exact_duplicate_group_id:EXACT_TEXT_71571ed47dfdb06d
52,2,1020,7382466421035336454,Neutral,EXACT_TEXT_6ede9ada3ae47557,EXACT_TEXT_6ede9ada3ae47557,,exact_duplicate_group_id:EXACT_TEXT_6ede9ada3ae47557
52,2,1025,7384087361610990342,Negative,EXACT_TEXT_2006749ea03ab385,EXACT_TEXT_2006749ea03ab385,,exact_duplicate_group_id:EXACT_TEXT_2006749ea03ab385
52,2,1031,7385460862666539782,Neutral,EXACT_TEXT_06a0f45956c44e4e,EXACT_TEXT_06a0f45956c44e4e,SIM_CLUSTER_00184,near_duplicate_cluster_id:SIM_CLUSTER_00184
52,2,1064,7392982716157297413,Positive,EXACT_TEXT_2484bbfc639d5a9d,EXACT_TEXT_2484bbfc639d5a9d,,exact_duplicate_group_id:EXACT_TEXT_2484bbfc639d5a9d
52,2,1073,7397990828096537350,Neutral,EXACT_TEXT_a3a108d3c72297e8,EXACT_TEXT_a3a108d3c72297e8,,exact_duplicate_group_id:EXACT_TEXT_a3a108d3c72297e8
52,2,1079,7398418846175183621,Negative,EXACT_TEXT_40462f1eab22973e,EXACT_TEXT_40462f1eab22973e,,exact_duplicate_group_id:EXACT_TEXT_40462f1eab22973e
52,2,1085,7399656739517596422,Positive,EXACT_TEXT_c9d020f7512f0b63,EXACT_TEXT_c9d020f7512f0b63,,exact_duplicate_group_id:EXACT_TEXT_c9d020f7512f0b63
52,2,1087,7399936458059170565,Neutral,EXACT_TEXT_ca88fcb53d19eec0,EXACT_TEXT_ca88fcb53d19eec0,,exact_duplicate_group_id:EXACT_TEXT_ca88fcb53d19eec0
52,2,1095,7404412615533216517,Positive,EXACT_TEXT_93c2f7b65d1d14d3,EXACT_TEXT_93c2f7b65d1d14d3,,exact_duplicate_group_id:EXACT_TEXT_93c2f7b65d1d14d3
52,2,1104,7408071956212663046,Negative,EXACT_TEXT_2bda1edb4f00114a,EXACT_TEXT_2bda1edb4f00114a,,exact_duplicate_group_id:EXACT_TEXT_2bda1edb4f00114a
52,2,1105,7408085618523669253,Positive,EXACT_TEXT_13db9a05e61786c2,EXACT_TEXT_13db9a05e61786c2,,exact_duplicate_group_id:EXACT_TEXT_13db9a05e61786c2
52,2,1108,7411974591226725128,Positive,EXACT_GROUP_00969,EXACT_GROUP_00969,SIM_CLUSTER_00101,near_duplicate_cluster_id:SIM_CLUSTER_00101
52,2,1109,7412679702211789573,Neutral,EXACT_TEXT_22dea1154ecc15e6,EXACT_TEXT_22dea1154ecc15e6,SIM_CLUSTER_00401,near_duplicate_cluster_id:SIM_CLUSTER_00401
52,2,1117,7419569539015803654,Positive,EXACT_GROUP_00969,EXACT_GROUP_00969,SIM_CLUSTER_00101,near_duplicate_cluster_id:SIM_CLUSTER_00101
52,2,1119,7419828644820615942,Negative,EXACT_TEXT_3c3fba8b688a8c7b,EXACT_TEXT_3c3fba8b688a8c7b,,exact_duplicate_group_id:EXACT_TEXT_3c3fba8b688a8c7b
52,2,1128,7421176459387110150,Negative,EXACT_TEXT_986c60de988e1ea4,EXACT_TEXT_986c60de988e1ea4,,exact_duplicate_group_id:EXACT_TEXT_986c60de988e1ea4
52,2,1132,7421190803068961543,Negative,EXACT_TEXT_c8cbcf21b2c131f0,EXACT_TEXT_c8cbcf21b2c131f0,,exact_duplicate_group_id:EXACT_TEXT_c8cbcf21b2c131f0
52,2,1148,7421304994530575110,Negative,EXACT_TEXT_08a83a82eb2a0cae,EXACT_TEXT_08a83a82eb2a0cae,,exact_duplicate_group_id:EXACT_TEXT_08a83a82eb2a0cae
52,2,1152,7421325188358750982,Negative,EXACT_TEXT_1876dc6106987e25,EXACT_TEXT_1876dc6106987e25,,exact_duplicate_group_id:EXACT_TEXT_1876dc6106987e25
52,2,1153,7421330383545484038,Negative,EXACT_TEXT_31c26378a7d5ef65,EXACT_TEXT_31c26378a7d5ef65,,exact_duplicate_group_id:EXACT_TEXT_31c26378a7d5ef65
52,2,1159,7421353328472752902,Negative,EXACT_TEXT_fe83c414fdf1511f,EXACT_TEXT_fe83c414fdf1511f,,exact_duplicate_group_id:EXACT_TEXT_fe83c414fdf1511f
52,2,1164,7421363367556514565,Negative,EXACT_TEXT_c61a2692c78c4983,EXACT_TEXT_c61a2692c78c4983,,exact_duplicate_group_id:EXACT_TEXT_c61a2692c78c4983
52,2,1172,7421403548610708229,Negative,EXACT_TEXT_beb582ba423e6c52,EXACT_TEXT_beb582ba423e6c52,,exact_duplicate_group_id:EXACT_TEXT_beb582ba423e6c52
52,2,1195,7421658120877540113,Negative,EXACT_TEXT_79ac4c147857c64e,EXACT_TEXT_79ac4c147857c64e,,exact_duplicate_group_id:EXACT_TEXT_79ac4c147857c64e
52,2,1200,7421692122485326597,Negative,EXACT_TEXT_4aa7d89a24ec42bd,EXACT_TEXT_4aa7d89a24ec42bd,,exact_duplicate_group_id:EXACT_TEXT_4aa7d89a24ec42bd
52,2,1217,7421864387273523974,Negative,EXACT_TEXT_72c430a1b0423216,EXACT_TEXT_72c430a1b0423216,,exact_duplicate_group_id:EXACT_TEXT_72c430a1b0423216
52,2,1218,7421872295499186950,Neutral,EXACT_GROUP_00207,EXACT_GROUP_00207,SIM_CLUSTER_00027,near_duplicate_cluster_id:SIM_CLUSTER_00027
52,2,1226,7422104975247835909,Negative,EXACT_TEXT_b1884d35f789fa72,EXACT_TEXT_b1884d35f789fa72,,exact_duplicate_group_id:EXACT_TEXT_b1884d35f789fa72
52,2,1228,7422109936836117253,Negative,EXACT_TEXT_4453768bb6992847,EXACT_TEXT_4453768bb6992847,,exact_duplicate_group_id:EXACT_TEXT_4453768bb6992847
52,2,1229,7422112357004772101,Negative,EXACT_TEXT_4df0d8e89a005a45,EXACT_TEXT_4df0d8e89a005a45,,exact_duplicate_group_id:EXACT_TEXT_4df0d8e89a005a45
52,2,1241,7422214520690590469,Negative,EXACT_TEXT_f4df452df7283a6b,EXACT_TEXT_f4df452df7283a6b,,exact_duplicate_group_id:EXACT_TEXT_f4df452df7283a6b
52,2,1242,7422226753013613318,Negative,EXACT_TEXT_ee349a860715cf3a,EXACT_TEXT_ee349a860715cf3a,,exact_duplicate_group_id:EXACT_TEXT_ee349a860715cf3a
52,2,1245,7422238054230082310,Positive,EXACT_TEXT_5f9f5a5f044dcb65,EXACT_TEXT_5f9f5a5f044dcb65,,exact_duplicate_group_id:EXACT_TEXT_5f9f5a5f044dcb65
52,2,1246,7422241450672636677,Negative,EXACT_TEXT_65a63608de7d3dbf,EXACT_TEXT_65a63608de7d3dbf,,exact_duplicate_group_id:EXACT_TEXT_65a63608de7d3dbf
52,2,1247,7422251056815883013,Neutral,EXACT_TEXT_4d7175020138ebd8,EXACT_TEXT_4d7175020138ebd8,,exact_duplicate_group_id:EXACT_TEXT_4d7175020138ebd8
52,2,1256,7422492064812548869,Negative,EXACT_TEXT_f6ff0a73e412a5e4,EXACT_TEXT_f6ff0a73e412a5e4,,exact_duplicate_group_id:EXACT_TEXT_f6ff0a73e412a5e4
52,2,1258,7422498002512151302,Negative,EXACT_TEXT_dd75e9dd05911f2d,EXACT_TEXT_dd75e9dd05911f2d,SIM_CLUSTER_01085,near_duplicate_cluster_id:SIM_CLUSTER_01085
52,2,1262,7422517117515678469,Neutral,EXACT_TEXT_9d8309c6fe8d8f75,EXACT_TEXT_9d8309c6fe8d8f75,,exact_duplicate_group_id:EXACT_TEXT_9d8309c6fe8d8f75
52,2,1276,7422664852654899974,Negative,EXACT_TEXT_3ba00fb672a1d9fa,EXACT_TEXT_3ba00fb672a1d9fa,,exact_duplicate_group_id:EXACT_TEXT_3ba00fb672a1d9fa
52,2,1282,7422695194057376517,Neutral,EXACT_GROUP_00066,EXACT_GROUP_00066,SIM_CLUSTER_00652,near_duplicate_cluster_id:SIM_CLUSTER_00652
52,2,1293,7422924653252150023,Negative,EXACT_TEXT_c35c8a95e68f250e,EXACT_TEXT_c35c8a95e68f250e,,exact_duplicate_group_id:EXACT_TEXT_c35c8a95e68f250e
52,2,1297,7422975619732865798,Negative,EXACT_TEXT_7b24f85f2a9049e6,EXACT_TEXT_7b24f85f2a9049e6,,exact_duplicate_group_id:EXACT_TEXT_7b24f85f2a9049e6
52,2,1300,7423021249482392326,Negative,EXACT_TEXT_75114ecee609a39e,EXACT_TEXT_75114ecee609a39e,SIM_CLUSTER_01091,near_duplicate_cluster_id:SIM_CLUSTER_01091
52,2,1307,7424400045057278726,Positive,EXACT_TEXT_40915b3c01fab89d,EXACT_TEXT_40915b3c01fab89d,,exact_duplicate_group_id:EXACT_TEXT_40915b3c01fab89d
52,2,1310,7424800585340207878,Neutral,EXACT_TEXT_396730b9e7a4b128,EXACT_TEXT_396730b9e7a4b128,,exact_duplicate_group_id:EXACT_TEXT_396730b9e7a4b128
52,2,1316,7425475216106881797,Negative,EXACT_TEXT_9a235039a3d39beb,EXACT_TEXT_9a235039a3d39beb,,exact_duplicate_group_id:EXACT_TEXT_9a235039a3d39beb
52,2,1325,7426685002215719686,Neutral,EXACT_TEXT_34db35d41f735e77,EXACT_TEXT_34db35d41f735e77,,exact_duplicate_group_id:EXACT_TEXT_34db35d41f735e77
52,2,1335,7428440164983161618,Neutral,EXACT_TEXT_f7a8505d0a35cff4,EXACT_TEXT_f7a8505d0a35cff4,,exact_duplicate_group_id:EXACT_TEXT_f7a8505d0a35cff4
52,2,1340,7428454847685231365,Neutral,EXACT_TEXT_7e2fb44626a1ccb2,EXACT_TEXT_7e2fb44626a1ccb2,,exact_duplicate_group_id:EXACT_TEXT_7e2fb44626a1ccb2
52,2,1345,7428469228464603946,Positive,EXACT_TEXT_8655a04a86c62215,EXACT_TEXT_8655a04a86c62215,,exact_duplicate_group_id:EXACT_TEXT_8655a04a86c62215
52,2,1349,7428477241744818950,Neutral,EXACT_TEXT_e75636baf32dfffe,EXACT_TEXT_e75636baf32dfffe,,exact_duplicate_group_id:EXACT_TEXT_e75636baf32dfffe
52,2,1351,7428494669702562565,Positive,EXACT_TEXT_d26f9c46d1918e75,EXACT_TEXT_d26f9c46d1918e75,SIM_CLUSTER_00686,near_duplicate_cluster_id:SIM_CLUSTER_00686
52,2,1362,7428551509930164997,Positive,EXACT_TEXT_77bd938b89a90999,EXACT_TEXT_77bd938b89a90999,,exact_duplicate_group_id:EXACT_TEXT_77bd938b89a90999
52,2,1366,7428582900646298373,Negative,EXACT_TEXT_ecd5264f4bbf0cdc,EXACT_TEXT_ecd5264f4bbf0cdc,,exact_duplicate_group_id:EXACT_TEXT_ecd5264f4bbf0cdc
52,2,1368,7428593463509943041,Neutral,EXACT_TEXT_c254859a92bd8387,EXACT_TEXT_c254859a92bd8387,,exact_duplicate_group_id:EXACT_TEXT_c254859a92bd8387
52,2,1369,7428593755227800326,Neutral,EXACT_TEXT_6e6c951a6dbe9808,EXACT_TEXT_6e6c951a6dbe9808,,exact_duplicate_group_id:EXACT_TEXT_6e6c951a6dbe9808
52,2,1375,7428620639085626118,Neutral,EXACT_TEXT_57e1f4aaeb38a742,EXACT_TEXT_57e1f4aaeb38a742,,exact_duplicate_group_id:EXACT_TEXT_57e1f4aaeb38a742
52,2,1378,7428722045233873670,Neutral,EXACT_TEXT_b4648fa0174119b5,EXACT_TEXT_b4648fa0174119b5,,exact_duplicate_group_id:EXACT_TEXT_b4648fa0174119b5
52,2,1383,7428780907719017232,Positive,EXACT_TEXT_eddaec60e2ae7b14,EXACT_TEXT_eddaec60e2ae7b14,,exact_duplicate_group_id:EXACT_TEXT_eddaec60e2ae7b14
52,2,1398,7428962876423308038,Positive,EXACT_TEXT_ab66e6bfcc891fc1,EXACT_TEXT_ab66e6bfcc891fc1,SIM_CLUSTER_00686,near_duplicate_cluster_id:SIM_CLUSTER_00686
52,2,1407,7429186356247200532,Negative,EXACT_TEXT_60d8fe08b440a163,EXACT_TEXT_60d8fe08b440a163,,exact_duplicate_group_id:EXACT_TEXT_60d8fe08b440a163
52,2,1408,7429189948577104645,Neutral,EXACT_TEXT_78ff8f975d1b9df1,EXACT_TEXT_78ff8f975d1b9df1,,exact_duplicate_group_id:EXACT_TEXT_78ff8f975d1b9df1
52,2,1413,7429342292651344645,Positive,EXACT_GROUP_00969,EXACT_GROUP_00969,SIM_CLUSTER_00101,near_duplicate_cluster_id:SIM_CLUSTER_00101
52,2,1414,7429362087108084485,Positive,EXACT_TEXT_2756fe6b6a95c42e,EXACT_TEXT_2756fe6b6a95c42e,,exact_duplicate_group_id:EXACT_TEXT_2756fe6b6a95c42e
52,2,1416,7429479426255110917,Positive,EXACT_TEXT_234a048111133131,EXACT_TEXT_234a048111133131,,exact_duplicate_group_id:EXACT_TEXT_234a048111133131
52,2,1420,7429588259968074502,Neutral,EXACT_TEXT_e677ca147bb14a78,EXACT_TEXT_e677ca147bb14a78,,exact_duplicate_group_id:EXACT_TEXT_e677ca147bb14a78
52,2,1421,7429616114336973574,Positive,EXACT_TEXT_d4b28199860f5319,EXACT_TEXT_d4b28199860f5319,,exact_duplicate_group_id:EXACT_TEXT_d4b28199860f5319
52,2,1429,7429897256695825158,Negative,EXACT_TEXT_ca522d86fd0a1f0b,EXACT_TEXT_ca522d86fd0a1f0b,,exact_duplicate_group_id:EXACT_TEXT_ca522d86fd0a1f0b
52,2,1431,7429944694136652550,Neutral,EXACT_TEXT_f7efe6df2fcb932b,EXACT_TEXT_f7efe6df2fcb932b,,exact_duplicate_group_id:EXACT_TEXT_f7efe6df2fcb932b
52,2,1450,7430709982705009414,Negative,EXACT_TEXT_6b7bf31aca9cf41e,EXACT_TEXT_6b7bf31aca9cf41e,,exact_duplicate_group_id:EXACT_TEXT_6b7bf31aca9cf41e
52,2,1458,7431055081434678023,Neutral,EXACT_TEXT_ae1f9575d83bf398,EXACT_TEXT_ae1f9575d83bf398,,exact_duplicate_group_id:EXACT_TEXT_ae1f9575d83bf398
52,2,1461,7431150964936131333,Negative,EXACT_TEXT_af7f8fcb2152243d,EXACT_TEXT_af7f8fcb2152243d,,exact_duplicate_group_id:EXACT_TEXT_af7f8fcb2152243d
52,2,1511,7438059187304055560,Negative,EXACT_TEXT_d998c45724f2aad7,EXACT_TEXT_d998c45724f2aad7,,exact_duplicate_group_id:EXACT_TEXT_d998c45724f2aad7
52,2,1521,7438624851936232199,Neutral,EXACT_TEXT_be4600f8a76b392c,EXACT_TEXT_be4600f8a76b392c,SIM_CLUSTER_00447,near_duplicate_cluster_id:SIM_CLUSTER_00447
52,2,1551,7444378550146712376,Neutral,EXACT_TEXT_ca7779eb10c51098,EXACT_TEXT_ca7779eb10c51098,SIM_CLUSTER_01302,near_duplicate_cluster_id:SIM_CLUSTER_01302
52,2,1552,7444390480797942548,Neutral,EXACT_GROUP_00221,EXACT_GROUP_00221,SIM_CLUSTER_00068,near_duplicate_cluster_id:SIM_CLUSTER_00068
52,2,1572,7450293360423748359,Neutral,EXACT_TEXT_6dfef3a89065047e,EXACT_TEXT_6dfef3a89065047e,,exact_duplicate_group_id:EXACT_TEXT_6dfef3a89065047e
52,2,1575,7452195669370176264,Negative,EXACT_TEXT_8fbcb11760485e24,EXACT_TEXT_8fbcb11760485e24,,exact_duplicate_group_id:EXACT_TEXT_8fbcb11760485e24
52,2,1582,7454760155760198416,Neutral,EXACT_TEXT_f7305cedb6c24992,EXACT_TEXT_f7305cedb6c24992,,exact_duplicate_group_id:EXACT_TEXT_f7305cedb6c24992
52,2,1584,7455133741192987399,Negative,EXACT_TEXT_96ae8e84ffc46ca7,EXACT_TEXT_96ae8e84ffc46ca7,,exact_duplicate_group_id:EXACT_TEXT_96ae8e84ffc46ca7
52,2,1599,7458167111912407813,Negative,EXACT_TEXT_dc71bbab71170e12,EXACT_TEXT_dc71bbab71170e12,SIM_CLUSTER_00520,near_duplicate_cluster_id:SIM_CLUSTER_00520
52,2,1600,7458167292648833798,Negative,EXACT_GROUP_00501,EXACT_GROUP_00501,SIM_CLUSTER_00520,near_duplicate_cluster_id:SIM_CLUSTER_00520
52,2,1601,7458167426157396741,Negative,EXACT_GROUP_00501,EXACT_GROUP_00501,SIM_CLUSTER_00520,near_duplicate_cluster_id:SIM_CLUSTER_00520
52,2,1602,7458167551328092933,Negative,EXACT_GROUP_00501,EXACT_GROUP_00501,SIM_CLUSTER_00520,near_duplicate_cluster_id:SIM_CLUSTER_00520
52,2,1613,7459661956102816529,Negative,EXACT_TEXT_8dede9aad53afe57,EXACT_TEXT_8dede9aad53afe57,,exact_duplicate_group_id:EXACT_TEXT_8dede9aad53afe57
52,2,1622,7461660541753754375,Neutral,EXACT_TEXT_d4068c68ea9472fe,EXACT_TEXT_d4068c68ea9472fe,,exact_duplicate_group_id:EXACT_TEXT_d4068c68ea9472fe
52,2,1623,7461901510697272072,Neutral,EXACT_TEXT_2aa1996302a52a29,EXACT_TEXT_2aa1996302a52a29,,exact_duplicate_group_id:EXACT_TEXT_2aa1996302a52a29
52,2,1638,7467180465842258694,Negative,EXACT_TEXT_88b127013262bb00,EXACT_TEXT_88b127013262bb00,,exact_duplicate_group_id:EXACT_TEXT_88b127013262bb00
52,2,1640,7468192642104001301,Negative,EXACT_TEXT_7cb2398f9cf9d41b,EXACT_TEXT_7cb2398f9cf9d41b,,exact_duplicate_group_id:EXACT_TEXT_7cb2398f9cf9d41b
52,2,1644,7469439339081220882,Positive,EXACT_TEXT_04506e567d6a6afa,EXACT_TEXT_04506e567d6a6afa,,exact_duplicate_group_id:EXACT_TEXT_04506e567d6a6afa
52,2,1650,7472394480465822484,Neutral,EXACT_TEXT_d35cee371dee560d,EXACT_TEXT_d35cee371dee560d,,exact_duplicate_group_id:EXACT_TEXT_d35cee371dee560d
52,2,1652,7473732098672116535,Negative,EXACT_TEXT_f7d0f0394305cb2c,EXACT_TEXT_f7d0f0394305cb2c,,exact_duplicate_group_id:EXACT_TEXT_f7d0f0394305cb2c
52,2,1654,7475278232570446612,Negative,EXACT_TEXT_a059282dd920bcc7,EXACT_TEXT_a059282dd920bcc7,,exact_duplicate_group_id:EXACT_TEXT_a059282dd920bcc7
52,2,1658,7477579268261544725,Negative,EXACT_TEXT_313276dc1d56a732,EXACT_TEXT_313276dc1d56a732,,exact_duplicate_group_id:EXACT_TEXT_313276dc1d56a732
52,2,1670,7489588676624663303,Positive,EXACT_TEXT_b6b1d03d90453174,EXACT_TEXT_b6b1d03d90453174,,exact_duplicate_group_id:EXACT_TEXT_b6b1d03d90453174
52,2,1672,7491351347019973431,Neutral,EXACT_TEXT_e8689c771376efe6,EXACT_TEXT_e8689c771376efe6,,exact_duplicate_group_id:EXACT_TEXT_e8689c771376efe6
52,2,1675,7493957517879100168,Neutral,EXACT_TEXT_194e5c52f7516315,EXACT_TEXT_194e5c52f7516315,,exact_duplicate_group_id:EXACT_TEXT_194e5c52f7516315
52,2,1681,7496713803562042113,Positive,EXACT_TEXT_6155a1223e0e60cf,EXACT_TEXT_6155a1223e0e60cf,,exact_duplicate_group_id:EXACT_TEXT_6155a1223e0e60cf
52,2,1685,7501228005735121672,Positive,EXACT_TEXT_ba7e84c3f20c990f,EXACT_TEXT_ba7e84c3f20c990f,,exact_duplicate_group_id:EXACT_TEXT_ba7e84c3f20c990f
52,2,1694,7508227556665197319,Positive,EXACT_TEXT_acb4926db98fea68,EXACT_TEXT_acb4926db98fea68,,exact_duplicate_group_id:EXACT_TEXT_acb4926db98fea68
52,2,1700,7510220905870557959,Positive,EXACT_TEXT_dc33a6d8a648180b,EXACT_TEXT_dc33a6d8a648180b,,exact_duplicate_group_id:EXACT_TEXT_dc33a6d8a648180b
52,2,1704,7513952961790722824,Negative,EXACT_TEXT_83450c0f6fa954ad,EXACT_TEXT_83450c0f6fa954ad,,exact_duplicate_group_id:EXACT_TEXT_83450c0f6fa954ad
52,2,1709,7520615823951364872,Neutral,EXACT_TEXT_a082cac8882bbc1a,EXACT_TEXT_a082cac8882bbc1a,,exact_duplicate_group_id:EXACT_TEXT_a082cac8882bbc1a
52,2,1714,7524528025221071634,Neutral,EXACT_TEXT_ef8a1a380faf3471,EXACT_TEXT_ef8a1a380faf3471,,exact_duplicate_group_id:EXACT_TEXT_ef8a1a380faf3471
52,2,1723,7534860110444118791,Negative,EXACT_TEXT_3b34c751ea1206ac,EXACT_TEXT_3b34c751ea1206ac,,exact_duplicate_group_id:EXACT_TEXT_3b34c751ea1206ac
52,2,1728,7537991858938643216,Positive,EXACT_TEXT_8b3dbc3c34964236,EXACT_TEXT_8b3dbc3c34964236,,exact_duplicate_group_id:EXACT_TEXT_8b3dbc3c34964236
52,2,1739,7546069674447209223,Negative,EXACT_TEXT_396c4b2f12b85168,EXACT_TEXT_396c4b2f12b85168,,exact_duplicate_group_id:EXACT_TEXT_396c4b2f12b85168
52,2,1744,7552737085176185601,Neutral,EXACT_TEXT_eaf4a492fa3f39a9,EXACT_TEXT_eaf4a492fa3f39a9,,exact_duplicate_group_id:EXACT_TEXT_eaf4a492fa3f39a9
52,2,1746,7556100472421368584,Positive,EXACT_TEXT_1cc0baf259844064,EXACT_TEXT_1cc0baf259844064,,exact_duplicate_group_id:EXACT_TEXT_1cc0baf259844064
52,2,1760,7581676075630166792,Negative,EXACT_TEXT_478c0381ebd67597,EXACT_TEXT_478c0381ebd67597,,exact_duplicate_group_id:EXACT_TEXT_478c0381ebd67597
52,2,1762,7584404491761861383,Positive,EXACT_TEXT_512498c720f9a43e,EXACT_TEXT_512498c720f9a43e,,exact_duplicate_group_id:EXACT_TEXT_512498c720f9a43e
52,2,1770,7588125634302493458,Negative,EXACT_TEXT_d585a2758a623362,EXACT_TEXT_d585a2758a623362,,exact_duplicate_group_id:EXACT_TEXT_d585a2758a623362
52,2,1780,7596243864794219282,Positive,EXACT_TEXT_4effe982e14a2243,EXACT_TEXT_4effe982e14a2243,,exact_duplicate_group_id:EXACT_TEXT_4effe982e14a2243
52,2,1782,7596245348151362312,Positive,EXACT_TEXT_dd468cd0fa344817,EXACT_TEXT_dd468cd0fa344817,,exact_duplicate_group_id:EXACT_TEXT_dd468cd0fa344817
52,2,1784,7596250134884123410,Positive,EXACT_TEXT_a2f895a1c37bad20,EXACT_TEXT_a2f895a1c37bad20,,exact_duplicate_group_id:EXACT_TEXT_a2f895a1c37bad20
52,2,1790,7596491512835179272,Positive,EXACT_TEXT_23ba3e7eb0378907,EXACT_TEXT_23ba3e7eb0378907,,exact_duplicate_group_id:EXACT_TEXT_23ba3e7eb0378907
52,2,1791,7596492406260253458,Positive,EXACT_TEXT_fd2a701331c208e2,EXACT_TEXT_fd2a701331c208e2,,exact_duplicate_group_id:EXACT_TEXT_fd2a701331c208e2
52,2,1793,7596675022011712263,Negative,EXACT_TEXT_cdd3728f17dc98e5,EXACT_TEXT_cdd3728f17dc98e5,,exact_duplicate_group_id:EXACT_TEXT_cdd3728f17dc98e5
52,2,1795,7597241373851239169,Negative,EXACT_TEXT_bb6f6d6b5dc473a5,EXACT_TEXT_bb6f6d6b5dc473a5,,exact_duplicate_group_id:EXACT_TEXT_bb6f6d6b5dc473a5
52,2,1814,7614653514790994695,Neutral,EXACT_GROUP_00207,EXACT_GROUP_00207,SIM_CLUSTER_00027,near_duplicate_cluster_id:SIM_CLUSTER_00027
52,2,1815,7617071115329291028,Neutral,EXACT_GROUP_00207,EXACT_GROUP_00207,SIM_CLUSTER_00027,near_duplicate_cluster_id:SIM_CLUSTER_00027
52,2,1818,7632034400415023880,Negative,EXACT_TEXT_7440c719fbe0f432,EXACT_TEXT_7440c719fbe0f432,,exact_duplicate_group_id:EXACT_TEXT_7440c719fbe0f432
52,2,1820,7639026817244201749,Neutral,EXACT_TEXT_ef8c8851fd656463,EXACT_TEXT_ef8c8851fd656463,,exact_duplicate_group_id:EXACT_TEXT_ef8c8851fd656463
52,2,1822,7648964116292846354,Negative,EXACT_TEXT_ab4ca9b9646eb32f,EXACT_TEXT_ab4ca9b9646eb32f,,exact_duplicate_group_id:EXACT_TEXT_ab4ca9b9646eb32f
52,3,0,1078358560377612835,Positive,EXACT_TEXT_2904127a70d83282,EXACT_TEXT_2904127a70d83282,SIM_CLUSTER_00271,near_duplicate_cluster_id:SIM_CLUSTER_00271
52,3,4,4116937556682421084,Positive,EXACT_GROUP_00839,EXACT_GROUP_00839,SIM_CLUSTER_00271,near_duplicate_cluster_id:SIM_CLUSTER_00271
52,3,9,5823062342045730092,Positive,EXACT_GROUP_00475,EXACT_GROUP_00475,SIM_CLUSTER_00205,near_duplicate_cluster_id:SIM_CLUSTER_00205
52,3,17,7167935907470476059,Neutral,EXACT_TEXT_4084d2869b29c72b,EXACT_TEXT_4084d2869b29c72b,,exact_duplicate_group_id:EXACT_TEXT_4084d2869b29c72b
52,3,20,7174382298128024347,Neutral,EXACT_TEXT_811c16ec86141691,EXACT_TEXT_811c16ec86141691,,exact_duplicate_group_id:EXACT_TEXT_811c16ec86141691
52,3,30,7204646264817287963,Positive,EXACT_TEXT_8428e23465163787,EXACT_TEXT_8428e23465163787,,exact_duplicate_group_id:EXACT_TEXT_8428e23465163787
52,3,31,7205052922697155355,Neutral,EXACT_TEXT_06c6f65b201597bf,EXACT_TEXT_06c6f65b201597bf,,exact_duplicate_group_id:EXACT_TEXT_06c6f65b201597bf
52,3,37,7206607576397644571,Neutral,EXACT_TEXT_c147e13755f210f6,EXACT_TEXT_c147e13755f210f6,,exact_duplicate_group_id:EXACT_TEXT_c147e13755f210f6
52,3,41,7210114446663107355,Neutral,EXACT_TEXT_1ece971cf8ca8a9e,EXACT_TEXT_1ece971cf8ca8a9e,,exact_duplicate_group_id:EXACT_TEXT_1ece971cf8ca8a9e
52,3,45,7215470372304028442,Neutral,EXACT_TEXT_ca8ef80efb5c90b4,EXACT_TEXT_ca8ef80efb5c90b4,,exact_duplicate_group_id:EXACT_TEXT_ca8ef80efb5c90b4
52,3,49,7221649341571629851,Neutral,EXACT_TEXT_683c306788ddbdfd,EXACT_TEXT_683c306788ddbdfd,,exact_duplicate_group_id:EXACT_TEXT_683c306788ddbdfd
52,3,60,7228370189992444678,Neutral,EXACT_TEXT_6e2a31565d92a797,EXACT_TEXT_6e2a31565d92a797,,exact_duplicate_group_id:EXACT_TEXT_6e2a31565d92a797
52,3,62,7229237207624729371,Neutral,EXACT_GROUP_00137,EXACT_GROUP_00137,SIM_CLUSTER_00854,near_duplicate_cluster_id:SIM_CLUSTER_00854
52,3,65,7237680786882347781,Positive,EXACT_TEXT_a304276b74c5d29f,EXACT_TEXT_a304276b74c5d29f,,exact_duplicate_group_id:EXACT_TEXT_a304276b74c5d29f
52,3,66,7239665419245748998,Neutral,EXACT_TEXT_7d70896cec768ad6,EXACT_TEXT_7d70896cec768ad6,,exact_duplicate_group_id:EXACT_TEXT_7d70896cec768ad6
52,3,67,7248028245966242566,Neutral,EXACT_TEXT_cc8ab721ff869814,EXACT_TEXT_cc8ab721ff869814,,exact_duplicate_group_id:EXACT_TEXT_cc8ab721ff869814
52,3,77,7284901903266579206,Neutral,EXACT_TEXT_077c543ae8c69216,EXACT_TEXT_077c543ae8c69216,,exact_duplicate_group_id:EXACT_TEXT_077c543ae8c69216
52,3,91,7312052744050082566,Positive,EXACT_TEXT_f33231d75dbf30ee,EXACT_TEXT_f33231d75dbf30ee,,exact_duplicate_group_id:EXACT_TEXT_f33231d75dbf30ee
52,3,92,7312063390166713093,Neutral,EXACT_TEXT_c7719a2b1d04a780,EXACT_TEXT_c7719a2b1d04a780,,exact_duplicate_group_id:EXACT_TEXT_c7719a2b1d04a780
52,3,103,7313678254987264774,Neutral,EXACT_TEXT_ef3bb9b4b2e2f908,EXACT_TEXT_ef3bb9b4b2e2f908,SIM_CLUSTER_00045,near_duplicate_cluster_id:SIM_CLUSTER_00045
52,3,104,7314145291331027717,Neutral,EXACT_TEXT_db219842ee07d473,EXACT_TEXT_db219842ee07d473,,exact_duplicate_group_id:EXACT_TEXT_db219842ee07d473
52,3,105,7314726590914691845,Positive,EXACT_TEXT_a23ece5774724a56,EXACT_TEXT_a23ece5774724a56,,exact_duplicate_group_id:EXACT_TEXT_a23ece5774724a56
52,3,106,7314892219084014341,Neutral,EXACT_GROUP_00254,EXACT_GROUP_00254,SIM_CLUSTER_00098,near_duplicate_cluster_id:SIM_CLUSTER_00098
52,3,119,7320096353039188742,Neutral,EXACT_TEXT_b5b7d222ef5a3056,EXACT_TEXT_b5b7d222ef5a3056,,exact_duplicate_group_id:EXACT_TEXT_b5b7d222ef5a3056
52,3,126,7320194971344012038,Positive,EXACT_TEXT_9221036cd338f356,EXACT_TEXT_9221036cd338f356,,exact_duplicate_group_id:EXACT_TEXT_9221036cd338f356
52,3,134,7323463117349307142,Neutral,EXACT_TEXT_84ba459808b86023,EXACT_TEXT_84ba459808b86023,,exact_duplicate_group_id:EXACT_TEXT_84ba459808b86023
52,3,136,7325174818910487302,Neutral,EXACT_TEXT_5aa4657571ac7ccd,EXACT_TEXT_5aa4657571ac7ccd,,exact_duplicate_group_id:EXACT_TEXT_5aa4657571ac7ccd
52,3,139,7327474378933158662,Neutral,EXACT_TEXT_aba76b37077669d3,EXACT_TEXT_aba76b37077669d3,,exact_duplicate_group_id:EXACT_TEXT_aba76b37077669d3
52,3,140,7328343779596747525,Neutral,EXACT_TEXT_366b60051a78f388,EXACT_TEXT_366b60051a78f388,SIM_CLUSTER_00432,near_duplicate_cluster_id:SIM_CLUSTER_00432
52,3,142,7329777098683826949,Neutral,EXACT_TEXT_08f788edb61d8884,EXACT_TEXT_08f788edb61d8884,,exact_duplicate_group_id:EXACT_TEXT_08f788edb61d8884
52,3,153,7336853531112112902,Neutral,EXACT_TEXT_a06b7086c3662b10,EXACT_TEXT_a06b7086c3662b10,,exact_duplicate_group_id:EXACT_TEXT_a06b7086c3662b10
52,3,163,7341663354357875462,Positive,EXACT_TEXT_6c18b18b23a7fe35,EXACT_TEXT_6c18b18b23a7fe35,,exact_duplicate_group_id:EXACT_TEXT_6c18b18b23a7fe35
52,3,175,7356999748694065926,Neutral,EXACT_TEXT_835949c9e9d1155e,EXACT_TEXT_835949c9e9d1155e,,exact_duplicate_group_id:EXACT_TEXT_835949c9e9d1155e
52,3,179,7357754286313407237,Neutral,EXACT_TEXT_1902a5aa33434593,EXACT_TEXT_1902a5aa33434593,,exact_duplicate_group_id:EXACT_TEXT_1902a5aa33434593
52,3,183,7357802776812454661,Negative,EXACT_TEXT_d9944e2c168e1dd7,EXACT_TEXT_d9944e2c168e1dd7,,exact_duplicate_group_id:EXACT_TEXT_d9944e2c168e1dd7
52,3,188,7357919904164758277,Neutral,EXACT_TEXT_5993ebb16a0d1d7c,EXACT_TEXT_5993ebb16a0d1d7c,,exact_duplicate_group_id:EXACT_TEXT_5993ebb16a0d1d7c
52,3,193,7357971118916027142,Negative,EXACT_TEXT_2a522a5994236caa,EXACT_TEXT_2a522a5994236caa,,exact_duplicate_group_id:EXACT_TEXT_2a522a5994236caa
52,3,197,7358017720413651717,Neutral,EXACT_TEXT_1b461358bdd343d1,EXACT_TEXT_1b461358bdd343d1,,exact_duplicate_group_id:EXACT_TEXT_1b461358bdd343d1
52,3,198,7358089940905542405,Negative,EXACT_TEXT_1e831bcbce8b11b3,EXACT_TEXT_1e831bcbce8b11b3,,exact_duplicate_group_id:EXACT_TEXT_1e831bcbce8b11b3
52,3,201,7358155380872774405,Neutral,EXACT_TEXT_cff95fde635bb81b,EXACT_TEXT_cff95fde635bb81b,,exact_duplicate_group_id:EXACT_TEXT_cff95fde635bb81b
52,3,209,7358513013169685253,Negative,EXACT_TEXT_925b49eed3b1f4fc,EXACT_TEXT_925b49eed3b1f4fc,,exact_duplicate_group_id:EXACT_TEXT_925b49eed3b1f4fc
52,3,214,7359220281518424850,Neutral,EXACT_TEXT_7d5ebf7556b45d46,EXACT_TEXT_7d5ebf7556b45d46,,exact_duplicate_group_id:EXACT_TEXT_7d5ebf7556b45d46
52,3,218,7359708297187328774,Neutral,EXACT_TEXT_4b366e37bd218c0a,EXACT_TEXT_4b366e37bd218c0a,SIM_CLUSTER_00057,near_duplicate_cluster_id:SIM_CLUSTER_00057
52,3,225,7361367850408739590,Neutral,EXACT_TEXT_7efd30b4841fe7be,EXACT_TEXT_7efd30b4841fe7be,,exact_duplicate_group_id:EXACT_TEXT_7efd30b4841fe7be
52,3,229,7363436657960289029,Neutral,EXACT_TEXT_a56d40147310106a,EXACT_TEXT_a56d40147310106a,,exact_duplicate_group_id:EXACT_TEXT_a56d40147310106a
52,3,231,7365480615469056773,Neutral,EXACT_TEXT_71d1be2a55091c4c,EXACT_TEXT_71d1be2a55091c4c,,exact_duplicate_group_id:EXACT_TEXT_71d1be2a55091c4c
52,3,234,7366216602360857349,Positive,EXACT_TEXT_a9a53433b3a0840a,EXACT_TEXT_a9a53433b3a0840a,,exact_duplicate_group_id:EXACT_TEXT_a9a53433b3a0840a
52,3,239,7372944638439162629,Negative,EXACT_TEXT_93c071f5caed1e9e,EXACT_TEXT_93c071f5caed1e9e,,exact_duplicate_group_id:EXACT_TEXT_93c071f5caed1e9e
52,3,242,7376474635820876550,Neutral,EXACT_TEXT_568137251027d5c0,EXACT_TEXT_568137251027d5c0,,exact_duplicate_group_id:EXACT_TEXT_568137251027d5c0
52,3,248,7378509528494883590,Neutral,EXACT_TEXT_826d2c7e1b72107d,EXACT_TEXT_826d2c7e1b72107d,,exact_duplicate_group_id:EXACT_TEXT_826d2c7e1b72107d
52,3,251,7378571864202871558,Positive,EXACT_TEXT_cc8a16a5e3c203d8,EXACT_TEXT_cc8a16a5e3c203d8,,exact_duplicate_group_id:EXACT_TEXT_cc8a16a5e3c203d8
52,3,258,7384704331185275653,Negative,EXACT_TEXT_0d962581a8c730b4,EXACT_TEXT_0d962581a8c730b4,,exact_duplicate_group_id:EXACT_TEXT_0d962581a8c730b4
52,3,265,7386158318811890437,Neutral,EXACT_TEXT_881d0d6567fefd04,EXACT_TEXT_881d0d6567fefd04,,exact_duplicate_group_id:EXACT_TEXT_881d0d6567fefd04
52,3,270,7388517004779143942,Neutral,EXACT_TEXT_d581f771bb56c1eb,EXACT_TEXT_d581f771bb56c1eb,SIM_CLUSTER_00033,near_duplicate_cluster_id:SIM_CLUSTER_00033
52,3,274,7389616131072656134,Neutral,EXACT_TEXT_7aea5f2f4023ae21,EXACT_TEXT_7aea5f2f4023ae21,,exact_duplicate_group_id:EXACT_TEXT_7aea5f2f4023ae21
52,3,275,7390363726446117638,Neutral,EXACT_TEXT_71f3ef78efbf3d56,EXACT_TEXT_71f3ef78efbf3d56,,exact_duplicate_group_id:EXACT_TEXT_71f3ef78efbf3d56
52,3,285,7398020138375299856,Neutral,EXACT_TEXT_bc5d9ac7ede39892,EXACT_TEXT_bc5d9ac7ede39892,SIM_CLUSTER_01036,near_duplicate_cluster_id:SIM_CLUSTER_01036
52,3,293,7402155614460314374,Neutral,EXACT_TEXT_dcf8930cb3084e41,EXACT_TEXT_dcf8930cb3084e41,,exact_duplicate_group_id:EXACT_TEXT_dcf8930cb3084e41
52,3,296,7403753825418871558,Neutral,EXACT_TEXT_c4410bf3db7db9d2,EXACT_TEXT_c4410bf3db7db9d2,,exact_duplicate_group_id:EXACT_TEXT_c4410bf3db7db9d2
52,3,301,7408709581616939782,Positive,EXACT_TEXT_1641c81b1996443d,EXACT_TEXT_1641c81b1996443d,,exact_duplicate_group_id:EXACT_TEXT_1641c81b1996443d
52,3,312,7418101137297425157,Neutral,EXACT_TEXT_9ec25e5b41661613,EXACT_TEXT_9ec25e5b41661613,,exact_duplicate_group_id:EXACT_TEXT_9ec25e5b41661613
52,3,326,7421792961870906118,Negative,EXACT_TEXT_fb32f05f92ae24a7,EXACT_TEXT_fb32f05f92ae24a7,,exact_duplicate_group_id:EXACT_TEXT_fb32f05f92ae24a7
52,3,333,7422569489793385221,Negative,EXACT_TEXT_0928ae78074b87d4,EXACT_TEXT_0928ae78074b87d4,,exact_duplicate_group_id:EXACT_TEXT_0928ae78074b87d4
52,3,335,7422647379780535045,Positive,EXACT_TEXT_e1581a7781641bc7,EXACT_TEXT_e1581a7781641bc7,,exact_duplicate_group_id:EXACT_TEXT_e1581a7781641bc7
52,3,340,7424249268200178438,Negative,EXACT_TEXT_4774f0a95b0fe381,EXACT_TEXT_4774f0a95b0fe381,,exact_duplicate_group_id:EXACT_TEXT_4774f0a95b0fe381
52,3,353,7428561340678177542,Negative,EXACT_TEXT_82ff32128fecd6e8,EXACT_TEXT_82ff32128fecd6e8,,exact_duplicate_group_id:EXACT_TEXT_82ff32128fecd6e8
52,3,357,7428889060893377285,Neutral,EXACT_TEXT_afd63fa533b8014a,EXACT_TEXT_afd63fa533b8014a,,exact_duplicate_group_id:EXACT_TEXT_afd63fa533b8014a
52,3,358,7429309304655659781,Positive,EXACT_TEXT_2427f357ca7ad99d,EXACT_TEXT_2427f357ca7ad99d,,exact_duplicate_group_id:EXACT_TEXT_2427f357ca7ad99d
52,3,362,7429631153680581381,Neutral,EXACT_TEXT_7ac291d75060a872,EXACT_TEXT_7ac291d75060a872,,exact_duplicate_group_id:EXACT_TEXT_7ac291d75060a872
52,3,365,7430165395645055749,Neutral,EXACT_TEXT_4491d218a18a40b3,EXACT_TEXT_4491d218a18a40b3,,exact_duplicate_group_id:EXACT_TEXT_4491d218a18a40b3
52,3,373,7432269383719240456,Neutral,EXACT_TEXT_57e9d797c3c45847,EXACT_TEXT_57e9d797c3c45847,,exact_duplicate_group_id:EXACT_TEXT_57e9d797c3c45847
52,3,374,7432557226013033222,Positive,EXACT_TEXT_7c0a0ec09e2c5cad,EXACT_TEXT_7c0a0ec09e2c5cad,,exact_duplicate_group_id:EXACT_TEXT_7c0a0ec09e2c5cad
52,3,377,7432911172020765445,Neutral,EXACT_TEXT_a0b917ea42303f83,EXACT_TEXT_a0b917ea42303f83,,exact_duplicate_group_id:EXACT_TEXT_a0b917ea42303f83
52,3,378,7433353437812753170,Neutral,EXACT_TEXT_697915f85bc78628,EXACT_TEXT_697915f85bc78628,,exact_duplicate_group_id:EXACT_TEXT_697915f85bc78628
52,3,380,7434041557042496262,Negative,EXACT_TEXT_513a41b9b51671d8,EXACT_TEXT_513a41b9b51671d8,,exact_duplicate_group_id:EXACT_TEXT_513a41b9b51671d8
52,3,385,7439702070418866962,Neutral,EXACT_GROUP_00137,EXACT_GROUP_00137,SIM_CLUSTER_00854,near_duplicate_cluster_id:SIM_CLUSTER_00854
52,3,388,7441948246169125687,Negative,EXACT_TEXT_abfef0d670633ca1,EXACT_TEXT_abfef0d670633ca1,,exact_duplicate_group_id:EXACT_TEXT_abfef0d670633ca1
52,3,389,7443643986155143944,Negative,EXACT_TEXT_83aa911190dc0221,EXACT_TEXT_83aa911190dc0221,,exact_duplicate_group_id:EXACT_TEXT_83aa911190dc0221
52,3,391,7447034586683687685,Neutral,EXACT_TEXT_f1a25b400d0576a8,EXACT_TEXT_f1a25b400d0576a8,,exact_duplicate_group_id:EXACT_TEXT_f1a25b400d0576a8
52,3,392,7447931216701702929,Negative,EXACT_TEXT_1d73b37d86e51f54,EXACT_TEXT_1d73b37d86e51f54,,exact_duplicate_group_id:EXACT_TEXT_1d73b37d86e51f54
52,3,402,7455926382796620564,Negative,EXACT_TEXT_fb6198aa425c736b,EXACT_TEXT_fb6198aa425c736b,,exact_duplicate_group_id:EXACT_TEXT_fb6198aa425c736b
52,3,403,7456392465298260757,Neutral,EXACT_TEXT_322d1aa7ff463c5e,EXACT_TEXT_322d1aa7ff463c5e,,exact_duplicate_group_id:EXACT_TEXT_322d1aa7ff463c5e
52,3,404,7457089687733142280,Negative,EXACT_TEXT_770883e6662851db,EXACT_TEXT_770883e6662851db,,exact_duplicate_group_id:EXACT_TEXT_770883e6662851db
52,3,406,7457751365545100050,Negative,EXACT_TEXT_b05632746a2d67fa,EXACT_TEXT_b05632746a2d67fa,,exact_duplicate_group_id:EXACT_TEXT_b05632746a2d67fa
52,3,419,7470081026904032007,Positive,EXACT_TEXT_8bd44ee74a077652,EXACT_TEXT_8bd44ee74a077652,,exact_duplicate_group_id:EXACT_TEXT_8bd44ee74a077652
52,3,424,7472763590983729927,Neutral,EXACT_TEXT_f8e6486a9184b40c,EXACT_TEXT_f8e6486a9184b40c,,exact_duplicate_group_id:EXACT_TEXT_f8e6486a9184b40c
52,3,432,7487241657223447314,Negative,EXACT_TEXT_825fe5975ce1811e,EXACT_TEXT_825fe5975ce1811e,,exact_duplicate_group_id:EXACT_TEXT_825fe5975ce1811e
52,3,433,7488801375967560456,Neutral,EXACT_TEXT_1564cdc235f98f25,EXACT_TEXT_1564cdc235f98f25,,exact_duplicate_group_id:EXACT_TEXT_1564cdc235f98f25
52,3,434,7489244047014593298,Neutral,EXACT_TEXT_341d04f1462ee0d0,EXACT_TEXT_341d04f1462ee0d0,,exact_duplicate_group_id:EXACT_TEXT_341d04f1462ee0d0
52,3,440,7499305830140003088,Neutral,EXACT_GROUP_00166,EXACT_GROUP_00166,SIM_CLUSTER_00045,near_duplicate_cluster_id:SIM_CLUSTER_00045
52,3,454,7530867483558822674,Negative,EXACT_TEXT_eecd2974967cf42b,EXACT_TEXT_eecd2974967cf42b,,exact_duplicate_group_id:EXACT_TEXT_eecd2974967cf42b
52,3,457,7537992251125973767,Negative,EXACT_TEXT_db1468909a8640d3,EXACT_TEXT_db1468909a8640d3,,exact_duplicate_group_id:EXACT_TEXT_db1468909a8640d3
52,3,461,7544171519753962258,Negative,EXACT_TEXT_8a800124440eadb9,EXACT_TEXT_8a800124440eadb9,,exact_duplicate_group_id:EXACT_TEXT_8a800124440eadb9
52,3,472,7572798974701716232,Neutral,EXACT_TEXT_98c61165a7ac0a79,EXACT_TEXT_98c61165a7ac0a79,,exact_duplicate_group_id:EXACT_TEXT_98c61165a7ac0a79
52,3,475,7582856549539234568,Negative,EXACT_TEXT_2add288dcc60b37b,EXACT_TEXT_2add288dcc60b37b,,exact_duplicate_group_id:EXACT_TEXT_2add288dcc60b37b
52,3,477,7585865148133802770,Negative,EXACT_TEXT_39b02d537b69c170,EXACT_TEXT_39b02d537b69c170,,exact_duplicate_group_id:EXACT_TEXT_39b02d537b69c170
52,3,496,7587083754239214344,Positive,EXACT_TEXT_c3ca8845289c3ddf,EXACT_TEXT_c3ca8845289c3ddf,,exact_duplicate_group_id:EXACT_TEXT_c3ca8845289c3ddf
52,3,499,7587284554609050388,Positive,EXACT_TEXT_8f70ec3784af7f85,EXACT_TEXT_8f70ec3784af7f85,,exact_duplicate_group_id:EXACT_TEXT_8f70ec3784af7f85
52,3,500,7587340302005322504,Neutral,EXACT_TEXT_bb97da3181fc3189,EXACT_TEXT_bb97da3181fc3189,,exact_duplicate_group_id:EXACT_TEXT_bb97da3181fc3189
52,3,501,7587401637221450514,Negative,EXACT_TEXT_247a039231a135cd,EXACT_TEXT_247a039231a135cd,SIM_CLUSTER_00525,near_duplicate_cluster_id:SIM_CLUSTER_00525
52,3,502,7587403596787221266,Negative,EXACT_TEXT_e6fa3d7293d53e40,EXACT_TEXT_e6fa3d7293d53e40,SIM_CLUSTER_00525,near_duplicate_cluster_id:SIM_CLUSTER_00525
52,3,504,7587404761705513736,Negative,EXACT_TEXT_fbe8808c05018def,EXACT_TEXT_fbe8808c05018def,SIM_CLUSTER_00525,near_duplicate_cluster_id:SIM_CLUSTER_00525
52,3,513,7596247171654419208,Positive,EXACT_TEXT_e6a5a6bd2919fd8e,EXACT_TEXT_e6a5a6bd2919fd8e,,exact_duplicate_group_id:EXACT_TEXT_e6a5a6bd2919fd8e
52,3,515,7596250016088900373,Positive,EXACT_TEXT_31cce6194d4797d4,EXACT_TEXT_31cce6194d4797d4,,exact_duplicate_group_id:EXACT_TEXT_31cce6194d4797d4
52,3,516,7596250253708509968,Neutral,EXACT_TEXT_c19b34af4d18ddc2,EXACT_TEXT_c19b34af4d18ddc2,,exact_duplicate_group_id:EXACT_TEXT_c19b34af4d18ddc2
52,3,517,7596250295992238849,Positive,EXACT_TEXT_206217b69b0f5d7c,EXACT_TEXT_206217b69b0f5d7c,,exact_duplicate_group_id:EXACT_TEXT_206217b69b0f5d7c
52,3,523,7596313425778524948,Positive,EXACT_TEXT_28474620c3c2805b,EXACT_TEXT_28474620c3c2805b,,exact_duplicate_group_id:EXACT_TEXT_28474620c3c2805b
52,3,528,7596541301589934869,Negative,EXACT_TEXT_81423de55edc7059,EXACT_TEXT_81423de55edc7059,,exact_duplicate_group_id:EXACT_TEXT_81423de55edc7059
52,3,543,8408552461890601760,Positive,EXACT_GROUP_00627,EXACT_GROUP_00627,SIM_CLUSTER_00181,near_duplicate_cluster_id:SIM_CLUSTER_00181
52,3,552,7131253657362547483,Negative,EXACT_TEXT_0fa1f325f6bbed9c,EXACT_TEXT_0fa1f325f6bbed9c,,exact_duplicate_group_id:EXACT_TEXT_0fa1f325f6bbed9c
52,3,573,7173450919555629851,Neutral,EXACT_TEXT_253b94fd283e175b,EXACT_TEXT_253b94fd283e175b,,exact_duplicate_group_id:EXACT_TEXT_253b94fd283e175b
52,3,578,7182756401256809242,Positive,EXACT_TEXT_884b81764fe9245c,EXACT_TEXT_884b81764fe9245c,,exact_duplicate_group_id:EXACT_TEXT_884b81764fe9245c
52,3,580,7185208026737951514,Positive,EXACT_TEXT_33a5008a8fbc01ec,EXACT_TEXT_33a5008a8fbc01ec,,exact_duplicate_group_id:EXACT_TEXT_33a5008a8fbc01ec
52,3,584,7186166682376520475,Neutral,EXACT_TEXT_f84c57324d4727b5,EXACT_TEXT_f84c57324d4727b5,,exact_duplicate_group_id:EXACT_TEXT_f84c57324d4727b5
52,3,587,7188792559011283738,Neutral,EXACT_TEXT_1b7d1b734ec93e59,EXACT_TEXT_1b7d1b734ec93e59,SIM_CLUSTER_00158,near_duplicate_cluster_id:SIM_CLUSTER_00158
52,3,588,7190663236550034202,Neutral,EXACT_TEXT_c0a86600eca68868,EXACT_TEXT_c0a86600eca68868,,exact_duplicate_group_id:EXACT_TEXT_c0a86600eca68868
52,3,591,7196630301941302043,Neutral,EXACT_TEXT_c3cdd6737a40a690,EXACT_TEXT_c3cdd6737a40a690,,exact_duplicate_group_id:EXACT_TEXT_c3cdd6737a40a690
52,3,594,7202158780199469850,Neutral,EXACT_TEXT_811e90c0c7751e47,EXACT_TEXT_811e90c0c7751e47,,exact_duplicate_group_id:EXACT_TEXT_811e90c0c7751e47
52,3,595,7202226054491570971,Neutral,EXACT_TEXT_0a78877d547be1fe,EXACT_TEXT_0a78877d547be1fe,,exact_duplicate_group_id:EXACT_TEXT_0a78877d547be1fe
52,3,599,7204694928949117701,Neutral,EXACT_TEXT_ee67c96c7ed3bbe3,EXACT_TEXT_ee67c96c7ed3bbe3,,exact_duplicate_group_id:EXACT_TEXT_ee67c96c7ed3bbe3
52,3,600,7204894354908087066,Neutral,EXACT_TEXT_5b354b7c6a380f90,EXACT_TEXT_5b354b7c6a380f90,,exact_duplicate_group_id:EXACT_TEXT_5b354b7c6a380f90
52,3,610,7208005296010117915,Neutral,EXACT_TEXT_93d7db76ca1e3be6,EXACT_TEXT_93d7db76ca1e3be6,,exact_duplicate_group_id:EXACT_TEXT_93d7db76ca1e3be6
52,3,611,7208168045260374810,Negative,EXACT_TEXT_a1937da611b17a0c,EXACT_TEXT_a1937da611b17a0c,,exact_duplicate_group_id:EXACT_TEXT_a1937da611b17a0c
52,3,614,7209665012875969307,Neutral,EXACT_TEXT_a10d379a2d894370,EXACT_TEXT_a10d379a2d894370,,exact_duplicate_group_id:EXACT_TEXT_a10d379a2d894370
52,3,616,7209935747952329498,Positive,EXACT_TEXT_3ff6545517f1e5df,EXACT_TEXT_3ff6545517f1e5df,,exact_duplicate_group_id:EXACT_TEXT_3ff6545517f1e5df
52,3,617,7210173586085233435,Negative,EXACT_TEXT_e629c9b0b878df50,EXACT_TEXT_e629c9b0b878df50,,exact_duplicate_group_id:EXACT_TEXT_e629c9b0b878df50
52,3,635,7217968945092428570,Neutral,EXACT_TEXT_f9fae9923db01bb0,EXACT_TEXT_f9fae9923db01bb0,,exact_duplicate_group_id:EXACT_TEXT_f9fae9923db01bb0
52,3,637,7218456166198919962,Positive,EXACT_TEXT_adaeaf3df6b9f449,EXACT_TEXT_adaeaf3df6b9f449,,exact_duplicate_group_id:EXACT_TEXT_adaeaf3df6b9f449
52,3,638,7219715685822923547,Neutral,EXACT_TEXT_1ac61946ba76f72f,EXACT_TEXT_1ac61946ba76f72f,,exact_duplicate_group_id:EXACT_TEXT_1ac61946ba76f72f
52,3,641,7222721190912787226,Neutral,EXACT_TEXT_46f3cc634f399814,EXACT_TEXT_46f3cc634f399814,,exact_duplicate_group_id:EXACT_TEXT_46f3cc634f399814
52,3,658,7225942452360184603,Neutral,EXACT_TEXT_507d9e42e5d74897,EXACT_TEXT_507d9e42e5d74897,,exact_duplicate_group_id:EXACT_TEXT_507d9e42e5d74897
52,3,659,7225963884095718170,Negative,EXACT_TEXT_e06ebd4af3af00d0,EXACT_TEXT_e06ebd4af3af00d0,,exact_duplicate_group_id:EXACT_TEXT_e06ebd4af3af00d0
52,3,661,7226012461362774811,Positive,EXACT_TEXT_5904475c5784c5c2,EXACT_TEXT_5904475c5784c5c2,,exact_duplicate_group_id:EXACT_TEXT_5904475c5784c5c2
52,3,665,7226262590379541274,Neutral,EXACT_TEXT_af2c3a4636305e40,EXACT_TEXT_af2c3a4636305e40,,exact_duplicate_group_id:EXACT_TEXT_af2c3a4636305e40
52,3,670,7226597220828529435,Positive,EXACT_TEXT_e8c65d79d79929ce,EXACT_TEXT_e8c65d79d79929ce,SIM_CLUSTER_00337,near_duplicate_cluster_id:SIM_CLUSTER_00337
52,3,672,7226643837351363355,Positive,EXACT_TEXT_38bdc8195934c862,EXACT_TEXT_38bdc8195934c862,SIM_CLUSTER_00847,near_duplicate_cluster_id:SIM_CLUSTER_00847
52,3,677,7227128402838111003,Positive,EXACT_TEXT_323d80a105e4b63e,EXACT_TEXT_323d80a105e4b63e,,exact_duplicate_group_id:EXACT_TEXT_323d80a105e4b63e
52,3,678,7227250880809026331,Positive,EXACT_TEXT_7f709fd13b4eb01c,EXACT_TEXT_7f709fd13b4eb01c,,exact_duplicate_group_id:EXACT_TEXT_7f709fd13b4eb01c
52,3,688,7232545576809956122,Negative,EXACT_TEXT_b0b39027fba3ea43,EXACT_TEXT_b0b39027fba3ea43,,exact_duplicate_group_id:EXACT_TEXT_b0b39027fba3ea43
52,3,704,7240729162809410309,Positive,EXACT_TEXT_8ea487de8a67c52e,EXACT_TEXT_8ea487de8a67c52e,SIM_CLUSTER_00847,near_duplicate_cluster_id:SIM_CLUSTER_00847
52,3,716,7254893953370653446,Neutral,EXACT_TEXT_5d40aa96e30f3c48,EXACT_TEXT_5d40aa96e30f3c48,,exact_duplicate_group_id:EXACT_TEXT_5d40aa96e30f3c48
52,3,723,7261507486728913670,Neutral,EXACT_TEXT_e34020251e03943c,EXACT_TEXT_e34020251e03943c,SIM_CLUSTER_00569,near_duplicate_cluster_id:SIM_CLUSTER_00569
52,3,728,7269241669441733382,Neutral,EXACT_TEXT_436d49e30ebe6f80,EXACT_TEXT_436d49e30ebe6f80,,exact_duplicate_group_id:EXACT_TEXT_436d49e30ebe6f80
52,3,731,7271745630786028294,Negative,EXACT_TEXT_4a9c2910eea8ec78,EXACT_TEXT_4a9c2910eea8ec78,,exact_duplicate_group_id:EXACT_TEXT_4a9c2910eea8ec78
52,3,735,7273676014151697158,Neutral,EXACT_TEXT_1b068cc5743ea046,EXACT_TEXT_1b068cc5743ea046,,exact_duplicate_group_id:EXACT_TEXT_1b068cc5743ea046
52,3,739,7279416156040954630,Negative,EXACT_TEXT_b524d5cb56d64bb3,EXACT_TEXT_b524d5cb56d64bb3,,exact_duplicate_group_id:EXACT_TEXT_b524d5cb56d64bb3
52,3,746,7287113045997912837,Positive,EXACT_TEXT_35a836ebf1adc30c,EXACT_TEXT_35a836ebf1adc30c,,exact_duplicate_group_id:EXACT_TEXT_35a836ebf1adc30c
52,3,749,7287190198583247621,Positive,EXACT_TEXT_9c0575e13bfe4ed6,EXACT_TEXT_9c0575e13bfe4ed6,,exact_duplicate_group_id:EXACT_TEXT_9c0575e13bfe4ed6
52,3,750,7287448573426893574,Neutral,EXACT_TEXT_fe4d9ece5715dbeb,EXACT_TEXT_fe4d9ece5715dbeb,,exact_duplicate_group_id:EXACT_TEXT_fe4d9ece5715dbeb
52,3,751,7287485133446972165,Neutral,EXACT_TEXT_75e3d524f1ba7cc7,EXACT_TEXT_75e3d524f1ba7cc7,,exact_duplicate_group_id:EXACT_TEXT_75e3d524f1ba7cc7
52,3,753,7289040672462734086,Positive,EXACT_TEXT_7ab3d1c2915ab278,EXACT_TEXT_7ab3d1c2915ab278,,exact_duplicate_group_id:EXACT_TEXT_7ab3d1c2915ab278
52,3,755,7289043628734808837,Positive,EXACT_TEXT_3abe3649431eb363,EXACT_TEXT_3abe3649431eb363,,exact_duplicate_group_id:EXACT_TEXT_3abe3649431eb363
52,3,759,7291901186143716101,Positive,EXACT_TEXT_34d71aa9f7732945,EXACT_TEXT_34d71aa9f7732945,,exact_duplicate_group_id:EXACT_TEXT_34d71aa9f7732945
52,3,763,7296765256646705926,Neutral,EXACT_TEXT_f620b6ebc9358aca,EXACT_TEXT_f620b6ebc9358aca,SIM_CLUSTER_00898,near_duplicate_cluster_id:SIM_CLUSTER_00898
52,3,765,7298008548209427205,Neutral,EXACT_TEXT_cf24c7755c2feec8,EXACT_TEXT_cf24c7755c2feec8,SIM_CLUSTER_00569,near_duplicate_cluster_id:SIM_CLUSTER_00569
52,3,766,7303431527675773702,Neutral,EXACT_TEXT_92d641b1331cadbd,EXACT_TEXT_92d641b1331cadbd,,exact_duplicate_group_id:EXACT_TEXT_92d641b1331cadbd
52,3,769,7306395336695530245,Neutral,EXACT_TEXT_877cdc48901337f7,EXACT_TEXT_877cdc48901337f7,,exact_duplicate_group_id:EXACT_TEXT_877cdc48901337f7
52,3,773,7309419830318613254,Neutral,EXACT_TEXT_beae41bd53b6187a,EXACT_TEXT_beae41bd53b6187a,,exact_duplicate_group_id:EXACT_TEXT_beae41bd53b6187a
52,3,774,7309514130712216325,Positive,EXACT_TEXT_5ab7434e917dec4c,EXACT_TEXT_5ab7434e917dec4c,,exact_duplicate_group_id:EXACT_TEXT_5ab7434e917dec4c
52,3,775,7309674419907199750,Neutral,EXACT_TEXT_e3718483f12cf720,EXACT_TEXT_e3718483f12cf720,,exact_duplicate_group_id:EXACT_TEXT_e3718483f12cf720
52,3,776,7309734749914858245,Neutral,EXACT_TEXT_070ff872dd73b0d2,EXACT_TEXT_070ff872dd73b0d2,,exact_duplicate_group_id:EXACT_TEXT_070ff872dd73b0d2
52,3,782,7312076737189233413,Neutral,EXACT_TEXT_5941dc0435066cf9,EXACT_TEXT_5941dc0435066cf9,,exact_duplicate_group_id:EXACT_TEXT_5941dc0435066cf9
52,3,794,7313919159631921925,Positive,EXACT_TEXT_bbe29c33fa430cb4,EXACT_TEXT_bbe29c33fa430cb4,,exact_duplicate_group_id:EXACT_TEXT_bbe29c33fa430cb4
52,3,799,7314842837811168006,Negative,EXACT_TEXT_e79d47407b655db1,EXACT_TEXT_e79d47407b655db1,,exact_duplicate_group_id:EXACT_TEXT_e79d47407b655db1
52,3,802,7315140287779996422,Neutral,EXACT_TEXT_8845e358096b5103,EXACT_TEXT_8845e358096b5103,SIM_CLUSTER_00914,near_duplicate_cluster_id:SIM_CLUSTER_00914
52,3,805,7316419591391265542,Neutral,EXACT_TEXT_da1a57c1e87d790d,EXACT_TEXT_da1a57c1e87d790d,,exact_duplicate_group_id:EXACT_TEXT_da1a57c1e87d790d
52,3,810,7317303113936765702,Positive,EXACT_TEXT_8a0cc8ad7687b92d,EXACT_TEXT_8a0cc8ad7687b92d,,exact_duplicate_group_id:EXACT_TEXT_8a0cc8ad7687b92d
52,3,813,7318352585093268229,Negative,EXACT_TEXT_e63129350d481473,EXACT_TEXT_e63129350d481473,,exact_duplicate_group_id:EXACT_TEXT_e63129350d481473
52,3,835,7324302293402403589,Positive,EXACT_TEXT_9821276f25cf3b3e,EXACT_TEXT_9821276f25cf3b3e,,exact_duplicate_group_id:EXACT_TEXT_9821276f25cf3b3e
52,3,837,7324656501786854150,Neutral,EXACT_TEXT_31e0729d2b3587b7,EXACT_TEXT_31e0729d2b3587b7,,exact_duplicate_group_id:EXACT_TEXT_31e0729d2b3587b7
52,3,839,7326464247525311238,Neutral,EXACT_GROUP_00386,EXACT_GROUP_00386,SIM_CLUSTER_00033,near_duplicate_cluster_id:SIM_CLUSTER_00033
52,3,844,7328839848096563973,Neutral,EXACT_TEXT_5e9416f9d8388f32,EXACT_TEXT_5e9416f9d8388f32,,exact_duplicate_group_id:EXACT_TEXT_5e9416f9d8388f32
52,3,846,7329164596961592069,Neutral,EXACT_GROUP_00563,EXACT_GROUP_00563,SIM_CLUSTER_00933,near_duplicate_cluster_id:SIM_CLUSTER_00933
52,3,849,7330577007329395462,Neutral,EXACT_GROUP_00563,EXACT_GROUP_00563,SIM_CLUSTER_00933,near_duplicate_cluster_id:SIM_CLUSTER_00933
52,3,857,7333964548325540614,Neutral,EXACT_TEXT_e23c873cb95fcccc,EXACT_TEXT_e23c873cb95fcccc,,exact_duplicate_group_id:EXACT_TEXT_e23c873cb95fcccc
52,3,862,7336450498961113861,Negative,EXACT_TEXT_66c2656a147d6165,EXACT_TEXT_66c2656a147d6165,,exact_duplicate_group_id:EXACT_TEXT_66c2656a147d6165
52,3,867,7340508400265495301,Neutral,EXACT_TEXT_816586d7cca10d0c,EXACT_TEXT_816586d7cca10d0c,,exact_duplicate_group_id:EXACT_TEXT_816586d7cca10d0c
52,3,868,7340596355466035974,Neutral,EXACT_TEXT_af25eefafd7f7a21,EXACT_TEXT_af25eefafd7f7a21,,exact_duplicate_group_id:EXACT_TEXT_af25eefafd7f7a21
52,3,869,7340855947600134917,Neutral,EXACT_GROUP_00386,EXACT_GROUP_00386,SIM_CLUSTER_00033,near_duplicate_cluster_id:SIM_CLUSTER_00033
52,3,873,7341033515360027397,Negative,EXACT_TEXT_2c473018867d513d,EXACT_TEXT_2c473018867d513d,,exact_duplicate_group_id:EXACT_TEXT_2c473018867d513d
52,3,875,7341050930945426182,Negative,EXACT_TEXT_e40056276f961fd1,EXACT_TEXT_e40056276f961fd1,,exact_duplicate_group_id:EXACT_TEXT_e40056276f961fd1
52,3,876,7341153299791774469,Neutral,EXACT_TEXT_1d05757a1183ca37,EXACT_TEXT_1d05757a1183ca37,,exact_duplicate_group_id:EXACT_TEXT_1d05757a1183ca37
52,3,885,7344010344329839366,Neutral,EXACT_TEXT_cd1ba40af2abc567,EXACT_TEXT_cd1ba40af2abc567,,exact_duplicate_group_id:EXACT_TEXT_cd1ba40af2abc567
52,3,887,7345011679103812359,Negative,EXACT_TEXT_6c9a53431d23e3a8,EXACT_TEXT_6c9a53431d23e3a8,,exact_duplicate_group_id:EXACT_TEXT_6c9a53431d23e3a8
52,3,894,7350492892825207558,Neutral,EXACT_TEXT_65106c188dff7b28,EXACT_TEXT_65106c188dff7b28,SIM_CLUSTER_00569,near_duplicate_cluster_id:SIM_CLUSTER_00569
52,3,898,7353165539302195974,Neutral,EXACT_TEXT_2ac56fbdce664b76,EXACT_TEXT_2ac56fbdce664b76,,exact_duplicate_group_id:EXACT_TEXT_2ac56fbdce664b76
52,3,911,7357888816939795206,Negative,EXACT_TEXT_c7e7a294a5ea9a36,EXACT_TEXT_c7e7a294a5ea9a36,,exact_duplicate_group_id:EXACT_TEXT_c7e7a294a5ea9a36
52,3,916,7357917622644556550,Neutral,EXACT_TEXT_cda7897ff1a83c00,EXACT_TEXT_cda7897ff1a83c00,,exact_duplicate_group_id:EXACT_TEXT_cda7897ff1a83c00
52,3,921,7358000016394683141,Positive,EXACT_TEXT_6e41edb267274c3e,EXACT_TEXT_6e41edb267274c3e,,exact_duplicate_group_id:EXACT_TEXT_6e41edb267274c3e
52,3,939,7359428694631596805,Neutral,EXACT_TEXT_22cb3e83c2ea47c2,EXACT_TEXT_22cb3e83c2ea47c2,,exact_duplicate_group_id:EXACT_TEXT_22cb3e83c2ea47c2
52,3,940,7359530845160293125,Positive,EXACT_TEXT_6a672700afb64feb,EXACT_TEXT_6a672700afb64feb,,exact_duplicate_group_id:EXACT_TEXT_6a672700afb64feb
52,3,941,7359567635937723142,Positive,EXACT_TEXT_fb998ca517ef92dd,EXACT_TEXT_fb998ca517ef92dd,,exact_duplicate_group_id:EXACT_TEXT_fb998ca517ef92dd
52,3,948,7359785846696231685,Neutral,EXACT_TEXT_9b8ba12319da1b04,EXACT_TEXT_9b8ba12319da1b04,,exact_duplicate_group_id:EXACT_TEXT_9b8ba12319da1b04
52,3,950,7359909036287312646,Neutral,EXACT_TEXT_88d12d90c15125cf,EXACT_TEXT_88d12d90c15125cf,,exact_duplicate_group_id:EXACT_TEXT_88d12d90c15125cf
52,3,952,7360110959644508933,Neutral,EXACT_TEXT_bb6a36c782110875,EXACT_TEXT_bb6a36c782110875,,exact_duplicate_group_id:EXACT_TEXT_bb6a36c782110875
52,3,953,7360130575292613382,Positive,EXACT_TEXT_b457380039f5c68f,EXACT_TEXT_b457380039f5c68f,,exact_duplicate_group_id:EXACT_TEXT_b457380039f5c68f
52,3,960,7362178885419549445,Neutral,EXACT_TEXT_1a1e2b196a1a4f86,EXACT_TEXT_1a1e2b196a1a4f86,,exact_duplicate_group_id:EXACT_TEXT_1a1e2b196a1a4f86
52,3,963,7363497849750815493,Positive,EXACT_TEXT_6dce1af75dce430b,EXACT_TEXT_6dce1af75dce430b,,exact_duplicate_group_id:EXACT_TEXT_6dce1af75dce430b
52,3,975,7365859402132374277,Neutral,EXACT_TEXT_7c6911c4be93ff48,EXACT_TEXT_7c6911c4be93ff48,,exact_duplicate_group_id:EXACT_TEXT_7c6911c4be93ff48
52,3,976,7365898147652190982,Positive,EXACT_TEXT_53ece3600e11d2a6,EXACT_TEXT_53ece3600e11d2a6,,exact_duplicate_group_id:EXACT_TEXT_53ece3600e11d2a6
52,3,992,7371089481241903877,Positive,EXACT_TEXT_a0a98935954c5d46,EXACT_TEXT_a0a98935954c5d46,,exact_duplicate_group_id:EXACT_TEXT_a0a98935954c5d46
52,3,994,7372551938288616197,Neutral,EXACT_GROUP_00386,EXACT_GROUP_00386,SIM_CLUSTER_00033,near_duplicate_cluster_id:SIM_CLUSTER_00033
52,3,1004,7377993991361495814,Negative,EXACT_TEXT_2bf34fe0f18e9630,EXACT_TEXT_2bf34fe0f18e9630,,exact_duplicate_group_id:EXACT_TEXT_2bf34fe0f18e9630
52,3,1006,7378338498274820870,Neutral,EXACT_TEXT_c3bf870f0b1da880,EXACT_TEXT_c3bf870f0b1da880,,exact_duplicate_group_id:EXACT_TEXT_c3bf870f0b1da880
52,3,1014,7380569527777739525,Positive,EXACT_TEXT_59a3ddfa90dc490c,EXACT_TEXT_59a3ddfa90dc490c,,exact_duplicate_group_id:EXACT_TEXT_59a3ddfa90dc490c
52,3,1027,7384758236446606085,Neutral,EXACT_TEXT_913491ca002ae9e6,EXACT_TEXT_913491ca002ae9e6,,exact_duplicate_group_id:EXACT_TEXT_913491ca002ae9e6
52,3,1029,7384928167145931526,Neutral,EXACT_TEXT_25533751c90dd20a,EXACT_TEXT_25533751c90dd20a,SIM_CLUSTER_00033,near_duplicate_cluster_id:SIM_CLUSTER_00033
52,3,1030,7385076319349998342,Negative,EXACT_TEXT_90ff3d5b17d7f613,EXACT_TEXT_90ff3d5b17d7f613,,exact_duplicate_group_id:EXACT_TEXT_90ff3d5b17d7f613
52,3,1034,7386919095323525893,Neutral,EXACT_TEXT_43bd09b05d7b20c6,EXACT_TEXT_43bd09b05d7b20c6,SIM_CLUSTER_00033,near_duplicate_cluster_id:SIM_CLUSTER_00033
52,3,1037,7388427255024534278,Neutral,EXACT_TEXT_d56c87e3674c51bc,EXACT_TEXT_d56c87e3674c51bc,SIM_CLUSTER_00033,near_duplicate_cluster_id:SIM_CLUSTER_00033
52,3,1039,7388473745976967942,Neutral,EXACT_TEXT_1afa4f0df1b611d5,EXACT_TEXT_1afa4f0df1b611d5,,exact_duplicate_group_id:EXACT_TEXT_1afa4f0df1b611d5
52,3,1056,7389852809695167238,Neutral,EXACT_TEXT_cff78848e80eebbe,EXACT_TEXT_cff78848e80eebbe,,exact_duplicate_group_id:EXACT_TEXT_cff78848e80eebbe
52,3,1066,7394763288012669701,Neutral,EXACT_GROUP_00387,EXACT_GROUP_00387,SIM_CLUSTER_00033,near_duplicate_cluster_id:SIM_CLUSTER_00033
52,3,1078,7398407484786574085,Positive,EXACT_TEXT_40dfb0cc1f42e68b,EXACT_TEXT_40dfb0cc1f42e68b,,exact_duplicate_group_id:EXACT_TEXT_40dfb0cc1f42e68b
52,3,1080,7398465619727844101,Neutral,EXACT_GROUP_00161,EXACT_GROUP_00161,SIM_CLUSTER_00033,near_duplicate_cluster_id:SIM_CLUSTER_00033
52,3,1081,7398518211333784325,Neutral,EXACT_TEXT_793a9b65711285b2,EXACT_TEXT_793a9b65711285b2,,exact_duplicate_group_id:EXACT_TEXT_793a9b65711285b2
52,3,1082,7398533725711532805,Positive,EXACT_TEXT_34ca2648c911601d,EXACT_TEXT_34ca2648c911601d,,exact_duplicate_group_id:EXACT_TEXT_34ca2648c911601d
52,3,1086,7399829621603828486,Neutral,EXACT_TEXT_9f64c1eb443d0e19,EXACT_TEXT_9f64c1eb443d0e19,,exact_duplicate_group_id:EXACT_TEXT_9f64c1eb443d0e19
52,3,1088,7400389808667755269,Neutral,EXACT_TEXT_7a85eacb7f4b3512,EXACT_TEXT_7a85eacb7f4b3512,SIM_CLUSTER_01044,near_duplicate_cluster_id:SIM_CLUSTER_01044
52,3,1111,7414869568495158022,Negative,EXACT_TEXT_b6a8d696f550dd3f,EXACT_TEXT_b6a8d696f550dd3f,,exact_duplicate_group_id:EXACT_TEXT_b6a8d696f550dd3f
52,3,1114,7418952509148398341,Positive,EXACT_TEXT_0158314a4e745d3a,EXACT_TEXT_0158314a4e745d3a,,exact_duplicate_group_id:EXACT_TEXT_0158314a4e745d3a
52,3,1116,7419545302963520261,Negative,EXACT_TEXT_8a8c4c4596c2052c,EXACT_TEXT_8a8c4c4596c2052c,,exact_duplicate_group_id:EXACT_TEXT_8a8c4c4596c2052c
52,3,1118,7419650988799345413,Neutral,EXACT_TEXT_e3acbe9d3ae4693b,EXACT_TEXT_e3acbe9d3ae4693b,,exact_duplicate_group_id:EXACT_TEXT_e3acbe9d3ae4693b
52,3,1123,7420358734596178693,Neutral,EXACT_GROUP_00161,EXACT_GROUP_00161,SIM_CLUSTER_00033,near_duplicate_cluster_id:SIM_CLUSTER_00033
52,3,1133,7421191599785280262,Negative,EXACT_TEXT_63a0e94288eb6193,EXACT_TEXT_63a0e94288eb6193,,exact_duplicate_group_id:EXACT_TEXT_63a0e94288eb6193
52,3,1136,7421196063468372741,Negative,EXACT_TEXT_40111967202edac1,EXACT_TEXT_40111967202edac1,,exact_duplicate_group_id:EXACT_TEXT_40111967202edac1
52,3,1138,7421219905577730821,Positive,EXACT_TEXT_fbdb52180a30a6be,EXACT_TEXT_fbdb52180a30a6be,,exact_duplicate_group_id:EXACT_TEXT_fbdb52180a30a6be
52,3,1139,7421229731531506437,Positive,EXACT_TEXT_39a92280659ed278,EXACT_TEXT_39a92280659ed278,SIM_CLUSTER_00638,near_duplicate_cluster_id:SIM_CLUSTER_00638
52,3,1143,7421285953077707525,Negative,EXACT_TEXT_256b5281a29b7ca1,EXACT_TEXT_256b5281a29b7ca1,,exact_duplicate_group_id:EXACT_TEXT_256b5281a29b7ca1
52,3,1145,7421297761875870469,Negative,EXACT_TEXT_515feb3d61de8989,EXACT_TEXT_515feb3d61de8989,,exact_duplicate_group_id:EXACT_TEXT_515feb3d61de8989
52,3,1147,7421303517551952646,Negative,EXACT_TEXT_5d36f1e893fc7cf4,EXACT_TEXT_5d36f1e893fc7cf4,,exact_duplicate_group_id:EXACT_TEXT_5d36f1e893fc7cf4
52,3,1154,7421330810055623429,Negative,EXACT_TEXT_df7700a2750df75f,EXACT_TEXT_df7700a2750df75f,,exact_duplicate_group_id:EXACT_TEXT_df7700a2750df75f
52,3,1157,7421334839981015814,Negative,EXACT_TEXT_35b95ae7009cc30e,EXACT_TEXT_35b95ae7009cc30e,,exact_duplicate_group_id:EXACT_TEXT_35b95ae7009cc30e
52,3,1161,7421358294780936965,Negative,EXACT_TEXT_6d5db099deb56d53,EXACT_TEXT_6d5db099deb56d53,,exact_duplicate_group_id:EXACT_TEXT_6d5db099deb56d53
52,3,1163,7421362536728068872,Negative,EXACT_TEXT_f0c3e4fbd08f08f6,EXACT_TEXT_f0c3e4fbd08f08f6,,exact_duplicate_group_id:EXACT_TEXT_f0c3e4fbd08f08f6
52,3,1167,7421364467378094853,Negative,EXACT_TEXT_cf5f0201cab0b633,EXACT_TEXT_cf5f0201cab0b633,,exact_duplicate_group_id:EXACT_TEXT_cf5f0201cab0b633
52,3,1174,7421407016285340423,Negative,EXACT_TEXT_74788a218dd64af0,EXACT_TEXT_74788a218dd64af0,,exact_duplicate_group_id:EXACT_TEXT_74788a218dd64af0
52,3,1180,7421423848347009797,Positive,EXACT_TEXT_32be348d65ec07ef,EXACT_TEXT_32be348d65ec07ef,,exact_duplicate_group_id:EXACT_TEXT_32be348d65ec07ef
52,3,1185,7421534763276239621,Negative,EXACT_TEXT_2ec7cd338b2469ae,EXACT_TEXT_2ec7cd338b2469ae,,exact_duplicate_group_id:EXACT_TEXT_2ec7cd338b2469ae
52,3,1189,7421548804593763080,Positive,EXACT_TEXT_d66e1740bcd5fed5,EXACT_TEXT_d66e1740bcd5fed5,,exact_duplicate_group_id:EXACT_TEXT_d66e1740bcd5fed5
52,3,1192,7421582719656264454,Negative,EXACT_TEXT_faebcba7a1f8c7b9,EXACT_TEXT_faebcba7a1f8c7b9,,exact_duplicate_group_id:EXACT_TEXT_faebcba7a1f8c7b9
52,3,1203,7421708954738967301,Negative,EXACT_TEXT_ff0e484d20700e19,EXACT_TEXT_ff0e484d20700e19,,exact_duplicate_group_id:EXACT_TEXT_ff0e484d20700e19
52,3,1205,7421709537785021190,Negative,EXACT_TEXT_52388d781011373a,EXACT_TEXT_52388d781011373a,,exact_duplicate_group_id:EXACT_TEXT_52388d781011373a
52,3,1214,7421792304488350470,Negative,EXACT_TEXT_32be838ac05e1b93,EXACT_TEXT_32be838ac05e1b93,,exact_duplicate_group_id:EXACT_TEXT_32be838ac05e1b93
52,3,1216,7421796986389807877,Negative,EXACT_TEXT_8c3b03ec48f170eb,EXACT_TEXT_8c3b03ec48f170eb,,exact_duplicate_group_id:EXACT_TEXT_8c3b03ec48f170eb
52,3,1225,7422095353204753157,Negative,EXACT_TEXT_f3ed3ea92ce29b70,EXACT_TEXT_f3ed3ea92ce29b70,,exact_duplicate_group_id:EXACT_TEXT_f3ed3ea92ce29b70
52,3,1234,7422169582192657158,Negative,EXACT_TEXT_3c4e28c071308d62,EXACT_TEXT_3c4e28c071308d62,,exact_duplicate_group_id:EXACT_TEXT_3c4e28c071308d62
52,3,1240,7422212122140820230,Negative,EXACT_TEXT_adc00534dfd8f84e,EXACT_TEXT_adc00534dfd8f84e,,exact_duplicate_group_id:EXACT_TEXT_adc00534dfd8f84e
52,3,1248,7422258866593284869,Negative,EXACT_TEXT_4544463ba396c4e4,EXACT_TEXT_4544463ba396c4e4,,exact_duplicate_group_id:EXACT_TEXT_4544463ba396c4e4
52,3,1253,7422438566083134213,Neutral,EXACT_TEXT_9e28b1b01e5c0567,EXACT_TEXT_9e28b1b01e5c0567,,exact_duplicate_group_id:EXACT_TEXT_9e28b1b01e5c0567
52,3,1261,7422516626459427590,Neutral,EXACT_TEXT_eb892b66f1a0dd05,EXACT_TEXT_eb892b66f1a0dd05,,exact_duplicate_group_id:EXACT_TEXT_eb892b66f1a0dd05
52,3,1265,7422560919169942277,Negative,EXACT_TEXT_0f33ee948c8dd00a,EXACT_TEXT_0f33ee948c8dd00a,,exact_duplicate_group_id:EXACT_TEXT_0f33ee948c8dd00a
52,3,1267,7422603503812920069,Negative,EXACT_TEXT_2ab0b4ce5963ccf0,EXACT_TEXT_2ab0b4ce5963ccf0,,exact_duplicate_group_id:EXACT_TEXT_2ab0b4ce5963ccf0
52,3,1268,7422613774539277062,Negative,EXACT_TEXT_6b34833fc119b412,EXACT_TEXT_6b34833fc119b412,,exact_duplicate_group_id:EXACT_TEXT_6b34833fc119b412
52,3,1273,7422643590273696518,Positive,EXACT_TEXT_c7dd22e4100b6b9d,EXACT_TEXT_c7dd22e4100b6b9d,,exact_duplicate_group_id:EXACT_TEXT_c7dd22e4100b6b9d
52,3,1278,7422683555433841414,Negative,EXACT_TEXT_bbcf8cfddc2f6232,EXACT_TEXT_bbcf8cfddc2f6232,,exact_duplicate_group_id:EXACT_TEXT_bbcf8cfddc2f6232
52,3,1290,7422834137193808646,Negative,EXACT_TEXT_65ca631882804467,EXACT_TEXT_65ca631882804467,,exact_duplicate_group_id:EXACT_TEXT_65ca631882804467
52,3,1298,7422976832108856069,Negative,EXACT_TEXT_ab87e518019b5631,EXACT_TEXT_ab87e518019b5631,,exact_duplicate_group_id:EXACT_TEXT_ab87e518019b5631
52,3,1301,7423234382548697861,Negative,EXACT_TEXT_209e0973e7c2e255,EXACT_TEXT_209e0973e7c2e255,,exact_duplicate_group_id:EXACT_TEXT_209e0973e7c2e255
52,3,1311,7424867400379761413,Negative,EXACT_TEXT_37f73eb831df99ee,EXACT_TEXT_37f73eb831df99ee,,exact_duplicate_group_id:EXACT_TEXT_37f73eb831df99ee
52,3,1321,7426167291554988806,Neutral,EXACT_TEXT_af0c98d629ff1c6d,EXACT_TEXT_af0c98d629ff1c6d,,exact_duplicate_group_id:EXACT_TEXT_af0c98d629ff1c6d
52,3,1323,7426553950201545490,Neutral,EXACT_TEXT_8e01c0d23cd78bb1,EXACT_TEXT_8e01c0d23cd78bb1,,exact_duplicate_group_id:EXACT_TEXT_8e01c0d23cd78bb1
52,3,1327,7427034975646319365,Neutral,EXACT_TEXT_63a68cc4ab3eefb4,EXACT_TEXT_63a68cc4ab3eefb4,,exact_duplicate_group_id:EXACT_TEXT_63a68cc4ab3eefb4
52,3,1336,7428441188205052678,Positive,EXACT_GROUP_00117,EXACT_GROUP_00117,SIM_CLUSTER_00159,near_duplicate_cluster_id:SIM_CLUSTER_00159
52,3,1337,7428444930974696197,Positive,EXACT_GROUP_00117,EXACT_GROUP_00117,SIM_CLUSTER_00159,near_duplicate_cluster_id:SIM_CLUSTER_00159
52,3,1338,7428454068341441286,Neutral,EXACT_TEXT_e64ad9c849820dd0,EXACT_TEXT_e64ad9c849820dd0,,exact_duplicate_group_id:EXACT_TEXT_e64ad9c849820dd0
52,3,1341,7428459245497320200,Positive,EXACT_TEXT_c3ab0e60671facdf,EXACT_TEXT_c3ab0e60671facdf,,exact_duplicate_group_id:EXACT_TEXT_c3ab0e60671facdf
52,3,1343,7428461519828960005,Neutral,EXACT_TEXT_fe5af29a970cf287,EXACT_TEXT_fe5af29a970cf287,,exact_duplicate_group_id:EXACT_TEXT_fe5af29a970cf287
52,3,1347,7428471597181256453,Positive,EXACT_GROUP_00117,EXACT_GROUP_00117,SIM_CLUSTER_00159,near_duplicate_cluster_id:SIM_CLUSTER_00159
52,3,1348,7428476136643003154,Positive,EXACT_GROUP_00117,EXACT_GROUP_00117,SIM_CLUSTER_00159,near_duplicate_cluster_id:SIM_CLUSTER_00159
52,3,1359,7428542726830162694,Positive,EXACT_TEXT_37a6de0d5b5a5e92,EXACT_TEXT_37a6de0d5b5a5e92,,exact_duplicate_group_id:EXACT_TEXT_37a6de0d5b5a5e92
52,3,1365,7428580843227284232,Positive,EXACT_GROUP_00117,EXACT_GROUP_00117,SIM_CLUSTER_00159,near_duplicate_cluster_id:SIM_CLUSTER_00159
52,3,1374,7428618400412451589,Neutral,EXACT_TEXT_5b599fafe65c0650,EXACT_TEXT_5b599fafe65c0650,,exact_duplicate_group_id:EXACT_TEXT_5b599fafe65c0650
52,3,1384,7428783976675115794,Neutral,EXACT_TEXT_6ce318969619d1c3,EXACT_TEXT_6ce318969619d1c3,,exact_duplicate_group_id:EXACT_TEXT_6ce318969619d1c3
52,3,1390,7428849784822711048,Positive,EXACT_TEXT_71cb8ea826b6f975,EXACT_TEXT_71cb8ea826b6f975,,exact_duplicate_group_id:EXACT_TEXT_71cb8ea826b6f975
52,3,1393,7428920345430688529,Neutral,EXACT_TEXT_4ab73ac1be940106,EXACT_TEXT_4ab73ac1be940106,,exact_duplicate_group_id:EXACT_TEXT_4ab73ac1be940106
52,3,1395,7428930973122069254,Neutral,EXACT_TEXT_780d727bd81cbd60,EXACT_TEXT_780d727bd81cbd60,,exact_duplicate_group_id:EXACT_TEXT_780d727bd81cbd60
52,3,1402,7429139011375743750,Positive,EXACT_TEXT_f9e0b0a94e70e61b,EXACT_TEXT_f9e0b0a94e70e61b,,exact_duplicate_group_id:EXACT_TEXT_f9e0b0a94e70e61b
52,3,1404,7429165395901432594,Positive,EXACT_TEXT_c78de8dfdc9369ee,EXACT_TEXT_c78de8dfdc9369ee,,exact_duplicate_group_id:EXACT_TEXT_c78de8dfdc9369ee
52,3,1417,7429528213313618693,Neutral,EXACT_TEXT_7b00eabb743e87b1,EXACT_TEXT_7b00eabb743e87b1,,exact_duplicate_group_id:EXACT_TEXT_7b00eabb743e87b1
52,3,1419,7429556927258624774,Neutral,EXACT_TEXT_ac92fb8a3e5da942,EXACT_TEXT_ac92fb8a3e5da942,,exact_duplicate_group_id:EXACT_TEXT_ac92fb8a3e5da942
52,3,1434,7430071672365236993,Positive,EXACT_TEXT_4d8f65973e564230,EXACT_TEXT_4d8f65973e564230,,exact_duplicate_group_id:EXACT_TEXT_4d8f65973e564230
52,3,1435,7430267876521476885,Negative,EXACT_TEXT_7a30e7cd22ca8bdd,EXACT_TEXT_7a30e7cd22ca8bdd,,exact_duplicate_group_id:EXACT_TEXT_7a30e7cd22ca8bdd
52,3,1438,7430305059693953797,Positive,EXACT_TEXT_24dba4b5db186770,EXACT_TEXT_24dba4b5db186770,,exact_duplicate_group_id:EXACT_TEXT_24dba4b5db186770
52,3,1439,7430319408092316434,Negative,EXACT_TEXT_c13d849ce0cf2b91,EXACT_TEXT_c13d849ce0cf2b91,,exact_duplicate_group_id:EXACT_TEXT_c13d849ce0cf2b91
52,3,1457,7431040632675566344,Negative,EXACT_TEXT_b1f0cb44c83e69b5,EXACT_TEXT_b1f0cb44c83e69b5,,exact_duplicate_group_id:EXACT_TEXT_b1f0cb44c83e69b5
52,3,1459,7431089888273302277,Neutral,EXACT_GROUP_00387,EXACT_GROUP_00387,SIM_CLUSTER_00033,near_duplicate_cluster_id:SIM_CLUSTER_00033
52,3,1460,7431131287655875334,Negative,EXACT_TEXT_d52e39abebb24e1a,EXACT_TEXT_d52e39abebb24e1a,,exact_duplicate_group_id:EXACT_TEXT_d52e39abebb24e1a
52,3,1466,7431911415177413382,Neutral,EXACT_TEXT_2fed8b3fe3a876a4,EXACT_TEXT_2fed8b3fe3a876a4,,exact_duplicate_group_id:EXACT_TEXT_2fed8b3fe3a876a4
52,3,1470,7432212264364868358,Neutral,EXACT_TEXT_93df615d25462034,EXACT_TEXT_93df615d25462034,SIM_CLUSTER_01233,near_duplicate_cluster_id:SIM_CLUSTER_01233
52,3,1473,7432322441806873349,Neutral,EXACT_TEXT_8be3c4101694048c,EXACT_TEXT_8be3c4101694048c,SIM_CLUSTER_01346,near_duplicate_cluster_id:SIM_CLUSTER_01346
52,3,1474,7432369578594992904,Neutral,EXACT_TEXT_cc708a42e75cda5f,EXACT_TEXT_cc708a42e75cda5f,,exact_duplicate_group_id:EXACT_TEXT_cc708a42e75cda5f
52,3,1476,7432464906720674565,Negative,EXACT_TEXT_d3cadf9064ed8799,EXACT_TEXT_d3cadf9064ed8799,,exact_duplicate_group_id:EXACT_TEXT_d3cadf9064ed8799
52,3,1481,7433268954276365062,Negative,EXACT_TEXT_3a0680ff92cf1de8,EXACT_TEXT_3a0680ff92cf1de8,,exact_duplicate_group_id:EXACT_TEXT_3a0680ff92cf1de8
52,3,1492,7435858852271948600,Negative,EXACT_TEXT_3cd448c16e665bca,EXACT_TEXT_3cd448c16e665bca,,exact_duplicate_group_id:EXACT_TEXT_3cd448c16e665bca
52,3,1496,7436325037428605712,Neutral,EXACT_TEXT_006d527f9c2db7d6,EXACT_TEXT_006d527f9c2db7d6,,exact_duplicate_group_id:EXACT_TEXT_006d527f9c2db7d6
52,3,1499,7437067838433592065,Negative,EXACT_TEXT_a9b83bf9f7362ad3,EXACT_TEXT_a9b83bf9f7362ad3,,exact_duplicate_group_id:EXACT_TEXT_a9b83bf9f7362ad3
52,3,1531,7439990864107782930,Positive,EXACT_TEXT_2d1274f66be62efc,EXACT_TEXT_2d1274f66be62efc,,exact_duplicate_group_id:EXACT_TEXT_2d1274f66be62efc
52,3,1537,7440742705674568464,Neutral,EXACT_GROUP_00386,EXACT_GROUP_00386,SIM_CLUSTER_00033,near_duplicate_cluster_id:SIM_CLUSTER_00033
52,3,1562,7447893058040103688,Neutral,EXACT_TEXT_b06f04056f8fabed,EXACT_TEXT_b06f04056f8fabed,,exact_duplicate_group_id:EXACT_TEXT_b06f04056f8fabed
52,3,1578,7453294720862487302,Negative,EXACT_TEXT_3cd5a2d29253c554,EXACT_TEXT_3cd5a2d29253c554,,exact_duplicate_group_id:EXACT_TEXT_3cd5a2d29253c554
52,3,1583,7454790400374244104,Neutral,EXACT_TEXT_5f589d7d8c28fbac,EXACT_TEXT_5f589d7d8c28fbac,,exact_duplicate_group_id:EXACT_TEXT_5f589d7d8c28fbac
52,3,1586,7457169429143552775,Positive,EXACT_GROUP_00117,EXACT_GROUP_00117,SIM_CLUSTER_00159,near_duplicate_cluster_id:SIM_CLUSTER_00159
52,3,1597,7457576194088534802,Negative,EXACT_TEXT_cecd2a31c95efe24,EXACT_TEXT_cecd2a31c95efe24,,exact_duplicate_group_id:EXACT_TEXT_cecd2a31c95efe24
52,3,1603,7458218606380729106,Negative,EXACT_TEXT_508feb16aac12e80,EXACT_TEXT_508feb16aac12e80,SIM_CLUSTER_01379,near_duplicate_cluster_id:SIM_CLUSTER_01379
52,3,1604,7458218931464782599,Negative,EXACT_TEXT_cd3269d4257424fc,EXACT_TEXT_cd3269d4257424fc,SIM_CLUSTER_01379,near_duplicate_cluster_id:SIM_CLUSTER_01379
52,3,1606,7458527253942584082,Neutral,EXACT_TEXT_1d186f3db2c6b0d2,EXACT_TEXT_1d186f3db2c6b0d2,,exact_duplicate_group_id:EXACT_TEXT_1d186f3db2c6b0d2
52,3,1609,7458915934037607186,Positive,EXACT_TEXT_d05c994c65a628ec,EXACT_TEXT_d05c994c65a628ec,,exact_duplicate_group_id:EXACT_TEXT_d05c994c65a628ec
52,3,1610,7459408801617036040,Positive,EXACT_TEXT_27d56c50e31d2931,EXACT_TEXT_27d56c50e31d2931,,exact_duplicate_group_id:EXACT_TEXT_27d56c50e31d2931
52,3,1614,7460405159845413637,Positive,EXACT_GROUP_00117,EXACT_GROUP_00117,SIM_CLUSTER_00159,near_duplicate_cluster_id:SIM_CLUSTER_00159
52,3,1627,7462708538512868103,Negative,EXACT_TEXT_61c2e10858a9c873,EXACT_TEXT_61c2e10858a9c873,,exact_duplicate_group_id:EXACT_TEXT_61c2e10858a9c873
52,3,1635,7463729638776505094,Neutral,EXACT_TEXT_c594abd37c4975db,EXACT_TEXT_c594abd37c4975db,SIM_CLUSTER_00158,near_duplicate_cluster_id:SIM_CLUSTER_00158
52,3,1655,7476237416136524552,Positive,EXACT_TEXT_21edbcb2d52ec3b0,EXACT_TEXT_21edbcb2d52ec3b0,,exact_duplicate_group_id:EXACT_TEXT_21edbcb2d52ec3b0
52,3,1657,7477235005720609541,Positive,EXACT_TEXT_46bb0faf62e19eb9,EXACT_TEXT_46bb0faf62e19eb9,,exact_duplicate_group_id:EXACT_TEXT_46bb0faf62e19eb9
52,3,1659,7477627185760928520,Positive,EXACT_TEXT_0c9df862fc2aaa70,EXACT_TEXT_0c9df862fc2aaa70,,exact_duplicate_group_id:EXACT_TEXT_0c9df862fc2aaa70
52,3,1660,7477697204237386504,Positive,EXACT_TEXT_5359992f46e0354b,EXACT_TEXT_5359992f46e0354b,,exact_duplicate_group_id:EXACT_TEXT_5359992f46e0354b
52,3,1665,7480337392688268037,Negative,EXACT_TEXT_d3d7bdc03411ab3f,EXACT_TEXT_d3d7bdc03411ab3f,,exact_duplicate_group_id:EXACT_TEXT_d3d7bdc03411ab3f
52,3,1701,7510455393627112210,Negative,EXACT_TEXT_7f3bd6c6832c0ee6,EXACT_TEXT_7f3bd6c6832c0ee6,,exact_duplicate_group_id:EXACT_TEXT_7f3bd6c6832c0ee6
52,3,1706,7516877118471766801,Negative,EXACT_TEXT_3ab6720714ca59ce,EXACT_TEXT_3ab6720714ca59ce,,exact_duplicate_group_id:EXACT_TEXT_3ab6720714ca59ce
52,3,1708,7517665531311244039,Neutral,EXACT_TEXT_ed1aecd13deecfae,EXACT_TEXT_ed1aecd13deecfae,,exact_duplicate_group_id:EXACT_TEXT_ed1aecd13deecfae
52,3,1715,7525760350689641223,Neutral,EXACT_TEXT_5f5b3ed3e391a4c2,EXACT_TEXT_5f5b3ed3e391a4c2,,exact_duplicate_group_id:EXACT_TEXT_5f5b3ed3e391a4c2
52,3,1717,7527093436102918920,Positive,EXACT_TEXT_0606a1a11cfb05df,EXACT_TEXT_0606a1a11cfb05df,,exact_duplicate_group_id:EXACT_TEXT_0606a1a11cfb05df
52,3,1724,7535846308566106896,Negative,EXACT_TEXT_e2dc90d81f86daa4,EXACT_TEXT_e2dc90d81f86daa4,,exact_duplicate_group_id:EXACT_TEXT_e2dc90d81f86daa4
52,3,1729,7538063841564001042,Neutral,EXACT_TEXT_b88a7da43f2066f3,EXACT_TEXT_b88a7da43f2066f3,,exact_duplicate_group_id:EXACT_TEXT_b88a7da43f2066f3
52,3,1735,7544157508241228564,Negative,EXACT_TEXT_d591f4da427d92a6,EXACT_TEXT_d591f4da427d92a6,,exact_duplicate_group_id:EXACT_TEXT_d591f4da427d92a6
52,3,1737,7544951789310100232,Neutral,EXACT_TEXT_03c000b6355a9301,EXACT_TEXT_03c000b6355a9301,,exact_duplicate_group_id:EXACT_TEXT_03c000b6355a9301
52,3,1745,7555428929714242305,Positive,EXACT_TEXT_ddc3135ea7575946,EXACT_TEXT_ddc3135ea7575946,,exact_duplicate_group_id:EXACT_TEXT_ddc3135ea7575946
52,3,1747,7556483419887911698,Neutral,EXACT_TEXT_d5945e530d4f9b5b,EXACT_TEXT_d5945e530d4f9b5b,,exact_duplicate_group_id:EXACT_TEXT_d5945e530d4f9b5b
52,3,1753,7572567481916310279,Positive,EXACT_TEXT_efcd78a798443614,EXACT_TEXT_efcd78a798443614,,exact_duplicate_group_id:EXACT_TEXT_efcd78a798443614
52,3,1764,7586869374007771924,Neutral,EXACT_TEXT_2526511002bf8633,EXACT_TEXT_2526511002bf8633,,exact_duplicate_group_id:EXACT_TEXT_2526511002bf8633
52,3,1766,7586997400416584456,Positive,EXACT_TEXT_01ad6c793ad5416b,EXACT_TEXT_01ad6c793ad5416b,,exact_duplicate_group_id:EXACT_TEXT_01ad6c793ad5416b
52,3,1767,7587184132943495943,Positive,EXACT_TEXT_53ab6bce5158cc57,EXACT_TEXT_53ab6bce5158cc57,,exact_duplicate_group_id:EXACT_TEXT_53ab6bce5158cc57
52,3,1769,7587404428660392722,Negative,EXACT_TEXT_72b96f30ed1cc96a,EXACT_TEXT_72b96f30ed1cc96a,SIM_CLUSTER_00525,near_duplicate_cluster_id:SIM_CLUSTER_00525
52,3,1781,7596244632204329736,Positive,EXACT_TEXT_6605d3d5da32dea7,EXACT_TEXT_6605d3d5da32dea7,,exact_duplicate_group_id:EXACT_TEXT_6605d3d5da32dea7
52,3,1792,7596666166371222289,Negative,EXACT_TEXT_b5a068e33110dedd,EXACT_TEXT_b5a068e33110dedd,,exact_duplicate_group_id:EXACT_TEXT_b5a068e33110dedd
52,3,1796,7597334543415591687,Neutral,EXACT_TEXT_7243467b59b7dca0,EXACT_TEXT_7243467b59b7dca0,SIM_CLUSTER_01015,near_duplicate_cluster_id:SIM_CLUSTER_01015
52,3,1798,7597823306926605074,Positive,EXACT_TEXT_ad966699153696ea,EXACT_TEXT_ad966699153696ea,,exact_duplicate_group_id:EXACT_TEXT_ad966699153696ea
52,3,1817,7619091092960494337,Neutral,EXACT_TEXT_2ac518b2874b51c4,EXACT_TEXT_2ac518b2874b51c4,,exact_duplicate_group_id:EXACT_TEXT_2ac518b2874b51c4
52,3,1823,9087515899010098535,Positive,EXACT_GROUP_00406,EXACT_GROUP_00406,SIM_CLUSTER_00120,near_duplicate_cluster_id:SIM_CLUSTER_00120
52,4,2,1596193406559146509,Positive,EXACT_GROUP_00150,EXACT_GROUP_00150,SIM_CLUSTER_00203,near_duplicate_cluster_id:SIM_CLUSTER_00203
52,4,3,3369842758478444215,Positive,EXACT_GROUP_00150,EXACT_GROUP_00150,SIM_CLUSTER_00203,near_duplicate_cluster_id:SIM_CLUSTER_00203
52,4,5,4490276173539144062,Positive,EXACT_GROUP_00150,EXACT_GROUP_00150,SIM_CLUSTER_00203,near_duplicate_cluster_id:SIM_CLUSTER_00203
52,4,6,4562441376510471655,Positive,EXACT_GROUP_00150,EXACT_GROUP_00150,SIM_CLUSTER_00203,near_duplicate_cluster_id:SIM_CLUSTER_00203
52,4,8,5399258435274849751,Positive,EXACT_GROUP_00150,EXACT_GROUP_00150,SIM_CLUSTER_00203,near_duplicate_cluster_id:SIM_CLUSTER_00203
52,4,12,7122842433423524634,Positive,EXACT_TEXT_7a4b8f1305250276,EXACT_TEXT_7a4b8f1305250276,SIM_CLUSTER_00021,near_duplicate_cluster_id:SIM_CLUSTER_00021
52,4,14,7130517379667133211,Neutral,EXACT_TEXT_2e7517bd1ed5c75d,EXACT_TEXT_2e7517bd1ed5c75d,,exact_duplicate_group_id:EXACT_TEXT_2e7517bd1ed5c75d
52,4,22,7185353867247911706,Positive,EXACT_TEXT_467ff90148cce9e9,EXACT_TEXT_467ff90148cce9e9,,exact_duplicate_group_id:EXACT_TEXT_467ff90148cce9e9
52,4,26,7189422561767588635,Positive,EXACT_TEXT_5fa1f85a29f6b16d,EXACT_TEXT_5fa1f85a29f6b16d,,exact_duplicate_group_id:EXACT_TEXT_5fa1f85a29f6b16d
52,4,39,7209254849912537883,Neutral,EXACT_TEXT_d10011abb815d787,EXACT_TEXT_d10011abb815d787,,exact_duplicate_group_id:EXACT_TEXT_d10011abb815d787
52,4,54,7223912416328352538,Positive,EXACT_TEXT_47a11dc8e02fb023,EXACT_TEXT_47a11dc8e02fb023,SIM_CLUSTER_00829,near_duplicate_cluster_id:SIM_CLUSTER_00829
52,4,57,7225220136587150106,Neutral,EXACT_TEXT_f790afa6e69fc0d7,EXACT_TEXT_f790afa6e69fc0d7,,exact_duplicate_group_id:EXACT_TEXT_f790afa6e69fc0d7
52,4,61,7228770278636192539,Positive,EXACT_TEXT_077084e6e804d2dd,EXACT_TEXT_077084e6e804d2dd,,exact_duplicate_group_id:EXACT_TEXT_077084e6e804d2dd
52,4,72,7253812676177232646,Negative,EXACT_TEXT_ef16527a5503294e,EXACT_TEXT_ef16527a5503294e,,exact_duplicate_group_id:EXACT_TEXT_ef16527a5503294e
52,4,83,7295751155098272517,Negative,EXACT_TEXT_49da8d6eb14d9563,EXACT_TEXT_49da8d6eb14d9563,,exact_duplicate_group_id:EXACT_TEXT_49da8d6eb14d9563
52,4,88,7312026058579624709,Negative,EXACT_TEXT_a15cd77bf7692dd4,EXACT_TEXT_a15cd77bf7692dd4,,exact_duplicate_group_id:EXACT_TEXT_a15cd77bf7692dd4
52,4,89,7312045541902516997,Neutral,EXACT_TEXT_1be1883be211e493,EXACT_TEXT_1be1883be211e493,,exact_duplicate_group_id:EXACT_TEXT_1be1883be211e493
52,4,93,7312070282369745666,Positive,EXACT_TEXT_ec8375212ae42472,EXACT_TEXT_ec8375212ae42472,,exact_duplicate_group_id:EXACT_TEXT_ec8375212ae42472
52,4,100,7312979944723677958,Neutral,EXACT_TEXT_ef9f2b3e6e7ca914,EXACT_TEXT_ef9f2b3e6e7ca914,,exact_duplicate_group_id:EXACT_TEXT_ef9f2b3e6e7ca914
52,4,107,7315105902082900742,Positive,EXACT_TEXT_2f73ab9834aeb084,EXACT_TEXT_2f73ab9834aeb084,,exact_duplicate_group_id:EXACT_TEXT_2f73ab9834aeb084
52,4,115,7318659947952603909,Positive,EXACT_TEXT_bc1a530fd5d2bc19,EXACT_TEXT_bc1a530fd5d2bc19,,exact_duplicate_group_id:EXACT_TEXT_bc1a530fd5d2bc19
52,4,116,7318715657784050438,Neutral,EXACT_TEXT_f861b9a5678b6920,EXACT_TEXT_f861b9a5678b6920,,exact_duplicate_group_id:EXACT_TEXT_f861b9a5678b6920
52,4,121,7320121300960822021,Neutral,EXACT_TEXT_0179b37fbe76d375,EXACT_TEXT_0179b37fbe76d375,,exact_duplicate_group_id:EXACT_TEXT_0179b37fbe76d375
52,4,132,7322890236819456773,Negative,EXACT_TEXT_d1b0caff8e4d1293,EXACT_TEXT_d1b0caff8e4d1293,,exact_duplicate_group_id:EXACT_TEXT_d1b0caff8e4d1293
52,4,144,7330277470593417989,Neutral,EXACT_TEXT_c5bf3a89f66ce11e,EXACT_TEXT_c5bf3a89f66ce11e,,exact_duplicate_group_id:EXACT_TEXT_c5bf3a89f66ce11e
52,4,149,7333985166328873746,Negative,EXACT_TEXT_7c6386537f178573,EXACT_TEXT_7c6386537f178573,,exact_duplicate_group_id:EXACT_TEXT_7c6386537f178573
52,4,152,7336068256431522566,Negative,EXACT_TEXT_d866c36ad04512db,EXACT_TEXT_d866c36ad04512db,,exact_duplicate_group_id:EXACT_TEXT_d866c36ad04512db
52,4,154,7336930083172811525,Negative,EXACT_TEXT_4e5dd3f930dbdca7,EXACT_TEXT_4e5dd3f930dbdca7,,exact_duplicate_group_id:EXACT_TEXT_4e5dd3f930dbdca7
52,4,156,7340244506267239173,Negative,EXACT_TEXT_94a2e78ed84a7d17,EXACT_TEXT_94a2e78ed84a7d17,,exact_duplicate_group_id:EXACT_TEXT_94a2e78ed84a7d17
52,4,160,7340957919175099141,Negative,EXACT_TEXT_650f71c9668c560f,EXACT_TEXT_650f71c9668c560f,,exact_duplicate_group_id:EXACT_TEXT_650f71c9668c560f
52,4,165,7343196983215817478,Negative,EXACT_TEXT_34dce4186e0550a8,EXACT_TEXT_34dce4186e0550a8,,exact_duplicate_group_id:EXACT_TEXT_34dce4186e0550a8
52,4,167,7345105648386032390,Positive,EXACT_TEXT_ca21bd5f0a42b8b9,EXACT_TEXT_ca21bd5f0a42b8b9,,exact_duplicate_group_id:EXACT_TEXT_ca21bd5f0a42b8b9
52,4,173,7350419864765629190,Neutral,EXACT_TEXT_3832e5939c0d6b7d,EXACT_TEXT_3832e5939c0d6b7d,,exact_duplicate_group_id:EXACT_TEXT_3832e5939c0d6b7d
52,4,176,7357260979196297989,Neutral,EXACT_TEXT_47eeebf97d415ef1,EXACT_TEXT_47eeebf97d415ef1,,exact_duplicate_group_id:EXACT_TEXT_47eeebf97d415ef1
52,4,180,7357755451231240966,Neutral,EXACT_TEXT_e367e0ffd8a48a33,EXACT_TEXT_e367e0ffd8a48a33,,exact_duplicate_group_id:EXACT_TEXT_e367e0ffd8a48a33
52,4,181,7357787611900101382,Positive,EXACT_TEXT_c41a1337eeef0c5a,EXACT_TEXT_c41a1337eeef0c5a,,exact_duplicate_group_id:EXACT_TEXT_c41a1337eeef0c5a
52,4,199,7358110590571135749,Neutral,EXACT_TEXT_5a842c83345d5b05,EXACT_TEXT_5a842c83345d5b05,,exact_duplicate_group_id:EXACT_TEXT_5a842c83345d5b05
52,4,204,7358335430620021510,Neutral,EXACT_TEXT_3ef1d3608b244e4a,EXACT_TEXT_3ef1d3608b244e4a,,exact_duplicate_group_id:EXACT_TEXT_3ef1d3608b244e4a
52,4,205,7358336881115562758,Positive,EXACT_TEXT_a035a6dd56ff3049,EXACT_TEXT_a035a6dd56ff3049,,exact_duplicate_group_id:EXACT_TEXT_a035a6dd56ff3049
52,4,211,7358682351831761670,Neutral,EXACT_TEXT_25efb1b6557b276a,EXACT_TEXT_25efb1b6557b276a,,exact_duplicate_group_id:EXACT_TEXT_25efb1b6557b276a
52,4,215,7359457922583479046,Neutral,EXACT_TEXT_c4beb67b7d2f655a,EXACT_TEXT_c4beb67b7d2f655a,,exact_duplicate_group_id:EXACT_TEXT_c4beb67b7d2f655a
52,4,232,7365492882062541573,Positive,EXACT_TEXT_00527cf6a3879ede,EXACT_TEXT_00527cf6a3879ede,,exact_duplicate_group_id:EXACT_TEXT_00527cf6a3879ede
52,4,241,7374730998196978437,Negative,EXACT_TEXT_361d79828e659319,EXACT_TEXT_361d79828e659319,,exact_duplicate_group_id:EXACT_TEXT_361d79828e659319
52,4,243,7377262921006957318,Neutral,EXACT_TEXT_704bf43a6cb57dfc,EXACT_TEXT_704bf43a6cb57dfc,SIM_CLUSTER_00994,near_duplicate_cluster_id:SIM_CLUSTER_00994
52,4,246,7377322865676763910,Neutral,EXACT_TEXT_2fa53d956b16a4c4,EXACT_TEXT_2fa53d956b16a4c4,,exact_duplicate_group_id:EXACT_TEXT_2fa53d956b16a4c4
52,4,256,7382654512458777350,Negative,EXACT_TEXT_797c2f64e810dfe9,EXACT_TEXT_797c2f64e810dfe9,,exact_duplicate_group_id:EXACT_TEXT_797c2f64e810dfe9
52,4,257,7382901237107262214,Neutral,EXACT_TEXT_0f9f504072bfd03c,EXACT_TEXT_0f9f504072bfd03c,,exact_duplicate_group_id:EXACT_TEXT_0f9f504072bfd03c
52,4,264,7385772655045853958,Neutral,EXACT_TEXT_c1dad6f297ca26f6,EXACT_TEXT_c1dad6f297ca26f6,,exact_duplicate_group_id:EXACT_TEXT_c1dad6f297ca26f6
52,4,287,7398146064732160774,Neutral,EXACT_TEXT_1963562310321602,EXACT_TEXT_1963562310321602,,exact_duplicate_group_id:EXACT_TEXT_1963562310321602
52,4,290,7398888704423740166,Neutral,EXACT_TEXT_8ce96a6b619db19a,EXACT_TEXT_8ce96a6b619db19a,,exact_duplicate_group_id:EXACT_TEXT_8ce96a6b619db19a
52,4,299,7407121439063835398,Positive,EXACT_TEXT_1b0ce7ebcc8e2f01,EXACT_TEXT_1b0ce7ebcc8e2f01,,exact_duplicate_group_id:EXACT_TEXT_1b0ce7ebcc8e2f01
52,4,302,7409069596854076166,Neutral,EXACT_TEXT_23bdf6b84b37853d,EXACT_TEXT_23bdf6b84b37853d,,exact_duplicate_group_id:EXACT_TEXT_23bdf6b84b37853d
52,4,303,7409156165194056454,Neutral,EXACT_TEXT_eb8657d4b64835c2,EXACT_TEXT_eb8657d4b64835c2,,exact_duplicate_group_id:EXACT_TEXT_eb8657d4b64835c2
52,4,306,7413287003867316997,Negative,EXACT_TEXT_a517b4dce5e9bea3,EXACT_TEXT_a517b4dce5e9bea3,,exact_duplicate_group_id:EXACT_TEXT_a517b4dce5e9bea3
52,4,311,7417439479576855302,Negative,EXACT_TEXT_1576af9e265b942b,EXACT_TEXT_1576af9e265b942b,,exact_duplicate_group_id:EXACT_TEXT_1576af9e265b942b
52,4,315,7419655483143504646,Positive,EXACT_TEXT_467af3f35751e97b,EXACT_TEXT_467af3f35751e97b,,exact_duplicate_group_id:EXACT_TEXT_467af3f35751e97b
52,4,319,7421330981892915973,Negative,EXACT_TEXT_816e7d0ea3a11cf8,EXACT_TEXT_816e7d0ea3a11cf8,,exact_duplicate_group_id:EXACT_TEXT_816e7d0ea3a11cf8
52,4,320,7421352374406824709,Neutral,EXACT_TEXT_432aa0c4df8e8201,EXACT_TEXT_432aa0c4df8e8201,,exact_duplicate_group_id:EXACT_TEXT_432aa0c4df8e8201
52,4,332,7422556449698464518,Negative,EXACT_TEXT_8f635e83bb74eee3,EXACT_TEXT_8f635e83bb74eee3,,exact_duplicate_group_id:EXACT_TEXT_8f635e83bb74eee3
52,4,348,7425849259604230917,Neutral,EXACT_TEXT_14f9f14e2131fcfe,EXACT_TEXT_14f9f14e2131fcfe,SIM_CLUSTER_00792,near_duplicate_cluster_id:SIM_CLUSTER_00792
52,4,350,7427083583670977286,Negative,EXACT_TEXT_82c33d754d06856f,EXACT_TEXT_82c33d754d06856f,,exact_duplicate_group_id:EXACT_TEXT_82c33d754d06856f
52,4,364,7430111056922067718,Neutral,EXACT_TEXT_42622dd9f83efba2,EXACT_TEXT_42622dd9f83efba2,,exact_duplicate_group_id:EXACT_TEXT_42622dd9f83efba2
52,4,366,7430611441139801988,Positive,EXACT_GROUP_00295,EXACT_GROUP_00295,SIM_CLUSTER_00272,near_duplicate_cluster_id:SIM_CLUSTER_00272
52,4,369,7430768733067723525,Negative,EXACT_TEXT_271e803d8811d73b,EXACT_TEXT_271e803d8811d73b,,exact_duplicate_group_id:EXACT_TEXT_271e803d8811d73b
52,4,371,7431735541747991314,Negative,EXACT_TEXT_5c6b2cc4284734e2,EXACT_TEXT_5c6b2cc4284734e2,,exact_duplicate_group_id:EXACT_TEXT_5c6b2cc4284734e2
52,4,372,7432153965032211216,Negative,EXACT_TEXT_a332f3a00b90c5e0,EXACT_TEXT_a332f3a00b90c5e0,,exact_duplicate_group_id:EXACT_TEXT_a332f3a00b90c5e0
52,4,376,7432672360526332678,Negative,EXACT_TEXT_d8288aa88e6f0350,EXACT_TEXT_d8288aa88e6f0350,,exact_duplicate_group_id:EXACT_TEXT_d8288aa88e6f0350
52,4,395,7450395610849248005,Neutral,EXACT_TEXT_da6ff5f69b95944c,EXACT_TEXT_da6ff5f69b95944c,,exact_duplicate_group_id:EXACT_TEXT_da6ff5f69b95944c
52,4,400,7455510146481193745,Positive,EXACT_TEXT_ef7cae09bf08aa8c,EXACT_TEXT_ef7cae09bf08aa8c,,exact_duplicate_group_id:EXACT_TEXT_ef7cae09bf08aa8c
52,4,401,7455545471928795920,Neutral,EXACT_TEXT_13e3b9bed03fee09,EXACT_TEXT_13e3b9bed03fee09,,exact_duplicate_group_id:EXACT_TEXT_13e3b9bed03fee09
52,4,411,7460645723416118021,Negative,EXACT_TEXT_1287fea887371eee,EXACT_TEXT_1287fea887371eee,,exact_duplicate_group_id:EXACT_TEXT_1287fea887371eee
52,4,422,7471587154696749841,Neutral,EXACT_TEXT_e819568a59baa4b9,EXACT_TEXT_e819568a59baa4b9,,exact_duplicate_group_id:EXACT_TEXT_e819568a59baa4b9
52,4,427,7475307263701435153,Positive,EXACT_TEXT_2e8d8556da9f2c94,EXACT_TEXT_2e8d8556da9f2c94,,exact_duplicate_group_id:EXACT_TEXT_2e8d8556da9f2c94
52,4,430,7479242451200295688,Negative,EXACT_TEXT_51fcb9149a673144,EXACT_TEXT_51fcb9149a673144,,exact_duplicate_group_id:EXACT_TEXT_51fcb9149a673144
52,4,445,7507836969460876039,Positive,EXACT_TEXT_161f592af56010c4,EXACT_TEXT_161f592af56010c4,,exact_duplicate_group_id:EXACT_TEXT_161f592af56010c4
52,4,447,7514649415195149063,Neutral,EXACT_TEXT_555f8b9294cd87b9,EXACT_TEXT_555f8b9294cd87b9,,exact_duplicate_group_id:EXACT_TEXT_555f8b9294cd87b9
52,4,459,7540667810423915272,Positive,EXACT_TEXT_de6db658be63163a,EXACT_TEXT_de6db658be63163a,,exact_duplicate_group_id:EXACT_TEXT_de6db658be63163a
52,4,465,7553546197735850760,Positive,EXACT_TEXT_4e42f8c2ecc617e5,EXACT_TEXT_4e42f8c2ecc617e5,,exact_duplicate_group_id:EXACT_TEXT_4e42f8c2ecc617e5
52,4,471,7572615059345933076,Neutral,EXACT_TEXT_b24e30dfd588f6ac,EXACT_TEXT_b24e30dfd588f6ac,,exact_duplicate_group_id:EXACT_TEXT_b24e30dfd588f6ac
52,4,479,7586893070479082248,Neutral,EXACT_TEXT_dbd19b4199248620,EXACT_TEXT_dbd19b4199248620,,exact_duplicate_group_id:EXACT_TEXT_dbd19b4199248620
52,4,490,7587005908417315591,Neutral,EXACT_TEXT_e510c63ce7f29bcc,EXACT_TEXT_e510c63ce7f29bcc,,exact_duplicate_group_id:EXACT_TEXT_e510c63ce7f29bcc
52,4,497,7587090378680926993,Neutral,EXACT_TEXT_d2be853aff954f52,EXACT_TEXT_d2be853aff954f52,,exact_duplicate_group_id:EXACT_TEXT_d2be853aff954f52
52,4,506,7592051181234750229,Neutral,EXACT_TEXT_3f34697623c7b863,EXACT_TEXT_3f34697623c7b863,,exact_duplicate_group_id:EXACT_TEXT_3f34697623c7b863
52,4,510,7596243696472048405,Positive,EXACT_TEXT_65e6b2cff508764c,EXACT_TEXT_65e6b2cff508764c,,exact_duplicate_group_id:EXACT_TEXT_65e6b2cff508764c
52,4,511,7596245068638536468,Positive,EXACT_TEXT_59443729cb76b671,EXACT_TEXT_59443729cb76b671,,exact_duplicate_group_id:EXACT_TEXT_59443729cb76b671
52,4,518,7596258109304619783,Neutral,EXACT_TEXT_e63dcee8a393f2bd,EXACT_TEXT_e63dcee8a393f2bd,,exact_duplicate_group_id:EXACT_TEXT_e63dcee8a393f2bd
52,4,519,7596258896651600660,Positive,EXACT_TEXT_60464650adfa6c0d,EXACT_TEXT_60464650adfa6c0d,,exact_duplicate_group_id:EXACT_TEXT_60464650adfa6c0d
52,4,530,7598869400267178773,Positive,EXACT_TEXT_6c7bd53ae5906142,EXACT_TEXT_6c7bd53ae5906142,,exact_duplicate_group_id:EXACT_TEXT_6c7bd53ae5906142
52,4,537,7622530006435496711,Neutral,EXACT_TEXT_2c8dc0dbbdef5da4,EXACT_TEXT_2c8dc0dbbdef5da4,SIM_CLUSTER_01415,near_duplicate_cluster_id:SIM_CLUSTER_01415
52,4,539,7627907651800630023,Negative,EXACT_TEXT_26569a0be6f3400d,EXACT_TEXT_26569a0be6f3400d,,exact_duplicate_group_id:EXACT_TEXT_26569a0be6f3400d
52,4,541,7923745513561139603,Positive,EXACT_GROUP_00297,EXACT_GROUP_00297,SIM_CLUSTER_00321,near_duplicate_cluster_id:SIM_CLUSTER_00321
52,4,542,8047737222608403417,Positive,EXACT_GROUP_00150,EXACT_GROUP_00150,SIM_CLUSTER_00203,near_duplicate_cluster_id:SIM_CLUSTER_00203
52,4,544,9228323173467744818,Positive,EXACT_GROUP_00150,EXACT_GROUP_00150,SIM_CLUSTER_00203,near_duplicate_cluster_id:SIM_CLUSTER_00203
52,4,545,9746819620080062517,Positive,EXACT_GROUP_00150,EXACT_GROUP_00150,SIM_CLUSTER_00203,near_duplicate_cluster_id:SIM_CLUSTER_00203
52,4,548,7123925002375185179,Neutral,EXACT_TEXT_23b1aaa714802a8c,EXACT_TEXT_23b1aaa714802a8c,,exact_duplicate_group_id:EXACT_TEXT_23b1aaa714802a8c
52,4,562,7152824110199653147,Neutral,EXACT_TEXT_253beea29620bbbc,EXACT_TEXT_253beea29620bbbc,,exact_duplicate_group_id:EXACT_TEXT_253beea29620bbbc
52,4,566,7158400556422677274,Neutral,EXACT_TEXT_c525ad08c94a273c,EXACT_TEXT_c525ad08c94a273c,SIM_CLUSTER_00325,near_duplicate_cluster_id:SIM_CLUSTER_00325
52,4,567,7168753763439690498,Positive,EXACT_TEXT_cee9bed1d5b6eb22,EXACT_TEXT_cee9bed1d5b6eb22,SIM_CLUSTER_00534,near_duplicate_cluster_id:SIM_CLUSTER_00534
52,4,576,7180666465140441883,Neutral,EXACT_TEXT_6ba15bbea2b1642f,EXACT_TEXT_6ba15bbea2b1642f,,exact_duplicate_group_id:EXACT_TEXT_6ba15bbea2b1642f
52,4,581,7185409378600846106,Positive,EXACT_TEXT_87324a1225133496,EXACT_TEXT_87324a1225133496,,exact_duplicate_group_id:EXACT_TEXT_87324a1225133496
52,4,589,7193551364944495387,Neutral,EXACT_TEXT_b66e6b7b78a1c8d5,EXACT_TEXT_b66e6b7b78a1c8d5,SIM_CLUSTER_00107,near_duplicate_cluster_id:SIM_CLUSTER_00107
52,4,596,7202255841041416987,Positive,EXACT_TEXT_07c87085bc4e8a4f,EXACT_TEXT_07c87085bc4e8a4f,,exact_duplicate_group_id:EXACT_TEXT_07c87085bc4e8a4f
52,4,601,7205048440215094042,Neutral,EXACT_TEXT_47f6551b139ea7e7,EXACT_TEXT_47f6551b139ea7e7,,exact_duplicate_group_id:EXACT_TEXT_47f6551b139ea7e7
52,4,607,7206991277022741274,Neutral,EXACT_TEXT_4e8e4837721b6ea8,EXACT_TEXT_4e8e4837721b6ea8,,exact_duplicate_group_id:EXACT_TEXT_4e8e4837721b6ea8
52,4,608,7207368980818346778,Positive,EXACT_TEXT_9d5cad38482c604d,EXACT_TEXT_9d5cad38482c604d,,exact_duplicate_group_id:EXACT_TEXT_9d5cad38482c604d
52,4,613,7209248057971802907,Neutral,EXACT_TEXT_50660b9ecdf088b6,EXACT_TEXT_50660b9ecdf088b6,,exact_duplicate_group_id:EXACT_TEXT_50660b9ecdf088b6
52,4,620,7210369365715141403,Positive,EXACT_TEXT_b67638501f8887a9,EXACT_TEXT_b67638501f8887a9,,exact_duplicate_group_id:EXACT_TEXT_b67638501f8887a9
52,4,622,7211543174959366939,Negative,EXACT_TEXT_84cf2b0768fd04af,EXACT_TEXT_84cf2b0768fd04af,,exact_duplicate_group_id:EXACT_TEXT_84cf2b0768fd04af
52,4,625,7212291578004505371,Neutral,EXACT_TEXT_79e11580b90d4ec0,EXACT_TEXT_79e11580b90d4ec0,,exact_duplicate_group_id:EXACT_TEXT_79e11580b90d4ec0
52,4,636,7218311296340312859,Neutral,EXACT_TEXT_ced73e3d9a0c065b,EXACT_TEXT_ced73e3d9a0c065b,,exact_duplicate_group_id:EXACT_TEXT_ced73e3d9a0c065b
52,4,642,7222838889026700059,Neutral,EXACT_TEXT_7841cbe53224d49a,EXACT_TEXT_7841cbe53224d49a,SIM_CLUSTER_00107,near_duplicate_cluster_id:SIM_CLUSTER_00107
52,4,645,7224705735542702874,Neutral,EXACT_TEXT_bf97c5dd55a01d44,EXACT_TEXT_bf97c5dd55a01d44,SIM_CLUSTER_00107,near_duplicate_cluster_id:SIM_CLUSTER_00107
52,4,652,7225751739176731419,Neutral,EXACT_TEXT_b7cba77ea06593ba,EXACT_TEXT_b7cba77ea06593ba,,exact_duplicate_group_id:EXACT_TEXT_b7cba77ea06593ba
52,4,654,7225892573024502555,Neutral,EXACT_TEXT_a2d86d960c4a0ccb,EXACT_TEXT_a2d86d960c4a0ccb,SIM_CLUSTER_00325,near_duplicate_cluster_id:SIM_CLUSTER_00325
52,4,655,7225899817460433690,Neutral,EXACT_TEXT_d5f18eddc249a250,EXACT_TEXT_d5f18eddc249a250,SIM_CLUSTER_00107,near_duplicate_cluster_id:SIM_CLUSTER_00107
52,4,666,7226435284609942299,Positive,EXACT_TEXT_54468e9cb1e032bf,EXACT_TEXT_54468e9cb1e032bf,,exact_duplicate_group_id:EXACT_TEXT_54468e9cb1e032bf
52,4,667,7226493610400563994,Neutral,EXACT_TEXT_c15010edc5ecdf49,EXACT_TEXT_c15010edc5ecdf49,SIM_CLUSTER_00107,near_duplicate_cluster_id:SIM_CLUSTER_00107
52,4,668,7226503359384601370,Neutral,EXACT_TEXT_81c1b25e10af075f,EXACT_TEXT_81c1b25e10af075f,,exact_duplicate_group_id:EXACT_TEXT_81c1b25e10af075f
52,4,673,7226692405369389830,Neutral,EXACT_TEXT_d679ce7a4b8a07ae,EXACT_TEXT_d679ce7a4b8a07ae,,exact_duplicate_group_id:EXACT_TEXT_d679ce7a4b8a07ae
52,4,679,7227764032244744986,Neutral,EXACT_TEXT_d663d6d0baa0c360,EXACT_TEXT_d663d6d0baa0c360,,exact_duplicate_group_id:EXACT_TEXT_d663d6d0baa0c360
52,4,683,7229935099062797082,Negative,EXACT_TEXT_171c909c62d8bdb3,EXACT_TEXT_171c909c62d8bdb3,,exact_duplicate_group_id:EXACT_TEXT_171c909c62d8bdb3
52,4,696,7237798611232097030,Neutral,EXACT_TEXT_9c2a56e415580700,EXACT_TEXT_9c2a56e415580700,,exact_duplicate_group_id:EXACT_TEXT_9c2a56e415580700
52,4,697,7237868853086307077,Neutral,EXACT_TEXT_42a054daa05c4806,EXACT_TEXT_42a054daa05c4806,,exact_duplicate_group_id:EXACT_TEXT_42a054daa05c4806
52,4,703,7238803270327894790,Neutral,EXACT_TEXT_8f6fa0cc82487123,EXACT_TEXT_8f6fa0cc82487123,,exact_duplicate_group_id:EXACT_TEXT_8f6fa0cc82487123
52,4,710,7249049466204046086,Neutral,EXACT_TEXT_4dcea153a68f1e5c,EXACT_TEXT_4dcea153a68f1e5c,,exact_duplicate_group_id:EXACT_TEXT_4dcea153a68f1e5c
52,4,712,7250343666831688453,Positive,EXACT_TEXT_4d3fc248a578199d,EXACT_TEXT_4d3fc248a578199d,SIM_CLUSTER_00865,near_duplicate_cluster_id:SIM_CLUSTER_00865
52,4,717,7255267696098951942,Neutral,EXACT_TEXT_6bb02ab1db74fbb9,EXACT_TEXT_6bb02ab1db74fbb9,,exact_duplicate_group_id:EXACT_TEXT_6bb02ab1db74fbb9
52,4,725,7264967427946513157,Neutral,EXACT_TEXT_84d48c9910e730a1,EXACT_TEXT_84d48c9910e730a1,,exact_duplicate_group_id:EXACT_TEXT_84d48c9910e730a1
52,4,727,7268619853929906949,Neutral,EXACT_TEXT_6eea2ffaf849395f,EXACT_TEXT_6eea2ffaf849395f,,exact_duplicate_group_id:EXACT_TEXT_6eea2ffaf849395f
52,4,730,7271292066230403846,Neutral,EXACT_TEXT_5ca91e58bea5a171,EXACT_TEXT_5ca91e58bea5a171,,exact_duplicate_group_id:EXACT_TEXT_5ca91e58bea5a171
52,4,736,7274088420912333573,Neutral,EXACT_TEXT_377947f339d96448,EXACT_TEXT_377947f339d96448,,exact_duplicate_group_id:EXACT_TEXT_377947f339d96448
52,4,742,7285695607283729158,Negative,EXACT_TEXT_2651185b2a29f8aa,EXACT_TEXT_2651185b2a29f8aa,,exact_duplicate_group_id:EXACT_TEXT_2651185b2a29f8aa
52,4,747,7287147585201259270,Positive,EXACT_TEXT_e8902286d81bce56,EXACT_TEXT_e8902286d81bce56,SIM_CLUSTER_00021,near_duplicate_cluster_id:SIM_CLUSTER_00021
52,4,754,7289043577543164678,Positive,EXACT_TEXT_bf2e7869dd40cd97,EXACT_TEXT_bf2e7869dd40cd97,,exact_duplicate_group_id:EXACT_TEXT_bf2e7869dd40cd97
52,4,758,7291856823852958470,Neutral,EXACT_TEXT_77c452536aed4ded,EXACT_TEXT_77c452536aed4ded,SIM_CLUSTER_00107,near_duplicate_cluster_id:SIM_CLUSTER_00107
52,4,778,7312032425030058757,Neutral,EXACT_TEXT_00e8385185e491d3,EXACT_TEXT_00e8385185e491d3,,exact_duplicate_group_id:EXACT_TEXT_00e8385185e491d3
52,4,795,7314131960737186566,Neutral,EXACT_TEXT_9c9c10d0182525f1,EXACT_TEXT_9c9c10d0182525f1,,exact_duplicate_group_id:EXACT_TEXT_9c9c10d0182525f1
52,4,796,7314290894252409605,Neutral,EXACT_TEXT_b9a27e255c9b5cf7,EXACT_TEXT_b9a27e255c9b5cf7,,exact_duplicate_group_id:EXACT_TEXT_b9a27e255c9b5cf7
52,4,801,7315000063540822789,Neutral,EXACT_TEXT_b2fe4109cebb8076,EXACT_TEXT_b2fe4109cebb8076,,exact_duplicate_group_id:EXACT_TEXT_b2fe4109cebb8076
52,4,803,7315263379428475653,Positive,EXACT_TEXT_d657f660493984b8,EXACT_TEXT_d657f660493984b8,SIM_CLUSTER_00918,near_duplicate_cluster_id:SIM_CLUSTER_00918
52,4,804,7315981839272968966,Neutral,EXACT_TEXT_d30d719a931ad596,EXACT_TEXT_d30d719a931ad596,,exact_duplicate_group_id:EXACT_TEXT_d30d719a931ad596
52,4,806,7316802960310190854,Positive,EXACT_TEXT_ec5ec323099c2c74,EXACT_TEXT_ec5ec323099c2c74,,exact_duplicate_group_id:EXACT_TEXT_ec5ec323099c2c74
52,4,812,7317700017786864390,Positive,EXACT_TEXT_2923c9337d8bbcf7,EXACT_TEXT_2923c9337d8bbcf7,,exact_duplicate_group_id:EXACT_TEXT_2923c9337d8bbcf7
52,4,816,7319793859189064453,Neutral,EXACT_TEXT_59beecea8198d91e,EXACT_TEXT_59beecea8198d91e,,exact_duplicate_group_id:EXACT_TEXT_59beecea8198d91e
52,4,818,7320140230308594437,Neutral,EXACT_TEXT_c54b33b11261ad46,EXACT_TEXT_c54b33b11261ad46,,exact_duplicate_group_id:EXACT_TEXT_c54b33b11261ad46
52,4,819,7320162152375272197,Positive,EXACT_TEXT_15232756194bd576,EXACT_TEXT_15232756194bd576,,exact_duplicate_group_id:EXACT_TEXT_15232756194bd576
52,4,822,7320308105157198598,Neutral,EXACT_TEXT_de5172d92eb8e394,EXACT_TEXT_de5172d92eb8e394,,exact_duplicate_group_id:EXACT_TEXT_de5172d92eb8e394
52,4,828,7321189848634655493,Neutral,EXACT_TEXT_1fe8217fde02f401,EXACT_TEXT_1fe8217fde02f401,,exact_duplicate_group_id:EXACT_TEXT_1fe8217fde02f401
52,4,832,7323020931168764678,Neutral,EXACT_TEXT_7d86a92901a48cb1,EXACT_TEXT_7d86a92901a48cb1,,exact_duplicate_group_id:EXACT_TEXT_7d86a92901a48cb1
52,4,833,7323968034933932805,Negative,EXACT_TEXT_64002ce889d117fd,EXACT_TEXT_64002ce889d117fd,,exact_duplicate_group_id:EXACT_TEXT_64002ce889d117fd
52,4,836,7324404679897662210,Neutral,EXACT_TEXT_4c2b889ce44110c3,EXACT_TEXT_4c2b889ce44110c3,,exact_duplicate_group_id:EXACT_TEXT_4c2b889ce44110c3
52,4,840,7326486242500412166,Neutral,EXACT_TEXT_50299af5d84625f3,EXACT_TEXT_50299af5d84625f3,,exact_duplicate_group_id:EXACT_TEXT_50299af5d84625f3
52,4,841,7327486312323515141,Neutral,EXACT_TEXT_bffe5fbf66c04d0f,EXACT_TEXT_bffe5fbf66c04d0f,,exact_duplicate_group_id:EXACT_TEXT_bffe5fbf66c04d0f
52,4,845,7329120924438577925,Neutral,EXACT_TEXT_377a2045411c0387,EXACT_TEXT_377a2045411c0387,,exact_duplicate_group_id:EXACT_TEXT_377a2045411c0387
52,4,858,7334147425147699974,Neutral,EXACT_TEXT_d8c7af6af4332368,EXACT_TEXT_d8c7af6af4332368,,exact_duplicate_group_id:EXACT_TEXT_d8c7af6af4332368
52,4,861,7334649034349544197,Neutral,EXACT_TEXT_f112ee2bbe8a186e,EXACT_TEXT_f112ee2bbe8a186e,,exact_duplicate_group_id:EXACT_TEXT_f112ee2bbe8a186e
52,4,864,7336993792040289030,Neutral,EXACT_TEXT_ca2decb87b28bee2,EXACT_TEXT_ca2decb87b28bee2,,exact_duplicate_group_id:EXACT_TEXT_ca2decb87b28bee2
52,4,878,7341258198390915846,Neutral,EXACT_TEXT_acaabe7593676407,EXACT_TEXT_acaabe7593676407,,exact_duplicate_group_id:EXACT_TEXT_acaabe7593676407
52,4,881,7341552339193774854,Neutral,EXACT_TEXT_60affdeea21101dc,EXACT_TEXT_60affdeea21101dc,,exact_duplicate_group_id:EXACT_TEXT_60affdeea21101dc
52,4,883,7342823254589408006,Neutral,EXACT_TEXT_0eec400505ba28e2,EXACT_TEXT_0eec400505ba28e2,SIM_CLUSTER_00592,near_duplicate_cluster_id:SIM_CLUSTER_00592
52,4,884,7343794698907026181,Negative,EXACT_TEXT_fa30b7dc2d84ccf0,EXACT_TEXT_fa30b7dc2d84ccf0,,exact_duplicate_group_id:EXACT_TEXT_fa30b7dc2d84ccf0
52,4,886,7344683076464902917,Positive,EXACT_GROUP_00870,EXACT_GROUP_00870,SIM_CLUSTER_00111,near_duplicate_cluster_id:SIM_CLUSTER_00111
52,4,888,7345678448495215366,Neutral,EXACT_TEXT_c163830c833ad924,EXACT_TEXT_c163830c833ad924,,exact_duplicate_group_id:EXACT_TEXT_c163830c833ad924
52,4,889,7348949055786238726,Neutral,EXACT_TEXT_1677f22226c08251,EXACT_TEXT_1677f22226c08251,,exact_duplicate_group_id:EXACT_TEXT_1677f22226c08251
52,4,890,7349164810972693254,Neutral,EXACT_TEXT_d902ab4780eae6cb,EXACT_TEXT_d902ab4780eae6cb,,exact_duplicate_group_id:EXACT_TEXT_d902ab4780eae6cb
52,4,892,7349580272072164102,Negative,EXACT_TEXT_7848e4f1bef8ed55,EXACT_TEXT_7848e4f1bef8ed55,,exact_duplicate_group_id:EXACT_TEXT_7848e4f1bef8ed55
52,4,893,7349955631606989573,Neutral,EXACT_TEXT_87a7e5e83aef7729,EXACT_TEXT_87a7e5e83aef7729,,exact_duplicate_group_id:EXACT_TEXT_87a7e5e83aef7729
52,4,895,7350515082760553221,Neutral,EXACT_TEXT_d01fdcc884ecd383,EXACT_TEXT_d01fdcc884ecd383,SIM_CLUSTER_00107,near_duplicate_cluster_id:SIM_CLUSTER_00107
52,4,897,7351386700109415174,Negative,EXACT_TEXT_dc3dbb6a12b2d435,EXACT_TEXT_dc3dbb6a12b2d435,,exact_duplicate_group_id:EXACT_TEXT_dc3dbb6a12b2d435
52,4,905,7357729960284439302,Positive,EXACT_TEXT_daaf28e4ca13314e,EXACT_TEXT_daaf28e4ca13314e,,exact_duplicate_group_id:EXACT_TEXT_daaf28e4ca13314e
52,4,908,7357851534862320389,Positive,EXACT_TEXT_4af93efca1524af1,EXACT_TEXT_4af93efca1524af1,,exact_duplicate_group_id:EXACT_TEXT_4af93efca1524af1
52,4,909,7357871983755379461,Positive,EXACT_TEXT_47bc7a385a1051be,EXACT_TEXT_47bc7a385a1051be,,exact_duplicate_group_id:EXACT_TEXT_47bc7a385a1051be
52,4,913,7357913451079828229,Neutral,EXACT_TEXT_ef936539196cc838,EXACT_TEXT_ef936539196cc838,,exact_duplicate_group_id:EXACT_TEXT_ef936539196cc838
52,4,918,7357968994395243269,Positive,EXACT_TEXT_f39016be1d4cc14d,EXACT_TEXT_f39016be1d4cc14d,,exact_duplicate_group_id:EXACT_TEXT_f39016be1d4cc14d
52,4,920,7357985199369618182,Negative,EXACT_TEXT_efcf9a9cf1becd70,EXACT_TEXT_efcf9a9cf1becd70,,exact_duplicate_group_id:EXACT_TEXT_efcf9a9cf1becd70
52,4,922,7358021395277726469,Neutral,EXACT_TEXT_22fb79b333a0a7b0,EXACT_TEXT_22fb79b333a0a7b0,,exact_duplicate_group_id:EXACT_TEXT_22fb79b333a0a7b0
52,4,924,7358031752739570437,Negative,EXACT_TEXT_cd2b984c002acb99,EXACT_TEXT_cd2b984c002acb99,,exact_duplicate_group_id:EXACT_TEXT_cd2b984c002acb99
52,4,935,7358622222871659270,Neutral,EXACT_TEXT_786f8f0b4a83de44,EXACT_TEXT_786f8f0b4a83de44,,exact_duplicate_group_id:EXACT_TEXT_786f8f0b4a83de44
52,4,943,7359604864495977221,Negative,EXACT_TEXT_e5e375d85ba44ef7,EXACT_TEXT_e5e375d85ba44ef7,,exact_duplicate_group_id:EXACT_TEXT_e5e375d85ba44ef7
52,4,959,7362046050905621254,Neutral,EXACT_TEXT_13851e6d33441bb5,EXACT_TEXT_13851e6d33441bb5,SIM_CLUSTER_00107,near_duplicate_cluster_id:SIM_CLUSTER_00107
52,4,962,7363309636549755654,Neutral,EXACT_TEXT_f1d347f38870067c,EXACT_TEXT_f1d347f38870067c,,exact_duplicate_group_id:EXACT_TEXT_f1d347f38870067c
52,4,967,7363961398807003910,Positive,EXACT_TEXT_1192e76945b8c407,EXACT_TEXT_1192e76945b8c407,,exact_duplicate_group_id:EXACT_TEXT_1192e76945b8c407
52,4,978,7366973375535792901,Neutral,EXACT_TEXT_1358521e1bf406f3,EXACT_TEXT_1358521e1bf406f3,,exact_duplicate_group_id:EXACT_TEXT_1358521e1bf406f3
52,4,990,7369219676978053894,Neutral,EXACT_TEXT_bc1197d33614c4c2,EXACT_TEXT_bc1197d33614c4c2,,exact_duplicate_group_id:EXACT_TEXT_bc1197d33614c4c2
52,4,996,7374041871854699269,Neutral,EXACT_TEXT_bb2e1ed06842d43f,EXACT_TEXT_bb2e1ed06842d43f,,exact_duplicate_group_id:EXACT_TEXT_bb2e1ed06842d43f
52,4,1001,7376957181163422469,Neutral,EXACT_TEXT_ca6797c3ca97ec20,EXACT_TEXT_ca6797c3ca97ec20,SIM_CLUSTER_00605,near_duplicate_cluster_id:SIM_CLUSTER_00605
52,4,1003,7377644913598972677,Neutral,EXACT_TEXT_b556b2321c22da1f,EXACT_TEXT_b556b2321c22da1f,,exact_duplicate_group_id:EXACT_TEXT_b556b2321c22da1f
52,4,1005,7378325306426295046,Neutral,EXACT_TEXT_78a194c079c985fd,EXACT_TEXT_78a194c079c985fd,,exact_duplicate_group_id:EXACT_TEXT_78a194c079c985fd
52,4,1008,7378459620539335430,Neutral,EXACT_TEXT_9552ab9b75bd90ea,EXACT_TEXT_9552ab9b75bd90ea,,exact_duplicate_group_id:EXACT_TEXT_9552ab9b75bd90ea
52,4,1012,7379979600170976006,Neutral,EXACT_TEXT_0392e66f7652f585,EXACT_TEXT_0392e66f7652f585,,exact_duplicate_group_id:EXACT_TEXT_0392e66f7652f585
52,4,1016,7380875823270839046,Neutral,EXACT_TEXT_052576b4a8b6937e,EXACT_TEXT_052576b4a8b6937e,,exact_duplicate_group_id:EXACT_TEXT_052576b4a8b6937e
52,4,1026,7384358954300015365,Positive,EXACT_GROUP_00896,EXACT_GROUP_00896,SIM_CLUSTER_00021,near_duplicate_cluster_id:SIM_CLUSTER_00021
52,4,1032,7385496074121757445,Neutral,EXACT_TEXT_eb07a6176eb228b0,EXACT_TEXT_eb07a6176eb228b0,SIM_CLUSTER_00107,near_duplicate_cluster_id:SIM_CLUSTER_00107
52,4,1042,7388518009050137349,Neutral,EXACT_TEXT_de6d41185e80d589,EXACT_TEXT_de6d41185e80d589,,exact_duplicate_group_id:EXACT_TEXT_de6d41185e80d589
52,4,1043,7388518395325219589,Neutral,EXACT_TEXT_9328d7867b17ba58,EXACT_TEXT_9328d7867b17ba58,,exact_duplicate_group_id:EXACT_TEXT_9328d7867b17ba58
52,4,1044,7388519060479476486,Neutral,EXACT_TEXT_f3e8270ac96326b5,EXACT_TEXT_f3e8270ac96326b5,,exact_duplicate_group_id:EXACT_TEXT_f3e8270ac96326b5
52,4,1045,7388546017073332997,Positive,EXACT_TEXT_6c4aca83350f30e9,EXACT_TEXT_6c4aca83350f30e9,,exact_duplicate_group_id:EXACT_TEXT_6c4aca83350f30e9
52,4,1055,7389852379825439494,Neutral,EXACT_TEXT_4519a9088a70461e,EXACT_TEXT_4519a9088a70461e,,exact_duplicate_group_id:EXACT_TEXT_4519a9088a70461e
52,4,1060,7390965885643096837,Positive,EXACT_TEXT_c3d0f829eae96d30,EXACT_TEXT_c3d0f829eae96d30,SIM_CLUSTER_00021,near_duplicate_cluster_id:SIM_CLUSTER_00021
52,4,1061,7391069834572694277,Neutral,EXACT_TEXT_0c3c45f264ec5a9a,EXACT_TEXT_0c3c45f264ec5a9a,SIM_CLUSTER_00578,near_duplicate_cluster_id:SIM_CLUSTER_00578
52,4,1062,7391746717711319814,Negative,EXACT_TEXT_eabf75ca19b0d95d,EXACT_TEXT_eabf75ca19b0d95d,,exact_duplicate_group_id:EXACT_TEXT_eabf75ca19b0d95d
52,4,1063,7392113919957172998,Neutral,EXACT_TEXT_7a833fbc3c7584e1,EXACT_TEXT_7a833fbc3c7584e1,SIM_CLUSTER_00592,near_duplicate_cluster_id:SIM_CLUSTER_00592
52,4,1067,7397305488532390662,Positive,EXACT_TEXT_3e6eb85264a0eb89,EXACT_TEXT_3e6eb85264a0eb89,,exact_duplicate_group_id:EXACT_TEXT_3e6eb85264a0eb89
52,4,1084,7399651714763539205,Neutral,EXACT_TEXT_33cbb88845de9021,EXACT_TEXT_33cbb88845de9021,,exact_duplicate_group_id:EXACT_TEXT_33cbb88845de9021
52,4,1090,7402088921776243461,Positive,EXACT_TEXT_b22b759eceb5c0e8,EXACT_TEXT_b22b759eceb5c0e8,,exact_duplicate_group_id:EXACT_TEXT_b22b759eceb5c0e8
52,4,1091,7403340624236610309,Neutral,EXACT_TEXT_ff853ccfbf007894,EXACT_TEXT_ff853ccfbf007894,,exact_duplicate_group_id:EXACT_TEXT_ff853ccfbf007894
52,4,1096,7405131360170001157,Neutral,EXACT_TEXT_7b8fb333551e6853,EXACT_TEXT_7b8fb333551e6853,,exact_duplicate_group_id:EXACT_TEXT_7b8fb333551e6853
52,4,1099,7405975481226756869,Neutral,EXACT_TEXT_8b9ae15083f36016,EXACT_TEXT_8b9ae15083f36016,,exact_duplicate_group_id:EXACT_TEXT_8b9ae15083f36016
52,4,1101,7407207855303049990,Neutral,EXACT_TEXT_a3ce6365bc5d3ab5,EXACT_TEXT_a3ce6365bc5d3ab5,,exact_duplicate_group_id:EXACT_TEXT_a3ce6365bc5d3ab5
52,4,1107,7410075245274776325,Neutral,EXACT_TEXT_eaab082e78b32035,EXACT_TEXT_eaab082e78b32035,SIM_CLUSTER_00107,near_duplicate_cluster_id:SIM_CLUSTER_00107
52,4,1110,7414749171653903110,Neutral,EXACT_TEXT_f1050cb3d4756d52,EXACT_TEXT_f1050cb3d4756d52,,exact_duplicate_group_id:EXACT_TEXT_f1050cb3d4756d52
52,4,1112,7416719848481407749,Positive,EXACT_TEXT_9c124fefccbd4ddc,EXACT_TEXT_9c124fefccbd4ddc,,exact_duplicate_group_id:EXACT_TEXT_9c124fefccbd4ddc
52,4,1113,7417712796441723654,Neutral,EXACT_TEXT_a80b47df010be51e,EXACT_TEXT_a80b47df010be51e,,exact_duplicate_group_id:EXACT_TEXT_a80b47df010be51e
52,4,1120,7420002464878068485,Neutral,EXACT_TEXT_4e7e8134ab760924,EXACT_TEXT_4e7e8134ab760924,,exact_duplicate_group_id:EXACT_TEXT_4e7e8134ab760924
52,4,1129,7421181591516939013,Negative,EXACT_TEXT_74073de4416904f3,EXACT_TEXT_74073de4416904f3,,exact_duplicate_group_id:EXACT_TEXT_74073de4416904f3
52,4,1134,7421193827410035462,Positive,EXACT_TEXT_061992030700af60,EXACT_TEXT_061992030700af60,,exact_duplicate_group_id:EXACT_TEXT_061992030700af60
52,4,1137,7421213972752696069,Negative,EXACT_TEXT_a49cd22bad85e4af,EXACT_TEXT_a49cd22bad85e4af,,exact_duplicate_group_id:EXACT_TEXT_a49cd22bad85e4af
52,4,1144,7421290381301924614,Negative,EXACT_TEXT_47368592cc8c96f2,EXACT_TEXT_47368592cc8c96f2,,exact_duplicate_group_id:EXACT_TEXT_47368592cc8c96f2
52,4,1149,7421307832010883846,Positive,EXACT_TEXT_e0506c3aeabb7f00,EXACT_TEXT_e0506c3aeabb7f00,,exact_duplicate_group_id:EXACT_TEXT_e0506c3aeabb7f00
52,4,1155,7421332678856868613,Positive,EXACT_TEXT_c34dbe8276e1b815,EXACT_TEXT_c34dbe8276e1b815,,exact_duplicate_group_id:EXACT_TEXT_c34dbe8276e1b815
52,4,1160,7421356033682424582,Negative,EXACT_TEXT_7d6527625c2cbb8f,EXACT_TEXT_7d6527625c2cbb8f,,exact_duplicate_group_id:EXACT_TEXT_7d6527625c2cbb8f
52,4,1162,7421361919020253958,Negative,EXACT_TEXT_e3f0f5204a2d5f7d,EXACT_TEXT_e3f0f5204a2d5f7d,,exact_duplicate_group_id:EXACT_TEXT_e3f0f5204a2d5f7d
52,4,1169,7421366694885573394,Negative,EXACT_TEXT_f4c10127565c4795,EXACT_TEXT_f4c10127565c4795,,exact_duplicate_group_id:EXACT_TEXT_f4c10127565c4795
52,4,1171,7421381410600157958,Positive,EXACT_TEXT_95c20ce36b153311,EXACT_TEXT_95c20ce36b153311,,exact_duplicate_group_id:EXACT_TEXT_95c20ce36b153311
52,4,1173,7421406921402417925,Negative,EXACT_TEXT_96d0c263a4df839e,EXACT_TEXT_96d0c263a4df839e,,exact_duplicate_group_id:EXACT_TEXT_96d0c263a4df839e
52,4,1175,7421412228182901510,Positive,EXACT_TEXT_da8fb7e17605274b,EXACT_TEXT_da8fb7e17605274b,,exact_duplicate_group_id:EXACT_TEXT_da8fb7e17605274b
52,4,1176,7421413595759837957,Negative,EXACT_TEXT_07fbd84be126a93c,EXACT_TEXT_07fbd84be126a93c,,exact_duplicate_group_id:EXACT_TEXT_07fbd84be126a93c
52,4,1178,7421420854359868166,Negative,EXACT_TEXT_1e0d29f7822eb12a,EXACT_TEXT_1e0d29f7822eb12a,,exact_duplicate_group_id:EXACT_TEXT_1e0d29f7822eb12a
52,4,1179,7421422372580721413,Neutral,EXACT_TEXT_6020147e9e1d74d7,EXACT_TEXT_6020147e9e1d74d7,,exact_duplicate_group_id:EXACT_TEXT_6020147e9e1d74d7
52,4,1182,7421435179958354693,Positive,EXACT_TEXT_58148240dbfc0912,EXACT_TEXT_58148240dbfc0912,,exact_duplicate_group_id:EXACT_TEXT_58148240dbfc0912
52,4,1183,7421485715220333317,Neutral,EXACT_TEXT_282ad6ba82170860,EXACT_TEXT_282ad6ba82170860,,exact_duplicate_group_id:EXACT_TEXT_282ad6ba82170860
52,4,1193,7421583797034582790,Negative,EXACT_TEXT_e7389df0ebf21fc7,EXACT_TEXT_e7389df0ebf21fc7,,exact_duplicate_group_id:EXACT_TEXT_e7389df0ebf21fc7
52,4,1194,7421583937803551493,Negative,EXACT_TEXT_ffd1f3df10afe033,EXACT_TEXT_ffd1f3df10afe033,,exact_duplicate_group_id:EXACT_TEXT_ffd1f3df10afe033
52,4,1199,7421691792154968837,Positive,EXACT_TEXT_2ca1a4df9d32c75d,EXACT_TEXT_2ca1a4df9d32c75d,,exact_duplicate_group_id:EXACT_TEXT_2ca1a4df9d32c75d
52,4,1204,7421709011974996741,Negative,EXACT_TEXT_a4c10401d8d23f2e,EXACT_TEXT_a4c10401d8d23f2e,SIM_CLUSTER_00468,near_duplicate_cluster_id:SIM_CLUSTER_00468
52,4,1211,7421757188094051078,Negative,EXACT_TEXT_69b6f59bb37291f7,EXACT_TEXT_69b6f59bb37291f7,SIM_CLUSTER_00468,near_duplicate_cluster_id:SIM_CLUSTER_00468
52,4,1219,7421897771001676549,Negative,EXACT_TEXT_6d0977bf80944398,EXACT_TEXT_6d0977bf80944398,,exact_duplicate_group_id:EXACT_TEXT_6d0977bf80944398
52,4,1220,7421918047499518726,Negative,EXACT_TEXT_4a4d9a72d2c6f12e,EXACT_TEXT_4a4d9a72d2c6f12e,,exact_duplicate_group_id:EXACT_TEXT_4a4d9a72d2c6f12e
52,4,1224,7422078710713762565,Negative,EXACT_TEXT_ecb42f052a26b086,EXACT_TEXT_ecb42f052a26b086,,exact_duplicate_group_id:EXACT_TEXT_ecb42f052a26b086
52,4,1227,7422106684976153349,Positive,EXACT_TEXT_16824cb1dfc22732,EXACT_TEXT_16824cb1dfc22732,,exact_duplicate_group_id:EXACT_TEXT_16824cb1dfc22732
52,4,1230,7422116665246204677,Negative,EXACT_TEXT_d6c0f8e3f5447008,EXACT_TEXT_d6c0f8e3f5447008,,exact_duplicate_group_id:EXACT_TEXT_d6c0f8e3f5447008
52,4,1231,7422117313397015301,Neutral,EXACT_TEXT_fdfcaa7fe9167b90,EXACT_TEXT_fdfcaa7fe9167b90,,exact_duplicate_group_id:EXACT_TEXT_fdfcaa7fe9167b90
52,4,1238,7422194369728545541,Negative,EXACT_TEXT_9f42f4819ef5e6d9,EXACT_TEXT_9f42f4819ef5e6d9,,exact_duplicate_group_id:EXACT_TEXT_9f42f4819ef5e6d9
52,4,1239,7422210210113274630,Negative,EXACT_TEXT_6520d9e2f2063c27,EXACT_TEXT_6520d9e2f2063c27,,exact_duplicate_group_id:EXACT_TEXT_6520d9e2f2063c27
52,4,1243,7422228101176558341,Negative,EXACT_TEXT_36e8c5d52eeac54a,EXACT_TEXT_36e8c5d52eeac54a,,exact_duplicate_group_id:EXACT_TEXT_36e8c5d52eeac54a
52,4,1250,7422288141963084549,Neutral,EXACT_TEXT_8605212c05c8ec35,EXACT_TEXT_8605212c05c8ec35,,exact_duplicate_group_id:EXACT_TEXT_8605212c05c8ec35
52,4,1251,7422351846835159813,Positive,EXACT_TEXT_0213fd6ca665bc63,EXACT_TEXT_0213fd6ca665bc63,SIM_CLUSTER_00021,near_duplicate_cluster_id:SIM_CLUSTER_00021
52,4,1254,7422475462342869766,Positive,EXACT_GROUP_00896,EXACT_GROUP_00896,SIM_CLUSTER_00021,near_duplicate_cluster_id:SIM_CLUSTER_00021
52,4,1260,7422508967718863621,Negative,EXACT_TEXT_1f66069e3b2f3d45,EXACT_TEXT_1f66069e3b2f3d45,,exact_duplicate_group_id:EXACT_TEXT_1f66069e3b2f3d45
52,4,1274,7422648199997539073,Negative,EXACT_TEXT_4fabc35ff8b5dc35,EXACT_TEXT_4fabc35ff8b5dc35,SIM_CLUSTER_00468,near_duplicate_cluster_id:SIM_CLUSTER_00468
52,4,1275,7422661255251313414,Negative,EXACT_TEXT_32616b73583f6c90,EXACT_TEXT_32616b73583f6c90,SIM_CLUSTER_00468,near_duplicate_cluster_id:SIM_CLUSTER_00468
52,4,1277,7422670257007133445,Negative,EXACT_TEXT_ebc3efa50b659cb2,EXACT_TEXT_ebc3efa50b659cb2,,exact_duplicate_group_id:EXACT_TEXT_ebc3efa50b659cb2
52,4,1280,7422694594842460934,Negative,EXACT_TEXT_03b204f70e3762bf,EXACT_TEXT_03b204f70e3762bf,,exact_duplicate_group_id:EXACT_TEXT_03b204f70e3762bf
52,4,1285,7422737162192159494,Neutral,EXACT_TEXT_32c0910ac20271f6,EXACT_TEXT_32c0910ac20271f6,,exact_duplicate_group_id:EXACT_TEXT_32c0910ac20271f6
52,4,1291,7422851739516748549,Negative,EXACT_TEXT_d5d633a93a03feda,EXACT_TEXT_d5d633a93a03feda,,exact_duplicate_group_id:EXACT_TEXT_d5d633a93a03feda
52,4,1292,7422875445286339336,Negative,EXACT_TEXT_fcf0891b93a3f115,EXACT_TEXT_fcf0891b93a3f115,,exact_duplicate_group_id:EXACT_TEXT_fcf0891b93a3f115
52,4,1295,7422941095002882822,Negative,EXACT_TEXT_b1cb6ee99a7a13b1,EXACT_TEXT_b1cb6ee99a7a13b1,,exact_duplicate_group_id:EXACT_TEXT_b1cb6ee99a7a13b1
52,4,1296,7422968791354966802,Neutral,EXACT_TEXT_7d7963f68647d4af,EXACT_TEXT_7d7963f68647d4af,,exact_duplicate_group_id:EXACT_TEXT_7d7963f68647d4af
52,4,1306,7424367623687766790,Neutral,EXACT_TEXT_1314563ad132c45d,EXACT_TEXT_1314563ad132c45d,,exact_duplicate_group_id:EXACT_TEXT_1314563ad132c45d
52,4,1309,7424688840943698705,Positive,EXACT_TEXT_776df46914b49c3d,EXACT_TEXT_776df46914b49c3d,,exact_duplicate_group_id:EXACT_TEXT_776df46914b49c3d
52,4,1318,7425829927624459013,Positive,EXACT_TEXT_b53b5e86400fc7da,EXACT_TEXT_b53b5e86400fc7da,,exact_duplicate_group_id:EXACT_TEXT_b53b5e86400fc7da
52,4,1322,7426235657113420549,Neutral,EXACT_TEXT_e9012431b574f044,EXACT_TEXT_e9012431b574f044,,exact_duplicate_group_id:EXACT_TEXT_e9012431b574f044
52,4,1344,7428465206705603333,Negative,EXACT_TEXT_ddf5cd70a95ba817,EXACT_TEXT_ddf5cd70a95ba817,,exact_duplicate_group_id:EXACT_TEXT_ddf5cd70a95ba817
52,4,1352,7428504819751535366,Positive,EXACT_TEXT_09fcd41fe81f504d,EXACT_TEXT_09fcd41fe81f504d,,exact_duplicate_group_id:EXACT_TEXT_09fcd41fe81f504d
52,4,1358,7428538743555179282,Positive,EXACT_TEXT_fa67c6e923d0ec76,EXACT_TEXT_fa67c6e923d0ec76,,exact_duplicate_group_id:EXACT_TEXT_fa67c6e923d0ec76
52,4,1364,7428562215383417606,Positive,EXACT_TEXT_6638773052f6ef27,EXACT_TEXT_6638773052f6ef27,,exact_duplicate_group_id:EXACT_TEXT_6638773052f6ef27
52,4,1367,7428587375913157381,Positive,EXACT_TEXT_9053574610889d4c,EXACT_TEXT_9053574610889d4c,,exact_duplicate_group_id:EXACT_TEXT_9053574610889d4c
52,4,1373,7428614622015521541,Neutral,EXACT_TEXT_796732767386ee94,EXACT_TEXT_796732767386ee94,SIM_CLUSTER_00021,near_duplicate_cluster_id:SIM_CLUSTER_00021
52,4,1380,7428746124004213510,Neutral,EXACT_TEXT_4b0697a0bce52248,EXACT_TEXT_4b0697a0bce52248,SIM_CLUSTER_00028,near_duplicate_cluster_id:SIM_CLUSTER_00028
52,4,1381,7428755524211458834,Neutral,EXACT_TEXT_2621ff5d2663179f,EXACT_TEXT_2621ff5d2663179f,SIM_CLUSTER_00028,near_duplicate_cluster_id:SIM_CLUSTER_00028
52,4,1385,7428791550224368389,Neutral,EXACT_TEXT_f0ca65d564b80f91,EXACT_TEXT_f0ca65d564b80f91,SIM_CLUSTER_00605,near_duplicate_cluster_id:SIM_CLUSTER_00605
52,4,1387,7428819287047832325,Negative,EXACT_TEXT_d3034130ff07dbc6,EXACT_TEXT_d3034130ff07dbc6,,exact_duplicate_group_id:EXACT_TEXT_d3034130ff07dbc6
52,4,1388,7428830498551743237,Neutral,EXACT_TEXT_e0b3229caa0d6e8f,EXACT_TEXT_e0b3229caa0d6e8f,,exact_duplicate_group_id:EXACT_TEXT_e0b3229caa0d6e8f
52,4,1394,7428920788566917894,Neutral,EXACT_TEXT_8e39caff0f761a46,EXACT_TEXT_8e39caff0f761a46,,exact_duplicate_group_id:EXACT_TEXT_8e39caff0f761a46
52,4,1396,7428938186855056134,Neutral,EXACT_TEXT_8f0a4d8786cad228,EXACT_TEXT_8f0a4d8786cad228,,exact_duplicate_group_id:EXACT_TEXT_8f0a4d8786cad228
52,4,1403,7429161307826258694,Positive,EXACT_TEXT_12eea553e590930e,EXACT_TEXT_12eea553e590930e,,exact_duplicate_group_id:EXACT_TEXT_12eea553e590930e
52,4,1406,7429170736281846534,Neutral,EXACT_TEXT_450d7059ac728e6e,EXACT_TEXT_450d7059ac728e6e,,exact_duplicate_group_id:EXACT_TEXT_450d7059ac728e6e
52,4,1411,7429225426923586311,Positive,EXACT_TEXT_3bc59c8f71bd8d48,EXACT_TEXT_3bc59c8f71bd8d48,,exact_duplicate_group_id:EXACT_TEXT_3bc59c8f71bd8d48
52,4,1415,7429474508841288464,Positive,EXACT_TEXT_23237792f7d63f1a,EXACT_TEXT_23237792f7d63f1a,,exact_duplicate_group_id:EXACT_TEXT_23237792f7d63f1a
52,4,1418,7429547699379503877,Negative,EXACT_TEXT_8d6ed3f0b48b69e4,EXACT_TEXT_8d6ed3f0b48b69e4,,exact_duplicate_group_id:EXACT_TEXT_8d6ed3f0b48b69e4
52,4,1422,7429620689340695314,Positive,EXACT_TEXT_d7c15ff4bc79e35b,EXACT_TEXT_d7c15ff4bc79e35b,,exact_duplicate_group_id:EXACT_TEXT_d7c15ff4bc79e35b
52,4,1425,7429747647088476936,Neutral,EXACT_TEXT_e979eef047181bf8,EXACT_TEXT_e979eef047181bf8,,exact_duplicate_group_id:EXACT_TEXT_e979eef047181bf8
52,4,1427,7429868954620298005,Negative,EXACT_TEXT_d95cb27e766909ec,EXACT_TEXT_d95cb27e766909ec,,exact_duplicate_group_id:EXACT_TEXT_d95cb27e766909ec
52,4,1436,7430279977905849094,Positive,EXACT_TEXT_b1e47f5f03772953,EXACT_TEXT_b1e47f5f03772953,,exact_duplicate_group_id:EXACT_TEXT_b1e47f5f03772953
52,4,1445,7430482226661327622,Neutral,EXACT_TEXT_d247688cdbb07651,EXACT_TEXT_d247688cdbb07651,,exact_duplicate_group_id:EXACT_TEXT_d247688cdbb07651
52,4,1451,7430726567230571272,Neutral,EXACT_TEXT_1da8991935994e2c,EXACT_TEXT_1da8991935994e2c,,exact_duplicate_group_id:EXACT_TEXT_1da8991935994e2c
52,4,1452,7430771626549609221,Negative,EXACT_TEXT_74fbc590e8fa2ab3,EXACT_TEXT_74fbc590e8fa2ab3,,exact_duplicate_group_id:EXACT_TEXT_74fbc590e8fa2ab3
52,4,1455,7431020529982817032,Negative,EXACT_TEXT_6cee7de4e53c9fe1,EXACT_TEXT_6cee7de4e53c9fe1,,exact_duplicate_group_id:EXACT_TEXT_6cee7de4e53c9fe1
52,4,1462,7431204171967611653,Negative,EXACT_TEXT_79cd291263fa3aae,EXACT_TEXT_79cd291263fa3aae,,exact_duplicate_group_id:EXACT_TEXT_79cd291263fa3aae
52,4,1483,7433728638753686278,Neutral,EXACT_TEXT_05674c979d66c1ac,EXACT_TEXT_05674c979d66c1ac,,exact_duplicate_group_id:EXACT_TEXT_05674c979d66c1ac
52,4,1488,7434782263223304967,Negative,EXACT_TEXT_b76a464776cba9c3,EXACT_TEXT_b76a464776cba9c3,,exact_duplicate_group_id:EXACT_TEXT_b76a464776cba9c3
52,4,1507,7437795681790804754,Negative,EXACT_TEXT_81af0f09f2296301,EXACT_TEXT_81af0f09f2296301,,exact_duplicate_group_id:EXACT_TEXT_81af0f09f2296301
52,4,1508,7437882053212865281,Neutral,EXACT_TEXT_ee2640d0cc560752,EXACT_TEXT_ee2640d0cc560752,,exact_duplicate_group_id:EXACT_TEXT_ee2640d0cc560752
52,4,1535,7440491852250612488,Neutral,EXACT_TEXT_751d62e017ef0f9a,EXACT_TEXT_751d62e017ef0f9a,,exact_duplicate_group_id:EXACT_TEXT_751d62e017ef0f9a
52,4,1561,7447743875866182408,Negative,EXACT_TEXT_30d74cfdedb952c7,EXACT_TEXT_30d74cfdedb952c7,,exact_duplicate_group_id:EXACT_TEXT_30d74cfdedb952c7
52,4,1563,7447986580340228869,Neutral,EXACT_TEXT_4b88a746f87f0344,EXACT_TEXT_4b88a746f87f0344,SIM_CLUSTER_00021,near_duplicate_cluster_id:SIM_CLUSTER_00021
52,4,1564,7448123110223512328,Negative,EXACT_TEXT_c35d464229a7e42e,EXACT_TEXT_c35d464229a7e42e,,exact_duplicate_group_id:EXACT_TEXT_c35d464229a7e42e
52,4,1566,7448453948753478407,Neutral,EXACT_TEXT_7befff2fc6ee7573,EXACT_TEXT_7befff2fc6ee7573,,exact_duplicate_group_id:EXACT_TEXT_7befff2fc6ee7573
52,4,1580,7454698433614627602,Negative,EXACT_TEXT_cda51d5f146ba1ea,EXACT_TEXT_cda51d5f146ba1ea,,exact_duplicate_group_id:EXACT_TEXT_cda51d5f146ba1ea
52,4,1581,7454741348199318290,Neutral,EXACT_TEXT_e6e4ef2871d07d67,EXACT_TEXT_e6e4ef2871d07d67,,exact_duplicate_group_id:EXACT_TEXT_e6e4ef2871d07d67
52,4,1585,7455885873332372229,Negative,EXACT_TEXT_4b605d45dd08e7ed,EXACT_TEXT_4b605d45dd08e7ed,,exact_duplicate_group_id:EXACT_TEXT_4b605d45dd08e7ed
52,4,1615,7460409839173894928,Positive,EXACT_TEXT_57c620931478ec07,EXACT_TEXT_57c620931478ec07,,exact_duplicate_group_id:EXACT_TEXT_57c620931478ec07
52,4,1619,7460878562981233425,Neutral,EXACT_TEXT_d1271392a8c42f8e,EXACT_TEXT_d1271392a8c42f8e,SIM_CLUSTER_00592,near_duplicate_cluster_id:SIM_CLUSTER_00592
52,4,1626,7462379485465199378,Negative,EXACT_TEXT_392c703825097609,EXACT_TEXT_392c703825097609,,exact_duplicate_group_id:EXACT_TEXT_392c703825097609
52,4,1628,7462784811485168390,Positive,EXACT_TEXT_326d27d08e0d03e6,EXACT_TEXT_326d27d08e0d03e6,,exact_duplicate_group_id:EXACT_TEXT_326d27d08e0d03e6
52,4,1631,7463089800637416199,Neutral,EXACT_TEXT_bd94b49a5d989e8f,EXACT_TEXT_bd94b49a5d989e8f,,exact_duplicate_group_id:EXACT_TEXT_bd94b49a5d989e8f
52,4,1632,7463162070407152390,Negative,EXACT_TEXT_147286bce652ea4c,EXACT_TEXT_147286bce652ea4c,,exact_duplicate_group_id:EXACT_TEXT_147286bce652ea4c
52,4,1634,7463548747696489224,Negative,EXACT_TEXT_18795f00f2e6df1e,EXACT_TEXT_18795f00f2e6df1e,,exact_duplicate_group_id:EXACT_TEXT_18795f00f2e6df1e
52,4,1636,7463810849079034629,Negative,EXACT_TEXT_0ff1f12bd4f2ab7a,EXACT_TEXT_0ff1f12bd4f2ab7a,,exact_duplicate_group_id:EXACT_TEXT_0ff1f12bd4f2ab7a
52,4,1639,7467816629105165073,Neutral,EXACT_TEXT_7b7d60582e0f539a,EXACT_TEXT_7b7d60582e0f539a,,exact_duplicate_group_id:EXACT_TEXT_7b7d60582e0f539a
52,4,1643,7468995052501959431,Positive,EXACT_TEXT_c115fe1e0b77c9dc,EXACT_TEXT_c115fe1e0b77c9dc,,exact_duplicate_group_id:EXACT_TEXT_c115fe1e0b77c9dc
52,4,1645,7470446039091495700,Neutral,EXACT_TEXT_3210cb5266ee686e,EXACT_TEXT_3210cb5266ee686e,,exact_duplicate_group_id:EXACT_TEXT_3210cb5266ee686e
52,4,1646,7470944018088821522,Negative,EXACT_TEXT_d92e5f559e1304b3,EXACT_TEXT_d92e5f559e1304b3,,exact_duplicate_group_id:EXACT_TEXT_d92e5f559e1304b3
52,4,1648,7471543662889288456,Negative,EXACT_TEXT_0702e4b89181f8e1,EXACT_TEXT_0702e4b89181f8e1,,exact_duplicate_group_id:EXACT_TEXT_0702e4b89181f8e1
52,4,1649,7472263861074068244,Negative,EXACT_TEXT_34dc62a1a4457830,EXACT_TEXT_34dc62a1a4457830,,exact_duplicate_group_id:EXACT_TEXT_34dc62a1a4457830
52,4,1661,7478378820396221202,Neutral,EXACT_TEXT_536e77a2642b9789,EXACT_TEXT_536e77a2642b9789,,exact_duplicate_group_id:EXACT_TEXT_536e77a2642b9789
52,4,1664,7480108430808957751,Positive,EXACT_TEXT_9a8f2a9092e3dda5,EXACT_TEXT_9a8f2a9092e3dda5,,exact_duplicate_group_id:EXACT_TEXT_9a8f2a9092e3dda5
52,4,1668,7484332418754806536,Negative,EXACT_TEXT_ce4c36e0996d4b2a,EXACT_TEXT_ce4c36e0996d4b2a,,exact_duplicate_group_id:EXACT_TEXT_ce4c36e0996d4b2a
52,4,1671,7490791432316388104,Neutral,EXACT_TEXT_6ec5dccd23de4618,EXACT_TEXT_6ec5dccd23de4618,,exact_duplicate_group_id:EXACT_TEXT_6ec5dccd23de4618
52,4,1673,7492025256124547861,Neutral,EXACT_TEXT_6d8c68d92f9782c2,EXACT_TEXT_6d8c68d92f9782c2,SIM_CLUSTER_00107,near_duplicate_cluster_id:SIM_CLUSTER_00107
52,4,1676,7494478048496304914,Neutral,EXACT_TEXT_bced2336d647a137,EXACT_TEXT_bced2336d647a137,,exact_duplicate_group_id:EXACT_TEXT_bced2336d647a137
52,4,1682,7497475663529050887,Negative,EXACT_TEXT_0bc382e5afd32b68,EXACT_TEXT_0bc382e5afd32b68,,exact_duplicate_group_id:EXACT_TEXT_0bc382e5afd32b68
52,4,1683,7499845805572342546,Negative,EXACT_TEXT_d97290843b304812,EXACT_TEXT_d97290843b304812,,exact_duplicate_group_id:EXACT_TEXT_d97290843b304812
52,4,1699,7509803015462273800,Negative,EXACT_TEXT_556b3290dc20d5c3,EXACT_TEXT_556b3290dc20d5c3,,exact_duplicate_group_id:EXACT_TEXT_556b3290dc20d5c3
52,4,1721,7532149256339571474,Negative,EXACT_TEXT_c5a95a58ec7e22f3,EXACT_TEXT_c5a95a58ec7e22f3,,exact_duplicate_group_id:EXACT_TEXT_c5a95a58ec7e22f3
52,4,1722,7534596875879039761,Negative,EXACT_TEXT_dc63b8417323b070,EXACT_TEXT_dc63b8417323b070,,exact_duplicate_group_id:EXACT_TEXT_dc63b8417323b070
52,4,1732,7542259660112610066,Negative,EXACT_TEXT_4e4a23e1d70f8aa0,EXACT_TEXT_4e4a23e1d70f8aa0,,exact_duplicate_group_id:EXACT_TEXT_4e4a23e1d70f8aa0
52,4,1734,7543158366038852360,Negative,EXACT_TEXT_855cf811c03bfc35,EXACT_TEXT_855cf811c03bfc35,,exact_duplicate_group_id:EXACT_TEXT_855cf811c03bfc35
52,4,1740,7548228101995348754,Positive,EXACT_TEXT_ff075515b1e321e7,EXACT_TEXT_ff075515b1e321e7,,exact_duplicate_group_id:EXACT_TEXT_ff075515b1e321e7
52,4,1742,7549831991319954194,Neutral,EXACT_TEXT_701ad44926739c62,EXACT_TEXT_701ad44926739c62,,exact_duplicate_group_id:EXACT_TEXT_701ad44926739c62
52,4,1748,7557955559442514695,Negative,EXACT_TEXT_d5f545495ed8578a,EXACT_TEXT_d5f545495ed8578a,,exact_duplicate_group_id:EXACT_TEXT_d5f545495ed8578a
52,4,1765,7586966923628905236,Neutral,EXACT_TEXT_d8cd367fc63d9467,EXACT_TEXT_d8cd367fc63d9467,,exact_duplicate_group_id:EXACT_TEXT_d8cd367fc63d9467
52,4,1786,7596276325607637780,Positive,EXACT_TEXT_a87baadd2542b0d4,EXACT_TEXT_a87baadd2542b0d4,,exact_duplicate_group_id:EXACT_TEXT_a87baadd2542b0d4
52,4,1787,7596289638657114897,Positive,EXACT_TEXT_3320468259f8b0e2,EXACT_TEXT_3320468259f8b0e2,,exact_duplicate_group_id:EXACT_TEXT_3320468259f8b0e2
52,4,1801,7598600214124200722,Negative,EXACT_TEXT_968efd329c553569,EXACT_TEXT_968efd329c553569,,exact_duplicate_group_id:EXACT_TEXT_968efd329c553569
52,4,1803,7599111939948839700,Neutral,EXACT_TEXT_2a47f4d72ebfad40,EXACT_TEXT_2a47f4d72ebfad40,,exact_duplicate_group_id:EXACT_TEXT_2a47f4d72ebfad40
52,4,1809,7600050056381809429,Negative,EXACT_TEXT_1ac7b7fa47d52360,EXACT_TEXT_1ac7b7fa47d52360,,exact_duplicate_group_id:EXACT_TEXT_1ac7b7fa47d52360
52,4,1810,7601783963719303956,Positive,EXACT_TEXT_e5dc2069c65eca07,EXACT_TEXT_e5dc2069c65eca07,,exact_duplicate_group_id:EXACT_TEXT_e5dc2069c65eca07
52,4,1811,7604507651976135444,Neutral,EXACT_TEXT_88655baa1ca3b5fd,EXACT_TEXT_88655baa1ca3b5fd,,exact_duplicate_group_id:EXACT_TEXT_88655baa1ca3b5fd
52,5,13,7123785566018388762,Neutral,EXACT_TEXT_05c55ed684753b81,EXACT_TEXT_05c55ed684753b81,,exact_duplicate_group_id:EXACT_TEXT_05c55ed684753b81
52,5,16,7143227982911046427,Negative,EXACT_TEXT_8240a695a1016fc4,EXACT_TEXT_8240a695a1016fc4,,exact_duplicate_group_id:EXACT_TEXT_8240a695a1016fc4
52,5,23,7187258978286699291,Neutral,EXACT_TEXT_03a028c9b343a217,EXACT_TEXT_03a028c9b343a217,,exact_duplicate_group_id:EXACT_TEXT_03a028c9b343a217
52,5,24,7188126789989335835,Neutral,EXACT_TEXT_21bbce1fc6738fe0,EXACT_TEXT_21bbce1fc6738fe0,,exact_duplicate_group_id:EXACT_TEXT_21bbce1fc6738fe0
52,5,27,7195213275775943450,Neutral,EXACT_TEXT_c1732d5144dad281,EXACT_TEXT_c1732d5144dad281,,exact_duplicate_group_id:EXACT_TEXT_c1732d5144dad281
52,5,28,7200692561793991451,Neutral,EXACT_TEXT_b3780664904d58fb,EXACT_TEXT_b3780664904d58fb,,exact_duplicate_group_id:EXACT_TEXT_b3780664904d58fb
52,5,29,7201766217249571611,Neutral,EXACT_TEXT_e3db2a3ee5a3e623,EXACT_TEXT_e3db2a3ee5a3e623,,exact_duplicate_group_id:EXACT_TEXT_e3db2a3ee5a3e623
52,5,33,7205541472250610438,Neutral,EXACT_GROUP_00287,EXACT_GROUP_00287,SIM_CLUSTER_00812,near_duplicate_cluster_id:SIM_CLUSTER_00812
52,5,34,7205542385199629062,Neutral,EXACT_GROUP_00287,EXACT_GROUP_00287,SIM_CLUSTER_00812,near_duplicate_cluster_id:SIM_CLUSTER_00812
52,5,46,7216607576683201307,Neutral,EXACT_TEXT_f306e1e1467aa1fc,EXACT_TEXT_f306e1e1467aa1fc,SIM_CLUSTER_00280,near_duplicate_cluster_id:SIM_CLUSTER_00280
52,5,55,7224553429305344794,Neutral,EXACT_TEXT_93fd3d75e35e1507,EXACT_TEXT_93fd3d75e35e1507,,exact_duplicate_group_id:EXACT_TEXT_93fd3d75e35e1507
52,5,69,7251161318287475462,Neutral,EXACT_TEXT_4d078e2d9d643058,EXACT_TEXT_4d078e2d9d643058,,exact_duplicate_group_id:EXACT_TEXT_4d078e2d9d643058
52,5,75,7272295526275203846,Neutral,EXACT_TEXT_f50b41adb54214cd,EXACT_TEXT_f50b41adb54214cd,,exact_duplicate_group_id:EXACT_TEXT_f50b41adb54214cd
52,5,76,7272583051036525318,Neutral,EXACT_TEXT_b45aaffa8ddef464,EXACT_TEXT_b45aaffa8ddef464,,exact_duplicate_group_id:EXACT_TEXT_b45aaffa8ddef464
52,5,90,7312052027029881606,Neutral,EXACT_TEXT_bf3258fa33c9a293,EXACT_TEXT_bf3258fa33c9a293,,exact_duplicate_group_id:EXACT_TEXT_bf3258fa33c9a293
52,5,101,7312996886096118533,Neutral,EXACT_GROUP_00470,EXACT_GROUP_00470,SIM_CLUSTER_00913,near_duplicate_cluster_id:SIM_CLUSTER_00913
52,5,111,7317205302574301957,Neutral,EXACT_TEXT_468f6aac41542cf5,EXACT_TEXT_468f6aac41542cf5,,exact_duplicate_group_id:EXACT_TEXT_468f6aac41542cf5
52,5,113,7317885504392151814,Negative,EXACT_TEXT_35a3f1c6db20056f,EXACT_TEXT_35a3f1c6db20056f,,exact_duplicate_group_id:EXACT_TEXT_35a3f1c6db20056f
52,5,117,7319427771931280134,Neutral,EXACT_TEXT_cb8e70946fd34276,EXACT_TEXT_cb8e70946fd34276,,exact_duplicate_group_id:EXACT_TEXT_cb8e70946fd34276
52,5,122,7320178699759371014,Negative,EXACT_TEXT_5a534bc029fe42c6,EXACT_TEXT_5a534bc029fe42c6,,exact_duplicate_group_id:EXACT_TEXT_5a534bc029fe42c6
52,5,125,7320190520797938438,Negative,EXACT_TEXT_e24b615e9a280ba1,EXACT_TEXT_e24b615e9a280ba1,,exact_duplicate_group_id:EXACT_TEXT_e24b615e9a280ba1
52,5,127,7320200273665704710,Neutral,EXACT_TEXT_3468ae5f39cc5f70,EXACT_TEXT_3468ae5f39cc5f70,,exact_duplicate_group_id:EXACT_TEXT_3468ae5f39cc5f70
52,5,129,7320640432550822661,Neutral,EXACT_TEXT_3acfd64344bc3b01,EXACT_TEXT_3acfd64344bc3b01,,exact_duplicate_group_id:EXACT_TEXT_3acfd64344bc3b01
52,5,131,7322418149794071301,Negative,EXACT_TEXT_d58ddb93c355800a,EXACT_TEXT_d58ddb93c355800a,,exact_duplicate_group_id:EXACT_TEXT_d58ddb93c355800a
52,5,133,7322964875817304838,Neutral,EXACT_TEXT_c1fc6c6e3af8fa57,EXACT_TEXT_c1fc6c6e3af8fa57,,exact_duplicate_group_id:EXACT_TEXT_c1fc6c6e3af8fa57
52,5,137,7325669549071106822,Negative,EXACT_TEXT_df881a49a04646a8,EXACT_TEXT_df881a49a04646a8,,exact_duplicate_group_id:EXACT_TEXT_df881a49a04646a8
52,5,141,7329456753429496581,Neutral,EXACT_TEXT_2468d2d271b23c6a,EXACT_TEXT_2468d2d271b23c6a,,exact_duplicate_group_id:EXACT_TEXT_2468d2d271b23c6a
52,5,146,7330626840119673605,Neutral,EXACT_TEXT_5c2c60ea7315fd1a,EXACT_TEXT_5c2c60ea7315fd1a,,exact_duplicate_group_id:EXACT_TEXT_5c2c60ea7315fd1a
52,5,151,7335246645772174085,Neutral,EXACT_TEXT_6c4ee6c81f60917e,EXACT_TEXT_6c4ee6c81f60917e,,exact_duplicate_group_id:EXACT_TEXT_6c4ee6c81f60917e
52,5,157,7340244606807933702,Neutral,EXACT_TEXT_ce6707ff8d58fa8f,EXACT_TEXT_ce6707ff8d58fa8f,,exact_duplicate_group_id:EXACT_TEXT_ce6707ff8d58fa8f
52,5,158,7340944424291091206,Neutral,EXACT_TEXT_a1c7fb0fee26281c,EXACT_TEXT_a1c7fb0fee26281c,,exact_duplicate_group_id:EXACT_TEXT_a1c7fb0fee26281c
52,5,159,7340950182969918214,Negative,EXACT_TEXT_e2178dde323a9621,EXACT_TEXT_e2178dde323a9621,,exact_duplicate_group_id:EXACT_TEXT_e2178dde323a9621
52,5,170,7346105465593709317,Negative,EXACT_TEXT_d0a16e07d9e3bac9,EXACT_TEXT_d0a16e07d9e3bac9,,exact_duplicate_group_id:EXACT_TEXT_d0a16e07d9e3bac9
52,5,172,7349751900659516166,Neutral,EXACT_TEXT_e1b31267ba68369f,EXACT_TEXT_e1b31267ba68369f,,exact_duplicate_group_id:EXACT_TEXT_e1b31267ba68369f
52,5,174,7352760121527206661,Negative,EXACT_TEXT_7784166264f0047d,EXACT_TEXT_7784166264f0047d,,exact_duplicate_group_id:EXACT_TEXT_7784166264f0047d
52,5,177,7357685823293670150,Neutral,EXACT_TEXT_94b4402e40588c21,EXACT_TEXT_94b4402e40588c21,,exact_duplicate_group_id:EXACT_TEXT_94b4402e40588c21
52,5,182,7357795529356477190,Neutral,EXACT_TEXT_794e7dfd8690fd07,EXACT_TEXT_794e7dfd8690fd07,,exact_duplicate_group_id:EXACT_TEXT_794e7dfd8690fd07
52,5,184,7357879938664235782,Neutral,EXACT_TEXT_e777df0216e65237,EXACT_TEXT_e777df0216e65237,,exact_duplicate_group_id:EXACT_TEXT_e777df0216e65237
52,5,187,7357913341787423493,Neutral,EXACT_TEXT_7efa29a6de40c7ec,EXACT_TEXT_7efa29a6de40c7ec,,exact_duplicate_group_id:EXACT_TEXT_7efa29a6de40c7ec
52,5,190,7357943465521021702,Negative,EXACT_TEXT_eb6e6f3ad4bdee30,EXACT_TEXT_eb6e6f3ad4bdee30,,exact_duplicate_group_id:EXACT_TEXT_eb6e6f3ad4bdee30
52,5,191,7357966465549173510,Negative,EXACT_TEXT_cafd76d10ff883cd,EXACT_TEXT_cafd76d10ff883cd,,exact_duplicate_group_id:EXACT_TEXT_cafd76d10ff883cd
52,5,200,7358153134517191430,Negative,EXACT_TEXT_81b0bce79fa5e351,EXACT_TEXT_81b0bce79fa5e351,,exact_duplicate_group_id:EXACT_TEXT_81b0bce79fa5e351
52,5,206,7358402111887573766,Neutral,EXACT_TEXT_e0227a1b8233f7a0,EXACT_TEXT_e0227a1b8233f7a0,,exact_duplicate_group_id:EXACT_TEXT_e0227a1b8233f7a0
52,5,208,7358488993119716101,Neutral,EXACT_TEXT_199a28a9ac3f3342,EXACT_TEXT_199a28a9ac3f3342,,exact_duplicate_group_id:EXACT_TEXT_199a28a9ac3f3342
52,5,210,7358669395169297157,Neutral,EXACT_TEXT_361856efc29cedd0,EXACT_TEXT_361856efc29cedd0,,exact_duplicate_group_id:EXACT_TEXT_361856efc29cedd0
52,5,213,7359049180055520006,Neutral,EXACT_TEXT_40c448dd10506319,EXACT_TEXT_40c448dd10506319,,exact_duplicate_group_id:EXACT_TEXT_40c448dd10506319
52,5,219,7359770053929452293,Negative,EXACT_TEXT_34353b7bdc672351,EXACT_TEXT_34353b7bdc672351,,exact_duplicate_group_id:EXACT_TEXT_34353b7bdc672351
52,5,224,7360292609473200902,Neutral,EXACT_TEXT_30faa5ba5c98e2be,EXACT_TEXT_30faa5ba5c98e2be,,exact_duplicate_group_id:EXACT_TEXT_30faa5ba5c98e2be
52,5,226,7362055774011081478,Neutral,EXACT_TEXT_9c6863e09629ca07,EXACT_TEXT_9c6863e09629ca07,,exact_duplicate_group_id:EXACT_TEXT_9c6863e09629ca07
52,5,227,7362759977041675013,Neutral,EXACT_TEXT_d56b57e9fddab7c1,EXACT_TEXT_d56b57e9fddab7c1,,exact_duplicate_group_id:EXACT_TEXT_d56b57e9fddab7c1
52,5,228,7362905236720190213,Neutral,EXACT_TEXT_5ef5864b3ff00024,EXACT_TEXT_5ef5864b3ff00024,,exact_duplicate_group_id:EXACT_TEXT_5ef5864b3ff00024
52,5,236,7369392701919675141,Neutral,EXACT_TEXT_0e2fa38b86a146e2,EXACT_TEXT_0e2fa38b86a146e2,,exact_duplicate_group_id:EXACT_TEXT_0e2fa38b86a146e2
52,5,245,7377300086337323781,Neutral,EXACT_TEXT_245fb6984e291cd6,EXACT_TEXT_245fb6984e291cd6,,exact_duplicate_group_id:EXACT_TEXT_245fb6984e291cd6
52,5,249,7378511320205411077,Neutral,EXACT_TEXT_67471e7f548e098a,EXACT_TEXT_67471e7f548e098a,,exact_duplicate_group_id:EXACT_TEXT_67471e7f548e098a
52,5,250,7378522242004763398,Neutral,EXACT_TEXT_a52a810142fae5cd,EXACT_TEXT_a52a810142fae5cd,,exact_duplicate_group_id:EXACT_TEXT_a52a810142fae5cd
52,5,254,7381871600696279813,Neutral,EXACT_TEXT_9c140cd62d761e54,EXACT_TEXT_9c140cd62d761e54,,exact_duplicate_group_id:EXACT_TEXT_9c140cd62d761e54
52,5,255,7382537171343885062,Neutral,EXACT_TEXT_24e76f494e879828,EXACT_TEXT_24e76f494e879828,,exact_duplicate_group_id:EXACT_TEXT_24e76f494e879828
52,5,259,7385185627312390918,Neutral,EXACT_TEXT_db74ed8e14543575,EXACT_TEXT_db74ed8e14543575,,exact_duplicate_group_id:EXACT_TEXT_db74ed8e14543575
52,5,278,7393629524293108485,Neutral,EXACT_TEXT_d313ddb0ebdfcc3c,EXACT_TEXT_d313ddb0ebdfcc3c,,exact_duplicate_group_id:EXACT_TEXT_d313ddb0ebdfcc3c
52,5,279,7393935094467707654,Neutral,EXACT_TEXT_ad84707d28b76475,EXACT_TEXT_ad84707d28b76475,,exact_duplicate_group_id:EXACT_TEXT_ad84707d28b76475
52,5,283,7397950655061426950,Neutral,EXACT_TEXT_84347971b18a5262,EXACT_TEXT_84347971b18a5262,,exact_duplicate_group_id:EXACT_TEXT_84347971b18a5262
52,5,288,7398528735296111365,Neutral,EXACT_TEXT_25df572454dfa556,EXACT_TEXT_25df572454dfa556,,exact_duplicate_group_id:EXACT_TEXT_25df572454dfa556
52,5,295,7402903879933215494,Neutral,EXACT_TEXT_e0b6a344c89a2494,EXACT_TEXT_e0b6a344c89a2494,,exact_duplicate_group_id:EXACT_TEXT_e0b6a344c89a2494
52,5,297,7403878684140012293,Neutral,EXACT_TEXT_162abaee909bccb6,EXACT_TEXT_162abaee909bccb6,,exact_duplicate_group_id:EXACT_TEXT_162abaee909bccb6
52,5,309,7416656627098501893,Neutral,EXACT_TEXT_53f7fdb00b70ff56,EXACT_TEXT_53f7fdb00b70ff56,,exact_duplicate_group_id:EXACT_TEXT_53f7fdb00b70ff56
52,5,317,7420708516950262534,Negative,EXACT_TEXT_62512188b4be2761,EXACT_TEXT_62512188b4be2761,,exact_duplicate_group_id:EXACT_TEXT_62512188b4be2761
52,5,323,7421581974575416069,Negative,EXACT_TEXT_3aff8413ac8a7f7d,EXACT_TEXT_3aff8413ac8a7f7d,,exact_duplicate_group_id:EXACT_TEXT_3aff8413ac8a7f7d
52,5,327,7422091852134089477,Negative,EXACT_TEXT_8fd424627a406ca5,EXACT_TEXT_8fd424627a406ca5,,exact_duplicate_group_id:EXACT_TEXT_8fd424627a406ca5
52,5,330,7422322317295354629,Negative,EXACT_TEXT_2dea883181d73152,EXACT_TEXT_2dea883181d73152,,exact_duplicate_group_id:EXACT_TEXT_2dea883181d73152
52,5,336,7422925531873542918,Negative,EXACT_TEXT_27c20729be0fe1f0,EXACT_TEXT_27c20729be0fe1f0,,exact_duplicate_group_id:EXACT_TEXT_27c20729be0fe1f0
52,5,337,7423348592411476741,Neutral,EXACT_TEXT_e779898154237931,EXACT_TEXT_e779898154237931,SIM_CLUSTER_00840,near_duplicate_cluster_id:SIM_CLUSTER_00840
52,5,344,7425109593426281221,Negative,EXACT_TEXT_2db3a47a345cd4c1,EXACT_TEXT_2db3a47a345cd4c1,,exact_duplicate_group_id:EXACT_TEXT_2db3a47a345cd4c1
52,5,346,7425255870156964613,Negative,EXACT_TEXT_b8826c261123ded6,EXACT_TEXT_b8826c261123ded6,,exact_duplicate_group_id:EXACT_TEXT_b8826c261123ded6
52,5,349,7425965376921518854,Negative,EXACT_TEXT_606d25416417981a,EXACT_TEXT_606d25416417981a,,exact_duplicate_group_id:EXACT_TEXT_606d25416417981a
52,5,359,7429343019331863314,Neutral,EXACT_TEXT_94385e82a172d8ba,EXACT_TEXT_94385e82a172d8ba,,exact_duplicate_group_id:EXACT_TEXT_94385e82a172d8ba
52,5,360,7429590710049407762,Negative,EXACT_TEXT_aa0936d33ebbad88,EXACT_TEXT_aa0936d33ebbad88,,exact_duplicate_group_id:EXACT_TEXT_aa0936d33ebbad88
52,5,368,7430767394401256198,Neutral,EXACT_TEXT_2d003f78e4f31f63,EXACT_TEXT_2d003f78e4f31f63,SIM_CLUSTER_01027,near_duplicate_cluster_id:SIM_CLUSTER_01027
52,5,370,7430787814322995985,Neutral,EXACT_TEXT_b397ed557f5ec1c1,EXACT_TEXT_b397ed557f5ec1c1,,exact_duplicate_group_id:EXACT_TEXT_b397ed557f5ec1c1
52,5,386,7439889454377403152,Neutral,EXACT_TEXT_51532adca687a845,EXACT_TEXT_51532adca687a845,,exact_duplicate_group_id:EXACT_TEXT_51532adca687a845
52,5,387,7439952728133042952,Negative,EXACT_TEXT_a3842c7ac55f4067,EXACT_TEXT_a3842c7ac55f4067,,exact_duplicate_group_id:EXACT_TEXT_a3842c7ac55f4067
52,5,393,7449030034739118855,Neutral,EXACT_TEXT_0ad3c58b7f8bdfb2,EXACT_TEXT_0ad3c58b7f8bdfb2,,exact_duplicate_group_id:EXACT_TEXT_0ad3c58b7f8bdfb2
52,5,408,7459030067261539073,Neutral,EXACT_TEXT_c1c1dfa52ae5033d,EXACT_TEXT_c1c1dfa52ae5033d,,exact_duplicate_group_id:EXACT_TEXT_c1c1dfa52ae5033d
52,5,431,7479242775281124114,Negative,EXACT_TEXT_bfb3e89704c78318,EXACT_TEXT_bfb3e89704c78318,,exact_duplicate_group_id:EXACT_TEXT_bfb3e89704c78318
52,5,446,7508015229289448209,Negative,EXACT_TEXT_b186aaa26cedd06f,EXACT_TEXT_b186aaa26cedd06f,,exact_duplicate_group_id:EXACT_TEXT_b186aaa26cedd06f
52,5,450,7525614709035303688,Negative,EXACT_TEXT_cf1164fceb7ea2c6,EXACT_TEXT_cf1164fceb7ea2c6,,exact_duplicate_group_id:EXACT_TEXT_cf1164fceb7ea2c6
52,5,452,7528720620843467537,Negative,EXACT_TEXT_b94d3da22ad71504,EXACT_TEXT_b94d3da22ad71504,,exact_duplicate_group_id:EXACT_TEXT_b94d3da22ad71504
52,5,463,7544712267066802962,Negative,EXACT_TEXT_15f294c5f698b38d,EXACT_TEXT_15f294c5f698b38d,,exact_duplicate_group_id:EXACT_TEXT_15f294c5f698b38d
52,5,464,7550625327639216913,Neutral,EXACT_TEXT_cb825300f39b4222,EXACT_TEXT_cb825300f39b4222,,exact_duplicate_group_id:EXACT_TEXT_cb825300f39b4222
52,5,468,7560667518839522069,Negative,EXACT_GROUP_00038,EXACT_GROUP_00038,SIM_CLUSTER_01435,near_duplicate_cluster_id:SIM_CLUSTER_01435
52,5,469,7560670446296335124,Negative,EXACT_GROUP_00038,EXACT_GROUP_00038,SIM_CLUSTER_01435,near_duplicate_cluster_id:SIM_CLUSTER_01435
52,5,474,7580331590564692754,Negative,EXACT_TEXT_e3d7ce0b78212925,EXACT_TEXT_e3d7ce0b78212925,,exact_duplicate_group_id:EXACT_TEXT_e3d7ce0b78212925
52,5,485,7586964246555542289,Neutral,EXACT_TEXT_442e5d46f34211d3,EXACT_TEXT_442e5d46f34211d3,,exact_duplicate_group_id:EXACT_TEXT_442e5d46f34211d3
52,5,487,7586981334897394439,Neutral,EXACT_TEXT_c03b22b9adf730ff,EXACT_TEXT_c03b22b9adf730ff,,exact_duplicate_group_id:EXACT_TEXT_c03b22b9adf730ff
52,5,492,7587047004062302984,Negative,EXACT_TEXT_724c53e3b514966a,EXACT_TEXT_724c53e3b514966a,,exact_duplicate_group_id:EXACT_TEXT_724c53e3b514966a
52,5,503,7587404469648032513,Negative,EXACT_TEXT_bddde06e863183a1,EXACT_TEXT_bddde06e863183a1,,exact_duplicate_group_id:EXACT_TEXT_bddde06e863183a1
52,5,526,7596527205745754888,Negative,EXACT_TEXT_f9082839232f82d8,EXACT_TEXT_f9082839232f82d8,,exact_duplicate_group_id:EXACT_TEXT_f9082839232f82d8
52,5,527,7596532525352600338,Neutral,EXACT_TEXT_d1dfb450c91a3cbc,EXACT_TEXT_d1dfb450c91a3cbc,,exact_duplicate_group_id:EXACT_TEXT_d1dfb450c91a3cbc
52,5,532,7604494318586331911,Neutral,EXACT_TEXT_eaf84417fc1b3b05,EXACT_TEXT_eaf84417fc1b3b05,,exact_duplicate_group_id:EXACT_TEXT_eaf84417fc1b3b05
52,5,533,7609142408161182471,Negative,EXACT_TEXT_85fd9dcba36374e0,EXACT_TEXT_85fd9dcba36374e0,,exact_duplicate_group_id:EXACT_TEXT_85fd9dcba36374e0
52,5,535,7616370759460717333,Neutral,EXACT_TEXT_051f7ba38f833fd0,EXACT_TEXT_051f7ba38f833fd0,,exact_duplicate_group_id:EXACT_TEXT_051f7ba38f833fd0
52,5,536,7616819883376771847,Negative,EXACT_TEXT_3ee88904768a0c28,EXACT_TEXT_3ee88904768a0c28,,exact_duplicate_group_id:EXACT_TEXT_3ee88904768a0c28
52,5,540,7629678808207016725,Neutral,EXACT_TEXT_27777a4cf0680eef,EXACT_TEXT_27777a4cf0680eef,,exact_duplicate_group_id:EXACT_TEXT_27777a4cf0680eef
52,5,546,7123077294612939547,Neutral,EXACT_TEXT_294ecc92ebb13db4,EXACT_TEXT_294ecc92ebb13db4,,exact_duplicate_group_id:EXACT_TEXT_294ecc92ebb13db4
52,5,551,7129072863659475739,Neutral,EXACT_TEXT_94d3b52425b40915,EXACT_TEXT_94d3b52425b40915,,exact_duplicate_group_id:EXACT_TEXT_94d3b52425b40915
52,5,553,7131258287714583323,Neutral,EXACT_TEXT_596ff09e59f2751f,EXACT_TEXT_596ff09e59f2751f,,exact_duplicate_group_id:EXACT_TEXT_596ff09e59f2751f
52,5,557,7137181518074626842,Neutral,EXACT_TEXT_4c1bcc52d55a05a3,EXACT_TEXT_4c1bcc52d55a05a3,,exact_duplicate_group_id:EXACT_TEXT_4c1bcc52d55a05a3
52,5,558,7137582208910689050,Negative,EXACT_TEXT_01a1819953434a3b,EXACT_TEXT_01a1819953434a3b,,exact_duplicate_group_id:EXACT_TEXT_01a1819953434a3b
52,5,561,7147371347114803994,Neutral,EXACT_TEXT_dc2d24d01c2badfd,EXACT_TEXT_dc2d24d01c2badfd,,exact_duplicate_group_id:EXACT_TEXT_dc2d24d01c2badfd
52,5,569,7169903880985232155,Positive,EXACT_GROUP_00965,EXACT_GROUP_00965,SIM_CLUSTER_00004,near_duplicate_cluster_id:SIM_CLUSTER_00004
52,5,574,7175130526772511514,Neutral,EXACT_TEXT_c7231bb3d1bb02df,EXACT_TEXT_c7231bb3d1bb02df,,exact_duplicate_group_id:EXACT_TEXT_c7231bb3d1bb02df
52,5,577,7180737424883598107,Negative,EXACT_TEXT_0c6b4090dab74f51,EXACT_TEXT_0c6b4090dab74f51,,exact_duplicate_group_id:EXACT_TEXT_0c6b4090dab74f51
52,5,586,7188753513936306971,Negative,EXACT_TEXT_4bde921e1499af5f,EXACT_TEXT_4bde921e1499af5f,,exact_duplicate_group_id:EXACT_TEXT_4bde921e1499af5f
52,5,590,7195328901157159706,Positive,EXACT_GROUP_00965,EXACT_GROUP_00965,SIM_CLUSTER_00004,near_duplicate_cluster_id:SIM_CLUSTER_00004
52,5,593,7200669602879275803,Neutral,EXACT_TEXT_851151df3f8cd207,EXACT_TEXT_851151df3f8cd207,SIM_CLUSTER_00805,near_duplicate_cluster_id:SIM_CLUSTER_00805
52,5,597,7202933413417009946,Neutral,EXACT_GROUP_00208,EXACT_GROUP_00208,SIM_CLUSTER_00548,near_duplicate_cluster_id:SIM_CLUSTER_00548
52,5,602,7205582804725056283,Neutral,EXACT_TEXT_7de07ee715242f6e,EXACT_TEXT_7de07ee715242f6e,,exact_duplicate_group_id:EXACT_TEXT_7de07ee715242f6e
52,5,604,7206282040353981211,Neutral,EXACT_TEXT_872065b4e28e70bd,EXACT_TEXT_872065b4e28e70bd,,exact_duplicate_group_id:EXACT_TEXT_872065b4e28e70bd
52,5,606,7206760325164499739,Neutral,EXACT_TEXT_2f807e485836ea41,EXACT_TEXT_2f807e485836ea41,,exact_duplicate_group_id:EXACT_TEXT_2f807e485836ea41
52,5,619,7210369228532450074,Neutral,EXACT_TEXT_88c6761301050376,EXACT_TEXT_88c6761301050376,,exact_duplicate_group_id:EXACT_TEXT_88c6761301050376
52,5,627,7213261446549308166,Neutral,EXACT_TEXT_c9985be87526bb74,EXACT_TEXT_c9985be87526bb74,,exact_duplicate_group_id:EXACT_TEXT_c9985be87526bb74
52,5,628,7213527524739269403,Neutral,EXACT_GROUP_00805,EXACT_GROUP_00805,SIM_CLUSTER_00244,near_duplicate_cluster_id:SIM_CLUSTER_00244
52,5,632,7217080066764784411,Neutral,EXACT_TEXT_6c0dedcc027b0305,EXACT_TEXT_6c0dedcc027b0305,,exact_duplicate_group_id:EXACT_TEXT_6c0dedcc027b0305
52,5,639,7222069371744650010,Positive,EXACT_GROUP_00965,EXACT_GROUP_00965,SIM_CLUSTER_00004,near_duplicate_cluster_id:SIM_CLUSTER_00004
52,5,643,7223412297611166490,Positive,EXACT_GROUP_00965,EXACT_GROUP_00965,SIM_CLUSTER_00004,near_duplicate_cluster_id:SIM_CLUSTER_00004
52,5,649,7225379501366067995,Neutral,EXACT_TEXT_e3c75ee18dbbeeec,EXACT_TEXT_e3c75ee18dbbeeec,,exact_duplicate_group_id:EXACT_TEXT_e3c75ee18dbbeeec
52,5,653,7225798187155751706,Neutral,EXACT_GROUP_00208,EXACT_GROUP_00208,SIM_CLUSTER_00548,near_duplicate_cluster_id:SIM_CLUSTER_00548
52,5,662,7226016384986252058,Neutral,EXACT_TEXT_5060198008959794,EXACT_TEXT_5060198008959794,,exact_duplicate_group_id:EXACT_TEXT_5060198008959794
52,5,663,7226179727169127194,Positive,EXACT_GROUP_00965,EXACT_GROUP_00965,SIM_CLUSTER_00004,near_duplicate_cluster_id:SIM_CLUSTER_00004
52,5,664,7226204967785628442,Neutral,EXACT_GROUP_00208,EXACT_GROUP_00208,SIM_CLUSTER_00548,near_duplicate_cluster_id:SIM_CLUSTER_00548
52,5,669,7226538527395414811,Neutral,EXACT_TEXT_240a9d776d14282f,EXACT_TEXT_240a9d776d14282f,,exact_duplicate_group_id:EXACT_TEXT_240a9d776d14282f
52,5,671,7226623877181915931,Neutral,EXACT_TEXT_3fdb02a004f3e4bb,EXACT_TEXT_3fdb02a004f3e4bb,,exact_duplicate_group_id:EXACT_TEXT_3fdb02a004f3e4bb
52,5,674,7226960041310487323,Neutral,EXACT_GROUP_00806,EXACT_GROUP_00806,SIM_CLUSTER_00244,near_duplicate_cluster_id:SIM_CLUSTER_00244
52,5,684,7230433078505784091,Neutral,EXACT_TEXT_140381dd64b11868,EXACT_TEXT_140381dd64b11868,,exact_duplicate_group_id:EXACT_TEXT_140381dd64b11868
52,5,687,7232490243634594566,Neutral,EXACT_TEXT_bb0528a860363ebb,EXACT_TEXT_bb0528a860363ebb,,exact_duplicate_group_id:EXACT_TEXT_bb0528a860363ebb
52,5,692,7234004441027740442,Neutral,EXACT_TEXT_78c6d10c03bc1bf8,EXACT_TEXT_78c6d10c03bc1bf8,,exact_duplicate_group_id:EXACT_TEXT_78c6d10c03bc1bf8
52,5,698,7238174291640189701,Positive,EXACT_GROUP_00965,EXACT_GROUP_00965,SIM_CLUSTER_00004,near_duplicate_cluster_id:SIM_CLUSTER_00004
52,5,699,7238790156329124613,Positive,EXACT_GROUP_00965,EXACT_GROUP_00965,SIM_CLUSTER_00004,near_duplicate_cluster_id:SIM_CLUSTER_00004
52,5,706,7242529873284662021,Neutral,EXACT_TEXT_597b3e1a912f3f20,EXACT_TEXT_597b3e1a912f3f20,,exact_duplicate_group_id:EXACT_TEXT_597b3e1a912f3f20
52,5,707,7242649604557472518,Neutral,EXACT_TEXT_1eca23f010db6a5b,EXACT_TEXT_1eca23f010db6a5b,,exact_duplicate_group_id:EXACT_TEXT_1eca23f010db6a5b
52,5,711,7249536099025126149,Neutral,EXACT_TEXT_ee9682cea39604ca,EXACT_TEXT_ee9682cea39604ca,,exact_duplicate_group_id:EXACT_TEXT_ee9682cea39604ca
52,5,713,7250680633449415430,Neutral,EXACT_TEXT_7ff7353fd9c213b8,EXACT_TEXT_7ff7353fd9c213b8,,exact_duplicate_group_id:EXACT_TEXT_7ff7353fd9c213b8
52,5,714,7252511460919149318,Neutral,EXACT_TEXT_5a32390a5a9d0227,EXACT_TEXT_5a32390a5a9d0227,SIM_CLUSTER_00567,near_duplicate_cluster_id:SIM_CLUSTER_00567
52,5,715,7254327233010123525,Positive,EXACT_GROUP_00965,EXACT_GROUP_00965,SIM_CLUSTER_00004,near_duplicate_cluster_id:SIM_CLUSTER_00004
52,5,720,7258565494596551430,Neutral,EXACT_TEXT_f864b008cf68ca41,EXACT_TEXT_f864b008cf68ca41,,exact_duplicate_group_id:EXACT_TEXT_f864b008cf68ca41
52,5,721,7259689453563216645,Neutral,EXACT_TEXT_a66c4c2e6038e182,EXACT_TEXT_a66c4c2e6038e182,SIM_CLUSTER_00244,near_duplicate_cluster_id:SIM_CLUSTER_00244
52,5,726,7268492243315770117,Positive,EXACT_GROUP_00965,EXACT_GROUP_00965,SIM_CLUSTER_00004,near_duplicate_cluster_id:SIM_CLUSTER_00004
52,5,733,7272341292688163590,Negative,EXACT_TEXT_eda16b93895cd230,EXACT_TEXT_eda16b93895cd230,,exact_duplicate_group_id:EXACT_TEXT_eda16b93895cd230
52,5,738,7276554467465233158,Neutral,EXACT_TEXT_300d8a968ae295cb,EXACT_TEXT_300d8a968ae295cb,,exact_duplicate_group_id:EXACT_TEXT_300d8a968ae295cb
52,5,740,7284879656426636038,Neutral,EXACT_TEXT_2ef6a5210b9e3849,EXACT_TEXT_2ef6a5210b9e3849,SIM_CLUSTER_00244,near_duplicate_cluster_id:SIM_CLUSTER_00244
52,5,757,7291642673139450630,Neutral,EXACT_TEXT_990fb92839338459,EXACT_TEXT_990fb92839338459,SIM_CLUSTER_00887,near_duplicate_cluster_id:SIM_CLUSTER_00887
52,5,760,7291912889861374725,Positive,EXACT_GROUP_00965,EXACT_GROUP_00965,SIM_CLUSTER_00004,near_duplicate_cluster_id:SIM_CLUSTER_00004
52,5,783,7312246748914729734,Negative,EXACT_TEXT_45177c5ae08d4e51,EXACT_TEXT_45177c5ae08d4e51,,exact_duplicate_group_id:EXACT_TEXT_45177c5ae08d4e51
52,5,784,7312368700316877574,Neutral,EXACT_GROUP_00805,EXACT_GROUP_00805,SIM_CLUSTER_00244,near_duplicate_cluster_id:SIM_CLUSTER_00244
52,5,785,7312371393647362818,Negative,EXACT_TEXT_d3d882e9501b8c6c,EXACT_TEXT_d3d882e9501b8c6c,,exact_duplicate_group_id:EXACT_TEXT_d3d882e9501b8c6c
52,5,787,7312664590319010566,Neutral,EXACT_TEXT_6c114ececd031ba4,EXACT_TEXT_6c114ececd031ba4,,exact_duplicate_group_id:EXACT_TEXT_6c114ececd031ba4
52,5,788,7312845388079006470,Positive,EXACT_GROUP_00965,EXACT_GROUP_00965,SIM_CLUSTER_00004,near_duplicate_cluster_id:SIM_CLUSTER_00004
52,5,790,7313525862333563653,Neutral,EXACT_TEXT_5039c23f2825e1d0,EXACT_TEXT_5039c23f2825e1d0,SIM_CLUSTER_00567,near_duplicate_cluster_id:SIM_CLUSTER_00567
52,5,792,7313755585337885445,Neutral,EXACT_TEXT_68166a169d59af93,EXACT_TEXT_68166a169d59af93,,exact_duplicate_group_id:EXACT_TEXT_68166a169d59af93
52,5,798,7314526140332573445,Neutral,EXACT_TEXT_0f1fc99ff542707c,EXACT_TEXT_0f1fc99ff542707c,,exact_duplicate_group_id:EXACT_TEXT_0f1fc99ff542707c
52,5,807,7317126435892642566,Neutral,EXACT_TEXT_56dced8cab539ba0,EXACT_TEXT_56dced8cab539ba0,SIM_CLUSTER_00244,near_duplicate_cluster_id:SIM_CLUSTER_00244
52,5,811,7317626552366891781,Negative,EXACT_TEXT_d1b2122c8d831e6c,EXACT_TEXT_d1b2122c8d831e6c,,exact_duplicate_group_id:EXACT_TEXT_d1b2122c8d831e6c
52,5,823,7320432576630375174,Positive,EXACT_GROUP_00965,EXACT_GROUP_00965,SIM_CLUSTER_00004,near_duplicate_cluster_id:SIM_CLUSTER_00004
52,5,825,7320764045106447110,Neutral,EXACT_TEXT_e0333182f07364e1,EXACT_TEXT_e0333182f07364e1,,exact_duplicate_group_id:EXACT_TEXT_e0333182f07364e1
52,5,829,7321464784292152070,Negative,EXACT_TEXT_a113acc552a5cfdc,EXACT_TEXT_a113acc552a5cfdc,,exact_duplicate_group_id:EXACT_TEXT_a113acc552a5cfdc
52,5,848,7329559293869802246,Positive,EXACT_GROUP_00965,EXACT_GROUP_00965,SIM_CLUSTER_00004,near_duplicate_cluster_id:SIM_CLUSTER_00004
52,5,856,7333963185323950853,Neutral,EXACT_TEXT_9f1c729bc2ee3df5,EXACT_TEXT_9f1c729bc2ee3df5,,exact_duplicate_group_id:EXACT_TEXT_9f1c729bc2ee3df5
52,5,860,7334509226657841925,Positive,EXACT_GROUP_00965,EXACT_GROUP_00965,SIM_CLUSTER_00004,near_duplicate_cluster_id:SIM_CLUSTER_00004
52,5,872,7341031908564812549,Negative,EXACT_TEXT_315bda0f7172f0ca,EXACT_TEXT_315bda0f7172f0ca,,exact_duplicate_group_id:EXACT_TEXT_315bda0f7172f0ca
52,5,877,7341230449400546053,Negative,EXACT_TEXT_d886b2e86aae23d9,EXACT_TEXT_d886b2e86aae23d9,,exact_duplicate_group_id:EXACT_TEXT_d886b2e86aae23d9
52,5,879,7341308624243376902,Neutral,EXACT_TEXT_52848a0219c8d990,EXACT_TEXT_52848a0219c8d990,SIM_CLUSTER_00790,near_duplicate_cluster_id:SIM_CLUSTER_00790
52,5,880,7341368654795670277,Negative,EXACT_TEXT_0d2f59c8930efd76,EXACT_TEXT_0d2f59c8930efd76,,exact_duplicate_group_id:EXACT_TEXT_0d2f59c8930efd76
52,5,882,7341578103204266758,Neutral,EXACT_TEXT_4f89a1e9a8684003,EXACT_TEXT_4f89a1e9a8684003,,exact_duplicate_group_id:EXACT_TEXT_4f89a1e9a8684003
52,5,899,7356164650168632069,Positive,EXACT_GROUP_00965,EXACT_GROUP_00965,SIM_CLUSTER_00004,near_duplicate_cluster_id:SIM_CLUSTER_00004
52,5,900,7356751053268206342,Neutral,EXACT_TEXT_dda9dfcdb290ff92,EXACT_TEXT_dda9dfcdb290ff92,,exact_duplicate_group_id:EXACT_TEXT_dda9dfcdb290ff92
52,5,902,7357451985475371781,Positive,EXACT_GROUP_00965,EXACT_GROUP_00965,SIM_CLUSTER_00004,near_duplicate_cluster_id:SIM_CLUSTER_00004
52,5,903,7357718861894206213,Neutral,EXACT_TEXT_df09e316ba3ed753,EXACT_TEXT_df09e316ba3ed753,,exact_duplicate_group_id:EXACT_TEXT_df09e316ba3ed753
52,5,906,7357755050382541574,Negative,EXACT_TEXT_053dd7056b3ba0d6,EXACT_TEXT_053dd7056b3ba0d6,,exact_duplicate_group_id:EXACT_TEXT_053dd7056b3ba0d6
52,5,907,7357766717471884038,Negative,EXACT_TEXT_a74a49d3215f99b9,EXACT_TEXT_a74a49d3215f99b9,,exact_duplicate_group_id:EXACT_TEXT_a74a49d3215f99b9
52,5,914,7357914008345789189,Positive,EXACT_GROUP_00965,EXACT_GROUP_00965,SIM_CLUSTER_00004,near_duplicate_cluster_id:SIM_CLUSTER_00004
52,5,915,7357917579786224390,Positive,EXACT_GROUP_00965,EXACT_GROUP_00965,SIM_CLUSTER_00004,near_duplicate_cluster_id:SIM_CLUSTER_00004
52,5,917,7357934542176486150,Positive,EXACT_GROUP_00965,EXACT_GROUP_00965,SIM_CLUSTER_00004,near_duplicate_cluster_id:SIM_CLUSTER_00004
52,5,919,7357977942607168262,Positive,EXACT_GROUP_00965,EXACT_GROUP_00965,SIM_CLUSTER_00004,near_duplicate_cluster_id:SIM_CLUSTER_00004
52,5,923,7358025378672050949,Negative,EXACT_TEXT_24f578fee61bf0cd,EXACT_TEXT_24f578fee61bf0cd,,exact_duplicate_group_id:EXACT_TEXT_24f578fee61bf0cd
52,5,925,7358046245653447430,Positive,EXACT_GROUP_00965,EXACT_GROUP_00965,SIM_CLUSTER_00004,near_duplicate_cluster_id:SIM_CLUSTER_00004
52,5,927,7358088904257848069,Positive,EXACT_GROUP_00965,EXACT_GROUP_00965,SIM_CLUSTER_00004,near_duplicate_cluster_id:SIM_CLUSTER_00004
52,5,930,7358219180795560709,Positive,EXACT_GROUP_00965,EXACT_GROUP_00965,SIM_CLUSTER_00004,near_duplicate_cluster_id:SIM_CLUSTER_00004
52,5,936,7358715213758137093,Neutral,EXACT_GROUP_00806,EXACT_GROUP_00806,SIM_CLUSTER_00244,near_duplicate_cluster_id:SIM_CLUSTER_00244
52,5,942,7359583029955986181,Positive,EXACT_GROUP_00965,EXACT_GROUP_00965,SIM_CLUSTER_00004,near_duplicate_cluster_id:SIM_CLUSTER_00004
52,5,947,7359782793671164678,Neutral,EXACT_TEXT_5512bbd15f06993c,EXACT_TEXT_5512bbd15f06993c,,exact_duplicate_group_id:EXACT_TEXT_5512bbd15f06993c
52,5,949,7359906190657045264,Positive,EXACT_GROUP_00965,EXACT_GROUP_00965,SIM_CLUSTER_00004,near_duplicate_cluster_id:SIM_CLUSTER_00004
52,5,956,7361427902136845061,Positive,EXACT_GROUP_00965,EXACT_GROUP_00965,SIM_CLUSTER_00004,near_duplicate_cluster_id:SIM_CLUSTER_00004
52,5,957,7361794321124033286,Positive,EXACT_GROUP_00965,EXACT_GROUP_00965,SIM_CLUSTER_00004,near_duplicate_cluster_id:SIM_CLUSTER_00004
52,5,958,7361809245778576133,Positive,EXACT_GROUP_00965,EXACT_GROUP_00965,SIM_CLUSTER_00004,near_duplicate_cluster_id:SIM_CLUSTER_00004
52,5,964,7363596693810397958,Positive,EXACT_GROUP_00965,EXACT_GROUP_00965,SIM_CLUSTER_00004,near_duplicate_cluster_id:SIM_CLUSTER_00004
52,5,966,7363712616621622021,Positive,EXACT_GROUP_00965,EXACT_GROUP_00965,SIM_CLUSTER_00004,near_duplicate_cluster_id:SIM_CLUSTER_00004
52,5,968,7364005653167964934,Positive,EXACT_GROUP_00965,EXACT_GROUP_00965,SIM_CLUSTER_00004,near_duplicate_cluster_id:SIM_CLUSTER_00004
52,5,971,7364301466405946118,Positive,EXACT_GROUP_00965,EXACT_GROUP_00965,SIM_CLUSTER_00004,near_duplicate_cluster_id:SIM_CLUSTER_00004
52,5,974,7365785060472210182,Positive,EXACT_GROUP_00965,EXACT_GROUP_00965,SIM_CLUSTER_00004,near_duplicate_cluster_id:SIM_CLUSTER_00004
52,5,980,7367176007714390789,Positive,EXACT_GROUP_00965,EXACT_GROUP_00965,SIM_CLUSTER_00004,near_duplicate_cluster_id:SIM_CLUSTER_00004
52,5,981,7367318112575030022,Positive,EXACT_GROUP_00965,EXACT_GROUP_00965,SIM_CLUSTER_00004,near_duplicate_cluster_id:SIM_CLUSTER_00004
52,5,982,7367466527027839750,Positive,EXACT_GROUP_00965,EXACT_GROUP_00965,SIM_CLUSTER_00004,near_duplicate_cluster_id:SIM_CLUSTER_00004
52,5,983,7367547798855844614,Negative,EXACT_TEXT_9fb940881581c0d1,EXACT_TEXT_9fb940881581c0d1,,exact_duplicate_group_id:EXACT_TEXT_9fb940881581c0d1
52,5,984,7367761949964190470,Positive,EXACT_GROUP_00965,EXACT_GROUP_00965,SIM_CLUSTER_00004,near_duplicate_cluster_id:SIM_CLUSTER_00004
52,5,988,7368818891593843462,Neutral,EXACT_TEXT_cf67a8e11c28cc2f,EXACT_TEXT_cf67a8e11c28cc2f,SIM_CLUSTER_00323,near_duplicate_cluster_id:SIM_CLUSTER_00323
52,5,991,7370757576499708678,Positive,EXACT_GROUP_00965,EXACT_GROUP_00965,SIM_CLUSTER_00004,near_duplicate_cluster_id:SIM_CLUSTER_00004
52,5,995,7372586629690934021,Negative,EXACT_TEXT_6fd6b2fd187c0229,EXACT_TEXT_6fd6b2fd187c0229,,exact_duplicate_group_id:EXACT_TEXT_6fd6b2fd187c0229
52,5,999,7375750984989754118,Positive,EXACT_GROUP_00965,EXACT_GROUP_00965,SIM_CLUSTER_00004,near_duplicate_cluster_id:SIM_CLUSTER_00004
52,5,1009,7378897401036161797,Positive,EXACT_GROUP_00965,EXACT_GROUP_00965,SIM_CLUSTER_00004,near_duplicate_cluster_id:SIM_CLUSTER_00004
52,5,1011,7379871509723431686,Neutral,EXACT_TEXT_e2b17131a31bc968,EXACT_TEXT_e2b17131a31bc968,,exact_duplicate_group_id:EXACT_TEXT_e2b17131a31bc968
52,5,1017,7381134410836050693,Neutral,EXACT_TEXT_efc014bab6e045c8,EXACT_TEXT_efc014bab6e045c8,SIM_CLUSTER_00323,near_duplicate_cluster_id:SIM_CLUSTER_00323
52,5,1018,7381363064526914310,Neutral,EXACT_TEXT_f012e68b417ec4bc,EXACT_TEXT_f012e68b417ec4bc,,exact_duplicate_group_id:EXACT_TEXT_f012e68b417ec4bc
52,5,1019,7381472658807931654,Neutral,EXACT_TEXT_c14f3f0865959f5c,EXACT_TEXT_c14f3f0865959f5c,,exact_duplicate_group_id:EXACT_TEXT_c14f3f0865959f5c
52,5,1022,7383254121824027397,Positive,EXACT_GROUP_00965,EXACT_GROUP_00965,SIM_CLUSTER_00004,near_duplicate_cluster_id:SIM_CLUSTER_00004
52,5,1023,7383292120670651141,Positive,EXACT_GROUP_00965,EXACT_GROUP_00965,SIM_CLUSTER_00004,near_duplicate_cluster_id:SIM_CLUSTER_00004
52,5,1024,7383504906814538502,Positive,EXACT_GROUP_00965,EXACT_GROUP_00965,SIM_CLUSTER_00004,near_duplicate_cluster_id:SIM_CLUSTER_00004
52,5,1033,7386191975324943109,Positive,EXACT_GROUP_00965,EXACT_GROUP_00965,SIM_CLUSTER_00004,near_duplicate_cluster_id:SIM_CLUSTER_00004
52,5,1041,7388503468393005830,Positive,EXACT_GROUP_00965,EXACT_GROUP_00965,SIM_CLUSTER_00004,near_duplicate_cluster_id:SIM_CLUSTER_00004
52,5,1046,7388562647812227845,Positive,EXACT_GROUP_00965,EXACT_GROUP_00965,SIM_CLUSTER_00004,near_duplicate_cluster_id:SIM_CLUSTER_00004
52,5,1048,7388701409808237317,Neutral,EXACT_TEXT_2edef77007e04d4d,EXACT_TEXT_2edef77007e04d4d,,exact_duplicate_group_id:EXACT_TEXT_2edef77007e04d4d
52,5,1049,7388728584673936134,Positive,EXACT_GROUP_00965,EXACT_GROUP_00965,SIM_CLUSTER_00004,near_duplicate_cluster_id:SIM_CLUSTER_00004
52,5,1054,7389696755183813382,Positive,EXACT_GROUP_00965,EXACT_GROUP_00965,SIM_CLUSTER_00004,near_duplicate_cluster_id:SIM_CLUSTER_00004
52,5,1059,7390555069663740677,Neutral,EXACT_TEXT_6a1a1861a86d046a,EXACT_TEXT_6a1a1861a86d046a,,exact_duplicate_group_id:EXACT_TEXT_6a1a1861a86d046a
52,5,1065,7393281108991165189,Neutral,EXACT_TEXT_b6a2d4a78f0710a4,EXACT_TEXT_b6a2d4a78f0710a4,,exact_duplicate_group_id:EXACT_TEXT_b6a2d4a78f0710a4
52,5,1072,7397989009517150981,Neutral,EXACT_TEXT_de8626582a33e5bc,EXACT_TEXT_de8626582a33e5bc,,exact_duplicate_group_id:EXACT_TEXT_de8626582a33e5bc
52,5,1074,7398129119014585094,Neutral,EXACT_GROUP_00172,EXACT_GROUP_00172,SIM_CLUSTER_00089,near_duplicate_cluster_id:SIM_CLUSTER_00089
52,5,1076,7398388433191879430,Neutral,EXACT_TEXT_89856e02073e40f6,EXACT_TEXT_89856e02073e40f6,,exact_duplicate_group_id:EXACT_TEXT_89856e02073e40f6
52,5,1077,7398403890695750405,Neutral,EXACT_TEXT_ec5e20c59e39ccfd,EXACT_TEXT_ec5e20c59e39ccfd,SIM_CLUSTER_00089,near_duplicate_cluster_id:SIM_CLUSTER_00089
52,5,1083,7399454620001747717,Neutral,EXACT_TEXT_6ff1c43dc0af9eae,EXACT_TEXT_6ff1c43dc0af9eae,,exact_duplicate_group_id:EXACT_TEXT_6ff1c43dc0af9eae
52,5,1097,7405242387843613446,Negative,EXACT_TEXT_e039d331c4338054,EXACT_TEXT_e039d331c4338054,,exact_duplicate_group_id:EXACT_TEXT_e039d331c4338054
52,5,1098,7405422577769038597,Neutral,EXACT_TEXT_43be5363ede2cfed,EXACT_TEXT_43be5363ede2cfed,,exact_duplicate_group_id:EXACT_TEXT_43be5363ede2cfed
52,5,1102,7407348346169606918,Neutral,EXACT_TEXT_926be1997c7c5ba5,EXACT_TEXT_926be1997c7c5ba5,,exact_duplicate_group_id:EXACT_TEXT_926be1997c7c5ba5
52,5,1106,7408905470403085061,Neutral,EXACT_TEXT_e56c125a5736129b,EXACT_TEXT_e56c125a5736129b,SIM_CLUSTER_00451,near_duplicate_cluster_id:SIM_CLUSTER_00451
52,5,1124,7420366817790657286,Positive,EXACT_GROUP_00965,EXACT_GROUP_00965,SIM_CLUSTER_00004,near_duplicate_cluster_id:SIM_CLUSTER_00004
52,5,1125,7420678183680459525,Negative,EXACT_TEXT_b69fc4ea93d17ba9,EXACT_TEXT_b69fc4ea93d17ba9,,exact_duplicate_group_id:EXACT_TEXT_b69fc4ea93d17ba9
52,5,1126,7420736173980713734,Positive,EXACT_GROUP_00965,EXACT_GROUP_00965,SIM_CLUSTER_00004,near_duplicate_cluster_id:SIM_CLUSTER_00004
52,5,1127,7421155647343018757,Negative,EXACT_TEXT_8b3a244780404260,EXACT_TEXT_8b3a244780404260,,exact_duplicate_group_id:EXACT_TEXT_8b3a244780404260
52,5,1130,7421184129792099078,Neutral,EXACT_TEXT_5735e6f6747b5714,EXACT_TEXT_5735e6f6747b5714,,exact_duplicate_group_id:EXACT_TEXT_5735e6f6747b5714
52,5,1131,7421188993708098310,Negative,EXACT_TEXT_a4aeceb09fda40ba,EXACT_TEXT_a4aeceb09fda40ba,,exact_duplicate_group_id:EXACT_TEXT_a4aeceb09fda40ba
52,5,1140,7421234788650353414,Negative,EXACT_TEXT_fc74c807ca858c61,EXACT_TEXT_fc74c807ca858c61,,exact_duplicate_group_id:EXACT_TEXT_fc74c807ca858c61
52,5,1158,7421338662268420869,Negative,EXACT_TEXT_36d0c012fe423ca7,EXACT_TEXT_36d0c012fe423ca7,,exact_duplicate_group_id:EXACT_TEXT_36d0c012fe423ca7
52,5,1168,7421366015349015304,Negative,EXACT_TEXT_1f36fe60d0b9202c,EXACT_TEXT_1f36fe60d0b9202c,,exact_duplicate_group_id:EXACT_TEXT_1f36fe60d0b9202c
52,5,1170,7421367472283337478,Negative,EXACT_TEXT_d9adb936975c72ab,EXACT_TEXT_d9adb936975c72ab,,exact_duplicate_group_id:EXACT_TEXT_d9adb936975c72ab
52,5,1186,7421537721250661126,Negative,EXACT_TEXT_fad8564371164284,EXACT_TEXT_fad8564371164284,,exact_duplicate_group_id:EXACT_TEXT_fad8564371164284
52,5,1187,7421538637710164742,Negative,EXACT_TEXT_3bad12b54f712c77,EXACT_TEXT_3bad12b54f712c77,,exact_duplicate_group_id:EXACT_TEXT_3bad12b54f712c77
52,5,1190,7421557470773297926,Positive,EXACT_GROUP_00965,EXACT_GROUP_00965,SIM_CLUSTER_00004,near_duplicate_cluster_id:SIM_CLUSTER_00004
52,5,1191,7421560456307147526,Negative,EXACT_TEXT_ea97e981bc7d6716,EXACT_TEXT_ea97e981bc7d6716,,exact_duplicate_group_id:EXACT_TEXT_ea97e981bc7d6716
52,5,1198,7421665142327280390,Negative,EXACT_TEXT_842907b5ee3ea093,EXACT_TEXT_842907b5ee3ea093,,exact_duplicate_group_id:EXACT_TEXT_842907b5ee3ea093
52,5,1201,7421697105645060869,Positive,EXACT_GROUP_00965,EXACT_GROUP_00965,SIM_CLUSTER_00004,near_duplicate_cluster_id:SIM_CLUSTER_00004
52,5,1207,7421724350686429957,Negative,EXACT_TEXT_91dd0b44d7a1127c,EXACT_TEXT_91dd0b44d7a1127c,,exact_duplicate_group_id:EXACT_TEXT_91dd0b44d7a1127c
52,5,1208,7421731028812055301,Negative,EXACT_TEXT_c26aa6f55eb86460,EXACT_TEXT_c26aa6f55eb86460,,exact_duplicate_group_id:EXACT_TEXT_c26aa6f55eb86460
52,5,1209,7421731786834756357,Negative,EXACT_TEXT_2ee649b8baa6a89d,EXACT_TEXT_2ee649b8baa6a89d,,exact_duplicate_group_id:EXACT_TEXT_2ee649b8baa6a89d
52,5,1210,7421748894722884357,Negative,EXACT_TEXT_36257f90dd7d4353,EXACT_TEXT_36257f90dd7d4353,,exact_duplicate_group_id:EXACT_TEXT_36257f90dd7d4353
52,5,1215,7421793386888545030,Positive,EXACT_GROUP_00965,EXACT_GROUP_00965,SIM_CLUSTER_00004,near_duplicate_cluster_id:SIM_CLUSTER_00004
52,5,1221,7421919535136031494,Negative,EXACT_TEXT_9f34f47cf4e6dcdc,EXACT_TEXT_9f34f47cf4e6dcdc,,exact_duplicate_group_id:EXACT_TEXT_9f34f47cf4e6dcdc
52,5,1222,7421942789238571781,Negative,EXACT_TEXT_a81ea978a3712fb2,EXACT_TEXT_a81ea978a3712fb2,,exact_duplicate_group_id:EXACT_TEXT_a81ea978a3712fb2
52,5,1232,7422127928223417093,Positive,EXACT_GROUP_00965,EXACT_GROUP_00965,SIM_CLUSTER_00004,near_duplicate_cluster_id:SIM_CLUSTER_00004
52,5,1236,7422180937326510853,Negative,EXACT_TEXT_18d78feaa51301c5,EXACT_TEXT_18d78feaa51301c5,,exact_duplicate_group_id:EXACT_TEXT_18d78feaa51301c5
52,5,1249,7422264995746153221,Positive,EXACT_GROUP_00965,EXACT_GROUP_00965,SIM_CLUSTER_00004,near_duplicate_cluster_id:SIM_CLUSTER_00004
52,5,1257,7422493623197582085,Positive,EXACT_GROUP_00965,EXACT_GROUP_00965,SIM_CLUSTER_00004,near_duplicate_cluster_id:SIM_CLUSTER_00004
52,5,1259,7422502384800711430,Negative,EXACT_TEXT_53b4ee4db978ae50,EXACT_TEXT_53b4ee4db978ae50,,exact_duplicate_group_id:EXACT_TEXT_53b4ee4db978ae50
52,5,1264,7422552663774053126,Negative,EXACT_TEXT_d33330b7ca7cf03f,EXACT_TEXT_d33330b7ca7cf03f,,exact_duplicate_group_id:EXACT_TEXT_d33330b7ca7cf03f
52,5,1269,7422618564198253320,Negative,EXACT_TEXT_54e7f81037631a20,EXACT_TEXT_54e7f81037631a20,,exact_duplicate_group_id:EXACT_TEXT_54e7f81037631a20
52,5,1271,7422639915614470918,Positive,EXACT_GROUP_00965,EXACT_GROUP_00965,SIM_CLUSTER_00004,near_duplicate_cluster_id:SIM_CLUSTER_00004
52,5,1279,7422688997681677062,Negative,EXACT_TEXT_e787217155fc831c,EXACT_TEXT_e787217155fc831c,,exact_duplicate_group_id:EXACT_TEXT_e787217155fc831c
52,5,1283,7422699238121915142,Positive,EXACT_GROUP_00965,EXACT_GROUP_00965,SIM_CLUSTER_00004,near_duplicate_cluster_id:SIM_CLUSTER_00004
52,5,1287,7422784834407269128,Negative,EXACT_TEXT_73f51734b3a3ccec,EXACT_TEXT_73f51734b3a3ccec,,exact_duplicate_group_id:EXACT_TEXT_73f51734b3a3ccec
52,5,1289,7422830808740332294,Positive,EXACT_GROUP_00965,EXACT_GROUP_00965,SIM_CLUSTER_00004,near_duplicate_cluster_id:SIM_CLUSTER_00004
52,5,1302,7423287791416034054,Neutral,EXACT_TEXT_e8e088374512718f,EXACT_TEXT_e8e088374512718f,,exact_duplicate_group_id:EXACT_TEXT_e8e088374512718f
52,5,1304,7424346815073452806,Positive,EXACT_GROUP_00965,EXACT_GROUP_00965,SIM_CLUSTER_00004,near_duplicate_cluster_id:SIM_CLUSTER_00004
52,5,1312,7424911805736682246,Positive,EXACT_GROUP_00965,EXACT_GROUP_00965,SIM_CLUSTER_00004,near_duplicate_cluster_id:SIM_CLUSTER_00004
52,5,1314,7425120562387124997,Neutral,EXACT_TEXT_60f4bfa07227df77,EXACT_TEXT_60f4bfa07227df77,SIM_CLUSTER_00089,near_duplicate_cluster_id:SIM_CLUSTER_00089
52,5,1319,7425890026561569541,Neutral,EXACT_TEXT_294fce54f535e08e,EXACT_TEXT_294fce54f535e08e,,exact_duplicate_group_id:EXACT_TEXT_294fce54f535e08e
52,5,1320,7426039025922458373,Positive,EXACT_GROUP_00965,EXACT_GROUP_00965,SIM_CLUSTER_00004,near_duplicate_cluster_id:SIM_CLUSTER_00004
52,5,1324,7426609825515913989,Positive,EXACT_GROUP_00965,EXACT_GROUP_00965,SIM_CLUSTER_00004,near_duplicate_cluster_id:SIM_CLUSTER_00004
52,5,1328,7427686443104977669,Positive,EXACT_GROUP_00965,EXACT_GROUP_00965,SIM_CLUSTER_00004,near_duplicate_cluster_id:SIM_CLUSTER_00004
52,5,1329,7428039363935601414,Positive,EXACT_GROUP_00965,EXACT_GROUP_00965,SIM_CLUSTER_00004,near_duplicate_cluster_id:SIM_CLUSTER_00004
52,5,1330,7428065746918671110,Positive,EXACT_GROUP_00965,EXACT_GROUP_00965,SIM_CLUSTER_00004,near_duplicate_cluster_id:SIM_CLUSTER_00004
52,5,1333,7428438755684664072,Positive,EXACT_GROUP_00965,EXACT_GROUP_00965,SIM_CLUSTER_00004,near_duplicate_cluster_id:SIM_CLUSTER_00004
52,5,1346,7428470373551522566,Negative,EXACT_TEXT_284b625a87f578e3,EXACT_TEXT_284b625a87f578e3,,exact_duplicate_group_id:EXACT_TEXT_284b625a87f578e3
52,5,1350,7428484616800322325,Positive,EXACT_GROUP_00965,EXACT_GROUP_00965,SIM_CLUSTER_00004,near_duplicate_cluster_id:SIM_CLUSTER_00004
52,5,1354,7428508586845078280,Neutral,EXACT_TEXT_fc983a395cf3145b,EXACT_TEXT_fc983a395cf3145b,,exact_duplicate_group_id:EXACT_TEXT_fc983a395cf3145b
52,5,1356,7428530844208694022,Positive,EXACT_GROUP_00965,EXACT_GROUP_00965,SIM_CLUSTER_00004,near_duplicate_cluster_id:SIM_CLUSTER_00004
52,5,1363,7428552401131963141,Neutral,EXACT_TEXT_68c4556c6edcb199,EXACT_TEXT_68c4556c6edcb199,SIM_CLUSTER_01245,near_duplicate_cluster_id:SIM_CLUSTER_01245
52,5,1372,7428603375271035654,Positive,EXACT_GROUP_00965,EXACT_GROUP_00965,SIM_CLUSTER_00004,near_duplicate_cluster_id:SIM_CLUSTER_00004
52,5,1377,7428673512141554438,Neutral,EXACT_TEXT_df8da68a25c84ad6,EXACT_TEXT_df8da68a25c84ad6,SIM_CLUSTER_00089,near_duplicate_cluster_id:SIM_CLUSTER_00089
52,5,1382,7428756443396915974,Neutral,EXACT_TEXT_7ca4c336b8d7f4a1,EXACT_TEXT_7ca4c336b8d7f4a1,,exact_duplicate_group_id:EXACT_TEXT_7ca4c336b8d7f4a1
52,5,1386,7428812050040406789,Positive,EXACT_GROUP_00965,EXACT_GROUP_00965,SIM_CLUSTER_00004,near_duplicate_cluster_id:SIM_CLUSTER_00004
52,5,1389,7428847595194123029,Positive,EXACT_GROUP_00965,EXACT_GROUP_00965,SIM_CLUSTER_00004,near_duplicate_cluster_id:SIM_CLUSTER_00004
52,5,1391,7428877932565283590,Positive,EXACT_GROUP_00965,EXACT_GROUP_00965,SIM_CLUSTER_00004,near_duplicate_cluster_id:SIM_CLUSTER_00004
52,5,1397,7428945831228637958,Positive,EXACT_GROUP_00965,EXACT_GROUP_00965,SIM_CLUSTER_00004,near_duplicate_cluster_id:SIM_CLUSTER_00004
52,5,1399,7428966953321202440,Positive,EXACT_GROUP_00965,EXACT_GROUP_00965,SIM_CLUSTER_00004,near_duplicate_cluster_id:SIM_CLUSTER_00004
52,5,1401,7429104026069058305,Positive,EXACT_GROUP_00965,EXACT_GROUP_00965,SIM_CLUSTER_00004,near_duplicate_cluster_id:SIM_CLUSTER_00004
52,5,1405,7429166868394820360,Positive,EXACT_GROUP_00965,EXACT_GROUP_00965,SIM_CLUSTER_00004,near_duplicate_cluster_id:SIM_CLUSTER_00004
52,5,1410,7429206353178198790,Positive,EXACT_GROUP_00965,EXACT_GROUP_00965,SIM_CLUSTER_00004,near_duplicate_cluster_id:SIM_CLUSTER_00004
52,5,1423,7429628400438526738,Positive,EXACT_GROUP_00965,EXACT_GROUP_00965,SIM_CLUSTER_00004,near_duplicate_cluster_id:SIM_CLUSTER_00004
52,5,1424,7429716056560763653,Positive,EXACT_GROUP_00965,EXACT_GROUP_00965,SIM_CLUSTER_00004,near_duplicate_cluster_id:SIM_CLUSTER_00004
52,5,1426,7429761562703266580,Positive,EXACT_GROUP_00965,EXACT_GROUP_00965,SIM_CLUSTER_00004,near_duplicate_cluster_id:SIM_CLUSTER_00004
52,5,1430,7429919583836750599,Positive,EXACT_GROUP_00965,EXACT_GROUP_00965,SIM_CLUSTER_00004,near_duplicate_cluster_id:SIM_CLUSTER_00004
52,5,1433,7430059025091330821,Positive,EXACT_GROUP_00965,EXACT_GROUP_00965,SIM_CLUSTER_00004,near_duplicate_cluster_id:SIM_CLUSTER_00004
52,5,1437,7430293682362286849,Positive,EXACT_GROUP_00965,EXACT_GROUP_00965,SIM_CLUSTER_00004,near_duplicate_cluster_id:SIM_CLUSTER_00004
52,5,1440,7430338086921896709,Negative,EXACT_TEXT_b71d661285a09dcb,EXACT_TEXT_b71d661285a09dcb,,exact_duplicate_group_id:EXACT_TEXT_b71d661285a09dcb
52,5,1441,7430383160904614674,Neutral,EXACT_TEXT_b07ca10d012da5f2,EXACT_TEXT_b07ca10d012da5f2,SIM_CLUSTER_00022,near_duplicate_cluster_id:SIM_CLUSTER_00022
52,5,1442,7430391675539227410,Positive,EXACT_GROUP_00965,EXACT_GROUP_00965,SIM_CLUSTER_00004,near_duplicate_cluster_id:SIM_CLUSTER_00004
52,5,1443,7430459236216275717,Positive,EXACT_GROUP_00965,EXACT_GROUP_00965,SIM_CLUSTER_00004,near_duplicate_cluster_id:SIM_CLUSTER_00004
52,5,1444,7430473263749137153,Positive,EXACT_GROUP_00965,EXACT_GROUP_00965,SIM_CLUSTER_00004,near_duplicate_cluster_id:SIM_CLUSTER_00004
52,5,1446,7430522825032991489,Negative,EXACT_TEXT_fc0b36440299caac,EXACT_TEXT_fc0b36440299caac,,exact_duplicate_group_id:EXACT_TEXT_fc0b36440299caac
52,5,1448,7430671271513359122,Positive,EXACT_GROUP_00965,EXACT_GROUP_00965,SIM_CLUSTER_00004,near_duplicate_cluster_id:SIM_CLUSTER_00004
52,5,1449,7430682393461572353,Positive,EXACT_GROUP_00965,EXACT_GROUP_00965,SIM_CLUSTER_00004,near_duplicate_cluster_id:SIM_CLUSTER_00004
52,5,1453,7430821620417987333,Positive,EXACT_GROUP_00965,EXACT_GROUP_00965,SIM_CLUSTER_00004,near_duplicate_cluster_id:SIM_CLUSTER_00004
52,5,1456,7431026620877013768,Positive,EXACT_TEXT_29098185d332cf01,EXACT_TEXT_29098185d332cf01,SIM_CLUSTER_00004,near_duplicate_cluster_id:SIM_CLUSTER_00004
52,5,1463,7431506944026411782,Positive,EXACT_GROUP_00965,EXACT_GROUP_00965,SIM_CLUSTER_00004,near_duplicate_cluster_id:SIM_CLUSTER_00004
52,5,1464,7431566543556117256,Neutral,EXACT_TEXT_2ea8122e28cd7751,EXACT_TEXT_2ea8122e28cd7751,SIM_CLUSTER_00089,near_duplicate_cluster_id:SIM_CLUSTER_00089
52,5,1465,7431733215000707856,Positive,EXACT_GROUP_00965,EXACT_GROUP_00965,SIM_CLUSTER_00004,near_duplicate_cluster_id:SIM_CLUSTER_00004
52,5,1467,7431949020501885713,Positive,EXACT_GROUP_00965,EXACT_GROUP_00965,SIM_CLUSTER_00004,near_duplicate_cluster_id:SIM_CLUSTER_00004
52,5,1468,7431998110006035218,Positive,EXACT_GROUP_00965,EXACT_GROUP_00965,SIM_CLUSTER_00004,near_duplicate_cluster_id:SIM_CLUSTER_00004
52,5,1469,7431998126286717704,Positive,EXACT_GROUP_00965,EXACT_GROUP_00965,SIM_CLUSTER_00004,near_duplicate_cluster_id:SIM_CLUSTER_00004
52,5,1472,7432270373876335365,Positive,EXACT_GROUP_00965,EXACT_GROUP_00965,SIM_CLUSTER_00004,near_duplicate_cluster_id:SIM_CLUSTER_00004
52,5,1475,7432425912417256198,Positive,EXACT_GROUP_00965,EXACT_GROUP_00965,SIM_CLUSTER_00004,near_duplicate_cluster_id:SIM_CLUSTER_00004
52,5,1477,7432519661822493448,Positive,EXACT_GROUP_00965,EXACT_GROUP_00965,SIM_CLUSTER_00004,near_duplicate_cluster_id:SIM_CLUSTER_00004
52,5,1478,7432541056895386374,Positive,EXACT_GROUP_00965,EXACT_GROUP_00965,SIM_CLUSTER_00004,near_duplicate_cluster_id:SIM_CLUSTER_00004
52,5,1479,7432718249496003348,Positive,EXACT_GROUP_00965,EXACT_GROUP_00965,SIM_CLUSTER_00004,near_duplicate_cluster_id:SIM_CLUSTER_00004
52,5,1480,7432899106635072261,Positive,EXACT_GROUP_00965,EXACT_GROUP_00965,SIM_CLUSTER_00004,near_duplicate_cluster_id:SIM_CLUSTER_00004
52,5,1482,7433727728832463617,Negative,EXACT_TEXT_3a37e088288c9439,EXACT_TEXT_3a37e088288c9439,,exact_duplicate_group_id:EXACT_TEXT_3a37e088288c9439
52,5,1484,7433834520212472593,Positive,EXACT_GROUP_00965,EXACT_GROUP_00965,SIM_CLUSTER_00004,near_duplicate_cluster_id:SIM_CLUSTER_00004
52,5,1485,7433975478758179602,Positive,EXACT_GROUP_00965,EXACT_GROUP_00965,SIM_CLUSTER_00004,near_duplicate_cluster_id:SIM_CLUSTER_00004
52,5,1486,7434110867027231543,Positive,EXACT_GROUP_00965,EXACT_GROUP_00965,SIM_CLUSTER_00004,near_duplicate_cluster_id:SIM_CLUSTER_00004
52,5,1490,7435492010503521044,Negative,EXACT_TEXT_1895d5998b4c0723,EXACT_TEXT_1895d5998b4c0723,,exact_duplicate_group_id:EXACT_TEXT_1895d5998b4c0723
52,5,1494,7436037478023709496,Positive,EXACT_GROUP_00965,EXACT_GROUP_00965,SIM_CLUSTER_00004,near_duplicate_cluster_id:SIM_CLUSTER_00004
52,5,1495,7436272150178710288,Neutral,EXACT_TEXT_f439c3703542f346,EXACT_TEXT_f439c3703542f346,SIM_CLUSTER_00517,near_duplicate_cluster_id:SIM_CLUSTER_00517
52,5,1497,7436962982842467127,Positive,EXACT_GROUP_00965,EXACT_GROUP_00965,SIM_CLUSTER_00004,near_duplicate_cluster_id:SIM_CLUSTER_00004
52,5,1498,7437001657026036487,Positive,EXACT_GROUP_00965,EXACT_GROUP_00965,SIM_CLUSTER_00004,near_duplicate_cluster_id:SIM_CLUSTER_00004
52,5,1500,7437260630493790996,Positive,EXACT_GROUP_00965,EXACT_GROUP_00965,SIM_CLUSTER_00004,near_duplicate_cluster_id:SIM_CLUSTER_00004
52,5,1501,7437358792226947841,Positive,EXACT_GROUP_00965,EXACT_GROUP_00965,SIM_CLUSTER_00004,near_duplicate_cluster_id:SIM_CLUSTER_00004
52,5,1502,7437444140936332048,Positive,EXACT_GROUP_00965,EXACT_GROUP_00965,SIM_CLUSTER_00004,near_duplicate_cluster_id:SIM_CLUSTER_00004
52,5,1503,7437529244496773896,Positive,EXACT_GROUP_00965,EXACT_GROUP_00965,SIM_CLUSTER_00004,near_duplicate_cluster_id:SIM_CLUSTER_00004
52,5,1504,7437619896022254337,Positive,EXACT_GROUP_00965,EXACT_GROUP_00965,SIM_CLUSTER_00004,near_duplicate_cluster_id:SIM_CLUSTER_00004
52,5,1505,7437728812558943032,Positive,EXACT_GROUP_00965,EXACT_GROUP_00965,SIM_CLUSTER_00004,near_duplicate_cluster_id:SIM_CLUSTER_00004
52,5,1506,7437731878105613111,Positive,EXACT_GROUP_00965,EXACT_GROUP_00965,SIM_CLUSTER_00004,near_duplicate_cluster_id:SIM_CLUSTER_00004
52,5,1509,7437934945034830599,Positive,EXACT_GROUP_00965,EXACT_GROUP_00965,SIM_CLUSTER_00004,near_duplicate_cluster_id:SIM_CLUSTER_00004
52,5,1510,7438039096200725268,Positive,EXACT_GROUP_00965,EXACT_GROUP_00965,SIM_CLUSTER_00004,near_duplicate_cluster_id:SIM_CLUSTER_00004
52,5,1512,7438076464158032695,Positive,EXACT_GROUP_00965,EXACT_GROUP_00965,SIM_CLUSTER_00004,near_duplicate_cluster_id:SIM_CLUSTER_00004
52,5,1513,7438106883824648978,Positive,EXACT_GROUP_00965,EXACT_GROUP_00965,SIM_CLUSTER_00004,near_duplicate_cluster_id:SIM_CLUSTER_00004
52,5,1515,7438242874905395989,Positive,EXACT_GROUP_00965,EXACT_GROUP_00965,SIM_CLUSTER_00004,near_duplicate_cluster_id:SIM_CLUSTER_00004
52,5,1516,7438292221776331527,Positive,EXACT_GROUP_00965,EXACT_GROUP_00965,SIM_CLUSTER_00004,near_duplicate_cluster_id:SIM_CLUSTER_00004
52,5,1517,7438303028849967873,Positive,EXACT_GROUP_00965,EXACT_GROUP_00965,SIM_CLUSTER_00004,near_duplicate_cluster_id:SIM_CLUSTER_00004
52,5,1518,7438432386641216274,Positive,EXACT_GROUP_00965,EXACT_GROUP_00965,SIM_CLUSTER_00004,near_duplicate_cluster_id:SIM_CLUSTER_00004
52,5,1519,7438458129211753234,Positive,EXACT_GROUP_00965,EXACT_GROUP_00965,SIM_CLUSTER_00004,near_duplicate_cluster_id:SIM_CLUSTER_00004
52,5,1520,7438563496140014343,Positive,EXACT_GROUP_00965,EXACT_GROUP_00965,SIM_CLUSTER_00004,near_duplicate_cluster_id:SIM_CLUSTER_00004
52,5,1522,7438819115831411463,Positive,EXACT_GROUP_00965,EXACT_GROUP_00965,SIM_CLUSTER_00004,near_duplicate_cluster_id:SIM_CLUSTER_00004
52,5,1523,7438850189060326164,Positive,EXACT_GROUP_00965,EXACT_GROUP_00965,SIM_CLUSTER_00004,near_duplicate_cluster_id:SIM_CLUSTER_00004
52,5,1524,7438928969845834551,Positive,EXACT_GROUP_00965,EXACT_GROUP_00965,SIM_CLUSTER_00004,near_duplicate_cluster_id:SIM_CLUSTER_00004
52,5,1525,7439190316747866936,Positive,EXACT_GROUP_00965,EXACT_GROUP_00965,SIM_CLUSTER_00004,near_duplicate_cluster_id:SIM_CLUSTER_00004
52,5,1526,7439369191520322312,Positive,EXACT_GROUP_00965,EXACT_GROUP_00965,SIM_CLUSTER_00004,near_duplicate_cluster_id:SIM_CLUSTER_00004
52,5,1527,7439642883823223570,Positive,EXACT_GROUP_00965,EXACT_GROUP_00965,SIM_CLUSTER_00004,near_duplicate_cluster_id:SIM_CLUSTER_00004
52,5,1528,7439736694263841552,Positive,EXACT_GROUP_00965,EXACT_GROUP_00965,SIM_CLUSTER_00004,near_duplicate_cluster_id:SIM_CLUSTER_00004
52,5,1529,7439742650667189000,Positive,EXACT_GROUP_00965,EXACT_GROUP_00965,SIM_CLUSTER_00004,near_duplicate_cluster_id:SIM_CLUSTER_00004
52,5,1530,7439895509781250824,Positive,EXACT_GROUP_00965,EXACT_GROUP_00965,SIM_CLUSTER_00004,near_duplicate_cluster_id:SIM_CLUSTER_00004
52,5,1532,7440327649454801671,Neutral,EXACT_TEXT_9344db7c24ad65cc,EXACT_TEXT_9344db7c24ad65cc,,exact_duplicate_group_id:EXACT_TEXT_9344db7c24ad65cc
52,5,1533,7440485344888095495,Positive,EXACT_GROUP_00965,EXACT_GROUP_00965,SIM_CLUSTER_00004,near_duplicate_cluster_id:SIM_CLUSTER_00004
52,5,1536,7440698576164258578,Positive,EXACT_GROUP_00965,EXACT_GROUP_00965,SIM_CLUSTER_00004,near_duplicate_cluster_id:SIM_CLUSTER_00004
52,5,1538,7440850908362064695,Positive,EXACT_GROUP_00965,EXACT_GROUP_00965,SIM_CLUSTER_00004,near_duplicate_cluster_id:SIM_CLUSTER_00004
52,5,1539,7441746429381247762,Positive,EXACT_GROUP_00965,EXACT_GROUP_00965,SIM_CLUSTER_00004,near_duplicate_cluster_id:SIM_CLUSTER_00004
52,5,1540,7442118885580718856,Positive,EXACT_GROUP_00965,EXACT_GROUP_00965,SIM_CLUSTER_00004,near_duplicate_cluster_id:SIM_CLUSTER_00004
52,5,1541,7442318839528604472,Positive,EXACT_GROUP_00965,EXACT_GROUP_00965,SIM_CLUSTER_00004,near_duplicate_cluster_id:SIM_CLUSTER_00004
52,5,1544,7443356744174912312,Positive,EXACT_GROUP_00965,EXACT_GROUP_00965,SIM_CLUSTER_00004,near_duplicate_cluster_id:SIM_CLUSTER_00004
52,5,1545,7443375833857327880,Positive,EXACT_GROUP_00965,EXACT_GROUP_00965,SIM_CLUSTER_00004,near_duplicate_cluster_id:SIM_CLUSTER_00004
52,5,1546,7443693620395262727,Neutral,EXACT_TEXT_ca582d3559e19113,EXACT_TEXT_ca582d3559e19113,SIM_CLUSTER_00451,near_duplicate_cluster_id:SIM_CLUSTER_00451
52,5,1547,7443836721752277781,Neutral,EXACT_TEXT_21044658a8f6d8dc,EXACT_TEXT_21044658a8f6d8dc,,exact_duplicate_group_id:EXACT_TEXT_21044658a8f6d8dc
52,5,1548,7444079925588525842,Positive,EXACT_GROUP_00965,EXACT_GROUP_00965,SIM_CLUSTER_00004,near_duplicate_cluster_id:SIM_CLUSTER_00004
52,5,1549,7444200790451356434,Positive,EXACT_GROUP_00965,EXACT_GROUP_00965,SIM_CLUSTER_00004,near_duplicate_cluster_id:SIM_CLUSTER_00004
52,5,1550,7444245208697078546,Positive,EXACT_GROUP_00965,EXACT_GROUP_00965,SIM_CLUSTER_00004,near_duplicate_cluster_id:SIM_CLUSTER_00004
52,5,1553,7445006624009650951,Positive,EXACT_GROUP_00965,EXACT_GROUP_00965,SIM_CLUSTER_00004,near_duplicate_cluster_id:SIM_CLUSTER_00004
52,5,1554,7445437909513487122,Positive,EXACT_GROUP_00965,EXACT_GROUP_00965,SIM_CLUSTER_00004,near_duplicate_cluster_id:SIM_CLUSTER_00004
52,5,1555,7445867711425364742,Positive,EXACT_GROUP_00965,EXACT_GROUP_00965,SIM_CLUSTER_00004,near_duplicate_cluster_id:SIM_CLUSTER_00004
52,5,1556,7446074065301177105,Neutral,EXACT_TEXT_46d48a8dec870477,EXACT_TEXT_46d48a8dec870477,,exact_duplicate_group_id:EXACT_TEXT_46d48a8dec870477
52,5,1557,7446980874263167760,Positive,EXACT_GROUP_00965,EXACT_GROUP_00965,SIM_CLUSTER_00004,near_duplicate_cluster_id:SIM_CLUSTER_00004
52,5,1558,7446984916220904200,Positive,EXACT_GROUP_00965,EXACT_GROUP_00965,SIM_CLUSTER_00004,near_duplicate_cluster_id:SIM_CLUSTER_00004
52,5,1559,7447080545529971463,Positive,EXACT_GROUP_00965,EXACT_GROUP_00965,SIM_CLUSTER_00004,near_duplicate_cluster_id:SIM_CLUSTER_00004
52,5,1567,7448806746775175954,Positive,EXACT_GROUP_00965,EXACT_GROUP_00965,SIM_CLUSTER_00004,near_duplicate_cluster_id:SIM_CLUSTER_00004
52,5,1568,7449285878131409670,Positive,EXACT_GROUP_00965,EXACT_GROUP_00965,SIM_CLUSTER_00004,near_duplicate_cluster_id:SIM_CLUSTER_00004
52,5,1569,7449651933395256082,Positive,EXACT_GROUP_00965,EXACT_GROUP_00965,SIM_CLUSTER_00004,near_duplicate_cluster_id:SIM_CLUSTER_00004
52,5,1571,7450036197877744402,Neutral,EXACT_TEXT_ea0c0c9431699be4,EXACT_TEXT_ea0c0c9431699be4,,exact_duplicate_group_id:EXACT_TEXT_ea0c0c9431699be4
52,5,1573,7450568174553088775,Positive,EXACT_GROUP_00965,EXACT_GROUP_00965,SIM_CLUSTER_00004,near_duplicate_cluster_id:SIM_CLUSTER_00004
52,5,1574,7452012303292023570,Positive,EXACT_GROUP_00965,EXACT_GROUP_00965,SIM_CLUSTER_00004,near_duplicate_cluster_id:SIM_CLUSTER_00004
52,5,1577,7452879367321240321,Positive,EXACT_GROUP_00965,EXACT_GROUP_00965,SIM_CLUSTER_00004,near_duplicate_cluster_id:SIM_CLUSTER_00004
52,5,1579,7453439645817488135,Positive,EXACT_GROUP_00965,EXACT_GROUP_00965,SIM_CLUSTER_00004,near_duplicate_cluster_id:SIM_CLUSTER_00004
52,5,1587,7457182381214581510,Neutral,EXACT_TEXT_0be04bff8b909d5d,EXACT_TEXT_0be04bff8b909d5d,,exact_duplicate_group_id:EXACT_TEXT_0be04bff8b909d5d
52,5,1595,7457449283878961938,Positive,EXACT_GROUP_00965,EXACT_GROUP_00965,SIM_CLUSTER_00004,near_duplicate_cluster_id:SIM_CLUSTER_00004
52,5,1605,7458434781459350277,Positive,EXACT_GROUP_00965,EXACT_GROUP_00965,SIM_CLUSTER_00004,near_duplicate_cluster_id:SIM_CLUSTER_00004
52,5,1607,7458562220436226822,Positive,EXACT_GROUP_00965,EXACT_GROUP_00965,SIM_CLUSTER_00004,near_duplicate_cluster_id:SIM_CLUSTER_00004
52,5,1608,7458702553095750408,Positive,EXACT_GROUP_00965,EXACT_GROUP_00965,SIM_CLUSTER_00004,near_duplicate_cluster_id:SIM_CLUSTER_00004
52,5,1611,7459548436594000661,Positive,EXACT_GROUP_00965,EXACT_GROUP_00965,SIM_CLUSTER_00004,near_duplicate_cluster_id:SIM_CLUSTER_00004
52,5,1612,7459627796831355655,Negative,EXACT_TEXT_7eecfa51a0a1c880,EXACT_TEXT_7eecfa51a0a1c880,,exact_duplicate_group_id:EXACT_TEXT_7eecfa51a0a1c880
52,5,1616,7460502725908071175,Positive,EXACT_GROUP_00965,EXACT_GROUP_00965,SIM_CLUSTER_00004,near_duplicate_cluster_id:SIM_CLUSTER_00004
52,5,1620,7461200132362076933,Positive,EXACT_GROUP_00965,EXACT_GROUP_00965,SIM_CLUSTER_00004,near_duplicate_cluster_id:SIM_CLUSTER_00004
52,5,1624,7462005515234640658,Negative,EXACT_TEXT_491d6e283593daa5,EXACT_TEXT_491d6e283593daa5,,exact_duplicate_group_id:EXACT_TEXT_491d6e283593daa5
52,5,1625,7462014899985826566,Positive,EXACT_GROUP_00965,EXACT_GROUP_00965,SIM_CLUSTER_00004,near_duplicate_cluster_id:SIM_CLUSTER_00004
52,5,1629,7462928549969937159,Positive,EXACT_GROUP_00965,EXACT_GROUP_00965,SIM_CLUSTER_00004,near_duplicate_cluster_id:SIM_CLUSTER_00004
52,5,1630,7463067570218189586,Negative,EXACT_TEXT_8d65bce7a8ce6c60,EXACT_TEXT_8d65bce7a8ce6c60,,exact_duplicate_group_id:EXACT_TEXT_8d65bce7a8ce6c60
52,5,1633,7463428966104793877,Positive,EXACT_GROUP_00965,EXACT_GROUP_00965,SIM_CLUSTER_00004,near_duplicate_cluster_id:SIM_CLUSTER_00004
52,5,1637,7466454059463377680,Positive,EXACT_GROUP_00965,EXACT_GROUP_00965,SIM_CLUSTER_00004,near_duplicate_cluster_id:SIM_CLUSTER_00004
52,5,1641,7468898428145091334,Positive,EXACT_GROUP_00965,EXACT_GROUP_00965,SIM_CLUSTER_00004,near_duplicate_cluster_id:SIM_CLUSTER_00004
52,5,1651,7473165917501899526,Positive,EXACT_GROUP_00965,EXACT_GROUP_00965,SIM_CLUSTER_00004,near_duplicate_cluster_id:SIM_CLUSTER_00004
52,5,1653,7473833955894362888,Positive,EXACT_GROUP_00965,EXACT_GROUP_00965,SIM_CLUSTER_00004,near_duplicate_cluster_id:SIM_CLUSTER_00004
52,5,1662,7479006116090397461,Positive,EXACT_GROUP_00965,EXACT_GROUP_00965,SIM_CLUSTER_00004,near_duplicate_cluster_id:SIM_CLUSTER_00004
52,5,1667,7482855187285312262,Positive,EXACT_GROUP_00965,EXACT_GROUP_00965,SIM_CLUSTER_00004,near_duplicate_cluster_id:SIM_CLUSTER_00004
52,5,1669,7486065827340747575,Positive,EXACT_GROUP_00965,EXACT_GROUP_00965,SIM_CLUSTER_00004,near_duplicate_cluster_id:SIM_CLUSTER_00004
52,5,1677,7494678571518001928,Negative,EXACT_TEXT_0efae896b3ec338b,EXACT_TEXT_0efae896b3ec338b,,exact_duplicate_group_id:EXACT_TEXT_0efae896b3ec338b
52,5,1679,7495954019501196050,Positive,EXACT_GROUP_00965,EXACT_GROUP_00965,SIM_CLUSTER_00004,near_duplicate_cluster_id:SIM_CLUSTER_00004
52,5,1680,7496412897464238868,Positive,EXACT_GROUP_00965,EXACT_GROUP_00965,SIM_CLUSTER_00004,near_duplicate_cluster_id:SIM_CLUSTER_00004
52,5,1684,7500727807619285768,Positive,EXACT_GROUP_00965,EXACT_GROUP_00965,SIM_CLUSTER_00004,near_duplicate_cluster_id:SIM_CLUSTER_00004
52,5,1686,7501605610233742088,Positive,EXACT_GROUP_00965,EXACT_GROUP_00965,SIM_CLUSTER_00004,near_duplicate_cluster_id:SIM_CLUSTER_00004
52,5,1687,7502973846615622401,Positive,EXACT_GROUP_00965,EXACT_GROUP_00965,SIM_CLUSTER_00004,near_duplicate_cluster_id:SIM_CLUSTER_00004
52,5,1688,7503785975110288148,Positive,EXACT_GROUP_00965,EXACT_GROUP_00965,SIM_CLUSTER_00004,near_duplicate_cluster_id:SIM_CLUSTER_00004
52,5,1689,7504140403471827730,Positive,EXACT_GROUP_00965,EXACT_GROUP_00965,SIM_CLUSTER_00004,near_duplicate_cluster_id:SIM_CLUSTER_00004
52,5,1690,7506122827121034002,Positive,EXACT_GROUP_00965,EXACT_GROUP_00965,SIM_CLUSTER_00004,near_duplicate_cluster_id:SIM_CLUSTER_00004
52,5,1692,7507849532429173512,Positive,EXACT_GROUP_00965,EXACT_GROUP_00965,SIM_CLUSTER_00004,near_duplicate_cluster_id:SIM_CLUSTER_00004
52,5,1693,7507888051294864136,Positive,EXACT_GROUP_00965,EXACT_GROUP_00965,SIM_CLUSTER_00004,near_duplicate_cluster_id:SIM_CLUSTER_00004
52,5,1695,7508543800060494600,Positive,EXACT_GROUP_00965,EXACT_GROUP_00965,SIM_CLUSTER_00004,near_duplicate_cluster_id:SIM_CLUSTER_00004
52,5,1697,7509095909570183944,Positive,EXACT_GROUP_00965,EXACT_GROUP_00965,SIM_CLUSTER_00004,near_duplicate_cluster_id:SIM_CLUSTER_00004
52,5,1698,7509461783984997127,Neutral,EXACT_TEXT_a1916e62ebbf1263,EXACT_TEXT_a1916e62ebbf1263,,exact_duplicate_group_id:EXACT_TEXT_a1916e62ebbf1263
52,5,1702,7510482691881943816,Positive,EXACT_GROUP_00965,EXACT_GROUP_00965,SIM_CLUSTER_00004,near_duplicate_cluster_id:SIM_CLUSTER_00004
52,5,1703,7511796480831800071,Positive,EXACT_GROUP_00965,EXACT_GROUP_00965,SIM_CLUSTER_00004,near_duplicate_cluster_id:SIM_CLUSTER_00004
52,5,1705,7514313100536808200,Positive,EXACT_GROUP_00965,EXACT_GROUP_00965,SIM_CLUSTER_00004,near_duplicate_cluster_id:SIM_CLUSTER_00004
52,5,1707,7517569390192935698,Positive,EXACT_GROUP_00965,EXACT_GROUP_00965,SIM_CLUSTER_00004,near_duplicate_cluster_id:SIM_CLUSTER_00004
52,5,1711,7522094342941557522,Positive,EXACT_GROUP_00965,EXACT_GROUP_00965,SIM_CLUSTER_00004,near_duplicate_cluster_id:SIM_CLUSTER_00004
52,5,1716,7526892485106287367,Positive,EXACT_GROUP_00965,EXACT_GROUP_00965,SIM_CLUSTER_00004,near_duplicate_cluster_id:SIM_CLUSTER_00004
52,5,1718,7528958869016724242,Positive,EXACT_GROUP_00965,EXACT_GROUP_00965,SIM_CLUSTER_00004,near_duplicate_cluster_id:SIM_CLUSTER_00004
52,5,1719,7528958924021138183,Positive,EXACT_GROUP_00965,EXACT_GROUP_00965,SIM_CLUSTER_00004,near_duplicate_cluster_id:SIM_CLUSTER_00004
52,5,1720,7528958943264310024,Positive,EXACT_GROUP_00965,EXACT_GROUP_00965,SIM_CLUSTER_00004,near_duplicate_cluster_id:SIM_CLUSTER_00004
52,5,1727,7537751965842391815,Negative,EXACT_TEXT_f89c85b91a0991ea,EXACT_TEXT_f89c85b91a0991ea,,exact_duplicate_group_id:EXACT_TEXT_f89c85b91a0991ea
52,5,1730,7539322942334321415,Negative,EXACT_TEXT_d6bfec225270fa5b,EXACT_TEXT_d6bfec225270fa5b,,exact_duplicate_group_id:EXACT_TEXT_d6bfec225270fa5b
52,5,1731,7541063593912681233,Positive,EXACT_GROUP_00965,EXACT_GROUP_00965,SIM_CLUSTER_00004,near_duplicate_cluster_id:SIM_CLUSTER_00004
52,5,1733,7542965196329141000,Positive,EXACT_GROUP_00965,EXACT_GROUP_00965,SIM_CLUSTER_00004,near_duplicate_cluster_id:SIM_CLUSTER_00004
52,5,1738,7545729250420835080,Positive,EXACT_GROUP_00965,EXACT_GROUP_00965,SIM_CLUSTER_00004,near_duplicate_cluster_id:SIM_CLUSTER_00004
52,5,1741,7548735570172871432,Negative,EXACT_TEXT_3c5f5fd4ee156166,EXACT_TEXT_3c5f5fd4ee156166,,exact_duplicate_group_id:EXACT_TEXT_3c5f5fd4ee156166
52,5,1749,7559046898457625345,Positive,EXACT_GROUP_00965,EXACT_GROUP_00965,SIM_CLUSTER_00004,near_duplicate_cluster_id:SIM_CLUSTER_00004
52,5,1750,7562169653964243719,Neutral,EXACT_TEXT_ec507d5bd17209eb,EXACT_TEXT_ec507d5bd17209eb,,exact_duplicate_group_id:EXACT_TEXT_ec507d5bd17209eb
52,5,1751,7564618097542824712,Neutral,EXACT_TEXT_b92338706f575a99,EXACT_TEXT_b92338706f575a99,,exact_duplicate_group_id:EXACT_TEXT_b92338706f575a99
52,5,1752,7564798414924317441,Positive,EXACT_GROUP_00965,EXACT_GROUP_00965,SIM_CLUSTER_00004,near_duplicate_cluster_id:SIM_CLUSTER_00004
52,5,1755,7573600017039393556,Neutral,EXACT_TEXT_e021df7c9a22a394,EXACT_TEXT_e021df7c9a22a394,,exact_duplicate_group_id:EXACT_TEXT_e021df7c9a22a394
52,5,1756,7573832725615837960,Neutral,EXACT_TEXT_9a75cc93478b4e69,EXACT_TEXT_9a75cc93478b4e69,,exact_duplicate_group_id:EXACT_TEXT_9a75cc93478b4e69
52,5,1757,7579632503368483591,Negative,EXACT_GROUP_00056,EXACT_GROUP_00056,SIM_CLUSTER_00753,near_duplicate_cluster_id:SIM_CLUSTER_00753
52,5,1758,7579632559107490568,Negative,EXACT_GROUP_00056,EXACT_GROUP_00056,SIM_CLUSTER_00753,near_duplicate_cluster_id:SIM_CLUSTER_00753
52,5,1759,7579633215049302791,Negative,EXACT_GROUP_00056,EXACT_GROUP_00056,SIM_CLUSTER_00753,near_duplicate_cluster_id:SIM_CLUSTER_00753
52,5,1761,7581808803751052052,Positive,EXACT_GROUP_00965,EXACT_GROUP_00965,SIM_CLUSTER_00004,near_duplicate_cluster_id:SIM_CLUSTER_00004
52,5,1763,7586846884108780308,Neutral,EXACT_TEXT_59710961823cb264,EXACT_TEXT_59710961823cb264,,exact_duplicate_group_id:EXACT_TEXT_59710961823cb264
52,5,1771,7589582368261276434,Positive,EXACT_GROUP_00965,EXACT_GROUP_00965,SIM_CLUSTER_00004,near_duplicate_cluster_id:SIM_CLUSTER_00004
52,5,1772,7590694242893398792,Positive,EXACT_GROUP_00965,EXACT_GROUP_00965,SIM_CLUSTER_00004,near_duplicate_cluster_id:SIM_CLUSTER_00004
52,5,1776,7593528575975129857,Positive,EXACT_GROUP_00965,EXACT_GROUP_00965,SIM_CLUSTER_00004,near_duplicate_cluster_id:SIM_CLUSTER_00004
52,5,1777,7595258763856413458,Positive,EXACT_GROUP_00965,EXACT_GROUP_00965,SIM_CLUSTER_00004,near_duplicate_cluster_id:SIM_CLUSTER_00004
52,5,1778,7595300639141479188,Positive,EXACT_GROUP_00965,EXACT_GROUP_00965,SIM_CLUSTER_00004,near_duplicate_cluster_id:SIM_CLUSTER_00004
52,5,1779,7596243763569050369,Neutral,EXACT_TEXT_6ba4482faf5201fc,EXACT_TEXT_6ba4482faf5201fc,,exact_duplicate_group_id:EXACT_TEXT_6ba4482faf5201fc
52,5,1783,7596246451714999047,Negative,EXACT_TEXT_4665e3582dbc3da5,EXACT_TEXT_4665e3582dbc3da5,,exact_duplicate_group_id:EXACT_TEXT_4665e3582dbc3da5
52,5,1788,7596291689092104978,Neutral,EXACT_TEXT_c978a11cfff518f5,EXACT_TEXT_c978a11cfff518f5,,exact_duplicate_group_id:EXACT_TEXT_c978a11cfff518f5
52,5,1794,7597029392611492615,Positive,EXACT_GROUP_00965,EXACT_GROUP_00965,SIM_CLUSTER_00004,near_duplicate_cluster_id:SIM_CLUSTER_00004
52,5,1797,7597463959885923080,Negative,EXACT_TEXT_bae0e4dcf3875dd7,EXACT_TEXT_bae0e4dcf3875dd7,,exact_duplicate_group_id:EXACT_TEXT_bae0e4dcf3875dd7
52,5,1799,7598468058432570133,Positive,EXACT_GROUP_00965,EXACT_GROUP_00965,SIM_CLUSTER_00004,near_duplicate_cluster_id:SIM_CLUSTER_00004
52,5,1800,7598521270137160455,Positive,EXACT_GROUP_00965,EXACT_GROUP_00965,SIM_CLUSTER_00004,near_duplicate_cluster_id:SIM_CLUSTER_00004
52,5,1802,7598836838421938952,Positive,EXACT_GROUP_00965,EXACT_GROUP_00965,SIM_CLUSTER_00004,near_duplicate_cluster_id:SIM_CLUSTER_00004
52,5,1804,7599656512251986706,Positive,EXACT_GROUP_00965,EXACT_GROUP_00965,SIM_CLUSTER_00004,near_duplicate_cluster_id:SIM_CLUSTER_00004
52,5,1805,7599682525929882385,Positive,EXACT_GROUP_00965,EXACT_GROUP_00965,SIM_CLUSTER_00004,near_duplicate_cluster_id:SIM_CLUSTER_00004
52,5,1806,7599923304773976839,Neutral,EXACT_TEXT_351dfa08a8f7c036,EXACT_TEXT_351dfa08a8f7c036,,exact_duplicate_group_id:EXACT_TEXT_351dfa08a8f7c036
52,5,1807,7599948650182640405,Positive,EXACT_GROUP_00965,EXACT_GROUP_00965,SIM_CLUSTER_00004,near_duplicate_cluster_id:SIM_CLUSTER_00004
52,5,1812,7604766402038514440,Negative,EXACT_TEXT_dd824fcd99919bbf,EXACT_TEXT_dd824fcd99919bbf,,exact_duplicate_group_id:EXACT_TEXT_dd824fcd99919bbf
52,5,1813,7612405686018360084,Positive,EXACT_GROUP_00965,EXACT_GROUP_00965,SIM_CLUSTER_00004,near_duplicate_cluster_id:SIM_CLUSTER_00004
52,5,1819,7635984522102129416,Positive,EXACT_GROUP_00965,EXACT_GROUP_00965,SIM_CLUSTER_00004,near_duplicate_cluster_id:SIM_CLUSTER_00004
52,5,1821,7645236619843224341,Positive,EXACT_GROUP_00965,EXACT_GROUP_00965,SIM_CLUSTER_00004,near_duplicate_cluster_id:SIM_CLUSTER_00004
62,1,18,7168754499258401538,Positive,EXACT_TEXT_307457cf8c1af921,EXACT_TEXT_307457cf8c1af921,,exact_duplicate_group_id:EXACT_TEXT_307457cf8c1af921
62,1,26,7189422561767588635,Positive,EXACT_TEXT_5fa1f85a29f6b16d,EXACT_TEXT_5fa1f85a29f6b16d,,exact_duplicate_group_id:EXACT_TEXT_5fa1f85a29f6b16d
62,1,36,7205945961834480390,Neutral,EXACT_TEXT_f2d00fcd44771eb6,EXACT_TEXT_f2d00fcd44771eb6,,exact_duplicate_group_id:EXACT_TEXT_f2d00fcd44771eb6
62,1,39,7209254849912537883,Neutral,EXACT_TEXT_d10011abb815d787,EXACT_TEXT_d10011abb815d787,,exact_duplicate_group_id:EXACT_TEXT_d10011abb815d787
62,1,42,7210441183792169755,Neutral,EXACT_TEXT_3c6b7c192e804423,EXACT_TEXT_3c6b7c192e804423,,exact_duplicate_group_id:EXACT_TEXT_3c6b7c192e804423
62,1,43,7211434678505997082,Neutral,EXACT_TEXT_59c9beece0cc57ea,EXACT_TEXT_59c9beece0cc57ea,,exact_duplicate_group_id:EXACT_TEXT_59c9beece0cc57ea
62,1,48,7219874901083357979,Neutral,EXACT_TEXT_89f73c7a3bab2166,EXACT_TEXT_89f73c7a3bab2166,,exact_duplicate_group_id:EXACT_TEXT_89f73c7a3bab2166
62,1,51,7223013888890848026,Neutral,EXACT_TEXT_79fb935cf0775fa1,EXACT_TEXT_79fb935cf0775fa1,,exact_duplicate_group_id:EXACT_TEXT_79fb935cf0775fa1
62,1,54,7223912416328352538,Positive,EXACT_TEXT_47a11dc8e02fb023,EXACT_TEXT_47a11dc8e02fb023,SIM_CLUSTER_00829,near_duplicate_cluster_id:SIM_CLUSTER_00829
62,1,56,7225198855330267931,Neutral,EXACT_TEXT_eb48f129dda7d748,EXACT_TEXT_eb48f129dda7d748,,exact_duplicate_group_id:EXACT_TEXT_eb48f129dda7d748
62,1,58,7226699875529868058,Neutral,EXACT_TEXT_3bd8edf50771b152,EXACT_TEXT_3bd8edf50771b152,,exact_duplicate_group_id:EXACT_TEXT_3bd8edf50771b152
62,1,59,7226744900560683782,Neutral,EXACT_TEXT_930df3f73f348ac8,EXACT_TEXT_930df3f73f348ac8,,exact_duplicate_group_id:EXACT_TEXT_930df3f73f348ac8
62,1,70,7251780942800634629,Positive,EXACT_TEXT_c8de3d3cbce31b1f,EXACT_TEXT_c8de3d3cbce31b1f,,exact_duplicate_group_id:EXACT_TEXT_c8de3d3cbce31b1f
62,1,75,7272295526275203846,Neutral,EXACT_TEXT_f50b41adb54214cd,EXACT_TEXT_f50b41adb54214cd,,exact_duplicate_group_id:EXACT_TEXT_f50b41adb54214cd
62,1,81,7289440939101487878,Negative,EXACT_TEXT_540eb508e0d84be4,EXACT_TEXT_540eb508e0d84be4,,exact_duplicate_group_id:EXACT_TEXT_540eb508e0d84be4
62,1,83,7295751155098272517,Negative,EXACT_TEXT_49da8d6eb14d9563,EXACT_TEXT_49da8d6eb14d9563,,exact_duplicate_group_id:EXACT_TEXT_49da8d6eb14d9563
62,1,91,7312052744050082566,Positive,EXACT_TEXT_f33231d75dbf30ee,EXACT_TEXT_f33231d75dbf30ee,,exact_duplicate_group_id:EXACT_TEXT_f33231d75dbf30ee
62,1,101,7312996886096118533,Neutral,EXACT_GROUP_00470,EXACT_GROUP_00470,SIM_CLUSTER_00913,near_duplicate_cluster_id:SIM_CLUSTER_00913
62,1,103,7313678254987264774,Neutral,EXACT_TEXT_ef3bb9b4b2e2f908,EXACT_TEXT_ef3bb9b4b2e2f908,SIM_CLUSTER_00045,near_duplicate_cluster_id:SIM_CLUSTER_00045
62,1,109,7315403715216048902,Neutral,EXACT_TEXT_200eaee482e63b84,EXACT_TEXT_200eaee482e63b84,,exact_duplicate_group_id:EXACT_TEXT_200eaee482e63b84
62,1,113,7317885504392151814,Negative,EXACT_TEXT_35a3f1c6db20056f,EXACT_TEXT_35a3f1c6db20056f,,exact_duplicate_group_id:EXACT_TEXT_35a3f1c6db20056f
62,1,126,7320194971344012038,Positive,EXACT_TEXT_9221036cd338f356,EXACT_TEXT_9221036cd338f356,,exact_duplicate_group_id:EXACT_TEXT_9221036cd338f356
62,1,127,7320200273665704710,Neutral,EXACT_TEXT_3468ae5f39cc5f70,EXACT_TEXT_3468ae5f39cc5f70,,exact_duplicate_group_id:EXACT_TEXT_3468ae5f39cc5f70
62,1,131,7322418149794071301,Negative,EXACT_TEXT_d58ddb93c355800a,EXACT_TEXT_d58ddb93c355800a,,exact_duplicate_group_id:EXACT_TEXT_d58ddb93c355800a
62,1,134,7323463117349307142,Neutral,EXACT_TEXT_84ba459808b86023,EXACT_TEXT_84ba459808b86023,,exact_duplicate_group_id:EXACT_TEXT_84ba459808b86023
62,1,135,7325016522207494918,Neutral,EXACT_TEXT_01c30cc2144bb42a,EXACT_TEXT_01c30cc2144bb42a,,exact_duplicate_group_id:EXACT_TEXT_01c30cc2144bb42a
62,1,136,7325174818910487302,Neutral,EXACT_TEXT_5aa4657571ac7ccd,EXACT_TEXT_5aa4657571ac7ccd,,exact_duplicate_group_id:EXACT_TEXT_5aa4657571ac7ccd
62,1,152,7336068256431522566,Negative,EXACT_TEXT_d866c36ad04512db,EXACT_TEXT_d866c36ad04512db,,exact_duplicate_group_id:EXACT_TEXT_d866c36ad04512db
62,1,160,7340957919175099141,Negative,EXACT_TEXT_650f71c9668c560f,EXACT_TEXT_650f71c9668c560f,,exact_duplicate_group_id:EXACT_TEXT_650f71c9668c560f
62,1,171,7348653217889452805,Neutral,EXACT_TEXT_ace35c2a17a85829,EXACT_TEXT_ace35c2a17a85829,,exact_duplicate_group_id:EXACT_TEXT_ace35c2a17a85829
62,1,172,7349751900659516166,Neutral,EXACT_TEXT_e1b31267ba68369f,EXACT_TEXT_e1b31267ba68369f,,exact_duplicate_group_id:EXACT_TEXT_e1b31267ba68369f
62,1,176,7357260979196297989,Neutral,EXACT_TEXT_47eeebf97d415ef1,EXACT_TEXT_47eeebf97d415ef1,,exact_duplicate_group_id:EXACT_TEXT_47eeebf97d415ef1
62,1,183,7357802776812454661,Negative,EXACT_TEXT_d9944e2c168e1dd7,EXACT_TEXT_d9944e2c168e1dd7,,exact_duplicate_group_id:EXACT_TEXT_d9944e2c168e1dd7
62,1,184,7357879938664235782,Neutral,EXACT_TEXT_e777df0216e65237,EXACT_TEXT_e777df0216e65237,,exact_duplicate_group_id:EXACT_TEXT_e777df0216e65237
62,1,189,7357923330228126469,Negative,EXACT_TEXT_3e23f0de2f9f1e3a,EXACT_TEXT_3e23f0de2f9f1e3a,,exact_duplicate_group_id:EXACT_TEXT_3e23f0de2f9f1e3a
62,1,192,7357970691813344006,Neutral,EXACT_TEXT_51ea308f96c8cf8d,EXACT_TEXT_51ea308f96c8cf8d,,exact_duplicate_group_id:EXACT_TEXT_51ea308f96c8cf8d
62,1,193,7357971118916027142,Negative,EXACT_TEXT_2a522a5994236caa,EXACT_TEXT_2a522a5994236caa,,exact_duplicate_group_id:EXACT_TEXT_2a522a5994236caa
62,1,195,7358006128037233414,Neutral,EXACT_TEXT_48e02537d5ca2e49,EXACT_TEXT_48e02537d5ca2e49,SIM_CLUSTER_00025,near_duplicate_cluster_id:SIM_CLUSTER_00025
62,1,201,7358155380872774405,Neutral,EXACT_TEXT_cff95fde635bb81b,EXACT_TEXT_cff95fde635bb81b,,exact_duplicate_group_id:EXACT_TEXT_cff95fde635bb81b
62,1,205,7358336881115562758,Positive,EXACT_TEXT_a035a6dd56ff3049,EXACT_TEXT_a035a6dd56ff3049,,exact_duplicate_group_id:EXACT_TEXT_a035a6dd56ff3049
62,1,207,7358413010857558790,Neutral,EXACT_TEXT_a4880f76f4d5bf3c,EXACT_TEXT_a4880f76f4d5bf3c,,exact_duplicate_group_id:EXACT_TEXT_a4880f76f4d5bf3c
62,1,214,7359220281518424850,Neutral,EXACT_TEXT_7d5ebf7556b45d46,EXACT_TEXT_7d5ebf7556b45d46,,exact_duplicate_group_id:EXACT_TEXT_7d5ebf7556b45d46
62,1,225,7361367850408739590,Neutral,EXACT_TEXT_7efd30b4841fe7be,EXACT_TEXT_7efd30b4841fe7be,,exact_duplicate_group_id:EXACT_TEXT_7efd30b4841fe7be
62,1,226,7362055774011081478,Neutral,EXACT_TEXT_9c6863e09629ca07,EXACT_TEXT_9c6863e09629ca07,,exact_duplicate_group_id:EXACT_TEXT_9c6863e09629ca07
62,1,228,7362905236720190213,Neutral,EXACT_TEXT_5ef5864b3ff00024,EXACT_TEXT_5ef5864b3ff00024,,exact_duplicate_group_id:EXACT_TEXT_5ef5864b3ff00024
62,1,238,7372857017117328134,Positive,EXACT_TEXT_632a65a60c73a765,EXACT_TEXT_632a65a60c73a765,,exact_duplicate_group_id:EXACT_TEXT_632a65a60c73a765
62,1,243,7377262921006957318,Neutral,EXACT_TEXT_704bf43a6cb57dfc,EXACT_TEXT_704bf43a6cb57dfc,SIM_CLUSTER_00994,near_duplicate_cluster_id:SIM_CLUSTER_00994
62,1,246,7377322865676763910,Neutral,EXACT_TEXT_2fa53d956b16a4c4,EXACT_TEXT_2fa53d956b16a4c4,,exact_duplicate_group_id:EXACT_TEXT_2fa53d956b16a4c4
62,1,255,7382537171343885062,Neutral,EXACT_TEXT_24e76f494e879828,EXACT_TEXT_24e76f494e879828,,exact_duplicate_group_id:EXACT_TEXT_24e76f494e879828
62,1,264,7385772655045853958,Neutral,EXACT_TEXT_c1dad6f297ca26f6,EXACT_TEXT_c1dad6f297ca26f6,,exact_duplicate_group_id:EXACT_TEXT_c1dad6f297ca26f6
62,1,265,7386158318811890437,Neutral,EXACT_TEXT_881d0d6567fefd04,EXACT_TEXT_881d0d6567fefd04,,exact_duplicate_group_id:EXACT_TEXT_881d0d6567fefd04
62,1,268,7388451253443445510,Neutral,EXACT_TEXT_63834bae96213741,EXACT_TEXT_63834bae96213741,SIM_CLUSTER_00025,near_duplicate_cluster_id:SIM_CLUSTER_00025
62,1,291,7399193633789346566,Neutral,EXACT_TEXT_61472fd88db339dd,EXACT_TEXT_61472fd88db339dd,,exact_duplicate_group_id:EXACT_TEXT_61472fd88db339dd
62,1,297,7403878684140012293,Neutral,EXACT_TEXT_162abaee909bccb6,EXACT_TEXT_162abaee909bccb6,,exact_duplicate_group_id:EXACT_TEXT_162abaee909bccb6
62,1,303,7409156165194056454,Neutral,EXACT_TEXT_eb8657d4b64835c2,EXACT_TEXT_eb8657d4b64835c2,,exact_duplicate_group_id:EXACT_TEXT_eb8657d4b64835c2
62,1,307,7413639970093826821,Neutral,EXACT_TEXT_863cae78aba145ce,EXACT_TEXT_863cae78aba145ce,,exact_duplicate_group_id:EXACT_TEXT_863cae78aba145ce
62,1,309,7416656627098501893,Neutral,EXACT_TEXT_53f7fdb00b70ff56,EXACT_TEXT_53f7fdb00b70ff56,,exact_duplicate_group_id:EXACT_TEXT_53f7fdb00b70ff56
62,1,310,7416899065499222789,Negative,EXACT_TEXT_584dd0f2a5f83c55,EXACT_TEXT_584dd0f2a5f83c55,,exact_duplicate_group_id:EXACT_TEXT_584dd0f2a5f83c55
62,1,313,7419290519233446661,Positive,EXACT_TEXT_988fb64ba93942e7,EXACT_TEXT_988fb64ba93942e7,,exact_duplicate_group_id:EXACT_TEXT_988fb64ba93942e7
62,1,314,7419546300117730054,Neutral,EXACT_TEXT_4e675253ec94366c,EXACT_TEXT_4e675253ec94366c,,exact_duplicate_group_id:EXACT_TEXT_4e675253ec94366c
62,1,320,7421352374406824709,Neutral,EXACT_TEXT_432aa0c4df8e8201,EXACT_TEXT_432aa0c4df8e8201,,exact_duplicate_group_id:EXACT_TEXT_432aa0c4df8e8201
62,1,326,7421792961870906118,Negative,EXACT_TEXT_fb32f05f92ae24a7,EXACT_TEXT_fb32f05f92ae24a7,,exact_duplicate_group_id:EXACT_TEXT_fb32f05f92ae24a7
62,1,327,7422091852134089477,Negative,EXACT_TEXT_8fd424627a406ca5,EXACT_TEXT_8fd424627a406ca5,,exact_duplicate_group_id:EXACT_TEXT_8fd424627a406ca5
62,1,332,7422556449698464518,Negative,EXACT_TEXT_8f635e83bb74eee3,EXACT_TEXT_8f635e83bb74eee3,,exact_duplicate_group_id:EXACT_TEXT_8f635e83bb74eee3
62,1,338,7423754169369002758,Negative,EXACT_TEXT_19a31f0b35993a37,EXACT_TEXT_19a31f0b35993a37,,exact_duplicate_group_id:EXACT_TEXT_19a31f0b35993a37
62,1,339,7424191177136767750,Positive,EXACT_TEXT_2f4581845a24d741,EXACT_TEXT_2f4581845a24d741,,exact_duplicate_group_id:EXACT_TEXT_2f4581845a24d741
62,1,349,7425965376921518854,Negative,EXACT_TEXT_606d25416417981a,EXACT_TEXT_606d25416417981a,,exact_duplicate_group_id:EXACT_TEXT_606d25416417981a
62,1,353,7428561340678177542,Negative,EXACT_TEXT_82ff32128fecd6e8,EXACT_TEXT_82ff32128fecd6e8,,exact_duplicate_group_id:EXACT_TEXT_82ff32128fecd6e8
62,1,356,7428617808802333458,Neutral,EXACT_TEXT_49b610a7b83069ed,EXACT_TEXT_49b610a7b83069ed,,exact_duplicate_group_id:EXACT_TEXT_49b610a7b83069ed
62,1,358,7429309304655659781,Positive,EXACT_TEXT_2427f357ca7ad99d,EXACT_TEXT_2427f357ca7ad99d,,exact_duplicate_group_id:EXACT_TEXT_2427f357ca7ad99d
62,1,361,7429616235484742407,Positive,EXACT_TEXT_7013516d0a84e3ad,EXACT_TEXT_7013516d0a84e3ad,,exact_duplicate_group_id:EXACT_TEXT_7013516d0a84e3ad
62,1,362,7429631153680581381,Neutral,EXACT_TEXT_7ac291d75060a872,EXACT_TEXT_7ac291d75060a872,,exact_duplicate_group_id:EXACT_TEXT_7ac291d75060a872
62,1,363,7429631175880622866,Neutral,EXACT_TEXT_c01ffdbaf2fb06ce,EXACT_TEXT_c01ffdbaf2fb06ce,,exact_duplicate_group_id:EXACT_TEXT_c01ffdbaf2fb06ce
62,1,367,7430659414204285738,Negative,EXACT_TEXT_9338960c9d07f779,EXACT_TEXT_9338960c9d07f779,,exact_duplicate_group_id:EXACT_TEXT_9338960c9d07f779
62,1,374,7432557226013033222,Positive,EXACT_TEXT_7c0a0ec09e2c5cad,EXACT_TEXT_7c0a0ec09e2c5cad,,exact_duplicate_group_id:EXACT_TEXT_7c0a0ec09e2c5cad
62,1,383,7434721570532557624,Positive,EXACT_TEXT_48e7c36cce82d0da,EXACT_TEXT_48e7c36cce82d0da,,exact_duplicate_group_id:EXACT_TEXT_48e7c36cce82d0da
62,1,384,7435685301819441928,Neutral,EXACT_TEXT_0dc70430711173e1,EXACT_TEXT_0dc70430711173e1,SIM_CLUSTER_00820,near_duplicate_cluster_id:SIM_CLUSTER_00820
62,1,391,7447034586683687685,Neutral,EXACT_TEXT_f1a25b400d0576a8,EXACT_TEXT_f1a25b400d0576a8,,exact_duplicate_group_id:EXACT_TEXT_f1a25b400d0576a8
62,1,392,7447931216701702929,Negative,EXACT_TEXT_1d73b37d86e51f54,EXACT_TEXT_1d73b37d86e51f54,,exact_duplicate_group_id:EXACT_TEXT_1d73b37d86e51f54
62,1,400,7455510146481193745,Positive,EXACT_TEXT_ef7cae09bf08aa8c,EXACT_TEXT_ef7cae09bf08aa8c,,exact_duplicate_group_id:EXACT_TEXT_ef7cae09bf08aa8c
62,1,402,7455926382796620564,Negative,EXACT_TEXT_fb6198aa425c736b,EXACT_TEXT_fb6198aa425c736b,,exact_duplicate_group_id:EXACT_TEXT_fb6198aa425c736b
62,1,413,7461555616361186066,Negative,EXACT_TEXT_461458da45c7dc78,EXACT_TEXT_461458da45c7dc78,,exact_duplicate_group_id:EXACT_TEXT_461458da45c7dc78
62,1,416,7463511687061848840,Neutral,EXACT_TEXT_8594d5b1800c6891,EXACT_TEXT_8594d5b1800c6891,,exact_duplicate_group_id:EXACT_TEXT_8594d5b1800c6891
62,1,417,7463833284758995733,Negative,EXACT_TEXT_cbf70ddb1f2fcc37,EXACT_TEXT_cbf70ddb1f2fcc37,,exact_duplicate_group_id:EXACT_TEXT_cbf70ddb1f2fcc37
62,1,423,7472563885531693832,Positive,EXACT_TEXT_f81b1f9200f67236,EXACT_TEXT_f81b1f9200f67236,,exact_duplicate_group_id:EXACT_TEXT_f81b1f9200f67236
62,1,424,7472763590983729927,Neutral,EXACT_TEXT_f8e6486a9184b40c,EXACT_TEXT_f8e6486a9184b40c,,exact_duplicate_group_id:EXACT_TEXT_f8e6486a9184b40c
62,1,428,7476232595589169936,Neutral,EXACT_TEXT_c9fa083521ceabad,EXACT_TEXT_c9fa083521ceabad,,exact_duplicate_group_id:EXACT_TEXT_c9fa083521ceabad
62,1,436,7492613044883981074,Neutral,EXACT_TEXT_3201ea28d6de11c8,EXACT_TEXT_3201ea28d6de11c8,,exact_duplicate_group_id:EXACT_TEXT_3201ea28d6de11c8
62,1,440,7499305830140003088,Neutral,EXACT_GROUP_00166,EXACT_GROUP_00166,SIM_CLUSTER_00045,near_duplicate_cluster_id:SIM_CLUSTER_00045
62,1,441,7499938333100081928,Neutral,EXACT_TEXT_a463d0edea7cd352,EXACT_TEXT_a463d0edea7cd352,,exact_duplicate_group_id:EXACT_TEXT_a463d0edea7cd352
62,1,447,7514649415195149063,Neutral,EXACT_TEXT_555f8b9294cd87b9,EXACT_TEXT_555f8b9294cd87b9,,exact_duplicate_group_id:EXACT_TEXT_555f8b9294cd87b9
62,1,454,7530867483558822674,Negative,EXACT_TEXT_eecd2974967cf42b,EXACT_TEXT_eecd2974967cf42b,,exact_duplicate_group_id:EXACT_TEXT_eecd2974967cf42b
62,1,463,7544712267066802962,Negative,EXACT_TEXT_15f294c5f698b38d,EXACT_TEXT_15f294c5f698b38d,,exact_duplicate_group_id:EXACT_TEXT_15f294c5f698b38d
62,1,464,7550625327639216913,Neutral,EXACT_TEXT_cb825300f39b4222,EXACT_TEXT_cb825300f39b4222,,exact_duplicate_group_id:EXACT_TEXT_cb825300f39b4222
62,1,476,7584404639752258312,Positive,EXACT_TEXT_28453bcd9aa12040,EXACT_TEXT_28453bcd9aa12040,,exact_duplicate_group_id:EXACT_TEXT_28453bcd9aa12040
62,1,480,7586898483333546760,Neutral,EXACT_TEXT_12af4ae6af72ae41,EXACT_TEXT_12af4ae6af72ae41,,exact_duplicate_group_id:EXACT_TEXT_12af4ae6af72ae41
62,1,481,7586911315824231188,Positive,EXACT_TEXT_61cad73d48cbcb1c,EXACT_TEXT_61cad73d48cbcb1c,,exact_duplicate_group_id:EXACT_TEXT_61cad73d48cbcb1c
62,1,484,7586945741224428309,Positive,EXACT_TEXT_cdcaf14f103f6f85,EXACT_TEXT_cdcaf14f103f6f85,,exact_duplicate_group_id:EXACT_TEXT_cdcaf14f103f6f85
62,1,489,7586989507682779924,Positive,EXACT_TEXT_760521aec645d3c5,EXACT_TEXT_760521aec645d3c5,,exact_duplicate_group_id:EXACT_TEXT_760521aec645d3c5
62,1,490,7587005908417315591,Neutral,EXACT_TEXT_e510c63ce7f29bcc,EXACT_TEXT_e510c63ce7f29bcc,,exact_duplicate_group_id:EXACT_TEXT_e510c63ce7f29bcc
62,1,494,7587056804390142727,Positive,EXACT_TEXT_181d9bfb3b2f6787,EXACT_TEXT_181d9bfb3b2f6787,,exact_duplicate_group_id:EXACT_TEXT_181d9bfb3b2f6787
62,1,496,7587083754239214344,Positive,EXACT_TEXT_c3ca8845289c3ddf,EXACT_TEXT_c3ca8845289c3ddf,,exact_duplicate_group_id:EXACT_TEXT_c3ca8845289c3ddf
62,1,501,7587401637221450514,Negative,EXACT_TEXT_247a039231a135cd,EXACT_TEXT_247a039231a135cd,SIM_CLUSTER_00525,near_duplicate_cluster_id:SIM_CLUSTER_00525
62,1,502,7587403596787221266,Negative,EXACT_TEXT_e6fa3d7293d53e40,EXACT_TEXT_e6fa3d7293d53e40,SIM_CLUSTER_00525,near_duplicate_cluster_id:SIM_CLUSTER_00525
62,1,504,7587404761705513736,Negative,EXACT_TEXT_fbe8808c05018def,EXACT_TEXT_fbe8808c05018def,SIM_CLUSTER_00525,near_duplicate_cluster_id:SIM_CLUSTER_00525
62,1,505,7589273851784659733,Positive,EXACT_TEXT_b868d72913b98235,EXACT_TEXT_b868d72913b98235,,exact_duplicate_group_id:EXACT_TEXT_b868d72913b98235
62,1,509,7596242591277318930,Positive,EXACT_TEXT_39f53872d8a3eda0,EXACT_TEXT_39f53872d8a3eda0,,exact_duplicate_group_id:EXACT_TEXT_39f53872d8a3eda0
62,1,515,7596250016088900373,Positive,EXACT_TEXT_31cce6194d4797d4,EXACT_TEXT_31cce6194d4797d4,,exact_duplicate_group_id:EXACT_TEXT_31cce6194d4797d4
62,1,522,7596306201408652053,Positive,EXACT_TEXT_4bc7896a286627fa,EXACT_TEXT_4bc7896a286627fa,,exact_duplicate_group_id:EXACT_TEXT_4bc7896a286627fa
62,1,523,7596313425778524948,Positive,EXACT_TEXT_28474620c3c2805b,EXACT_TEXT_28474620c3c2805b,,exact_duplicate_group_id:EXACT_TEXT_28474620c3c2805b
62,1,530,7598869400267178773,Positive,EXACT_TEXT_6c7bd53ae5906142,EXACT_TEXT_6c7bd53ae5906142,,exact_duplicate_group_id:EXACT_TEXT_6c7bd53ae5906142
62,1,533,7609142408161182471,Negative,EXACT_TEXT_85fd9dcba36374e0,EXACT_TEXT_85fd9dcba36374e0,,exact_duplicate_group_id:EXACT_TEXT_85fd9dcba36374e0
62,1,549,7125724357326275355,Neutral,EXACT_TEXT_9d2ce0068707e654,EXACT_TEXT_9d2ce0068707e654,,exact_duplicate_group_id:EXACT_TEXT_9d2ce0068707e654
62,1,554,7132820620518343451,Neutral,EXACT_TEXT_5575ee60ada973e7,EXACT_TEXT_5575ee60ada973e7,,exact_duplicate_group_id:EXACT_TEXT_5575ee60ada973e7
62,1,558,7137582208910689050,Negative,EXACT_TEXT_01a1819953434a3b,EXACT_TEXT_01a1819953434a3b,,exact_duplicate_group_id:EXACT_TEXT_01a1819953434a3b
62,1,559,7145987862612787995,Neutral,EXACT_TEXT_301ac21bcad0e7cf,EXACT_TEXT_301ac21bcad0e7cf,SIM_CLUSTER_00774,near_duplicate_cluster_id:SIM_CLUSTER_00774
62,1,563,7152890364817359642,Positive,EXACT_TEXT_bc7bab95f14659eb,EXACT_TEXT_bc7bab95f14659eb,,exact_duplicate_group_id:EXACT_TEXT_bc7bab95f14659eb
62,1,573,7173450919555629851,Neutral,EXACT_TEXT_253b94fd283e175b,EXACT_TEXT_253b94fd283e175b,,exact_duplicate_group_id:EXACT_TEXT_253b94fd283e175b
62,1,574,7175130526772511514,Neutral,EXACT_TEXT_c7231bb3d1bb02df,EXACT_TEXT_c7231bb3d1bb02df,,exact_duplicate_group_id:EXACT_TEXT_c7231bb3d1bb02df
62,1,593,7200669602879275803,Neutral,EXACT_TEXT_851151df3f8cd207,EXACT_TEXT_851151df3f8cd207,SIM_CLUSTER_00805,near_duplicate_cluster_id:SIM_CLUSTER_00805
62,1,598,7203377278377100059,Positive,EXACT_TEXT_7f425b67a4d271da,EXACT_TEXT_7f425b67a4d271da,,exact_duplicate_group_id:EXACT_TEXT_7f425b67a4d271da
62,1,601,7205048440215094042,Neutral,EXACT_TEXT_47f6551b139ea7e7,EXACT_TEXT_47f6551b139ea7e7,,exact_duplicate_group_id:EXACT_TEXT_47f6551b139ea7e7
62,1,609,7207765782809477915,Neutral,EXACT_TEXT_b18d3439b7cbce91,EXACT_TEXT_b18d3439b7cbce91,,exact_duplicate_group_id:EXACT_TEXT_b18d3439b7cbce91
62,1,613,7209248057971802907,Neutral,EXACT_TEXT_50660b9ecdf088b6,EXACT_TEXT_50660b9ecdf088b6,,exact_duplicate_group_id:EXACT_TEXT_50660b9ecdf088b6
62,1,617,7210173586085233435,Negative,EXACT_TEXT_e629c9b0b878df50,EXACT_TEXT_e629c9b0b878df50,,exact_duplicate_group_id:EXACT_TEXT_e629c9b0b878df50
62,1,618,7210221896372306715,Positive,EXACT_TEXT_a78c01244e4759de,EXACT_TEXT_a78c01244e4759de,,exact_duplicate_group_id:EXACT_TEXT_a78c01244e4759de
62,1,626,7213176025844859675,Neutral,EXACT_TEXT_2ea5d9ada3d5d807,EXACT_TEXT_2ea5d9ada3d5d807,SIM_CLUSTER_00774,near_duplicate_cluster_id:SIM_CLUSTER_00774
62,1,627,7213261446549308166,Neutral,EXACT_TEXT_c9985be87526bb74,EXACT_TEXT_c9985be87526bb74,,exact_duplicate_group_id:EXACT_TEXT_c9985be87526bb74
62,1,629,7215929009283973893,Neutral,EXACT_TEXT_e3030d4668b562ac,EXACT_TEXT_e3030d4668b562ac,,exact_duplicate_group_id:EXACT_TEXT_e3030d4668b562ac
62,1,634,7217696824290984730,Neutral,EXACT_GROUP_00207,EXACT_GROUP_00207,SIM_CLUSTER_00027,near_duplicate_cluster_id:SIM_CLUSTER_00027
62,1,638,7219715685822923547,Neutral,EXACT_TEXT_1ac61946ba76f72f,EXACT_TEXT_1ac61946ba76f72f,,exact_duplicate_group_id:EXACT_TEXT_1ac61946ba76f72f
62,1,640,7222370603801412357,Neutral,EXACT_GROUP_00207,EXACT_GROUP_00207,SIM_CLUSTER_00027,near_duplicate_cluster_id:SIM_CLUSTER_00027
62,1,652,7225751739176731419,Neutral,EXACT_TEXT_b7cba77ea06593ba,EXACT_TEXT_b7cba77ea06593ba,,exact_duplicate_group_id:EXACT_TEXT_b7cba77ea06593ba
62,1,656,7225913076820984603,Neutral,EXACT_GROUP_00207,EXACT_GROUP_00207,SIM_CLUSTER_00027,near_duplicate_cluster_id:SIM_CLUSTER_00027
62,1,666,7226435284609942299,Positive,EXACT_TEXT_54468e9cb1e032bf,EXACT_TEXT_54468e9cb1e032bf,,exact_duplicate_group_id:EXACT_TEXT_54468e9cb1e032bf
62,1,672,7226643837351363355,Positive,EXACT_TEXT_38bdc8195934c862,EXACT_TEXT_38bdc8195934c862,SIM_CLUSTER_00847,near_duplicate_cluster_id:SIM_CLUSTER_00847
62,1,680,7227773481806709530,Neutral,EXACT_GROUP_00207,EXACT_GROUP_00207,SIM_CLUSTER_00027,near_duplicate_cluster_id:SIM_CLUSTER_00027
62,1,686,7231508780238865179,Positive,EXACT_TEXT_5d609c9129f2acee,EXACT_TEXT_5d609c9129f2acee,,exact_duplicate_group_id:EXACT_TEXT_5d609c9129f2acee
62,1,687,7232490243634594566,Neutral,EXACT_TEXT_bb0528a860363ebb,EXACT_TEXT_bb0528a860363ebb,,exact_duplicate_group_id:EXACT_TEXT_bb0528a860363ebb
62,1,691,7234004139235361563,Neutral,EXACT_GROUP_00207,EXACT_GROUP_00207,SIM_CLUSTER_00027,near_duplicate_cluster_id:SIM_CLUSTER_00027
62,1,692,7234004441027740442,Neutral,EXACT_TEXT_78c6d10c03bc1bf8,EXACT_TEXT_78c6d10c03bc1bf8,,exact_duplicate_group_id:EXACT_TEXT_78c6d10c03bc1bf8
62,1,695,7237700793036997381,Positive,EXACT_TEXT_c354b745f3aba55b,EXACT_TEXT_c354b745f3aba55b,,exact_duplicate_group_id:EXACT_TEXT_c354b745f3aba55b
62,1,703,7238803270327894790,Neutral,EXACT_TEXT_8f6fa0cc82487123,EXACT_TEXT_8f6fa0cc82487123,,exact_duplicate_group_id:EXACT_TEXT_8f6fa0cc82487123
62,1,704,7240729162809410309,Positive,EXACT_TEXT_8ea487de8a67c52e,EXACT_TEXT_8ea487de8a67c52e,SIM_CLUSTER_00847,near_duplicate_cluster_id:SIM_CLUSTER_00847
62,1,705,7241169611743396614,Neutral,EXACT_GROUP_00207,EXACT_GROUP_00207,SIM_CLUSTER_00027,near_duplicate_cluster_id:SIM_CLUSTER_00027
62,1,707,7242649604557472518,Neutral,EXACT_TEXT_1eca23f010db6a5b,EXACT_TEXT_1eca23f010db6a5b,,exact_duplicate_group_id:EXACT_TEXT_1eca23f010db6a5b
62,1,710,7249049466204046086,Neutral,EXACT_TEXT_4dcea153a68f1e5c,EXACT_TEXT_4dcea153a68f1e5c,,exact_duplicate_group_id:EXACT_TEXT_4dcea153a68f1e5c
62,1,711,7249536099025126149,Neutral,EXACT_TEXT_ee9682cea39604ca,EXACT_TEXT_ee9682cea39604ca,,exact_duplicate_group_id:EXACT_TEXT_ee9682cea39604ca
62,1,717,7255267696098951942,Neutral,EXACT_TEXT_6bb02ab1db74fbb9,EXACT_TEXT_6bb02ab1db74fbb9,,exact_duplicate_group_id:EXACT_TEXT_6bb02ab1db74fbb9
62,1,718,7256342374321996549,Neutral,EXACT_GROUP_00207,EXACT_GROUP_00207,SIM_CLUSTER_00027,near_duplicate_cluster_id:SIM_CLUSTER_00027
62,1,719,7256724113656808198,Neutral,EXACT_TEXT_00c264acf7e6e9a1,EXACT_TEXT_00c264acf7e6e9a1,,exact_duplicate_group_id:EXACT_TEXT_00c264acf7e6e9a1
62,1,723,7261507486728913670,Neutral,EXACT_TEXT_e34020251e03943c,EXACT_TEXT_e34020251e03943c,SIM_CLUSTER_00569,near_duplicate_cluster_id:SIM_CLUSTER_00569
62,1,730,7271292066230403846,Neutral,EXACT_TEXT_5ca91e58bea5a171,EXACT_TEXT_5ca91e58bea5a171,,exact_duplicate_group_id:EXACT_TEXT_5ca91e58bea5a171
62,1,737,7274509817426346758,Neutral,EXACT_TEXT_fe5d55a0015e2784,EXACT_TEXT_fe5d55a0015e2784,,exact_duplicate_group_id:EXACT_TEXT_fe5d55a0015e2784
62,1,742,7285695607283729158,Negative,EXACT_TEXT_2651185b2a29f8aa,EXACT_TEXT_2651185b2a29f8aa,,exact_duplicate_group_id:EXACT_TEXT_2651185b2a29f8aa
62,1,746,7287113045997912837,Positive,EXACT_TEXT_35a836ebf1adc30c,EXACT_TEXT_35a836ebf1adc30c,,exact_duplicate_group_id:EXACT_TEXT_35a836ebf1adc30c
62,1,749,7287190198583247621,Positive,EXACT_TEXT_9c0575e13bfe4ed6,EXACT_TEXT_9c0575e13bfe4ed6,,exact_duplicate_group_id:EXACT_TEXT_9c0575e13bfe4ed6
62,1,755,7289043628734808837,Positive,EXACT_TEXT_3abe3649431eb363,EXACT_TEXT_3abe3649431eb363,,exact_duplicate_group_id:EXACT_TEXT_3abe3649431eb363
62,1,756,7290001129856959238,Neutral,EXACT_GROUP_00207,EXACT_GROUP_00207,SIM_CLUSTER_00027,near_duplicate_cluster_id:SIM_CLUSTER_00027
62,1,765,7298008548209427205,Neutral,EXACT_TEXT_cf24c7755c2feec8,EXACT_TEXT_cf24c7755c2feec8,SIM_CLUSTER_00569,near_duplicate_cluster_id:SIM_CLUSTER_00569
62,1,770,7307553748199801606,Neutral,EXACT_TEXT_c12afcedbde3f2f1,EXACT_TEXT_c12afcedbde3f2f1,,exact_duplicate_group_id:EXACT_TEXT_c12afcedbde3f2f1
62,1,771,7307682614298559237,Positive,EXACT_TEXT_9e0e6f43617bbc76,EXACT_TEXT_9e0e6f43617bbc76,,exact_duplicate_group_id:EXACT_TEXT_9e0e6f43617bbc76
62,1,774,7309514130712216325,Positive,EXACT_TEXT_5ab7434e917dec4c,EXACT_TEXT_5ab7434e917dec4c,,exact_duplicate_group_id:EXACT_TEXT_5ab7434e917dec4c
62,1,776,7309734749914858245,Neutral,EXACT_TEXT_070ff872dd73b0d2,EXACT_TEXT_070ff872dd73b0d2,,exact_duplicate_group_id:EXACT_TEXT_070ff872dd73b0d2
62,1,785,7312371393647362818,Negative,EXACT_TEXT_d3d882e9501b8c6c,EXACT_TEXT_d3d882e9501b8c6c,,exact_duplicate_group_id:EXACT_TEXT_d3d882e9501b8c6c
62,1,796,7314290894252409605,Neutral,EXACT_TEXT_b9a27e255c9b5cf7,EXACT_TEXT_b9a27e255c9b5cf7,,exact_duplicate_group_id:EXACT_TEXT_b9a27e255c9b5cf7
62,1,799,7314842837811168006,Negative,EXACT_TEXT_e79d47407b655db1,EXACT_TEXT_e79d47407b655db1,,exact_duplicate_group_id:EXACT_TEXT_e79d47407b655db1
62,1,808,7317222394887275269,Neutral,EXACT_TEXT_49fd30a6bf4ec86a,EXACT_TEXT_49fd30a6bf4ec86a,,exact_duplicate_group_id:EXACT_TEXT_49fd30a6bf4ec86a
62,1,812,7317700017786864390,Positive,EXACT_TEXT_2923c9337d8bbcf7,EXACT_TEXT_2923c9337d8bbcf7,,exact_duplicate_group_id:EXACT_TEXT_2923c9337d8bbcf7
62,1,815,7318401029631148805,Neutral,EXACT_TEXT_45e724639e092b48,EXACT_TEXT_45e724639e092b48,,exact_duplicate_group_id:EXACT_TEXT_45e724639e092b48
62,1,816,7319793859189064453,Neutral,EXACT_TEXT_59beecea8198d91e,EXACT_TEXT_59beecea8198d91e,,exact_duplicate_group_id:EXACT_TEXT_59beecea8198d91e
62,1,818,7320140230308594437,Neutral,EXACT_TEXT_c54b33b11261ad46,EXACT_TEXT_c54b33b11261ad46,,exact_duplicate_group_id:EXACT_TEXT_c54b33b11261ad46
62,1,828,7321189848634655493,Neutral,EXACT_TEXT_1fe8217fde02f401,EXACT_TEXT_1fe8217fde02f401,,exact_duplicate_group_id:EXACT_TEXT_1fe8217fde02f401
62,1,831,7321719737175655173,Neutral,EXACT_TEXT_b22db90ea269e686,EXACT_TEXT_b22db90ea269e686,,exact_duplicate_group_id:EXACT_TEXT_b22db90ea269e686
62,1,836,7324404679897662210,Neutral,EXACT_TEXT_4c2b889ce44110c3,EXACT_TEXT_4c2b889ce44110c3,,exact_duplicate_group_id:EXACT_TEXT_4c2b889ce44110c3
62,1,838,7324980674875228933,Neutral,EXACT_GROUP_00207,EXACT_GROUP_00207,SIM_CLUSTER_00027,near_duplicate_cluster_id:SIM_CLUSTER_00027
62,1,845,7329120924438577925,Neutral,EXACT_TEXT_377a2045411c0387,EXACT_TEXT_377a2045411c0387,,exact_duplicate_group_id:EXACT_TEXT_377a2045411c0387
62,1,852,7332078312799814405,Neutral,EXACT_GROUP_00207,EXACT_GROUP_00207,SIM_CLUSTER_00027,near_duplicate_cluster_id:SIM_CLUSTER_00027
62,1,855,7333957441094566662,Neutral,EXACT_TEXT_9f8d3f09319241f4,EXACT_TEXT_9f8d3f09319241f4,SIM_CLUSTER_00938,near_duplicate_cluster_id:SIM_CLUSTER_00938
62,1,861,7334649034349544197,Neutral,EXACT_TEXT_f112ee2bbe8a186e,EXACT_TEXT_f112ee2bbe8a186e,,exact_duplicate_group_id:EXACT_TEXT_f112ee2bbe8a186e
62,1,863,7336830796828197638,Neutral,EXACT_TEXT_12ea3fed478b0b9b,EXACT_TEXT_12ea3fed478b0b9b,,exact_duplicate_group_id:EXACT_TEXT_12ea3fed478b0b9b
62,1,870,7340962018168341254,Positive,EXACT_TEXT_a25d1c81d7e7f69d,EXACT_TEXT_a25d1c81d7e7f69d,,exact_duplicate_group_id:EXACT_TEXT_a25d1c81d7e7f69d
62,1,879,7341308624243376902,Neutral,EXACT_TEXT_52848a0219c8d990,EXACT_TEXT_52848a0219c8d990,SIM_CLUSTER_00790,near_duplicate_cluster_id:SIM_CLUSTER_00790
62,1,884,7343794698907026181,Negative,EXACT_TEXT_fa30b7dc2d84ccf0,EXACT_TEXT_fa30b7dc2d84ccf0,,exact_duplicate_group_id:EXACT_TEXT_fa30b7dc2d84ccf0
62,1,885,7344010344329839366,Neutral,EXACT_TEXT_cd1ba40af2abc567,EXACT_TEXT_cd1ba40af2abc567,,exact_duplicate_group_id:EXACT_TEXT_cd1ba40af2abc567
62,1,888,7345678448495215366,Neutral,EXACT_TEXT_c163830c833ad924,EXACT_TEXT_c163830c833ad924,,exact_duplicate_group_id:EXACT_TEXT_c163830c833ad924
62,1,892,7349580272072164102,Negative,EXACT_TEXT_7848e4f1bef8ed55,EXACT_TEXT_7848e4f1bef8ed55,,exact_duplicate_group_id:EXACT_TEXT_7848e4f1bef8ed55
62,1,894,7350492892825207558,Neutral,EXACT_TEXT_65106c188dff7b28,EXACT_TEXT_65106c188dff7b28,SIM_CLUSTER_00569,near_duplicate_cluster_id:SIM_CLUSTER_00569
62,1,896,7350938840708481798,Neutral,EXACT_TEXT_1edc2384a073c18a,EXACT_TEXT_1edc2384a073c18a,,exact_duplicate_group_id:EXACT_TEXT_1edc2384a073c18a
62,1,898,7353165539302195974,Neutral,EXACT_TEXT_2ac56fbdce664b76,EXACT_TEXT_2ac56fbdce664b76,,exact_duplicate_group_id:EXACT_TEXT_2ac56fbdce664b76
62,1,900,7356751053268206342,Neutral,EXACT_TEXT_dda9dfcdb290ff92,EXACT_TEXT_dda9dfcdb290ff92,,exact_duplicate_group_id:EXACT_TEXT_dda9dfcdb290ff92
62,1,904,7357729724225389317,Positive,EXACT_TEXT_97945461bc2f2201,EXACT_TEXT_97945461bc2f2201,,exact_duplicate_group_id:EXACT_TEXT_97945461bc2f2201
62,1,928,7358110154917135110,Positive,EXACT_TEXT_4cab7b9e45869543,EXACT_TEXT_4cab7b9e45869543,,exact_duplicate_group_id:EXACT_TEXT_4cab7b9e45869543
62,1,940,7359530845160293125,Positive,EXACT_TEXT_6a672700afb64feb,EXACT_TEXT_6a672700afb64feb,,exact_duplicate_group_id:EXACT_TEXT_6a672700afb64feb
62,1,950,7359909036287312646,Neutral,EXACT_TEXT_88d12d90c15125cf,EXACT_TEXT_88d12d90c15125cf,,exact_duplicate_group_id:EXACT_TEXT_88d12d90c15125cf
62,1,951,7359973272811684614,Neutral,EXACT_TEXT_28cfbe9b0509e5c5,EXACT_TEXT_28cfbe9b0509e5c5,,exact_duplicate_group_id:EXACT_TEXT_28cfbe9b0509e5c5
62,1,952,7360110959644508933,Neutral,EXACT_TEXT_bb6a36c782110875,EXACT_TEXT_bb6a36c782110875,,exact_duplicate_group_id:EXACT_TEXT_bb6a36c782110875
62,1,976,7365898147652190982,Positive,EXACT_TEXT_53ece3600e11d2a6,EXACT_TEXT_53ece3600e11d2a6,,exact_duplicate_group_id:EXACT_TEXT_53ece3600e11d2a6
62,1,978,7366973375535792901,Neutral,EXACT_TEXT_1358521e1bf406f3,EXACT_TEXT_1358521e1bf406f3,,exact_duplicate_group_id:EXACT_TEXT_1358521e1bf406f3
62,1,979,7367028521958490885,Neutral,EXACT_TEXT_6a90c6fb313d4ff7,EXACT_TEXT_6a90c6fb313d4ff7,,exact_duplicate_group_id:EXACT_TEXT_6a90c6fb313d4ff7
62,1,983,7367547798855844614,Negative,EXACT_TEXT_9fb940881581c0d1,EXACT_TEXT_9fb940881581c0d1,,exact_duplicate_group_id:EXACT_TEXT_9fb940881581c0d1
62,1,986,7368264046841381637,Positive,EXACT_TEXT_bff1374c36365d3d,EXACT_TEXT_bff1374c36365d3d,,exact_duplicate_group_id:EXACT_TEXT_bff1374c36365d3d
62,1,990,7369219676978053894,Neutral,EXACT_TEXT_bc1197d33614c4c2,EXACT_TEXT_bc1197d33614c4c2,,exact_duplicate_group_id:EXACT_TEXT_bc1197d33614c4c2
62,1,996,7374041871854699269,Neutral,EXACT_TEXT_bb2e1ed06842d43f,EXACT_TEXT_bb2e1ed06842d43f,,exact_duplicate_group_id:EXACT_TEXT_bb2e1ed06842d43f
62,1,1001,7376957181163422469,Neutral,EXACT_TEXT_ca6797c3ca97ec20,EXACT_TEXT_ca6797c3ca97ec20,SIM_CLUSTER_00605,near_duplicate_cluster_id:SIM_CLUSTER_00605
62,1,1010,7379498139060093702,Neutral,EXACT_TEXT_71571ed47dfdb06d,EXACT_TEXT_71571ed47dfdb06d,,exact_duplicate_group_id:EXACT_TEXT_71571ed47dfdb06d
62,1,1013,7380260986512687877,Negative,EXACT_TEXT_4acfade8820add90,EXACT_TEXT_4acfade8820add90,,exact_duplicate_group_id:EXACT_TEXT_4acfade8820add90
62,1,1014,7380569527777739525,Positive,EXACT_TEXT_59a3ddfa90dc490c,EXACT_TEXT_59a3ddfa90dc490c,,exact_duplicate_group_id:EXACT_TEXT_59a3ddfa90dc490c
62,1,1045,7388546017073332997,Positive,EXACT_TEXT_6c4aca83350f30e9,EXACT_TEXT_6c4aca83350f30e9,,exact_duplicate_group_id:EXACT_TEXT_6c4aca83350f30e9
62,1,1048,7388701409808237317,Neutral,EXACT_TEXT_2edef77007e04d4d,EXACT_TEXT_2edef77007e04d4d,,exact_duplicate_group_id:EXACT_TEXT_2edef77007e04d4d
62,1,1055,7389852379825439494,Neutral,EXACT_TEXT_4519a9088a70461e,EXACT_TEXT_4519a9088a70461e,,exact_duplicate_group_id:EXACT_TEXT_4519a9088a70461e
62,1,1062,7391746717711319814,Negative,EXACT_TEXT_eabf75ca19b0d95d,EXACT_TEXT_eabf75ca19b0d95d,,exact_duplicate_group_id:EXACT_TEXT_eabf75ca19b0d95d
62,1,1069,7397643140100276997,Positive,EXACT_TEXT_2cbcaddf3272a1f1,EXACT_TEXT_2cbcaddf3272a1f1,,exact_duplicate_group_id:EXACT_TEXT_2cbcaddf3272a1f1
62,1,1072,7397989009517150981,Neutral,EXACT_TEXT_de8626582a33e5bc,EXACT_TEXT_de8626582a33e5bc,,exact_duplicate_group_id:EXACT_TEXT_de8626582a33e5bc
62,1,1075,7398161515377361670,Neutral,EXACT_TEXT_a6e549a71146c71e,EXACT_TEXT_a6e549a71146c71e,,exact_duplicate_group_id:EXACT_TEXT_a6e549a71146c71e
62,1,1076,7398388433191879430,Neutral,EXACT_TEXT_89856e02073e40f6,EXACT_TEXT_89856e02073e40f6,,exact_duplicate_group_id:EXACT_TEXT_89856e02073e40f6
62,1,1092,7403938358961652485,Negative,EXACT_TEXT_01f5798cc8dc4027,EXACT_TEXT_01f5798cc8dc4027,,exact_duplicate_group_id:EXACT_TEXT_01f5798cc8dc4027
62,1,1100,7406346242949956358,Negative,EXACT_TEXT_22f2619e1e4047c3,EXACT_TEXT_22f2619e1e4047c3,,exact_duplicate_group_id:EXACT_TEXT_22f2619e1e4047c3
62,1,1104,7408071956212663046,Negative,EXACT_TEXT_2bda1edb4f00114a,EXACT_TEXT_2bda1edb4f00114a,,exact_duplicate_group_id:EXACT_TEXT_2bda1edb4f00114a
62,1,1110,7414749171653903110,Neutral,EXACT_TEXT_f1050cb3d4756d52,EXACT_TEXT_f1050cb3d4756d52,,exact_duplicate_group_id:EXACT_TEXT_f1050cb3d4756d52
62,1,1115,7419214368988971781,Negative,EXACT_TEXT_73417a0aa75818d2,EXACT_TEXT_73417a0aa75818d2,,exact_duplicate_group_id:EXACT_TEXT_73417a0aa75818d2
62,1,1118,7419650988799345413,Neutral,EXACT_TEXT_e3acbe9d3ae4693b,EXACT_TEXT_e3acbe9d3ae4693b,,exact_duplicate_group_id:EXACT_TEXT_e3acbe9d3ae4693b
62,1,1119,7419828644820615942,Negative,EXACT_TEXT_3c3fba8b688a8c7b,EXACT_TEXT_3c3fba8b688a8c7b,,exact_duplicate_group_id:EXACT_TEXT_3c3fba8b688a8c7b
62,1,1121,7420291878745096965,Neutral,EXACT_TEXT_0a63cbad619d21c6,EXACT_TEXT_0a63cbad619d21c6,,exact_duplicate_group_id:EXACT_TEXT_0a63cbad619d21c6
62,1,1128,7421176459387110150,Negative,EXACT_TEXT_986c60de988e1ea4,EXACT_TEXT_986c60de988e1ea4,,exact_duplicate_group_id:EXACT_TEXT_986c60de988e1ea4
62,1,1130,7421184129792099078,Neutral,EXACT_TEXT_5735e6f6747b5714,EXACT_TEXT_5735e6f6747b5714,,exact_duplicate_group_id:EXACT_TEXT_5735e6f6747b5714
62,1,1132,7421190803068961543,Negative,EXACT_TEXT_c8cbcf21b2c131f0,EXACT_TEXT_c8cbcf21b2c131f0,,exact_duplicate_group_id:EXACT_TEXT_c8cbcf21b2c131f0
62,1,1138,7421219905577730821,Positive,EXACT_TEXT_fbdb52180a30a6be,EXACT_TEXT_fbdb52180a30a6be,,exact_duplicate_group_id:EXACT_TEXT_fbdb52180a30a6be
62,1,1144,7421290381301924614,Negative,EXACT_TEXT_47368592cc8c96f2,EXACT_TEXT_47368592cc8c96f2,,exact_duplicate_group_id:EXACT_TEXT_47368592cc8c96f2
62,1,1148,7421304994530575110,Negative,EXACT_TEXT_08a83a82eb2a0cae,EXACT_TEXT_08a83a82eb2a0cae,,exact_duplicate_group_id:EXACT_TEXT_08a83a82eb2a0cae
62,1,1154,7421330810055623429,Negative,EXACT_TEXT_df7700a2750df75f,EXACT_TEXT_df7700a2750df75f,,exact_duplicate_group_id:EXACT_TEXT_df7700a2750df75f
62,1,1157,7421334839981015814,Negative,EXACT_TEXT_35b95ae7009cc30e,EXACT_TEXT_35b95ae7009cc30e,,exact_duplicate_group_id:EXACT_TEXT_35b95ae7009cc30e
62,1,1162,7421361919020253958,Negative,EXACT_TEXT_e3f0f5204a2d5f7d,EXACT_TEXT_e3f0f5204a2d5f7d,,exact_duplicate_group_id:EXACT_TEXT_e3f0f5204a2d5f7d
62,1,1164,7421363367556514565,Negative,EXACT_TEXT_c61a2692c78c4983,EXACT_TEXT_c61a2692c78c4983,,exact_duplicate_group_id:EXACT_TEXT_c61a2692c78c4983
62,1,1166,7421364367646900998,Negative,EXACT_TEXT_7a2f019cfcd299e9,EXACT_TEXT_7a2f019cfcd299e9,,exact_duplicate_group_id:EXACT_TEXT_7a2f019cfcd299e9
62,1,1169,7421366694885573394,Negative,EXACT_TEXT_f4c10127565c4795,EXACT_TEXT_f4c10127565c4795,,exact_duplicate_group_id:EXACT_TEXT_f4c10127565c4795
62,1,1170,7421367472283337478,Negative,EXACT_TEXT_d9adb936975c72ab,EXACT_TEXT_d9adb936975c72ab,,exact_duplicate_group_id:EXACT_TEXT_d9adb936975c72ab
62,1,1173,7421406921402417925,Negative,EXACT_TEXT_96d0c263a4df839e,EXACT_TEXT_96d0c263a4df839e,,exact_duplicate_group_id:EXACT_TEXT_96d0c263a4df839e
62,1,1174,7421407016285340423,Negative,EXACT_TEXT_74788a218dd64af0,EXACT_TEXT_74788a218dd64af0,,exact_duplicate_group_id:EXACT_TEXT_74788a218dd64af0
62,1,1191,7421560456307147526,Negative,EXACT_TEXT_ea97e981bc7d6716,EXACT_TEXT_ea97e981bc7d6716,,exact_duplicate_group_id:EXACT_TEXT_ea97e981bc7d6716
62,1,1192,7421582719656264454,Negative,EXACT_TEXT_faebcba7a1f8c7b9,EXACT_TEXT_faebcba7a1f8c7b9,,exact_duplicate_group_id:EXACT_TEXT_faebcba7a1f8c7b9
62,1,1200,7421692122485326597,Negative,EXACT_TEXT_4aa7d89a24ec42bd,EXACT_TEXT_4aa7d89a24ec42bd,,exact_duplicate_group_id:EXACT_TEXT_4aa7d89a24ec42bd
62,1,1205,7421709537785021190,Negative,EXACT_TEXT_52388d781011373a,EXACT_TEXT_52388d781011373a,,exact_duplicate_group_id:EXACT_TEXT_52388d781011373a
62,1,1206,7421712705876509445,Positive,EXACT_TEXT_f9553f7f3f6b309c,EXACT_TEXT_f9553f7f3f6b309c,,exact_duplicate_group_id:EXACT_TEXT_f9553f7f3f6b309c
62,1,1217,7421864387273523974,Negative,EXACT_TEXT_72c430a1b0423216,EXACT_TEXT_72c430a1b0423216,,exact_duplicate_group_id:EXACT_TEXT_72c430a1b0423216
62,1,1218,7421872295499186950,Neutral,EXACT_GROUP_00207,EXACT_GROUP_00207,SIM_CLUSTER_00027,near_duplicate_cluster_id:SIM_CLUSTER_00027
62,1,1221,7421919535136031494,Negative,EXACT_TEXT_9f34f47cf4e6dcdc,EXACT_TEXT_9f34f47cf4e6dcdc,,exact_duplicate_group_id:EXACT_TEXT_9f34f47cf4e6dcdc
62,1,1222,7421942789238571781,Negative,EXACT_TEXT_a81ea978a3712fb2,EXACT_TEXT_a81ea978a3712fb2,,exact_duplicate_group_id:EXACT_TEXT_a81ea978a3712fb2
62,1,1227,7422106684976153349,Positive,EXACT_TEXT_16824cb1dfc22732,EXACT_TEXT_16824cb1dfc22732,,exact_duplicate_group_id:EXACT_TEXT_16824cb1dfc22732
62,1,1237,7422186388954055430,Negative,EXACT_TEXT_975e112e64696f25,EXACT_TEXT_975e112e64696f25,,exact_duplicate_group_id:EXACT_TEXT_975e112e64696f25
62,1,1245,7422238054230082310,Positive,EXACT_TEXT_5f9f5a5f044dcb65,EXACT_TEXT_5f9f5a5f044dcb65,,exact_duplicate_group_id:EXACT_TEXT_5f9f5a5f044dcb65
62,1,1246,7422241450672636677,Negative,EXACT_TEXT_65a63608de7d3dbf,EXACT_TEXT_65a63608de7d3dbf,,exact_duplicate_group_id:EXACT_TEXT_65a63608de7d3dbf
62,1,1252,7422401771090592517,Positive,EXACT_TEXT_3e4b76deeb9ac9c1,EXACT_TEXT_3e4b76deeb9ac9c1,,exact_duplicate_group_id:EXACT_TEXT_3e4b76deeb9ac9c1
62,1,1259,7422502384800711430,Negative,EXACT_TEXT_53b4ee4db978ae50,EXACT_TEXT_53b4ee4db978ae50,,exact_duplicate_group_id:EXACT_TEXT_53b4ee4db978ae50
62,1,1261,7422516626459427590,Neutral,EXACT_TEXT_eb892b66f1a0dd05,EXACT_TEXT_eb892b66f1a0dd05,,exact_duplicate_group_id:EXACT_TEXT_eb892b66f1a0dd05
62,1,1262,7422517117515678469,Neutral,EXACT_TEXT_9d8309c6fe8d8f75,EXACT_TEXT_9d8309c6fe8d8f75,,exact_duplicate_group_id:EXACT_TEXT_9d8309c6fe8d8f75
62,1,1267,7422603503812920069,Negative,EXACT_TEXT_2ab0b4ce5963ccf0,EXACT_TEXT_2ab0b4ce5963ccf0,,exact_duplicate_group_id:EXACT_TEXT_2ab0b4ce5963ccf0
62,1,1276,7422664852654899974,Negative,EXACT_TEXT_3ba00fb672a1d9fa,EXACT_TEXT_3ba00fb672a1d9fa,,exact_duplicate_group_id:EXACT_TEXT_3ba00fb672a1d9fa
62,1,1285,7422737162192159494,Neutral,EXACT_TEXT_32c0910ac20271f6,EXACT_TEXT_32c0910ac20271f6,,exact_duplicate_group_id:EXACT_TEXT_32c0910ac20271f6
62,1,1292,7422875445286339336,Negative,EXACT_TEXT_fcf0891b93a3f115,EXACT_TEXT_fcf0891b93a3f115,,exact_duplicate_group_id:EXACT_TEXT_fcf0891b93a3f115
62,1,1301,7423234382548697861,Negative,EXACT_TEXT_209e0973e7c2e255,EXACT_TEXT_209e0973e7c2e255,,exact_duplicate_group_id:EXACT_TEXT_209e0973e7c2e255
62,1,1308,7424492932483613458,Negative,EXACT_TEXT_b2b9e199ede62f35,EXACT_TEXT_b2b9e199ede62f35,,exact_duplicate_group_id:EXACT_TEXT_b2b9e199ede62f35
62,1,1310,7424800585340207878,Neutral,EXACT_TEXT_396730b9e7a4b128,EXACT_TEXT_396730b9e7a4b128,,exact_duplicate_group_id:EXACT_TEXT_396730b9e7a4b128
62,1,1316,7425475216106881797,Negative,EXACT_TEXT_9a235039a3d39beb,EXACT_TEXT_9a235039a3d39beb,,exact_duplicate_group_id:EXACT_TEXT_9a235039a3d39beb
62,1,1327,7427034975646319365,Neutral,EXACT_TEXT_63a68cc4ab3eefb4,EXACT_TEXT_63a68cc4ab3eefb4,,exact_duplicate_group_id:EXACT_TEXT_63a68cc4ab3eefb4
62,1,1335,7428440164983161618,Neutral,EXACT_TEXT_f7a8505d0a35cff4,EXACT_TEXT_f7a8505d0a35cff4,,exact_duplicate_group_id:EXACT_TEXT_f7a8505d0a35cff4
62,1,1336,7428441188205052678,Positive,EXACT_GROUP_00117,EXACT_GROUP_00117,SIM_CLUSTER_00159,near_duplicate_cluster_id:SIM_CLUSTER_00159
62,1,1337,7428444930974696197,Positive,EXACT_GROUP_00117,EXACT_GROUP_00117,SIM_CLUSTER_00159,near_duplicate_cluster_id:SIM_CLUSTER_00159
62,1,1341,7428459245497320200,Positive,EXACT_TEXT_c3ab0e60671facdf,EXACT_TEXT_c3ab0e60671facdf,,exact_duplicate_group_id:EXACT_TEXT_c3ab0e60671facdf
62,1,1342,7428460130213167879,Neutral,EXACT_TEXT_55559d9eb9a5ef51,EXACT_TEXT_55559d9eb9a5ef51,,exact_duplicate_group_id:EXACT_TEXT_55559d9eb9a5ef51
62,1,1345,7428469228464603946,Positive,EXACT_TEXT_8655a04a86c62215,EXACT_TEXT_8655a04a86c62215,,exact_duplicate_group_id:EXACT_TEXT_8655a04a86c62215
62,1,1347,7428471597181256453,Positive,EXACT_GROUP_00117,EXACT_GROUP_00117,SIM_CLUSTER_00159,near_duplicate_cluster_id:SIM_CLUSTER_00159
62,1,1348,7428476136643003154,Positive,EXACT_GROUP_00117,EXACT_GROUP_00117,SIM_CLUSTER_00159,near_duplicate_cluster_id:SIM_CLUSTER_00159
62,1,1351,7428494669702562565,Positive,EXACT_TEXT_d26f9c46d1918e75,EXACT_TEXT_d26f9c46d1918e75,SIM_CLUSTER_00686,near_duplicate_cluster_id:SIM_CLUSTER_00686
62,1,1357,7428537918694195969,Positive,EXACT_TEXT_675f4b38158e00ce,EXACT_TEXT_675f4b38158e00ce,,exact_duplicate_group_id:EXACT_TEXT_675f4b38158e00ce
62,1,1359,7428542726830162694,Positive,EXACT_TEXT_37a6de0d5b5a5e92,EXACT_TEXT_37a6de0d5b5a5e92,,exact_duplicate_group_id:EXACT_TEXT_37a6de0d5b5a5e92
62,1,1361,7428546502827885330,Positive,EXACT_TEXT_56d4dfc2588b786e,EXACT_TEXT_56d4dfc2588b786e,,exact_duplicate_group_id:EXACT_TEXT_56d4dfc2588b786e
62,1,1365,7428580843227284232,Positive,EXACT_GROUP_00117,EXACT_GROUP_00117,SIM_CLUSTER_00159,near_duplicate_cluster_id:SIM_CLUSTER_00159
62,1,1375,7428620639085626118,Neutral,EXACT_TEXT_57e1f4aaeb38a742,EXACT_TEXT_57e1f4aaeb38a742,,exact_duplicate_group_id:EXACT_TEXT_57e1f4aaeb38a742
62,1,1376,7428625887799886597,Neutral,EXACT_TEXT_7e41214e9ecf1148,EXACT_TEXT_7e41214e9ecf1148,,exact_duplicate_group_id:EXACT_TEXT_7e41214e9ecf1148
62,1,1385,7428791550224368389,Neutral,EXACT_TEXT_f0ca65d564b80f91,EXACT_TEXT_f0ca65d564b80f91,SIM_CLUSTER_00605,near_duplicate_cluster_id:SIM_CLUSTER_00605
62,1,1398,7428962876423308038,Positive,EXACT_TEXT_ab66e6bfcc891fc1,EXACT_TEXT_ab66e6bfcc891fc1,SIM_CLUSTER_00686,near_duplicate_cluster_id:SIM_CLUSTER_00686
62,1,1408,7429189948577104645,Neutral,EXACT_TEXT_78ff8f975d1b9df1,EXACT_TEXT_78ff8f975d1b9df1,,exact_duplicate_group_id:EXACT_TEXT_78ff8f975d1b9df1
62,1,1411,7429225426923586311,Positive,EXACT_TEXT_3bc59c8f71bd8d48,EXACT_TEXT_3bc59c8f71bd8d48,,exact_duplicate_group_id:EXACT_TEXT_3bc59c8f71bd8d48
62,1,1428,7429890501560730386,Neutral,EXACT_TEXT_939dfd409ee07771,EXACT_TEXT_939dfd409ee07771,,exact_duplicate_group_id:EXACT_TEXT_939dfd409ee07771
62,1,1436,7430279977905849094,Positive,EXACT_TEXT_b1e47f5f03772953,EXACT_TEXT_b1e47f5f03772953,,exact_duplicate_group_id:EXACT_TEXT_b1e47f5f03772953
62,1,1452,7430771626549609221,Negative,EXACT_TEXT_74fbc590e8fa2ab3,EXACT_TEXT_74fbc590e8fa2ab3,,exact_duplicate_group_id:EXACT_TEXT_74fbc590e8fa2ab3
62,1,1457,7431040632675566344,Negative,EXACT_TEXT_b1f0cb44c83e69b5,EXACT_TEXT_b1f0cb44c83e69b5,,exact_duplicate_group_id:EXACT_TEXT_b1f0cb44c83e69b5
62,1,1470,7432212264364868358,Neutral,EXACT_TEXT_93df615d25462034,EXACT_TEXT_93df615d25462034,SIM_CLUSTER_01233,near_duplicate_cluster_id:SIM_CLUSTER_01233
62,1,1489,7434890184128250680,Positive,EXACT_TEXT_f8371c2b37a56e4d,EXACT_TEXT_f8371c2b37a56e4d,,exact_duplicate_group_id:EXACT_TEXT_f8371c2b37a56e4d
62,1,1499,7437067838433592065,Negative,EXACT_TEXT_a9b83bf9f7362ad3,EXACT_TEXT_a9b83bf9f7362ad3,,exact_duplicate_group_id:EXACT_TEXT_a9b83bf9f7362ad3
62,1,1531,7439990864107782930,Positive,EXACT_TEXT_2d1274f66be62efc,EXACT_TEXT_2d1274f66be62efc,,exact_duplicate_group_id:EXACT_TEXT_2d1274f66be62efc
62,1,1547,7443836721752277781,Neutral,EXACT_TEXT_21044658a8f6d8dc,EXACT_TEXT_21044658a8f6d8dc,,exact_duplicate_group_id:EXACT_TEXT_21044658a8f6d8dc
62,1,1572,7450293360423748359,Neutral,EXACT_TEXT_6dfef3a89065047e,EXACT_TEXT_6dfef3a89065047e,,exact_duplicate_group_id:EXACT_TEXT_6dfef3a89065047e
62,1,1578,7453294720862487302,Negative,EXACT_TEXT_3cd5a2d29253c554,EXACT_TEXT_3cd5a2d29253c554,,exact_duplicate_group_id:EXACT_TEXT_3cd5a2d29253c554
62,1,1580,7454698433614627602,Negative,EXACT_TEXT_cda51d5f146ba1ea,EXACT_TEXT_cda51d5f146ba1ea,,exact_duplicate_group_id:EXACT_TEXT_cda51d5f146ba1ea
62,1,1586,7457169429143552775,Positive,EXACT_GROUP_00117,EXACT_GROUP_00117,SIM_CLUSTER_00159,near_duplicate_cluster_id:SIM_CLUSTER_00159
62,1,1614,7460405159845413637,Positive,EXACT_GROUP_00117,EXACT_GROUP_00117,SIM_CLUSTER_00159,near_duplicate_cluster_id:SIM_CLUSTER_00159
62,1,1618,7460726690541912839,Positive,EXACT_TEXT_859b3e82c41c0e36,EXACT_TEXT_859b3e82c41c0e36,,exact_duplicate_group_id:EXACT_TEXT_859b3e82c41c0e36
62,1,1621,7461659201585873672,Positive,EXACT_TEXT_ee07d389f4ce4777,EXACT_TEXT_ee07d389f4ce4777,,exact_duplicate_group_id:EXACT_TEXT_ee07d389f4ce4777
62,1,1623,7461901510697272072,Neutral,EXACT_TEXT_2aa1996302a52a29,EXACT_TEXT_2aa1996302a52a29,,exact_duplicate_group_id:EXACT_TEXT_2aa1996302a52a29
62,1,1626,7462379485465199378,Negative,EXACT_TEXT_392c703825097609,EXACT_TEXT_392c703825097609,,exact_duplicate_group_id:EXACT_TEXT_392c703825097609
62,1,1628,7462784811485168390,Positive,EXACT_TEXT_326d27d08e0d03e6,EXACT_TEXT_326d27d08e0d03e6,,exact_duplicate_group_id:EXACT_TEXT_326d27d08e0d03e6
62,1,1640,7468192642104001301,Negative,EXACT_TEXT_7cb2398f9cf9d41b,EXACT_TEXT_7cb2398f9cf9d41b,,exact_duplicate_group_id:EXACT_TEXT_7cb2398f9cf9d41b
62,1,1642,7468992666293027592,Positive,EXACT_TEXT_3556cffcad315059,EXACT_TEXT_3556cffcad315059,,exact_duplicate_group_id:EXACT_TEXT_3556cffcad315059
62,1,1643,7468995052501959431,Positive,EXACT_TEXT_c115fe1e0b77c9dc,EXACT_TEXT_c115fe1e0b77c9dc,,exact_duplicate_group_id:EXACT_TEXT_c115fe1e0b77c9dc
62,1,1646,7470944018088821522,Negative,EXACT_TEXT_d92e5f559e1304b3,EXACT_TEXT_d92e5f559e1304b3,,exact_duplicate_group_id:EXACT_TEXT_d92e5f559e1304b3
62,1,1652,7473732098672116535,Negative,EXACT_TEXT_f7d0f0394305cb2c,EXACT_TEXT_f7d0f0394305cb2c,,exact_duplicate_group_id:EXACT_TEXT_f7d0f0394305cb2c
62,1,1654,7475278232570446612,Negative,EXACT_TEXT_a059282dd920bcc7,EXACT_TEXT_a059282dd920bcc7,,exact_duplicate_group_id:EXACT_TEXT_a059282dd920bcc7
62,1,1658,7477579268261544725,Negative,EXACT_TEXT_313276dc1d56a732,EXACT_TEXT_313276dc1d56a732,,exact_duplicate_group_id:EXACT_TEXT_313276dc1d56a732
62,1,1659,7477627185760928520,Positive,EXACT_TEXT_0c9df862fc2aaa70,EXACT_TEXT_0c9df862fc2aaa70,,exact_duplicate_group_id:EXACT_TEXT_0c9df862fc2aaa70
62,1,1663,7480052580045095700,Negative,EXACT_TEXT_86df4fb19bd43aa3,EXACT_TEXT_86df4fb19bd43aa3,,exact_duplicate_group_id:EXACT_TEXT_86df4fb19bd43aa3
62,1,1670,7489588676624663303,Positive,EXACT_TEXT_b6b1d03d90453174,EXACT_TEXT_b6b1d03d90453174,,exact_duplicate_group_id:EXACT_TEXT_b6b1d03d90453174
62,1,1671,7490791432316388104,Neutral,EXACT_TEXT_6ec5dccd23de4618,EXACT_TEXT_6ec5dccd23de4618,,exact_duplicate_group_id:EXACT_TEXT_6ec5dccd23de4618
62,1,1677,7494678571518001928,Negative,EXACT_TEXT_0efae896b3ec338b,EXACT_TEXT_0efae896b3ec338b,,exact_duplicate_group_id:EXACT_TEXT_0efae896b3ec338b
62,1,1681,7496713803562042113,Positive,EXACT_TEXT_6155a1223e0e60cf,EXACT_TEXT_6155a1223e0e60cf,,exact_duplicate_group_id:EXACT_TEXT_6155a1223e0e60cf
62,1,1700,7510220905870557959,Positive,EXACT_TEXT_dc33a6d8a648180b,EXACT_TEXT_dc33a6d8a648180b,,exact_duplicate_group_id:EXACT_TEXT_dc33a6d8a648180b
62,1,1701,7510455393627112210,Negative,EXACT_TEXT_7f3bd6c6832c0ee6,EXACT_TEXT_7f3bd6c6832c0ee6,,exact_duplicate_group_id:EXACT_TEXT_7f3bd6c6832c0ee6
62,1,1709,7520615823951364872,Neutral,EXACT_TEXT_a082cac8882bbc1a,EXACT_TEXT_a082cac8882bbc1a,,exact_duplicate_group_id:EXACT_TEXT_a082cac8882bbc1a
62,1,1721,7532149256339571474,Negative,EXACT_TEXT_c5a95a58ec7e22f3,EXACT_TEXT_c5a95a58ec7e22f3,,exact_duplicate_group_id:EXACT_TEXT_c5a95a58ec7e22f3
62,1,1724,7535846308566106896,Negative,EXACT_TEXT_e2dc90d81f86daa4,EXACT_TEXT_e2dc90d81f86daa4,,exact_duplicate_group_id:EXACT_TEXT_e2dc90d81f86daa4
62,1,1726,7537746724880139026,Negative,EXACT_TEXT_279ce18c23310c09,EXACT_TEXT_279ce18c23310c09,,exact_duplicate_group_id:EXACT_TEXT_279ce18c23310c09
62,1,1728,7537991858938643216,Positive,EXACT_TEXT_8b3dbc3c34964236,EXACT_TEXT_8b3dbc3c34964236,,exact_duplicate_group_id:EXACT_TEXT_8b3dbc3c34964236
62,1,1744,7552737085176185601,Neutral,EXACT_TEXT_eaf4a492fa3f39a9,EXACT_TEXT_eaf4a492fa3f39a9,,exact_duplicate_group_id:EXACT_TEXT_eaf4a492fa3f39a9
62,1,1748,7557955559442514695,Negative,EXACT_TEXT_d5f545495ed8578a,EXACT_TEXT_d5f545495ed8578a,,exact_duplicate_group_id:EXACT_TEXT_d5f545495ed8578a
62,1,1767,7587184132943495943,Positive,EXACT_TEXT_53ab6bce5158cc57,EXACT_TEXT_53ab6bce5158cc57,,exact_duplicate_group_id:EXACT_TEXT_53ab6bce5158cc57
62,1,1769,7587404428660392722,Negative,EXACT_TEXT_72b96f30ed1cc96a,EXACT_TEXT_72b96f30ed1cc96a,SIM_CLUSTER_00525,near_duplicate_cluster_id:SIM_CLUSTER_00525
62,1,1774,7592102683785118484,Neutral,EXACT_TEXT_55f074fd0ceea7a9,EXACT_TEXT_55f074fd0ceea7a9,,exact_duplicate_group_id:EXACT_TEXT_55f074fd0ceea7a9
62,1,1780,7596243864794219282,Positive,EXACT_TEXT_4effe982e14a2243,EXACT_TEXT_4effe982e14a2243,,exact_duplicate_group_id:EXACT_TEXT_4effe982e14a2243
62,1,1781,7596244632204329736,Positive,EXACT_TEXT_6605d3d5da32dea7,EXACT_TEXT_6605d3d5da32dea7,,exact_duplicate_group_id:EXACT_TEXT_6605d3d5da32dea7
62,1,1784,7596250134884123410,Positive,EXACT_TEXT_a2f895a1c37bad20,EXACT_TEXT_a2f895a1c37bad20,,exact_duplicate_group_id:EXACT_TEXT_a2f895a1c37bad20
62,1,1792,7596666166371222289,Negative,EXACT_TEXT_b5a068e33110dedd,EXACT_TEXT_b5a068e33110dedd,,exact_duplicate_group_id:EXACT_TEXT_b5a068e33110dedd
62,1,1796,7597334543415591687,Neutral,EXACT_TEXT_7243467b59b7dca0,EXACT_TEXT_7243467b59b7dca0,SIM_CLUSTER_01015,near_duplicate_cluster_id:SIM_CLUSTER_01015
62,1,1797,7597463959885923080,Negative,EXACT_TEXT_bae0e4dcf3875dd7,EXACT_TEXT_bae0e4dcf3875dd7,,exact_duplicate_group_id:EXACT_TEXT_bae0e4dcf3875dd7
62,1,1812,7604766402038514440,Negative,EXACT_TEXT_dd824fcd99919bbf,EXACT_TEXT_dd824fcd99919bbf,,exact_duplicate_group_id:EXACT_TEXT_dd824fcd99919bbf
62,1,1814,7614653514790994695,Neutral,EXACT_GROUP_00207,EXACT_GROUP_00207,SIM_CLUSTER_00027,near_duplicate_cluster_id:SIM_CLUSTER_00027
62,1,1815,7617071115329291028,Neutral,EXACT_GROUP_00207,EXACT_GROUP_00207,SIM_CLUSTER_00027,near_duplicate_cluster_id:SIM_CLUSTER_00027
62,1,1816,7618136270812807952,Neutral,EXACT_TEXT_ccfff7123405bbdf,EXACT_TEXT_ccfff7123405bbdf,,exact_duplicate_group_id:EXACT_TEXT_ccfff7123405bbdf
62,1,1818,7632034400415023880,Negative,EXACT_TEXT_7440c719fbe0f432,EXACT_TEXT_7440c719fbe0f432,,exact_duplicate_group_id:EXACT_TEXT_7440c719fbe0f432
62,2,1,1522152682623702145,Neutral,EXACT_GROUP_00142,EXACT_GROUP_00142,SIM_CLUSTER_00236,near_duplicate_cluster_id:SIM_CLUSTER_00236
62,2,9,5823062342045730092,Positive,EXACT_GROUP_00475,EXACT_GROUP_00475,SIM_CLUSTER_00205,near_duplicate_cluster_id:SIM_CLUSTER_00205
62,2,10,6264831292812822701,Neutral,EXACT_GROUP_00143,EXACT_GROUP_00143,SIM_CLUSTER_00236,near_duplicate_cluster_id:SIM_CLUSTER_00236
62,2,11,6497555322016849843,Neutral,EXACT_GROUP_00144,EXACT_GROUP_00144,SIM_CLUSTER_00320,near_duplicate_cluster_id:SIM_CLUSTER_00320
62,2,14,7130517379667133211,Neutral,EXACT_TEXT_2e7517bd1ed5c75d,EXACT_TEXT_2e7517bd1ed5c75d,,exact_duplicate_group_id:EXACT_TEXT_2e7517bd1ed5c75d
62,2,15,7136552264877409050,Neutral,EXACT_TEXT_ede15a64ec375b9a,EXACT_TEXT_ede15a64ec375b9a,,exact_duplicate_group_id:EXACT_TEXT_ede15a64ec375b9a
62,2,16,7143227982911046427,Negative,EXACT_TEXT_8240a695a1016fc4,EXACT_TEXT_8240a695a1016fc4,,exact_duplicate_group_id:EXACT_TEXT_8240a695a1016fc4
62,2,20,7174382298128024347,Neutral,EXACT_TEXT_811c16ec86141691,EXACT_TEXT_811c16ec86141691,,exact_duplicate_group_id:EXACT_TEXT_811c16ec86141691
62,2,23,7187258978286699291,Neutral,EXACT_TEXT_03a028c9b343a217,EXACT_TEXT_03a028c9b343a217,,exact_duplicate_group_id:EXACT_TEXT_03a028c9b343a217
62,2,24,7188126789989335835,Neutral,EXACT_TEXT_21bbce1fc6738fe0,EXACT_TEXT_21bbce1fc6738fe0,,exact_duplicate_group_id:EXACT_TEXT_21bbce1fc6738fe0
62,2,27,7195213275775943450,Neutral,EXACT_TEXT_c1732d5144dad281,EXACT_TEXT_c1732d5144dad281,,exact_duplicate_group_id:EXACT_TEXT_c1732d5144dad281
62,2,30,7204646264817287963,Positive,EXACT_TEXT_8428e23465163787,EXACT_TEXT_8428e23465163787,,exact_duplicate_group_id:EXACT_TEXT_8428e23465163787
62,2,37,7206607576397644571,Neutral,EXACT_TEXT_c147e13755f210f6,EXACT_TEXT_c147e13755f210f6,,exact_duplicate_group_id:EXACT_TEXT_c147e13755f210f6
62,2,45,7215470372304028442,Neutral,EXACT_TEXT_ca8ef80efb5c90b4,EXACT_TEXT_ca8ef80efb5c90b4,,exact_duplicate_group_id:EXACT_TEXT_ca8ef80efb5c90b4
62,2,52,7223215135145198363,Neutral,EXACT_TEXT_f2c42182c9d4cce8,EXACT_TEXT_f2c42182c9d4cce8,,exact_duplicate_group_id:EXACT_TEXT_f2c42182c9d4cce8
62,2,60,7228370189992444678,Neutral,EXACT_TEXT_6e2a31565d92a797,EXACT_TEXT_6e2a31565d92a797,,exact_duplicate_group_id:EXACT_TEXT_6e2a31565d92a797
62,2,61,7228770278636192539,Positive,EXACT_TEXT_077084e6e804d2dd,EXACT_TEXT_077084e6e804d2dd,,exact_duplicate_group_id:EXACT_TEXT_077084e6e804d2dd
62,2,65,7237680786882347781,Positive,EXACT_TEXT_a304276b74c5d29f,EXACT_TEXT_a304276b74c5d29f,,exact_duplicate_group_id:EXACT_TEXT_a304276b74c5d29f
62,2,67,7248028245966242566,Neutral,EXACT_TEXT_cc8ab721ff869814,EXACT_TEXT_cc8ab721ff869814,,exact_duplicate_group_id:EXACT_TEXT_cc8ab721ff869814
62,2,78,7287440185271632646,Neutral,EXACT_TEXT_e2509f13f57479a9,EXACT_TEXT_e2509f13f57479a9,,exact_duplicate_group_id:EXACT_TEXT_e2509f13f57479a9
62,2,105,7314726590914691845,Positive,EXACT_TEXT_a23ece5774724a56,EXACT_TEXT_a23ece5774724a56,,exact_duplicate_group_id:EXACT_TEXT_a23ece5774724a56
62,2,108,7315204078517830405,Negative,EXACT_TEXT_a27490396df011c9,EXACT_TEXT_a27490396df011c9,,exact_duplicate_group_id:EXACT_TEXT_a27490396df011c9
62,2,110,7317156874541302533,Negative,EXACT_TEXT_eb79faa3cd8906f7,EXACT_TEXT_eb79faa3cd8906f7,,exact_duplicate_group_id:EXACT_TEXT_eb79faa3cd8906f7
62,2,111,7317205302574301957,Neutral,EXACT_TEXT_468f6aac41542cf5,EXACT_TEXT_468f6aac41542cf5,,exact_duplicate_group_id:EXACT_TEXT_468f6aac41542cf5
62,2,112,7317297651186598661,Positive,EXACT_TEXT_97bd399e482903f1,EXACT_TEXT_97bd399e482903f1,,exact_duplicate_group_id:EXACT_TEXT_97bd399e482903f1
62,2,114,7318270451284214533,Positive,EXACT_TEXT_3f8e57b9344b033e,EXACT_TEXT_3f8e57b9344b033e,,exact_duplicate_group_id:EXACT_TEXT_3f8e57b9344b033e
62,2,115,7318659947952603909,Positive,EXACT_TEXT_bc1a530fd5d2bc19,EXACT_TEXT_bc1a530fd5d2bc19,,exact_duplicate_group_id:EXACT_TEXT_bc1a530fd5d2bc19
62,2,116,7318715657784050438,Neutral,EXACT_TEXT_f861b9a5678b6920,EXACT_TEXT_f861b9a5678b6920,,exact_duplicate_group_id:EXACT_TEXT_f861b9a5678b6920
62,2,118,7319876546654913285,Neutral,EXACT_TEXT_71aa6778e92bfd62,EXACT_TEXT_71aa6778e92bfd62,,exact_duplicate_group_id:EXACT_TEXT_71aa6778e92bfd62
62,2,120,7320114192966533894,Neutral,EXACT_TEXT_e46b38687cf83612,EXACT_TEXT_e46b38687cf83612,,exact_duplicate_group_id:EXACT_TEXT_e46b38687cf83612
62,2,124,7320190270212195077,Negative,EXACT_TEXT_27280891b64c5568,EXACT_TEXT_27280891b64c5568,,exact_duplicate_group_id:EXACT_TEXT_27280891b64c5568
62,2,132,7322890236819456773,Negative,EXACT_TEXT_d1b0caff8e4d1293,EXACT_TEXT_d1b0caff8e4d1293,,exact_duplicate_group_id:EXACT_TEXT_d1b0caff8e4d1293
62,2,133,7322964875817304838,Neutral,EXACT_TEXT_c1fc6c6e3af8fa57,EXACT_TEXT_c1fc6c6e3af8fa57,,exact_duplicate_group_id:EXACT_TEXT_c1fc6c6e3af8fa57
62,2,143,7330197851140145926,Neutral,EXACT_TEXT_e48481fe7b272f08,EXACT_TEXT_e48481fe7b272f08,,exact_duplicate_group_id:EXACT_TEXT_e48481fe7b272f08
62,2,147,7331025407977095941,Neutral,EXACT_TEXT_b3dc53aea39e4a97,EXACT_TEXT_b3dc53aea39e4a97,,exact_duplicate_group_id:EXACT_TEXT_b3dc53aea39e4a97
62,2,150,7334161555136709382,Positive,EXACT_TEXT_5d17fb1cc541180c,EXACT_TEXT_5d17fb1cc541180c,,exact_duplicate_group_id:EXACT_TEXT_5d17fb1cc541180c
62,2,159,7340950182969918214,Negative,EXACT_TEXT_e2178dde323a9621,EXACT_TEXT_e2178dde323a9621,,exact_duplicate_group_id:EXACT_TEXT_e2178dde323a9621
62,2,162,7341253134432649990,Neutral,EXACT_TEXT_64519a9c274fdafc,EXACT_TEXT_64519a9c274fdafc,,exact_duplicate_group_id:EXACT_TEXT_64519a9c274fdafc
62,2,166,7345023486530290437,Neutral,EXACT_TEXT_1f8a6092f32ba122,EXACT_TEXT_1f8a6092f32ba122,,exact_duplicate_group_id:EXACT_TEXT_1f8a6092f32ba122
62,2,170,7346105465593709317,Negative,EXACT_TEXT_d0a16e07d9e3bac9,EXACT_TEXT_d0a16e07d9e3bac9,,exact_duplicate_group_id:EXACT_TEXT_d0a16e07d9e3bac9
62,2,185,7357895236091560709,Neutral,EXACT_TEXT_85835af7cd00c0d7,EXACT_TEXT_85835af7cd00c0d7,,exact_duplicate_group_id:EXACT_TEXT_85835af7cd00c0d7
62,2,191,7357966465549173510,Negative,EXACT_TEXT_cafd76d10ff883cd,EXACT_TEXT_cafd76d10ff883cd,,exact_duplicate_group_id:EXACT_TEXT_cafd76d10ff883cd
62,2,196,7358009959529267973,Negative,EXACT_TEXT_a38dec7ad1378200,EXACT_TEXT_a38dec7ad1378200,,exact_duplicate_group_id:EXACT_TEXT_a38dec7ad1378200
62,2,199,7358110590571135749,Neutral,EXACT_TEXT_5a842c83345d5b05,EXACT_TEXT_5a842c83345d5b05,,exact_duplicate_group_id:EXACT_TEXT_5a842c83345d5b05
62,2,200,7358153134517191430,Negative,EXACT_TEXT_81b0bce79fa5e351,EXACT_TEXT_81b0bce79fa5e351,,exact_duplicate_group_id:EXACT_TEXT_81b0bce79fa5e351
62,2,206,7358402111887573766,Neutral,EXACT_TEXT_e0227a1b8233f7a0,EXACT_TEXT_e0227a1b8233f7a0,,exact_duplicate_group_id:EXACT_TEXT_e0227a1b8233f7a0
62,2,209,7358513013169685253,Negative,EXACT_TEXT_925b49eed3b1f4fc,EXACT_TEXT_925b49eed3b1f4fc,,exact_duplicate_group_id:EXACT_TEXT_925b49eed3b1f4fc
62,2,212,7358751640498995973,Neutral,EXACT_TEXT_f951917cabf8e133,EXACT_TEXT_f951917cabf8e133,,exact_duplicate_group_id:EXACT_TEXT_f951917cabf8e133
62,2,215,7359457922583479046,Neutral,EXACT_TEXT_c4beb67b7d2f655a,EXACT_TEXT_c4beb67b7d2f655a,,exact_duplicate_group_id:EXACT_TEXT_c4beb67b7d2f655a
62,2,230,7363607326525342469,Neutral,EXACT_TEXT_2d8fa84d3dc4dc91,EXACT_TEXT_2d8fa84d3dc4dc91,,exact_duplicate_group_id:EXACT_TEXT_2d8fa84d3dc4dc91
62,2,244,7377288569931399942,Negative,EXACT_TEXT_106e479f52daf87c,EXACT_TEXT_106e479f52daf87c,,exact_duplicate_group_id:EXACT_TEXT_106e479f52daf87c
62,2,245,7377300086337323781,Neutral,EXACT_TEXT_245fb6984e291cd6,EXACT_TEXT_245fb6984e291cd6,,exact_duplicate_group_id:EXACT_TEXT_245fb6984e291cd6
62,2,248,7378509528494883590,Neutral,EXACT_TEXT_826d2c7e1b72107d,EXACT_TEXT_826d2c7e1b72107d,,exact_duplicate_group_id:EXACT_TEXT_826d2c7e1b72107d
62,2,256,7382654512458777350,Negative,EXACT_TEXT_797c2f64e810dfe9,EXACT_TEXT_797c2f64e810dfe9,,exact_duplicate_group_id:EXACT_TEXT_797c2f64e810dfe9
62,2,261,7385337645985514245,Neutral,EXACT_TEXT_5a7d9b70fa791226,EXACT_TEXT_5a7d9b70fa791226,,exact_duplicate_group_id:EXACT_TEXT_5a7d9b70fa791226
62,2,263,7385511702635201286,Neutral,EXACT_TEXT_6b778b08bf287dd4,EXACT_TEXT_6b778b08bf287dd4,,exact_duplicate_group_id:EXACT_TEXT_6b778b08bf287dd4
62,2,266,7386198819039806213,Positive,EXACT_TEXT_49fed3c2d37f9378,EXACT_TEXT_49fed3c2d37f9378,,exact_duplicate_group_id:EXACT_TEXT_49fed3c2d37f9378
62,2,275,7390363726446117638,Neutral,EXACT_TEXT_71f3ef78efbf3d56,EXACT_TEXT_71f3ef78efbf3d56,,exact_duplicate_group_id:EXACT_TEXT_71f3ef78efbf3d56
62,2,276,7392615078329172742,Neutral,EXACT_TEXT_7ee1644c038a04f6,EXACT_TEXT_7ee1644c038a04f6,,exact_duplicate_group_id:EXACT_TEXT_7ee1644c038a04f6
62,2,277,7392860246442312453,Positive,EXACT_TEXT_62b472234f582ef2,EXACT_TEXT_62b472234f582ef2,,exact_duplicate_group_id:EXACT_TEXT_62b472234f582ef2
62,2,281,7397304738260632325,Positive,EXACT_TEXT_950c4836ed95ef4c,EXACT_TEXT_950c4836ed95ef4c,,exact_duplicate_group_id:EXACT_TEXT_950c4836ed95ef4c
62,2,283,7397950655061426950,Neutral,EXACT_TEXT_84347971b18a5262,EXACT_TEXT_84347971b18a5262,,exact_duplicate_group_id:EXACT_TEXT_84347971b18a5262
62,2,284,7397989494555443974,Negative,EXACT_TEXT_fee40752856adc36,EXACT_TEXT_fee40752856adc36,,exact_duplicate_group_id:EXACT_TEXT_fee40752856adc36
62,2,288,7398528735296111365,Neutral,EXACT_TEXT_25df572454dfa556,EXACT_TEXT_25df572454dfa556,,exact_duplicate_group_id:EXACT_TEXT_25df572454dfa556
62,2,293,7402155614460314374,Neutral,EXACT_TEXT_dcf8930cb3084e41,EXACT_TEXT_dcf8930cb3084e41,,exact_duplicate_group_id:EXACT_TEXT_dcf8930cb3084e41
62,2,318,7420752243659916038,Negative,EXACT_TEXT_b6e3c9a0ae521b2e,EXACT_TEXT_b6e3c9a0ae521b2e,,exact_duplicate_group_id:EXACT_TEXT_b6e3c9a0ae521b2e
62,2,322,7421446158713684742,Negative,EXACT_TEXT_39cd51dbc7962f7a,EXACT_TEXT_39cd51dbc7962f7a,,exact_duplicate_group_id:EXACT_TEXT_39cd51dbc7962f7a
62,2,334,7422593349075026694,Neutral,EXACT_TEXT_75b9464ca8aa741f,EXACT_TEXT_75b9464ca8aa741f,,exact_duplicate_group_id:EXACT_TEXT_75b9464ca8aa741f
62,2,337,7423348592411476741,Neutral,EXACT_TEXT_e779898154237931,EXACT_TEXT_e779898154237931,SIM_CLUSTER_00840,near_duplicate_cluster_id:SIM_CLUSTER_00840
62,2,341,7424452988745876229,Negative,EXACT_TEXT_aed0572811a4cea9,EXACT_TEXT_aed0572811a4cea9,,exact_duplicate_group_id:EXACT_TEXT_aed0572811a4cea9
62,2,343,7425032039500497669,Negative,EXACT_TEXT_aff5e69af5052a76,EXACT_TEXT_aff5e69af5052a76,,exact_duplicate_group_id:EXACT_TEXT_aff5e69af5052a76
62,2,365,7430165395645055749,Neutral,EXACT_TEXT_4491d218a18a40b3,EXACT_TEXT_4491d218a18a40b3,,exact_duplicate_group_id:EXACT_TEXT_4491d218a18a40b3
62,2,368,7430767394401256198,Neutral,EXACT_TEXT_2d003f78e4f31f63,EXACT_TEXT_2d003f78e4f31f63,SIM_CLUSTER_01027,near_duplicate_cluster_id:SIM_CLUSTER_01027
62,2,371,7431735541747991314,Negative,EXACT_TEXT_5c6b2cc4284734e2,EXACT_TEXT_5c6b2cc4284734e2,,exact_duplicate_group_id:EXACT_TEXT_5c6b2cc4284734e2
62,2,373,7432269383719240456,Neutral,EXACT_TEXT_57e9d797c3c45847,EXACT_TEXT_57e9d797c3c45847,,exact_duplicate_group_id:EXACT_TEXT_57e9d797c3c45847
62,2,381,7434043879738868498,Neutral,EXACT_TEXT_9fb36095f8fb3fb3,EXACT_TEXT_9fb36095f8fb3fb3,,exact_duplicate_group_id:EXACT_TEXT_9fb36095f8fb3fb3
62,2,394,7449699424621642504,Negative,EXACT_TEXT_4ca929840c18a20e,EXACT_TEXT_4ca929840c18a20e,,exact_duplicate_group_id:EXACT_TEXT_4ca929840c18a20e
62,2,397,7452171435227611911,Positive,EXACT_TEXT_3a6ce147f2ee2112,EXACT_TEXT_3a6ce147f2ee2112,,exact_duplicate_group_id:EXACT_TEXT_3a6ce147f2ee2112
62,2,403,7456392465298260757,Neutral,EXACT_TEXT_322d1aa7ff463c5e,EXACT_TEXT_322d1aa7ff463c5e,,exact_duplicate_group_id:EXACT_TEXT_322d1aa7ff463c5e
62,2,405,7457145601819476744,Positive,EXACT_TEXT_9808110c84498205,EXACT_TEXT_9808110c84498205,,exact_duplicate_group_id:EXACT_TEXT_9808110c84498205
62,2,412,7460928148445070085,Positive,EXACT_TEXT_7fca55279132c89a,EXACT_TEXT_7fca55279132c89a,,exact_duplicate_group_id:EXACT_TEXT_7fca55279132c89a
62,2,414,7462328282752910088,Positive,EXACT_TEXT_558858c58a96b948,EXACT_TEXT_558858c58a96b948,,exact_duplicate_group_id:EXACT_TEXT_558858c58a96b948
62,2,415,7463272302371062545,Negative,EXACT_TEXT_d3385614dba8aade,EXACT_TEXT_d3385614dba8aade,,exact_duplicate_group_id:EXACT_TEXT_d3385614dba8aade
62,2,419,7470081026904032007,Positive,EXACT_TEXT_8bd44ee74a077652,EXACT_TEXT_8bd44ee74a077652,,exact_duplicate_group_id:EXACT_TEXT_8bd44ee74a077652
62,2,421,7470679442122146565,Positive,EXACT_TEXT_44e05a48c95a2d49,EXACT_TEXT_44e05a48c95a2d49,,exact_duplicate_group_id:EXACT_TEXT_44e05a48c95a2d49
62,2,427,7475307263701435153,Positive,EXACT_TEXT_2e8d8556da9f2c94,EXACT_TEXT_2e8d8556da9f2c94,,exact_duplicate_group_id:EXACT_TEXT_2e8d8556da9f2c94
62,2,435,7489496515816358657,Positive,EXACT_TEXT_4843c6ac19cc8eb1,EXACT_TEXT_4843c6ac19cc8eb1,,exact_duplicate_group_id:EXACT_TEXT_4843c6ac19cc8eb1
62,2,437,7496302240958628626,Positive,EXACT_TEXT_3d7287fd44137f9a,EXACT_TEXT_3d7287fd44137f9a,,exact_duplicate_group_id:EXACT_TEXT_3d7287fd44137f9a
62,2,438,7498011086869709586,Neutral,EXACT_TEXT_61f170377a9a90f3,EXACT_TEXT_61f170377a9a90f3,,exact_duplicate_group_id:EXACT_TEXT_61f170377a9a90f3
62,2,439,7499000663357408001,Neutral,EXACT_TEXT_077063d6a4f2070b,EXACT_TEXT_077063d6a4f2070b,,exact_duplicate_group_id:EXACT_TEXT_077063d6a4f2070b
62,2,442,7502680923206189831,Negative,EXACT_TEXT_022da4c2771259fd,EXACT_TEXT_022da4c2771259fd,,exact_duplicate_group_id:EXACT_TEXT_022da4c2771259fd
62,2,456,7535311622904070930,Negative,EXACT_TEXT_57fe2608c8997845,EXACT_TEXT_57fe2608c8997845,,exact_duplicate_group_id:EXACT_TEXT_57fe2608c8997845
62,2,457,7537992251125973767,Negative,EXACT_TEXT_db1468909a8640d3,EXACT_TEXT_db1468909a8640d3,,exact_duplicate_group_id:EXACT_TEXT_db1468909a8640d3
62,2,459,7540667810423915272,Positive,EXACT_TEXT_de6db658be63163a,EXACT_TEXT_de6db658be63163a,,exact_duplicate_group_id:EXACT_TEXT_de6db658be63163a
62,2,460,7542774521083724551,Neutral,EXACT_GROUP_00226,EXACT_GROUP_00226,SIM_CLUSTER_00453,near_duplicate_cluster_id:SIM_CLUSTER_00453
62,2,467,7559247366689506066,Neutral,EXACT_TEXT_fa58b4dfa7b4dcaf,EXACT_TEXT_fa58b4dfa7b4dcaf,,exact_duplicate_group_id:EXACT_TEXT_fa58b4dfa7b4dcaf
62,2,475,7582856549539234568,Negative,EXACT_TEXT_2add288dcc60b37b,EXACT_TEXT_2add288dcc60b37b,,exact_duplicate_group_id:EXACT_TEXT_2add288dcc60b37b
62,2,477,7585865148133802770,Negative,EXACT_TEXT_39b02d537b69c170,EXACT_TEXT_39b02d537b69c170,,exact_duplicate_group_id:EXACT_TEXT_39b02d537b69c170
62,2,485,7586964246555542289,Neutral,EXACT_TEXT_442e5d46f34211d3,EXACT_TEXT_442e5d46f34211d3,,exact_duplicate_group_id:EXACT_TEXT_442e5d46f34211d3
62,2,486,7586967063266165512,Neutral,EXACT_TEXT_ad4681ae7af9194b,EXACT_TEXT_ad4681ae7af9194b,,exact_duplicate_group_id:EXACT_TEXT_ad4681ae7af9194b
62,2,488,7586986926215463688,Neutral,EXACT_TEXT_efcc7892f869a6c0,EXACT_TEXT_efcc7892f869a6c0,,exact_duplicate_group_id:EXACT_TEXT_efcc7892f869a6c0
62,2,500,7587340302005322504,Neutral,EXACT_TEXT_bb97da3181fc3189,EXACT_TEXT_bb97da3181fc3189,,exact_duplicate_group_id:EXACT_TEXT_bb97da3181fc3189
62,2,510,7596243696472048405,Positive,EXACT_TEXT_65e6b2cff508764c,EXACT_TEXT_65e6b2cff508764c,,exact_duplicate_group_id:EXACT_TEXT_65e6b2cff508764c
62,2,511,7596245068638536468,Positive,EXACT_TEXT_59443729cb76b671,EXACT_TEXT_59443729cb76b671,,exact_duplicate_group_id:EXACT_TEXT_59443729cb76b671
62,2,517,7596250295992238849,Positive,EXACT_TEXT_206217b69b0f5d7c,EXACT_TEXT_206217b69b0f5d7c,,exact_duplicate_group_id:EXACT_TEXT_206217b69b0f5d7c
62,2,520,7596265723795030791,Negative,EXACT_TEXT_d04db55f99ada4a7,EXACT_TEXT_d04db55f99ada4a7,,exact_duplicate_group_id:EXACT_TEXT_d04db55f99ada4a7
62,2,528,7596541301589934869,Negative,EXACT_TEXT_81423de55edc7059,EXACT_TEXT_81423de55edc7059,,exact_duplicate_group_id:EXACT_TEXT_81423de55edc7059
62,2,529,7596572113365713665,Negative,EXACT_TEXT_6a9445b081ade0cd,EXACT_TEXT_6a9445b081ade0cd,,exact_duplicate_group_id:EXACT_TEXT_6a9445b081ade0cd
62,2,547,7123786220865733402,Positive,EXACT_TEXT_2b163fdfe6eb424e,EXACT_TEXT_2b163fdfe6eb424e,,exact_duplicate_group_id:EXACT_TEXT_2b163fdfe6eb424e
62,2,548,7123925002375185179,Neutral,EXACT_TEXT_23b1aaa714802a8c,EXACT_TEXT_23b1aaa714802a8c,,exact_duplicate_group_id:EXACT_TEXT_23b1aaa714802a8c
62,2,551,7129072863659475739,Neutral,EXACT_TEXT_94d3b52425b40915,EXACT_TEXT_94d3b52425b40915,,exact_duplicate_group_id:EXACT_TEXT_94d3b52425b40915
62,2,560,7146529520320758555,Positive,EXACT_GROUP_00245,EXACT_GROUP_00245,SIM_CLUSTER_00185,near_duplicate_cluster_id:SIM_CLUSTER_00185
62,2,561,7147371347114803994,Neutral,EXACT_TEXT_dc2d24d01c2badfd,EXACT_TEXT_dc2d24d01c2badfd,,exact_duplicate_group_id:EXACT_TEXT_dc2d24d01c2badfd
62,2,562,7152824110199653147,Neutral,EXACT_TEXT_253beea29620bbbc,EXACT_TEXT_253beea29620bbbc,,exact_duplicate_group_id:EXACT_TEXT_253beea29620bbbc
62,2,568,7169878986641769218,Positive,EXACT_TEXT_8a10ebbde6e5ef40,EXACT_TEXT_8a10ebbde6e5ef40,,exact_duplicate_group_id:EXACT_TEXT_8a10ebbde6e5ef40
62,2,570,7170226051518333697,Positive,EXACT_TEXT_5afb63166b73fe60,EXACT_TEXT_5afb63166b73fe60,,exact_duplicate_group_id:EXACT_TEXT_5afb63166b73fe60
62,2,571,7170602805774107394,Positive,EXACT_TEXT_ba5f21148c4ad11e,EXACT_TEXT_ba5f21148c4ad11e,SIM_CLUSTER_00779,near_duplicate_cluster_id:SIM_CLUSTER_00779
62,2,572,7170669584126214914,Positive,EXACT_TEXT_ec56c5f812a6966c,EXACT_TEXT_ec56c5f812a6966c,SIM_CLUSTER_00779,near_duplicate_cluster_id:SIM_CLUSTER_00779
62,2,597,7202933413417009946,Neutral,EXACT_GROUP_00208,EXACT_GROUP_00208,SIM_CLUSTER_00548,near_duplicate_cluster_id:SIM_CLUSTER_00548
62,2,600,7204894354908087066,Neutral,EXACT_TEXT_5b354b7c6a380f90,EXACT_TEXT_5b354b7c6a380f90,,exact_duplicate_group_id:EXACT_TEXT_5b354b7c6a380f90
62,2,602,7205582804725056283,Neutral,EXACT_TEXT_7de07ee715242f6e,EXACT_TEXT_7de07ee715242f6e,,exact_duplicate_group_id:EXACT_TEXT_7de07ee715242f6e
62,2,603,7205973661311042330,Neutral,EXACT_TEXT_68c9648287c77e76,EXACT_TEXT_68c9648287c77e76,,exact_duplicate_group_id:EXACT_TEXT_68c9648287c77e76
62,2,604,7206282040353981211,Neutral,EXACT_TEXT_872065b4e28e70bd,EXACT_TEXT_872065b4e28e70bd,,exact_duplicate_group_id:EXACT_TEXT_872065b4e28e70bd
62,2,605,7206513872437707547,Positive,EXACT_TEXT_ae09adb486576150,EXACT_TEXT_ae09adb486576150,,exact_duplicate_group_id:EXACT_TEXT_ae09adb486576150
62,2,606,7206760325164499739,Neutral,EXACT_TEXT_2f807e485836ea41,EXACT_TEXT_2f807e485836ea41,,exact_duplicate_group_id:EXACT_TEXT_2f807e485836ea41
62,2,610,7208005296010117915,Neutral,EXACT_TEXT_93d7db76ca1e3be6,EXACT_TEXT_93d7db76ca1e3be6,,exact_duplicate_group_id:EXACT_TEXT_93d7db76ca1e3be6
62,2,615,7209828726221456154,Neutral,EXACT_TEXT_b9023b46b190696c,EXACT_TEXT_b9023b46b190696c,,exact_duplicate_group_id:EXACT_TEXT_b9023b46b190696c
62,2,616,7209935747952329498,Positive,EXACT_TEXT_3ff6545517f1e5df,EXACT_TEXT_3ff6545517f1e5df,,exact_duplicate_group_id:EXACT_TEXT_3ff6545517f1e5df
62,2,621,7210738164925891334,Neutral,EXACT_TEXT_1e17a1e9be9deb8d,EXACT_TEXT_1e17a1e9be9deb8d,,exact_duplicate_group_id:EXACT_TEXT_1e17a1e9be9deb8d
62,2,623,7211641828176904987,Positive,EXACT_TEXT_431b02627bd8dce1,EXACT_TEXT_431b02627bd8dce1,,exact_duplicate_group_id:EXACT_TEXT_431b02627bd8dce1
62,2,625,7212291578004505371,Neutral,EXACT_TEXT_79e11580b90d4ec0,EXACT_TEXT_79e11580b90d4ec0,,exact_duplicate_group_id:EXACT_TEXT_79e11580b90d4ec0
62,2,631,7216855781706154778,Negative,EXACT_TEXT_1d0c224e79bf226e,EXACT_TEXT_1d0c224e79bf226e,,exact_duplicate_group_id:EXACT_TEXT_1d0c224e79bf226e
62,2,637,7218456166198919962,Positive,EXACT_TEXT_adaeaf3df6b9f449,EXACT_TEXT_adaeaf3df6b9f449,,exact_duplicate_group_id:EXACT_TEXT_adaeaf3df6b9f449
62,2,653,7225798187155751706,Neutral,EXACT_GROUP_00208,EXACT_GROUP_00208,SIM_CLUSTER_00548,near_duplicate_cluster_id:SIM_CLUSTER_00548
62,2,662,7226016384986252058,Neutral,EXACT_TEXT_5060198008959794,EXACT_TEXT_5060198008959794,,exact_duplicate_group_id:EXACT_TEXT_5060198008959794
62,2,664,7226204967785628442,Neutral,EXACT_GROUP_00208,EXACT_GROUP_00208,SIM_CLUSTER_00548,near_duplicate_cluster_id:SIM_CLUSTER_00548
62,2,665,7226262590379541274,Neutral,EXACT_TEXT_af2c3a4636305e40,EXACT_TEXT_af2c3a4636305e40,,exact_duplicate_group_id:EXACT_TEXT_af2c3a4636305e40
62,2,668,7226503359384601370,Neutral,EXACT_TEXT_81c1b25e10af075f,EXACT_TEXT_81c1b25e10af075f,,exact_duplicate_group_id:EXACT_TEXT_81c1b25e10af075f
62,2,671,7226623877181915931,Neutral,EXACT_TEXT_3fdb02a004f3e4bb,EXACT_TEXT_3fdb02a004f3e4bb,,exact_duplicate_group_id:EXACT_TEXT_3fdb02a004f3e4bb
62,2,676,7227076945702978331,Positive,EXACT_GROUP_00140,EXACT_GROUP_00140,SIM_CLUSTER_00409,near_duplicate_cluster_id:SIM_CLUSTER_00409
62,2,677,7227128402838111003,Positive,EXACT_TEXT_323d80a105e4b63e,EXACT_TEXT_323d80a105e4b63e,,exact_duplicate_group_id:EXACT_TEXT_323d80a105e4b63e
62,2,678,7227250880809026331,Positive,EXACT_TEXT_7f709fd13b4eb01c,EXACT_TEXT_7f709fd13b4eb01c,,exact_duplicate_group_id:EXACT_TEXT_7f709fd13b4eb01c
62,2,681,7227869254963086107,Neutral,EXACT_TEXT_d1c63bf57327b23e,EXACT_TEXT_d1c63bf57327b23e,SIM_CLUSTER_00411,near_duplicate_cluster_id:SIM_CLUSTER_00411
62,2,682,7228614589817225989,Positive,EXACT_GROUP_00140,EXACT_GROUP_00140,SIM_CLUSTER_00409,near_duplicate_cluster_id:SIM_CLUSTER_00409
62,2,689,7233013889926218523,Positive,EXACT_TEXT_14649c2ad0a01f07,EXACT_TEXT_14649c2ad0a01f07,,exact_duplicate_group_id:EXACT_TEXT_14649c2ad0a01f07
62,2,693,7234525003722228485,Neutral,EXACT_TEXT_e819d30edaa5880c,EXACT_TEXT_e819d30edaa5880c,,exact_duplicate_group_id:EXACT_TEXT_e819d30edaa5880c
62,2,694,7234861092190618374,Positive,EXACT_TEXT_1020a62b2d1b20d0,EXACT_TEXT_1020a62b2d1b20d0,,exact_duplicate_group_id:EXACT_TEXT_1020a62b2d1b20d0
62,2,697,7237868853086307077,Neutral,EXACT_TEXT_42a054daa05c4806,EXACT_TEXT_42a054daa05c4806,,exact_duplicate_group_id:EXACT_TEXT_42a054daa05c4806
62,2,708,7243967832990597893,Positive,EXACT_GROUP_00140,EXACT_GROUP_00140,SIM_CLUSTER_00409,near_duplicate_cluster_id:SIM_CLUSTER_00409
62,2,713,7250680633449415430,Neutral,EXACT_TEXT_7ff7353fd9c213b8,EXACT_TEXT_7ff7353fd9c213b8,,exact_duplicate_group_id:EXACT_TEXT_7ff7353fd9c213b8
62,2,728,7269241669441733382,Neutral,EXACT_TEXT_436d49e30ebe6f80,EXACT_TEXT_436d49e30ebe6f80,,exact_duplicate_group_id:EXACT_TEXT_436d49e30ebe6f80
62,2,731,7271745630786028294,Negative,EXACT_TEXT_4a9c2910eea8ec78,EXACT_TEXT_4a9c2910eea8ec78,,exact_duplicate_group_id:EXACT_TEXT_4a9c2910eea8ec78
62,2,732,7271882931798426374,Neutral,EXACT_TEXT_ece4ef726ec11fb8,EXACT_TEXT_ece4ef726ec11fb8,,exact_duplicate_group_id:EXACT_TEXT_ece4ef726ec11fb8
62,2,736,7274088420912333573,Neutral,EXACT_TEXT_377947f339d96448,EXACT_TEXT_377947f339d96448,,exact_duplicate_group_id:EXACT_TEXT_377947f339d96448
62,2,741,7285693567275172614,Positive,EXACT_GROUP_00245,EXACT_GROUP_00245,SIM_CLUSTER_00185,near_duplicate_cluster_id:SIM_CLUSTER_00185
62,2,743,7285864269328188166,Positive,EXACT_GROUP_00245,EXACT_GROUP_00245,SIM_CLUSTER_00185,near_duplicate_cluster_id:SIM_CLUSTER_00185
62,2,744,7286412305986241286,Positive,EXACT_GROUP_00245,EXACT_GROUP_00245,SIM_CLUSTER_00185,near_duplicate_cluster_id:SIM_CLUSTER_00185
62,2,754,7289043577543164678,Positive,EXACT_TEXT_bf2e7869dd40cd97,EXACT_TEXT_bf2e7869dd40cd97,,exact_duplicate_group_id:EXACT_TEXT_bf2e7869dd40cd97
62,2,761,7293585641940763397,Neutral,EXACT_TEXT_fd86a1a908bac908,EXACT_TEXT_fd86a1a908bac908,,exact_duplicate_group_id:EXACT_TEXT_fd86a1a908bac908
62,2,767,7306084783837987589,Neutral,EXACT_TEXT_75f7e6dc10f90c2a,EXACT_TEXT_75f7e6dc10f90c2a,,exact_duplicate_group_id:EXACT_TEXT_75f7e6dc10f90c2a
62,2,769,7306395336695530245,Neutral,EXACT_TEXT_877cdc48901337f7,EXACT_TEXT_877cdc48901337f7,,exact_duplicate_group_id:EXACT_TEXT_877cdc48901337f7
62,2,773,7309419830318613254,Neutral,EXACT_TEXT_beae41bd53b6187a,EXACT_TEXT_beae41bd53b6187a,,exact_duplicate_group_id:EXACT_TEXT_beae41bd53b6187a
62,2,782,7312076737189233413,Neutral,EXACT_TEXT_5941dc0435066cf9,EXACT_TEXT_5941dc0435066cf9,,exact_duplicate_group_id:EXACT_TEXT_5941dc0435066cf9
62,2,783,7312246748914729734,Negative,EXACT_TEXT_45177c5ae08d4e51,EXACT_TEXT_45177c5ae08d4e51,,exact_duplicate_group_id:EXACT_TEXT_45177c5ae08d4e51
62,2,786,7312442971810808581,Positive,EXACT_TEXT_c1ea0f3074e55567,EXACT_TEXT_c1ea0f3074e55567,,exact_duplicate_group_id:EXACT_TEXT_c1ea0f3074e55567
62,2,791,7313576603031208709,Neutral,EXACT_TEXT_f23e66564dc915b7,EXACT_TEXT_f23e66564dc915b7,SIM_CLUSTER_00414,near_duplicate_cluster_id:SIM_CLUSTER_00414
62,2,797,7314324624471556870,Neutral,EXACT_TEXT_8b304b7ea614672b,EXACT_TEXT_8b304b7ea614672b,,exact_duplicate_group_id:EXACT_TEXT_8b304b7ea614672b
62,2,804,7315981839272968966,Neutral,EXACT_TEXT_d30d719a931ad596,EXACT_TEXT_d30d719a931ad596,,exact_duplicate_group_id:EXACT_TEXT_d30d719a931ad596
62,2,809,7317281426381390597,Positive,EXACT_TEXT_a34d2ebb2b2e2625,EXACT_TEXT_a34d2ebb2b2e2625,,exact_duplicate_group_id:EXACT_TEXT_a34d2ebb2b2e2625
62,2,817,7320112911454569222,Positive,EXACT_TEXT_7323a824b42c7497,EXACT_TEXT_7323a824b42c7497,,exact_duplicate_group_id:EXACT_TEXT_7323a824b42c7497
62,2,827,7320868605225812741,Negative,EXACT_TEXT_b0dc134014827136,EXACT_TEXT_b0dc134014827136,,exact_duplicate_group_id:EXACT_TEXT_b0dc134014827136
62,2,833,7323968034933932805,Negative,EXACT_TEXT_64002ce889d117fd,EXACT_TEXT_64002ce889d117fd,,exact_duplicate_group_id:EXACT_TEXT_64002ce889d117fd
62,2,837,7324656501786854150,Neutral,EXACT_TEXT_31e0729d2b3587b7,EXACT_TEXT_31e0729d2b3587b7,,exact_duplicate_group_id:EXACT_TEXT_31e0729d2b3587b7
62,2,840,7326486242500412166,Neutral,EXACT_TEXT_50299af5d84625f3,EXACT_TEXT_50299af5d84625f3,,exact_duplicate_group_id:EXACT_TEXT_50299af5d84625f3
62,2,842,7327508556155405062,Neutral,EXACT_TEXT_b0139436e1513fc1,EXACT_TEXT_b0139436e1513fc1,,exact_duplicate_group_id:EXACT_TEXT_b0139436e1513fc1
62,2,844,7328839848096563973,Neutral,EXACT_TEXT_5e9416f9d8388f32,EXACT_TEXT_5e9416f9d8388f32,,exact_duplicate_group_id:EXACT_TEXT_5e9416f9d8388f32
62,2,846,7329164596961592069,Neutral,EXACT_GROUP_00563,EXACT_GROUP_00563,SIM_CLUSTER_00933,near_duplicate_cluster_id:SIM_CLUSTER_00933
62,2,849,7330577007329395462,Neutral,EXACT_GROUP_00563,EXACT_GROUP_00563,SIM_CLUSTER_00933,near_duplicate_cluster_id:SIM_CLUSTER_00933
62,2,850,7331164043737580294,Positive,EXACT_TEXT_80a675fd472a8e6d,EXACT_TEXT_80a675fd472a8e6d,,exact_duplicate_group_id:EXACT_TEXT_80a675fd472a8e6d
62,2,851,7331329813112685318,Neutral,EXACT_GROUP_00169,EXACT_GROUP_00169,SIM_CLUSTER_00114,near_duplicate_cluster_id:SIM_CLUSTER_00114
62,2,857,7333964548325540614,Neutral,EXACT_TEXT_e23c873cb95fcccc,EXACT_TEXT_e23c873cb95fcccc,,exact_duplicate_group_id:EXACT_TEXT_e23c873cb95fcccc
62,2,862,7336450498961113861,Negative,EXACT_TEXT_66c2656a147d6165,EXACT_TEXT_66c2656a147d6165,,exact_duplicate_group_id:EXACT_TEXT_66c2656a147d6165
62,2,864,7336993792040289030,Neutral,EXACT_TEXT_ca2decb87b28bee2,EXACT_TEXT_ca2decb87b28bee2,,exact_duplicate_group_id:EXACT_TEXT_ca2decb87b28bee2
62,2,866,7338548626556502789,Neutral,EXACT_TEXT_af7b3598bb9b8049,EXACT_TEXT_af7b3598bb9b8049,,exact_duplicate_group_id:EXACT_TEXT_af7b3598bb9b8049
62,2,867,7340508400265495301,Neutral,EXACT_TEXT_816586d7cca10d0c,EXACT_TEXT_816586d7cca10d0c,,exact_duplicate_group_id:EXACT_TEXT_816586d7cca10d0c
62,2,872,7341031908564812549,Negative,EXACT_TEXT_315bda0f7172f0ca,EXACT_TEXT_315bda0f7172f0ca,,exact_duplicate_group_id:EXACT_TEXT_315bda0f7172f0ca
62,2,877,7341230449400546053,Negative,EXACT_TEXT_d886b2e86aae23d9,EXACT_TEXT_d886b2e86aae23d9,,exact_duplicate_group_id:EXACT_TEXT_d886b2e86aae23d9
62,2,886,7344683076464902917,Positive,EXACT_GROUP_00870,EXACT_GROUP_00870,SIM_CLUSTER_00111,near_duplicate_cluster_id:SIM_CLUSTER_00111
62,2,890,7349164810972693254,Neutral,EXACT_TEXT_d902ab4780eae6cb,EXACT_TEXT_d902ab4780eae6cb,,exact_duplicate_group_id:EXACT_TEXT_d902ab4780eae6cb
62,2,897,7351386700109415174,Negative,EXACT_TEXT_dc3dbb6a12b2d435,EXACT_TEXT_dc3dbb6a12b2d435,,exact_duplicate_group_id:EXACT_TEXT_dc3dbb6a12b2d435
62,2,905,7357729960284439302,Positive,EXACT_TEXT_daaf28e4ca13314e,EXACT_TEXT_daaf28e4ca13314e,,exact_duplicate_group_id:EXACT_TEXT_daaf28e4ca13314e
62,2,907,7357766717471884038,Negative,EXACT_TEXT_a74a49d3215f99b9,EXACT_TEXT_a74a49d3215f99b9,,exact_duplicate_group_id:EXACT_TEXT_a74a49d3215f99b9
62,2,909,7357871983755379461,Positive,EXACT_TEXT_47bc7a385a1051be,EXACT_TEXT_47bc7a385a1051be,,exact_duplicate_group_id:EXACT_TEXT_47bc7a385a1051be
62,2,910,7357883462663422726,Neutral,EXACT_TEXT_3184dfac18559d92,EXACT_TEXT_3184dfac18559d92,,exact_duplicate_group_id:EXACT_TEXT_3184dfac18559d92
62,2,911,7357888816939795206,Negative,EXACT_TEXT_c7e7a294a5ea9a36,EXACT_TEXT_c7e7a294a5ea9a36,,exact_duplicate_group_id:EXACT_TEXT_c7e7a294a5ea9a36
62,2,912,7357910638214480645,Neutral,EXACT_GROUP_00169,EXACT_GROUP_00169,SIM_CLUSTER_00114,near_duplicate_cluster_id:SIM_CLUSTER_00114
62,2,916,7357917622644556550,Neutral,EXACT_TEXT_cda7897ff1a83c00,EXACT_TEXT_cda7897ff1a83c00,,exact_duplicate_group_id:EXACT_TEXT_cda7897ff1a83c00
62,2,924,7358031752739570437,Negative,EXACT_TEXT_cd2b984c002acb99,EXACT_TEXT_cd2b984c002acb99,,exact_duplicate_group_id:EXACT_TEXT_cd2b984c002acb99
62,2,929,7358133153689305862,Neutral,EXACT_TEXT_a6d1ae339c2b1102,EXACT_TEXT_a6d1ae339c2b1102,SIM_CLUSTER_00447,near_duplicate_cluster_id:SIM_CLUSTER_00447
62,2,931,7358251170152465158,Neutral,EXACT_TEXT_29f92a91fc903142,EXACT_TEXT_29f92a91fc903142,SIM_CLUSTER_00114,near_duplicate_cluster_id:SIM_CLUSTER_00114
62,2,938,7359122353735828230,Neutral,EXACT_TEXT_6348c29041c3209b,EXACT_TEXT_6348c29041c3209b,,exact_duplicate_group_id:EXACT_TEXT_6348c29041c3209b
62,2,944,7359730540700549893,Neutral,EXACT_GROUP_00168,EXACT_GROUP_00168,SIM_CLUSTER_00114,near_duplicate_cluster_id:SIM_CLUSTER_00114
62,2,948,7359785846696231685,Neutral,EXACT_TEXT_9b8ba12319da1b04,EXACT_TEXT_9b8ba12319da1b04,,exact_duplicate_group_id:EXACT_TEXT_9b8ba12319da1b04
62,2,962,7363309636549755654,Neutral,EXACT_TEXT_f1d347f38870067c,EXACT_TEXT_f1d347f38870067c,,exact_duplicate_group_id:EXACT_TEXT_f1d347f38870067c
62,2,969,7364020184250778373,Neutral,EXACT_TEXT_e453b7d947e8a4e3,EXACT_TEXT_e453b7d947e8a4e3,,exact_duplicate_group_id:EXACT_TEXT_e453b7d947e8a4e3
62,2,977,7366500948577780485,Negative,EXACT_TEXT_97d17a8ffe7ffa8a,EXACT_TEXT_97d17a8ffe7ffa8a,,exact_duplicate_group_id:EXACT_TEXT_97d17a8ffe7ffa8a
62,2,985,7368108236832834309,Positive,EXACT_TEXT_d6f0007c570a80f6,EXACT_TEXT_d6f0007c570a80f6,SIM_CLUSTER_00803,near_duplicate_cluster_id:SIM_CLUSTER_00803
62,2,987,7368663875938517766,Neutral,EXACT_TEXT_19a77135bc5af7d0,EXACT_TEXT_19a77135bc5af7d0,,exact_duplicate_group_id:EXACT_TEXT_19a77135bc5af7d0
62,2,989,7369219597172491014,Neutral,EXACT_TEXT_57a6d183bb3ca241,EXACT_TEXT_57a6d183bb3ca241,,exact_duplicate_group_id:EXACT_TEXT_57a6d183bb3ca241
62,2,992,7371089481241903877,Positive,EXACT_TEXT_a0a98935954c5d46,EXACT_TEXT_a0a98935954c5d46,,exact_duplicate_group_id:EXACT_TEXT_a0a98935954c5d46
62,2,993,7371579376817537798,Positive,EXACT_TEXT_6b836a3e22c68b96,EXACT_TEXT_6b836a3e22c68b96,SIM_CLUSTER_00445,near_duplicate_cluster_id:SIM_CLUSTER_00445
62,2,998,7374783179558109958,Neutral,EXACT_TEXT_1875230b58d69adc,EXACT_TEXT_1875230b58d69adc,,exact_duplicate_group_id:EXACT_TEXT_1875230b58d69adc
62,2,1002,7377628480567526149,Positive,EXACT_GROUP_00245,EXACT_GROUP_00245,SIM_CLUSTER_00185,near_duplicate_cluster_id:SIM_CLUSTER_00185
62,2,1007,7378384502588572421,Positive,EXACT_TEXT_e449909d37e179a3,EXACT_TEXT_e449909d37e179a3,,exact_duplicate_group_id:EXACT_TEXT_e449909d37e179a3
62,2,1012,7379979600170976006,Neutral,EXACT_TEXT_0392e66f7652f585,EXACT_TEXT_0392e66f7652f585,,exact_duplicate_group_id:EXACT_TEXT_0392e66f7652f585
62,2,1018,7381363064526914310,Neutral,EXACT_TEXT_f012e68b417ec4bc,EXACT_TEXT_f012e68b417ec4bc,,exact_duplicate_group_id:EXACT_TEXT_f012e68b417ec4bc
62,2,1021,7383224058697286405,Neutral,EXACT_TEXT_4da14f18a5e7eb45,EXACT_TEXT_4da14f18a5e7eb45,SIM_CLUSTER_00114,near_duplicate_cluster_id:SIM_CLUSTER_00114
62,2,1036,7388016853135770374,Neutral,EXACT_GROUP_00168,EXACT_GROUP_00168,SIM_CLUSTER_00114,near_duplicate_cluster_id:SIM_CLUSTER_00114
62,2,1042,7388518009050137349,Neutral,EXACT_TEXT_de6d41185e80d589,EXACT_TEXT_de6d41185e80d589,,exact_duplicate_group_id:EXACT_TEXT_de6d41185e80d589
62,2,1044,7388519060479476486,Neutral,EXACT_TEXT_f3e8270ac96326b5,EXACT_TEXT_f3e8270ac96326b5,,exact_duplicate_group_id:EXACT_TEXT_f3e8270ac96326b5
62,2,1051,7388835109359649542,Neutral,EXACT_GROUP_00168,EXACT_GROUP_00168,SIM_CLUSTER_00114,near_duplicate_cluster_id:SIM_CLUSTER_00114
62,2,1052,7388894649916965637,Neutral,EXACT_GROUP_00168,EXACT_GROUP_00168,SIM_CLUSTER_00114,near_duplicate_cluster_id:SIM_CLUSTER_00114
62,2,1053,7389655476613612294,Positive,EXACT_GROUP_00245,EXACT_GROUP_00245,SIM_CLUSTER_00185,near_duplicate_cluster_id:SIM_CLUSTER_00185
62,2,1067,7397305488532390662,Positive,EXACT_TEXT_3e6eb85264a0eb89,EXACT_TEXT_3e6eb85264a0eb89,,exact_duplicate_group_id:EXACT_TEXT_3e6eb85264a0eb89
62,2,1068,7397357367937680133,Neutral,EXACT_TEXT_8425591d3341dd51,EXACT_TEXT_8425591d3341dd51,,exact_duplicate_group_id:EXACT_TEXT_8425591d3341dd51
62,2,1071,7397854832264168198,Neutral,EXACT_TEXT_010104a7e4956ab4,EXACT_TEXT_010104a7e4956ab4,,exact_duplicate_group_id:EXACT_TEXT_010104a7e4956ab4
62,2,1078,7398407484786574085,Positive,EXACT_TEXT_40dfb0cc1f42e68b,EXACT_TEXT_40dfb0cc1f42e68b,,exact_duplicate_group_id:EXACT_TEXT_40dfb0cc1f42e68b
62,2,1082,7398533725711532805,Positive,EXACT_TEXT_34ca2648c911601d,EXACT_TEXT_34ca2648c911601d,,exact_duplicate_group_id:EXACT_TEXT_34ca2648c911601d
62,2,1086,7399829621603828486,Neutral,EXACT_TEXT_9f64c1eb443d0e19,EXACT_TEXT_9f64c1eb443d0e19,,exact_duplicate_group_id:EXACT_TEXT_9f64c1eb443d0e19
62,2,1088,7400389808667755269,Neutral,EXACT_TEXT_7a85eacb7f4b3512,EXACT_TEXT_7a85eacb7f4b3512,SIM_CLUSTER_01044,near_duplicate_cluster_id:SIM_CLUSTER_01044
62,2,1094,7404283336775287557,Neutral,EXACT_GROUP_00168,EXACT_GROUP_00168,SIM_CLUSTER_00114,near_duplicate_cluster_id:SIM_CLUSTER_00114
62,2,1098,7405422577769038597,Neutral,EXACT_TEXT_43be5363ede2cfed,EXACT_TEXT_43be5363ede2cfed,,exact_duplicate_group_id:EXACT_TEXT_43be5363ede2cfed
62,2,1111,7414869568495158022,Negative,EXACT_TEXT_b6a8d696f550dd3f,EXACT_TEXT_b6a8d696f550dd3f,,exact_duplicate_group_id:EXACT_TEXT_b6a8d696f550dd3f
62,2,1114,7418952509148398341,Positive,EXACT_TEXT_0158314a4e745d3a,EXACT_TEXT_0158314a4e745d3a,,exact_duplicate_group_id:EXACT_TEXT_0158314a4e745d3a
62,2,1120,7420002464878068485,Neutral,EXACT_TEXT_4e7e8134ab760924,EXACT_TEXT_4e7e8134ab760924,,exact_duplicate_group_id:EXACT_TEXT_4e7e8134ab760924
62,2,1133,7421191599785280262,Negative,EXACT_TEXT_63a0e94288eb6193,EXACT_TEXT_63a0e94288eb6193,,exact_duplicate_group_id:EXACT_TEXT_63a0e94288eb6193
62,2,1134,7421193827410035462,Positive,EXACT_TEXT_061992030700af60,EXACT_TEXT_061992030700af60,,exact_duplicate_group_id:EXACT_TEXT_061992030700af60
62,2,1136,7421196063468372741,Negative,EXACT_TEXT_40111967202edac1,EXACT_TEXT_40111967202edac1,,exact_duplicate_group_id:EXACT_TEXT_40111967202edac1
62,2,1139,7421229731531506437,Positive,EXACT_TEXT_39a92280659ed278,EXACT_TEXT_39a92280659ed278,SIM_CLUSTER_00638,near_duplicate_cluster_id:SIM_CLUSTER_00638
62,2,1140,7421234788650353414,Negative,EXACT_TEXT_fc74c807ca858c61,EXACT_TEXT_fc74c807ca858c61,,exact_duplicate_group_id:EXACT_TEXT_fc74c807ca858c61
62,2,1142,7421260273463476997,Negative,EXACT_TEXT_840803b727457912,EXACT_TEXT_840803b727457912,,exact_duplicate_group_id:EXACT_TEXT_840803b727457912
62,2,1145,7421297761875870469,Negative,EXACT_TEXT_515feb3d61de8989,EXACT_TEXT_515feb3d61de8989,,exact_duplicate_group_id:EXACT_TEXT_515feb3d61de8989
62,2,1175,7421412228182901510,Positive,EXACT_TEXT_da8fb7e17605274b,EXACT_TEXT_da8fb7e17605274b,,exact_duplicate_group_id:EXACT_TEXT_da8fb7e17605274b
62,2,1181,7421425875218187014,Negative,EXACT_TEXT_386765af9dbb68c7,EXACT_TEXT_386765af9dbb68c7,,exact_duplicate_group_id:EXACT_TEXT_386765af9dbb68c7
62,2,1189,7421548804593763080,Positive,EXACT_TEXT_d66e1740bcd5fed5,EXACT_TEXT_d66e1740bcd5fed5,,exact_duplicate_group_id:EXACT_TEXT_d66e1740bcd5fed5
62,2,1196,7421658496103908113,Negative,EXACT_TEXT_8b1b8b982cb49a28,EXACT_TEXT_8b1b8b982cb49a28,,exact_duplicate_group_id:EXACT_TEXT_8b1b8b982cb49a28
62,2,1203,7421708954738967301,Negative,EXACT_TEXT_ff0e484d20700e19,EXACT_TEXT_ff0e484d20700e19,,exact_duplicate_group_id:EXACT_TEXT_ff0e484d20700e19
62,2,1209,7421731786834756357,Negative,EXACT_TEXT_2ee649b8baa6a89d,EXACT_TEXT_2ee649b8baa6a89d,,exact_duplicate_group_id:EXACT_TEXT_2ee649b8baa6a89d
62,2,1210,7421748894722884357,Negative,EXACT_TEXT_36257f90dd7d4353,EXACT_TEXT_36257f90dd7d4353,,exact_duplicate_group_id:EXACT_TEXT_36257f90dd7d4353
62,2,1212,7421765889152893702,Negative,EXACT_TEXT_5ec5cc0b97b60a10,EXACT_TEXT_5ec5cc0b97b60a10,,exact_duplicate_group_id:EXACT_TEXT_5ec5cc0b97b60a10
62,2,1213,7421775302433358597,Negative,EXACT_TEXT_eb75771f2a52663d,EXACT_TEXT_eb75771f2a52663d,,exact_duplicate_group_id:EXACT_TEXT_eb75771f2a52663d
62,2,1216,7421796986389807877,Negative,EXACT_TEXT_8c3b03ec48f170eb,EXACT_TEXT_8c3b03ec48f170eb,,exact_duplicate_group_id:EXACT_TEXT_8c3b03ec48f170eb
62,2,1219,7421897771001676549,Negative,EXACT_TEXT_6d0977bf80944398,EXACT_TEXT_6d0977bf80944398,,exact_duplicate_group_id:EXACT_TEXT_6d0977bf80944398
62,2,1223,7422077856492520197,Positive,EXACT_TEXT_5b8feaf45aa7210b,EXACT_TEXT_5b8feaf45aa7210b,,exact_duplicate_group_id:EXACT_TEXT_5b8feaf45aa7210b
62,2,1224,7422078710713762565,Negative,EXACT_TEXT_ecb42f052a26b086,EXACT_TEXT_ecb42f052a26b086,,exact_duplicate_group_id:EXACT_TEXT_ecb42f052a26b086
62,2,1225,7422095353204753157,Negative,EXACT_TEXT_f3ed3ea92ce29b70,EXACT_TEXT_f3ed3ea92ce29b70,,exact_duplicate_group_id:EXACT_TEXT_f3ed3ea92ce29b70
62,2,1230,7422116665246204677,Negative,EXACT_TEXT_d6c0f8e3f5447008,EXACT_TEXT_d6c0f8e3f5447008,,exact_duplicate_group_id:EXACT_TEXT_d6c0f8e3f5447008
62,2,1240,7422212122140820230,Negative,EXACT_TEXT_adc00534dfd8f84e,EXACT_TEXT_adc00534dfd8f84e,,exact_duplicate_group_id:EXACT_TEXT_adc00534dfd8f84e
62,2,1243,7422228101176558341,Negative,EXACT_TEXT_36e8c5d52eeac54a,EXACT_TEXT_36e8c5d52eeac54a,,exact_duplicate_group_id:EXACT_TEXT_36e8c5d52eeac54a
62,2,1247,7422251056815883013,Neutral,EXACT_TEXT_4d7175020138ebd8,EXACT_TEXT_4d7175020138ebd8,,exact_duplicate_group_id:EXACT_TEXT_4d7175020138ebd8
62,2,1264,7422552663774053126,Negative,EXACT_TEXT_d33330b7ca7cf03f,EXACT_TEXT_d33330b7ca7cf03f,,exact_duplicate_group_id:EXACT_TEXT_d33330b7ca7cf03f
62,2,1266,7422561216847725318,Negative,EXACT_TEXT_766ff174564ffaf0,EXACT_TEXT_766ff174564ffaf0,,exact_duplicate_group_id:EXACT_TEXT_766ff174564ffaf0
62,2,1270,7422635769538036486,Negative,EXACT_TEXT_b870bbd8f1232264,EXACT_TEXT_b870bbd8f1232264,,exact_duplicate_group_id:EXACT_TEXT_b870bbd8f1232264
62,2,1279,7422688997681677062,Negative,EXACT_TEXT_e787217155fc831c,EXACT_TEXT_e787217155fc831c,,exact_duplicate_group_id:EXACT_TEXT_e787217155fc831c
62,2,1280,7422694594842460934,Negative,EXACT_TEXT_03b204f70e3762bf,EXACT_TEXT_03b204f70e3762bf,,exact_duplicate_group_id:EXACT_TEXT_03b204f70e3762bf
62,2,1281,7422694909196452614,Positive,EXACT_TEXT_b830d9f3ea446335,EXACT_TEXT_b830d9f3ea446335,,exact_duplicate_group_id:EXACT_TEXT_b830d9f3ea446335
62,2,1282,7422695194057376517,Neutral,EXACT_GROUP_00066,EXACT_GROUP_00066,SIM_CLUSTER_00652,near_duplicate_cluster_id:SIM_CLUSTER_00652
62,2,1293,7422924653252150023,Negative,EXACT_TEXT_c35c8a95e68f250e,EXACT_TEXT_c35c8a95e68f250e,,exact_duplicate_group_id:EXACT_TEXT_c35c8a95e68f250e
62,2,1303,7423897799690027781,Neutral,EXACT_TEXT_013938fc6f5264a6,EXACT_TEXT_013938fc6f5264a6,,exact_duplicate_group_id:EXACT_TEXT_013938fc6f5264a6
62,2,1307,7424400045057278726,Positive,EXACT_TEXT_40915b3c01fab89d,EXACT_TEXT_40915b3c01fab89d,,exact_duplicate_group_id:EXACT_TEXT_40915b3c01fab89d
62,2,1311,7424867400379761413,Negative,EXACT_TEXT_37f73eb831df99ee,EXACT_TEXT_37f73eb831df99ee,,exact_duplicate_group_id:EXACT_TEXT_37f73eb831df99ee
62,2,1315,7425427829251080966,Neutral,EXACT_TEXT_a98d3296d8f9bce1,EXACT_TEXT_a98d3296d8f9bce1,,exact_duplicate_group_id:EXACT_TEXT_a98d3296d8f9bce1
62,2,1331,7428126212474798866,Neutral,EXACT_TEXT_1d6dfdac85c2e5a5,EXACT_TEXT_1d6dfdac85c2e5a5,,exact_duplicate_group_id:EXACT_TEXT_1d6dfdac85c2e5a5
62,2,1332,7428437621444788997,Positive,EXACT_TEXT_b1beeb96c4606d9b,EXACT_TEXT_b1beeb96c4606d9b,,exact_duplicate_group_id:EXACT_TEXT_b1beeb96c4606d9b
62,2,1338,7428454068341441286,Neutral,EXACT_TEXT_e64ad9c849820dd0,EXACT_TEXT_e64ad9c849820dd0,,exact_duplicate_group_id:EXACT_TEXT_e64ad9c849820dd0
62,2,1339,7428454233544950534,Neutral,EXACT_TEXT_427142843cd36804,EXACT_TEXT_427142843cd36804,SIM_CLUSTER_01169,near_duplicate_cluster_id:SIM_CLUSTER_01169
62,2,1349,7428477241744818950,Neutral,EXACT_TEXT_e75636baf32dfffe,EXACT_TEXT_e75636baf32dfffe,,exact_duplicate_group_id:EXACT_TEXT_e75636baf32dfffe
62,2,1353,7428508154876723973,Neutral,EXACT_TEXT_b1bc54c08fbe5197,EXACT_TEXT_b1bc54c08fbe5197,,exact_duplicate_group_id:EXACT_TEXT_b1bc54c08fbe5197
62,2,1383,7428780907719017232,Positive,EXACT_TEXT_eddaec60e2ae7b14,EXACT_TEXT_eddaec60e2ae7b14,,exact_duplicate_group_id:EXACT_TEXT_eddaec60e2ae7b14
62,2,1387,7428819287047832325,Negative,EXACT_TEXT_d3034130ff07dbc6,EXACT_TEXT_d3034130ff07dbc6,,exact_duplicate_group_id:EXACT_TEXT_d3034130ff07dbc6
62,2,1388,7428830498551743237,Neutral,EXACT_TEXT_e0b3229caa0d6e8f,EXACT_TEXT_e0b3229caa0d6e8f,,exact_duplicate_group_id:EXACT_TEXT_e0b3229caa0d6e8f
62,2,1409,7429202079204098823,Negative,EXACT_TEXT_a55d4d90b051cae9,EXACT_TEXT_a55d4d90b051cae9,,exact_duplicate_group_id:EXACT_TEXT_a55d4d90b051cae9
62,2,1416,7429479426255110917,Positive,EXACT_TEXT_234a048111133131,EXACT_TEXT_234a048111133131,,exact_duplicate_group_id:EXACT_TEXT_234a048111133131
62,2,1431,7429944694136652550,Neutral,EXACT_TEXT_f7efe6df2fcb932b,EXACT_TEXT_f7efe6df2fcb932b,,exact_duplicate_group_id:EXACT_TEXT_f7efe6df2fcb932b
62,2,1432,7430019082638476038,Neutral,EXACT_TEXT_1f69a199794b1d9a,EXACT_TEXT_1f69a199794b1d9a,SIM_CLUSTER_00366,near_duplicate_cluster_id:SIM_CLUSTER_00366
62,2,1434,7430071672365236993,Positive,EXACT_TEXT_4d8f65973e564230,EXACT_TEXT_4d8f65973e564230,,exact_duplicate_group_id:EXACT_TEXT_4d8f65973e564230
62,2,1438,7430305059693953797,Positive,EXACT_TEXT_24dba4b5db186770,EXACT_TEXT_24dba4b5db186770,,exact_duplicate_group_id:EXACT_TEXT_24dba4b5db186770
62,2,1440,7430338086921896709,Negative,EXACT_TEXT_b71d661285a09dcb,EXACT_TEXT_b71d661285a09dcb,,exact_duplicate_group_id:EXACT_TEXT_b71d661285a09dcb
62,2,1450,7430709982705009414,Negative,EXACT_TEXT_6b7bf31aca9cf41e,EXACT_TEXT_6b7bf31aca9cf41e,,exact_duplicate_group_id:EXACT_TEXT_6b7bf31aca9cf41e
62,2,1454,7430973767830389521,Negative,EXACT_TEXT_31fdfbd9dd0a6e03,EXACT_TEXT_31fdfbd9dd0a6e03,,exact_duplicate_group_id:EXACT_TEXT_31fdfbd9dd0a6e03
62,2,1474,7432369578594992904,Neutral,EXACT_TEXT_cc708a42e75cda5f,EXACT_TEXT_cc708a42e75cda5f,,exact_duplicate_group_id:EXACT_TEXT_cc708a42e75cda5f
62,2,1488,7434782263223304967,Negative,EXACT_TEXT_b76a464776cba9c3,EXACT_TEXT_b76a464776cba9c3,,exact_duplicate_group_id:EXACT_TEXT_b76a464776cba9c3
62,2,1493,7436015506686444343,Neutral,EXACT_TEXT_6f38c8bd7f423d18,EXACT_TEXT_6f38c8bd7f423d18,SIM_CLUSTER_00114,near_duplicate_cluster_id:SIM_CLUSTER_00114
62,2,1508,7437882053212865281,Neutral,EXACT_TEXT_ee2640d0cc560752,EXACT_TEXT_ee2640d0cc560752,,exact_duplicate_group_id:EXACT_TEXT_ee2640d0cc560752
62,2,1511,7438059187304055560,Negative,EXACT_TEXT_d998c45724f2aad7,EXACT_TEXT_d998c45724f2aad7,,exact_duplicate_group_id:EXACT_TEXT_d998c45724f2aad7
62,2,1514,7438161776196518711,Neutral,EXACT_TEXT_3270cc510aaaf5b2,EXACT_TEXT_3270cc510aaaf5b2,,exact_duplicate_group_id:EXACT_TEXT_3270cc510aaaf5b2
62,2,1521,7438624851936232199,Neutral,EXACT_TEXT_be4600f8a76b392c,EXACT_TEXT_be4600f8a76b392c,SIM_CLUSTER_00447,near_duplicate_cluster_id:SIM_CLUSTER_00447
62,2,1534,7440491451236090642,Neutral,EXACT_TEXT_ec007cbf9a9ecdfa,EXACT_TEXT_ec007cbf9a9ecdfa,,exact_duplicate_group_id:EXACT_TEXT_ec007cbf9a9ecdfa
62,2,1543,7443030548849410834,Neutral,EXACT_GROUP_00168,EXACT_GROUP_00168,SIM_CLUSTER_00114,near_duplicate_cluster_id:SIM_CLUSTER_00114
62,2,1551,7444378550146712376,Neutral,EXACT_TEXT_ca7779eb10c51098,EXACT_TEXT_ca7779eb10c51098,SIM_CLUSTER_01302,near_duplicate_cluster_id:SIM_CLUSTER_01302
62,2,1561,7447743875866182408,Negative,EXACT_TEXT_30d74cfdedb952c7,EXACT_TEXT_30d74cfdedb952c7,,exact_duplicate_group_id:EXACT_TEXT_30d74cfdedb952c7
62,2,1562,7447893058040103688,Neutral,EXACT_TEXT_b06f04056f8fabed,EXACT_TEXT_b06f04056f8fabed,,exact_duplicate_group_id:EXACT_TEXT_b06f04056f8fabed
62,2,1570,7450005171181175557,Neutral,EXACT_TEXT_2a8c62e4170f9ddc,EXACT_TEXT_2a8c62e4170f9ddc,SIM_CLUSTER_00114,near_duplicate_cluster_id:SIM_CLUSTER_00114
62,2,1585,7455885873332372229,Negative,EXACT_TEXT_4b605d45dd08e7ed,EXACT_TEXT_4b605d45dd08e7ed,,exact_duplicate_group_id:EXACT_TEXT_4b605d45dd08e7ed
62,2,1599,7458167111912407813,Negative,EXACT_TEXT_dc71bbab71170e12,EXACT_TEXT_dc71bbab71170e12,SIM_CLUSTER_00520,near_duplicate_cluster_id:SIM_CLUSTER_00520
62,2,1600,7458167292648833798,Negative,EXACT_GROUP_00501,EXACT_GROUP_00501,SIM_CLUSTER_00520,near_duplicate_cluster_id:SIM_CLUSTER_00520
62,2,1601,7458167426157396741,Negative,EXACT_GROUP_00501,EXACT_GROUP_00501,SIM_CLUSTER_00520,near_duplicate_cluster_id:SIM_CLUSTER_00520
62,2,1602,7458167551328092933,Negative,EXACT_GROUP_00501,EXACT_GROUP_00501,SIM_CLUSTER_00520,near_duplicate_cluster_id:SIM_CLUSTER_00520
62,2,1603,7458218606380729106,Negative,EXACT_TEXT_508feb16aac12e80,EXACT_TEXT_508feb16aac12e80,SIM_CLUSTER_01379,near_duplicate_cluster_id:SIM_CLUSTER_01379
62,2,1604,7458218931464782599,Negative,EXACT_TEXT_cd3269d4257424fc,EXACT_TEXT_cd3269d4257424fc,SIM_CLUSTER_01379,near_duplicate_cluster_id:SIM_CLUSTER_01379
62,2,1609,7458915934037607186,Positive,EXACT_TEXT_d05c994c65a628ec,EXACT_TEXT_d05c994c65a628ec,,exact_duplicate_group_id:EXACT_TEXT_d05c994c65a628ec
62,2,1612,7459627796831355655,Negative,EXACT_TEXT_7eecfa51a0a1c880,EXACT_TEXT_7eecfa51a0a1c880,,exact_duplicate_group_id:EXACT_TEXT_7eecfa51a0a1c880
62,2,1634,7463548747696489224,Negative,EXACT_TEXT_18795f00f2e6df1e,EXACT_TEXT_18795f00f2e6df1e,,exact_duplicate_group_id:EXACT_TEXT_18795f00f2e6df1e
62,2,1655,7476237416136524552,Positive,EXACT_TEXT_21edbcb2d52ec3b0,EXACT_TEXT_21edbcb2d52ec3b0,,exact_duplicate_group_id:EXACT_TEXT_21edbcb2d52ec3b0
62,2,1656,7476724843804934920,Neutral,EXACT_TEXT_245167933538eb5b,EXACT_TEXT_245167933538eb5b,,exact_duplicate_group_id:EXACT_TEXT_245167933538eb5b
62,2,1661,7478378820396221202,Neutral,EXACT_TEXT_536e77a2642b9789,EXACT_TEXT_536e77a2642b9789,,exact_duplicate_group_id:EXACT_TEXT_536e77a2642b9789
62,2,1665,7480337392688268037,Negative,EXACT_TEXT_d3d7bdc03411ab3f,EXACT_TEXT_d3d7bdc03411ab3f,,exact_duplicate_group_id:EXACT_TEXT_d3d7bdc03411ab3f
62,2,1672,7491351347019973431,Neutral,EXACT_TEXT_e8689c771376efe6,EXACT_TEXT_e8689c771376efe6,,exact_duplicate_group_id:EXACT_TEXT_e8689c771376efe6
62,2,1678,7495519744498746119,Positive,EXACT_TEXT_211ce1586797d35e,EXACT_TEXT_211ce1586797d35e,,exact_duplicate_group_id:EXACT_TEXT_211ce1586797d35e
62,2,1699,7509803015462273800,Negative,EXACT_TEXT_556b3290dc20d5c3,EXACT_TEXT_556b3290dc20d5c3,,exact_duplicate_group_id:EXACT_TEXT_556b3290dc20d5c3
62,2,1706,7516877118471766801,Negative,EXACT_TEXT_3ab6720714ca59ce,EXACT_TEXT_3ab6720714ca59ce,,exact_duplicate_group_id:EXACT_TEXT_3ab6720714ca59ce
62,2,1722,7534596875879039761,Negative,EXACT_TEXT_dc63b8417323b070,EXACT_TEXT_dc63b8417323b070,,exact_duplicate_group_id:EXACT_TEXT_dc63b8417323b070
62,2,1723,7534860110444118791,Negative,EXACT_TEXT_3b34c751ea1206ac,EXACT_TEXT_3b34c751ea1206ac,,exact_duplicate_group_id:EXACT_TEXT_3b34c751ea1206ac
62,2,1725,7536016760194368264,Positive,EXACT_TEXT_613a019383344c0f,EXACT_TEXT_613a019383344c0f,,exact_duplicate_group_id:EXACT_TEXT_613a019383344c0f
62,2,1732,7542259660112610066,Negative,EXACT_TEXT_4e4a23e1d70f8aa0,EXACT_TEXT_4e4a23e1d70f8aa0,,exact_duplicate_group_id:EXACT_TEXT_4e4a23e1d70f8aa0
62,2,1734,7543158366038852360,Negative,EXACT_TEXT_855cf811c03bfc35,EXACT_TEXT_855cf811c03bfc35,,exact_duplicate_group_id:EXACT_TEXT_855cf811c03bfc35
62,2,1743,7552521249004815112,Positive,EXACT_TEXT_60c7392aed8272df,EXACT_TEXT_60c7392aed8272df,,exact_duplicate_group_id:EXACT_TEXT_60c7392aed8272df
62,2,1745,7555428929714242305,Positive,EXACT_TEXT_ddc3135ea7575946,EXACT_TEXT_ddc3135ea7575946,,exact_duplicate_group_id:EXACT_TEXT_ddc3135ea7575946
62,2,1753,7572567481916310279,Positive,EXACT_TEXT_efcd78a798443614,EXACT_TEXT_efcd78a798443614,,exact_duplicate_group_id:EXACT_TEXT_efcd78a798443614
62,2,1762,7584404491761861383,Positive,EXACT_TEXT_512498c720f9a43e,EXACT_TEXT_512498c720f9a43e,,exact_duplicate_group_id:EXACT_TEXT_512498c720f9a43e
62,2,1773,7590983102874501889,Neutral,EXACT_GROUP_00168,EXACT_GROUP_00168,SIM_CLUSTER_00114,near_duplicate_cluster_id:SIM_CLUSTER_00114
62,2,1779,7596243763569050369,Neutral,EXACT_TEXT_6ba4482faf5201fc,EXACT_TEXT_6ba4482faf5201fc,,exact_duplicate_group_id:EXACT_TEXT_6ba4482faf5201fc
62,2,1786,7596276325607637780,Positive,EXACT_TEXT_a87baadd2542b0d4,EXACT_TEXT_a87baadd2542b0d4,,exact_duplicate_group_id:EXACT_TEXT_a87baadd2542b0d4
62,2,1787,7596289638657114897,Positive,EXACT_TEXT_3320468259f8b0e2,EXACT_TEXT_3320468259f8b0e2,,exact_duplicate_group_id:EXACT_TEXT_3320468259f8b0e2
62,2,1790,7596491512835179272,Positive,EXACT_TEXT_23ba3e7eb0378907,EXACT_TEXT_23ba3e7eb0378907,,exact_duplicate_group_id:EXACT_TEXT_23ba3e7eb0378907
62,2,1803,7599111939948839700,Neutral,EXACT_TEXT_2a47f4d72ebfad40,EXACT_TEXT_2a47f4d72ebfad40,,exact_duplicate_group_id:EXACT_TEXT_2a47f4d72ebfad40
62,2,1806,7599923304773976839,Neutral,EXACT_TEXT_351dfa08a8f7c036,EXACT_TEXT_351dfa08a8f7c036,,exact_duplicate_group_id:EXACT_TEXT_351dfa08a8f7c036
62,2,1808,7600044354103313170,Positive,EXACT_TEXT_eb9d5950f070cbda,EXACT_TEXT_eb9d5950f070cbda,,exact_duplicate_group_id:EXACT_TEXT_eb9d5950f070cbda
62,2,1809,7600050056381809429,Negative,EXACT_TEXT_1ac7b7fa47d52360,EXACT_TEXT_1ac7b7fa47d52360,,exact_duplicate_group_id:EXACT_TEXT_1ac7b7fa47d52360
62,3,0,1078358560377612835,Positive,EXACT_TEXT_2904127a70d83282,EXACT_TEXT_2904127a70d83282,SIM_CLUSTER_00271,near_duplicate_cluster_id:SIM_CLUSTER_00271
62,3,4,4116937556682421084,Positive,EXACT_GROUP_00839,EXACT_GROUP_00839,SIM_CLUSTER_00271,near_duplicate_cluster_id:SIM_CLUSTER_00271
62,3,22,7185353867247911706,Positive,EXACT_TEXT_467ff90148cce9e9,EXACT_TEXT_467ff90148cce9e9,,exact_duplicate_group_id:EXACT_TEXT_467ff90148cce9e9
62,3,28,7200692561793991451,Neutral,EXACT_TEXT_b3780664904d58fb,EXACT_TEXT_b3780664904d58fb,,exact_duplicate_group_id:EXACT_TEXT_b3780664904d58fb
62,3,32,7205454395553956635,Positive,EXACT_TEXT_e6bdcaaf5462530d,EXACT_TEXT_e6bdcaaf5462530d,,exact_duplicate_group_id:EXACT_TEXT_e6bdcaaf5462530d
62,3,63,7229876787517260570,Positive,EXACT_TEXT_8b9c3aa3c51c730c,EXACT_TEXT_8b9c3aa3c51c730c,,exact_duplicate_group_id:EXACT_TEXT_8b9c3aa3c51c730c
62,3,80,7287764800321405702,Positive,EXACT_TEXT_f7a5a7b9ca999819,EXACT_TEXT_f7a5a7b9ca999819,,exact_duplicate_group_id:EXACT_TEXT_f7a5a7b9ca999819
62,3,82,7292203062491874053,Positive,EXACT_TEXT_00c187361a7c6948,EXACT_TEXT_00c187361a7c6948,,exact_duplicate_group_id:EXACT_TEXT_00c187361a7c6948
62,3,84,7308335086637122310,Neutral,EXACT_TEXT_e4210b3a3d50557f,EXACT_TEXT_e4210b3a3d50557f,,exact_duplicate_group_id:EXACT_TEXT_e4210b3a3d50557f
62,3,87,7312025646363722502,Neutral,EXACT_TEXT_6789abc6a6a1a1ec,EXACT_TEXT_6789abc6a6a1a1ec,,exact_duplicate_group_id:EXACT_TEXT_6789abc6a6a1a1ec
62,3,88,7312026058579624709,Negative,EXACT_TEXT_a15cd77bf7692dd4,EXACT_TEXT_a15cd77bf7692dd4,,exact_duplicate_group_id:EXACT_TEXT_a15cd77bf7692dd4
62,3,92,7312063390166713093,Neutral,EXACT_TEXT_c7719a2b1d04a780,EXACT_TEXT_c7719a2b1d04a780,,exact_duplicate_group_id:EXACT_TEXT_c7719a2b1d04a780
62,3,93,7312070282369745666,Positive,EXACT_TEXT_ec8375212ae42472,EXACT_TEXT_ec8375212ae42472,,exact_duplicate_group_id:EXACT_TEXT_ec8375212ae42472
62,3,95,7312079393421067013,Negative,EXACT_TEXT_ebe4403b360cb646,EXACT_TEXT_ebe4403b360cb646,,exact_duplicate_group_id:EXACT_TEXT_ebe4403b360cb646
62,3,98,7312431204807574278,Neutral,EXACT_TEXT_97821a1fe6fdfebd,EXACT_TEXT_97821a1fe6fdfebd,,exact_duplicate_group_id:EXACT_TEXT_97821a1fe6fdfebd
62,3,100,7312979944723677958,Neutral,EXACT_TEXT_ef9f2b3e6e7ca914,EXACT_TEXT_ef9f2b3e6e7ca914,,exact_duplicate_group_id:EXACT_TEXT_ef9f2b3e6e7ca914
62,3,102,7313555388275376901,Neutral,EXACT_TEXT_50ea86285541137c,EXACT_TEXT_50ea86285541137c,,exact_duplicate_group_id:EXACT_TEXT_50ea86285541137c
62,3,121,7320121300960822021,Neutral,EXACT_TEXT_0179b37fbe76d375,EXACT_TEXT_0179b37fbe76d375,,exact_duplicate_group_id:EXACT_TEXT_0179b37fbe76d375
62,3,138,7327069054786601733,Neutral,EXACT_TEXT_a9b6997549f4f051,EXACT_TEXT_a9b6997549f4f051,,exact_duplicate_group_id:EXACT_TEXT_a9b6997549f4f051
62,3,139,7327474378933158662,Neutral,EXACT_TEXT_aba76b37077669d3,EXACT_TEXT_aba76b37077669d3,,exact_duplicate_group_id:EXACT_TEXT_aba76b37077669d3
62,3,142,7329777098683826949,Neutral,EXACT_TEXT_08f788edb61d8884,EXACT_TEXT_08f788edb61d8884,,exact_duplicate_group_id:EXACT_TEXT_08f788edb61d8884
62,3,144,7330277470593417989,Neutral,EXACT_TEXT_c5bf3a89f66ce11e,EXACT_TEXT_c5bf3a89f66ce11e,,exact_duplicate_group_id:EXACT_TEXT_c5bf3a89f66ce11e
62,3,146,7330626840119673605,Neutral,EXACT_TEXT_5c2c60ea7315fd1a,EXACT_TEXT_5c2c60ea7315fd1a,,exact_duplicate_group_id:EXACT_TEXT_5c2c60ea7315fd1a
62,3,148,7331151541480784645,Negative,EXACT_TEXT_7b09bdeeb20be4d2,EXACT_TEXT_7b09bdeeb20be4d2,,exact_duplicate_group_id:EXACT_TEXT_7b09bdeeb20be4d2
62,3,149,7333985166328873746,Negative,EXACT_TEXT_7c6386537f178573,EXACT_TEXT_7c6386537f178573,,exact_duplicate_group_id:EXACT_TEXT_7c6386537f178573
62,3,157,7340244606807933702,Neutral,EXACT_TEXT_ce6707ff8d58fa8f,EXACT_TEXT_ce6707ff8d58fa8f,,exact_duplicate_group_id:EXACT_TEXT_ce6707ff8d58fa8f
62,3,161,7341041442758378246,Positive,EXACT_TEXT_ccf9b91f4008ee6c,EXACT_TEXT_ccf9b91f4008ee6c,,exact_duplicate_group_id:EXACT_TEXT_ccf9b91f4008ee6c
62,3,165,7343196983215817478,Negative,EXACT_TEXT_34dce4186e0550a8,EXACT_TEXT_34dce4186e0550a8,,exact_duplicate_group_id:EXACT_TEXT_34dce4186e0550a8
62,3,173,7350419864765629190,Neutral,EXACT_TEXT_3832e5939c0d6b7d,EXACT_TEXT_3832e5939c0d6b7d,,exact_duplicate_group_id:EXACT_TEXT_3832e5939c0d6b7d
62,3,179,7357754286313407237,Neutral,EXACT_TEXT_1902a5aa33434593,EXACT_TEXT_1902a5aa33434593,,exact_duplicate_group_id:EXACT_TEXT_1902a5aa33434593
62,3,180,7357755451231240966,Neutral,EXACT_TEXT_e367e0ffd8a48a33,EXACT_TEXT_e367e0ffd8a48a33,,exact_duplicate_group_id:EXACT_TEXT_e367e0ffd8a48a33
62,3,181,7357787611900101382,Positive,EXACT_TEXT_c41a1337eeef0c5a,EXACT_TEXT_c41a1337eeef0c5a,,exact_duplicate_group_id:EXACT_TEXT_c41a1337eeef0c5a
62,3,182,7357795529356477190,Neutral,EXACT_TEXT_794e7dfd8690fd07,EXACT_TEXT_794e7dfd8690fd07,,exact_duplicate_group_id:EXACT_TEXT_794e7dfd8690fd07
62,3,188,7357919904164758277,Neutral,EXACT_TEXT_5993ebb16a0d1d7c,EXACT_TEXT_5993ebb16a0d1d7c,,exact_duplicate_group_id:EXACT_TEXT_5993ebb16a0d1d7c
62,3,197,7358017720413651717,Neutral,EXACT_TEXT_1b461358bdd343d1,EXACT_TEXT_1b461358bdd343d1,,exact_duplicate_group_id:EXACT_TEXT_1b461358bdd343d1
62,3,202,7358272857816072965,Neutral,EXACT_TEXT_79eeab256c27e640,EXACT_TEXT_79eeab256c27e640,,exact_duplicate_group_id:EXACT_TEXT_79eeab256c27e640
62,3,213,7359049180055520006,Neutral,EXACT_TEXT_40c448dd10506319,EXACT_TEXT_40c448dd10506319,,exact_duplicate_group_id:EXACT_TEXT_40c448dd10506319
62,3,221,7360194937886130949,Neutral,EXACT_TEXT_35d78c0283d1200c,EXACT_TEXT_35d78c0283d1200c,,exact_duplicate_group_id:EXACT_TEXT_35d78c0283d1200c
62,3,222,7360198958050935558,Negative,EXACT_TEXT_c2cfe40df0f35372,EXACT_TEXT_c2cfe40df0f35372,,exact_duplicate_group_id:EXACT_TEXT_c2cfe40df0f35372
62,3,223,7360260178366743301,Neutral,EXACT_TEXT_ad8c5ec28c4c9914,EXACT_TEXT_ad8c5ec28c4c9914,,exact_duplicate_group_id:EXACT_TEXT_ad8c5ec28c4c9914
62,3,224,7360292609473200902,Neutral,EXACT_TEXT_30faa5ba5c98e2be,EXACT_TEXT_30faa5ba5c98e2be,,exact_duplicate_group_id:EXACT_TEXT_30faa5ba5c98e2be
62,3,227,7362759977041675013,Neutral,EXACT_TEXT_d56b57e9fddab7c1,EXACT_TEXT_d56b57e9fddab7c1,,exact_duplicate_group_id:EXACT_TEXT_d56b57e9fddab7c1
62,3,234,7366216602360857349,Positive,EXACT_TEXT_a9a53433b3a0840a,EXACT_TEXT_a9a53433b3a0840a,,exact_duplicate_group_id:EXACT_TEXT_a9a53433b3a0840a
62,3,237,7371392504329667335,Positive,EXACT_TEXT_53f50c4d0e27ce6d,EXACT_TEXT_53f50c4d0e27ce6d,,exact_duplicate_group_id:EXACT_TEXT_53f50c4d0e27ce6d
62,3,239,7372944638439162629,Negative,EXACT_TEXT_93c071f5caed1e9e,EXACT_TEXT_93c071f5caed1e9e,,exact_duplicate_group_id:EXACT_TEXT_93c071f5caed1e9e
62,3,251,7378571864202871558,Positive,EXACT_TEXT_cc8a16a5e3c203d8,EXACT_TEXT_cc8a16a5e3c203d8,,exact_duplicate_group_id:EXACT_TEXT_cc8a16a5e3c203d8
62,3,258,7384704331185275653,Negative,EXACT_TEXT_0d962581a8c730b4,EXACT_TEXT_0d962581a8c730b4,,exact_duplicate_group_id:EXACT_TEXT_0d962581a8c730b4
62,3,259,7385185627312390918,Neutral,EXACT_TEXT_db74ed8e14543575,EXACT_TEXT_db74ed8e14543575,,exact_duplicate_group_id:EXACT_TEXT_db74ed8e14543575
62,3,262,7385454151532036870,Neutral,EXACT_TEXT_30859c1c1d2803ee,EXACT_TEXT_30859c1c1d2803ee,,exact_duplicate_group_id:EXACT_TEXT_30859c1c1d2803ee
62,3,270,7388517004779143942,Neutral,EXACT_TEXT_d581f771bb56c1eb,EXACT_TEXT_d581f771bb56c1eb,SIM_CLUSTER_00033,near_duplicate_cluster_id:SIM_CLUSTER_00033
62,3,271,7388550852934189829,Neutral,EXACT_TEXT_ea30ef7b2bac8db0,EXACT_TEXT_ea30ef7b2bac8db0,,exact_duplicate_group_id:EXACT_TEXT_ea30ef7b2bac8db0
62,3,280,7397229527270867718,Neutral,EXACT_TEXT_3b933b2952ec5573,EXACT_TEXT_3b933b2952ec5573,,exact_duplicate_group_id:EXACT_TEXT_3b933b2952ec5573
62,3,285,7398020138375299856,Neutral,EXACT_TEXT_bc5d9ac7ede39892,EXACT_TEXT_bc5d9ac7ede39892,SIM_CLUSTER_01036,near_duplicate_cluster_id:SIM_CLUSTER_01036
62,3,287,7398146064732160774,Neutral,EXACT_TEXT_1963562310321602,EXACT_TEXT_1963562310321602,,exact_duplicate_group_id:EXACT_TEXT_1963562310321602
62,3,290,7398888704423740166,Neutral,EXACT_TEXT_8ce96a6b619db19a,EXACT_TEXT_8ce96a6b619db19a,,exact_duplicate_group_id:EXACT_TEXT_8ce96a6b619db19a
62,3,292,7399732216680743686,Neutral,EXACT_TEXT_4486305b1ccdd90f,EXACT_TEXT_4486305b1ccdd90f,,exact_duplicate_group_id:EXACT_TEXT_4486305b1ccdd90f
62,3,296,7403753825418871558,Neutral,EXACT_TEXT_c4410bf3db7db9d2,EXACT_TEXT_c4410bf3db7db9d2,,exact_duplicate_group_id:EXACT_TEXT_c4410bf3db7db9d2
62,3,302,7409069596854076166,Neutral,EXACT_TEXT_23bdf6b84b37853d,EXACT_TEXT_23bdf6b84b37853d,,exact_duplicate_group_id:EXACT_TEXT_23bdf6b84b37853d
62,3,308,7414920277508850438,Positive,EXACT_TEXT_e17a269f5bf597dc,EXACT_TEXT_e17a269f5bf597dc,,exact_duplicate_group_id:EXACT_TEXT_e17a269f5bf597dc
62,3,321,7421366340701586181,Negative,EXACT_TEXT_cccbadb4e4161997,EXACT_TEXT_cccbadb4e4161997,,exact_duplicate_group_id:EXACT_TEXT_cccbadb4e4161997
62,3,328,7422129577525461765,Negative,EXACT_TEXT_8583c946e3e473e7,EXACT_TEXT_8583c946e3e473e7,,exact_duplicate_group_id:EXACT_TEXT_8583c946e3e473e7
62,3,330,7422322317295354629,Negative,EXACT_TEXT_2dea883181d73152,EXACT_TEXT_2dea883181d73152,,exact_duplicate_group_id:EXACT_TEXT_2dea883181d73152
62,3,331,7422440553240249094,Positive,EXACT_TEXT_e75ec06301731921,EXACT_TEXT_e75ec06301731921,,exact_duplicate_group_id:EXACT_TEXT_e75ec06301731921
62,3,336,7422925531873542918,Negative,EXACT_TEXT_27c20729be0fe1f0,EXACT_TEXT_27c20729be0fe1f0,,exact_duplicate_group_id:EXACT_TEXT_27c20729be0fe1f0
62,3,344,7425109593426281221,Negative,EXACT_TEXT_2db3a47a345cd4c1,EXACT_TEXT_2db3a47a345cd4c1,,exact_duplicate_group_id:EXACT_TEXT_2db3a47a345cd4c1
62,3,346,7425255870156964613,Negative,EXACT_TEXT_b8826c261123ded6,EXACT_TEXT_b8826c261123ded6,,exact_duplicate_group_id:EXACT_TEXT_b8826c261123ded6
62,3,347,7425309656337498885,Neutral,EXACT_TEXT_ffde4a3e6fb6dde8,EXACT_TEXT_ffde4a3e6fb6dde8,,exact_duplicate_group_id:EXACT_TEXT_ffde4a3e6fb6dde8
62,3,354,7428581743287141126,Negative,EXACT_TEXT_05c6144ad1960ffc,EXACT_TEXT_05c6144ad1960ffc,,exact_duplicate_group_id:EXACT_TEXT_05c6144ad1960ffc
62,3,355,7428589260124898054,Negative,EXACT_TEXT_48899a0f0e437adf,EXACT_TEXT_48899a0f0e437adf,,exact_duplicate_group_id:EXACT_TEXT_48899a0f0e437adf
62,3,357,7428889060893377285,Neutral,EXACT_TEXT_afd63fa533b8014a,EXACT_TEXT_afd63fa533b8014a,,exact_duplicate_group_id:EXACT_TEXT_afd63fa533b8014a
62,3,359,7429343019331863314,Neutral,EXACT_TEXT_94385e82a172d8ba,EXACT_TEXT_94385e82a172d8ba,,exact_duplicate_group_id:EXACT_TEXT_94385e82a172d8ba
62,3,369,7430768733067723525,Negative,EXACT_TEXT_271e803d8811d73b,EXACT_TEXT_271e803d8811d73b,,exact_duplicate_group_id:EXACT_TEXT_271e803d8811d73b
62,3,370,7430787814322995985,Neutral,EXACT_TEXT_b397ed557f5ec1c1,EXACT_TEXT_b397ed557f5ec1c1,,exact_duplicate_group_id:EXACT_TEXT_b397ed557f5ec1c1
62,3,375,7432588097660093189,Neutral,EXACT_TEXT_7e907b3aea93e574,EXACT_TEXT_7e907b3aea93e574,SIM_CLUSTER_00452,near_duplicate_cluster_id:SIM_CLUSTER_00452
62,3,378,7433353437812753170,Neutral,EXACT_TEXT_697915f85bc78628,EXACT_TEXT_697915f85bc78628,,exact_duplicate_group_id:EXACT_TEXT_697915f85bc78628
62,3,386,7439889454377403152,Neutral,EXACT_TEXT_51532adca687a845,EXACT_TEXT_51532adca687a845,,exact_duplicate_group_id:EXACT_TEXT_51532adca687a845
62,3,398,7452588865166967560,Neutral,EXACT_TEXT_21685867538eee6c,EXACT_TEXT_21685867538eee6c,,exact_duplicate_group_id:EXACT_TEXT_21685867538eee6c
62,3,404,7457089687733142280,Negative,EXACT_TEXT_770883e6662851db,EXACT_TEXT_770883e6662851db,,exact_duplicate_group_id:EXACT_TEXT_770883e6662851db
62,3,407,7458235264864649989,Neutral,EXACT_TEXT_b5be502f516f68e9,EXACT_TEXT_b5be502f516f68e9,,exact_duplicate_group_id:EXACT_TEXT_b5be502f516f68e9
62,3,411,7460645723416118021,Negative,EXACT_TEXT_1287fea887371eee,EXACT_TEXT_1287fea887371eee,,exact_duplicate_group_id:EXACT_TEXT_1287fea887371eee
62,3,420,7470516782697775878,Negative,EXACT_TEXT_f64cda53296cd30b,EXACT_TEXT_f64cda53296cd30b,,exact_duplicate_group_id:EXACT_TEXT_f64cda53296cd30b
62,3,422,7471587154696749841,Neutral,EXACT_TEXT_e819568a59baa4b9,EXACT_TEXT_e819568a59baa4b9,,exact_duplicate_group_id:EXACT_TEXT_e819568a59baa4b9
62,3,426,7475278462405542677,Negative,EXACT_TEXT_406d189bf0ef6501,EXACT_TEXT_406d189bf0ef6501,,exact_duplicate_group_id:EXACT_TEXT_406d189bf0ef6501
62,3,431,7479242775281124114,Negative,EXACT_TEXT_bfb3e89704c78318,EXACT_TEXT_bfb3e89704c78318,,exact_duplicate_group_id:EXACT_TEXT_bfb3e89704c78318
62,3,433,7488801375967560456,Neutral,EXACT_TEXT_1564cdc235f98f25,EXACT_TEXT_1564cdc235f98f25,,exact_duplicate_group_id:EXACT_TEXT_1564cdc235f98f25
62,3,448,7520828754064802568,Negative,EXACT_TEXT_29bbb9e4f5b24325,EXACT_TEXT_29bbb9e4f5b24325,,exact_duplicate_group_id:EXACT_TEXT_29bbb9e4f5b24325
62,3,449,7522470465038746376,Neutral,EXACT_TEXT_93d489909d71c91e,EXACT_TEXT_93d489909d71c91e,,exact_duplicate_group_id:EXACT_TEXT_93d489909d71c91e
62,3,450,7525614709035303688,Negative,EXACT_TEXT_cf1164fceb7ea2c6,EXACT_TEXT_cf1164fceb7ea2c6,,exact_duplicate_group_id:EXACT_TEXT_cf1164fceb7ea2c6
62,3,451,7526059026929861383,Neutral,EXACT_TEXT_47e9360ebc8a127a,EXACT_TEXT_47e9360ebc8a127a,,exact_duplicate_group_id:EXACT_TEXT_47e9360ebc8a127a
62,3,453,7529497235211502354,Neutral,EXACT_TEXT_1e15287ba85521d7,EXACT_TEXT_1e15287ba85521d7,,exact_duplicate_group_id:EXACT_TEXT_1e15287ba85521d7
62,3,461,7544171519753962258,Negative,EXACT_TEXT_8a800124440eadb9,EXACT_TEXT_8a800124440eadb9,,exact_duplicate_group_id:EXACT_TEXT_8a800124440eadb9
62,3,462,7544519747158508295,Positive,EXACT_TEXT_a289809b6b0ccf53,EXACT_TEXT_a289809b6b0ccf53,,exact_duplicate_group_id:EXACT_TEXT_a289809b6b0ccf53
62,3,470,7569844570143671058,Neutral,EXACT_TEXT_2e7fe82e7575103f,EXACT_TEXT_2e7fe82e7575103f,,exact_duplicate_group_id:EXACT_TEXT_2e7fe82e7575103f
62,3,472,7572798974701716232,Neutral,EXACT_TEXT_98c61165a7ac0a79,EXACT_TEXT_98c61165a7ac0a79,,exact_duplicate_group_id:EXACT_TEXT_98c61165a7ac0a79
62,3,474,7580331590564692754,Negative,EXACT_TEXT_e3d7ce0b78212925,EXACT_TEXT_e3d7ce0b78212925,,exact_duplicate_group_id:EXACT_TEXT_e3d7ce0b78212925
62,3,478,7586883949931430677,Negative,EXACT_TEXT_56de62dfb18defad,EXACT_TEXT_56de62dfb18defad,,exact_duplicate_group_id:EXACT_TEXT_56de62dfb18defad
62,3,493,7587050897827775249,Positive,EXACT_TEXT_bb5f7281db464b4d,EXACT_TEXT_bb5f7281db464b4d,,exact_duplicate_group_id:EXACT_TEXT_bb5f7281db464b4d
62,3,497,7587090378680926993,Neutral,EXACT_TEXT_d2be853aff954f52,EXACT_TEXT_d2be853aff954f52,,exact_duplicate_group_id:EXACT_TEXT_d2be853aff954f52
62,3,499,7587284554609050388,Positive,EXACT_TEXT_8f70ec3784af7f85,EXACT_TEXT_8f70ec3784af7f85,,exact_duplicate_group_id:EXACT_TEXT_8f70ec3784af7f85
62,3,503,7587404469648032513,Negative,EXACT_TEXT_bddde06e863183a1,EXACT_TEXT_bddde06e863183a1,,exact_duplicate_group_id:EXACT_TEXT_bddde06e863183a1
62,3,512,7596245404438561552,Positive,EXACT_TEXT_70bb756479e987ad,EXACT_TEXT_70bb756479e987ad,,exact_duplicate_group_id:EXACT_TEXT_70bb756479e987ad
62,3,513,7596247171654419208,Positive,EXACT_TEXT_e6a5a6bd2919fd8e,EXACT_TEXT_e6a5a6bd2919fd8e,,exact_duplicate_group_id:EXACT_TEXT_e6a5a6bd2919fd8e
62,3,514,7596248705314472711,Neutral,EXACT_TEXT_ffddb342d973e5e9,EXACT_TEXT_ffddb342d973e5e9,,exact_duplicate_group_id:EXACT_TEXT_ffddb342d973e5e9
62,3,519,7596258896651600660,Positive,EXACT_TEXT_60464650adfa6c0d,EXACT_TEXT_60464650adfa6c0d,,exact_duplicate_group_id:EXACT_TEXT_60464650adfa6c0d
62,3,534,7609304634448429844,Neutral,EXACT_TEXT_2d37c22cf5ae08a0,EXACT_TEXT_2d37c22cf5ae08a0,,exact_duplicate_group_id:EXACT_TEXT_2d37c22cf5ae08a0
62,3,541,7923745513561139603,Positive,EXACT_GROUP_00297,EXACT_GROUP_00297,SIM_CLUSTER_00321,near_duplicate_cluster_id:SIM_CLUSTER_00321
62,3,543,8408552461890601760,Positive,EXACT_GROUP_00627,EXACT_GROUP_00627,SIM_CLUSTER_00181,near_duplicate_cluster_id:SIM_CLUSTER_00181
62,3,555,7134636339097961242,Negative,EXACT_TEXT_8e63aa02e58b4d1d,EXACT_TEXT_8e63aa02e58b4d1d,,exact_duplicate_group_id:EXACT_TEXT_8e63aa02e58b4d1d
62,3,557,7137181518074626842,Neutral,EXACT_TEXT_4c1bcc52d55a05a3,EXACT_TEXT_4c1bcc52d55a05a3,,exact_duplicate_group_id:EXACT_TEXT_4c1bcc52d55a05a3
62,3,577,7180737424883598107,Negative,EXACT_TEXT_0c6b4090dab74f51,EXACT_TEXT_0c6b4090dab74f51,,exact_duplicate_group_id:EXACT_TEXT_0c6b4090dab74f51
62,3,581,7185409378600846106,Positive,EXACT_TEXT_87324a1225133496,EXACT_TEXT_87324a1225133496,,exact_duplicate_group_id:EXACT_TEXT_87324a1225133496
62,3,582,7185791161751421723,Positive,EXACT_TEXT_9ef8d27b5c1f5bb1,EXACT_TEXT_9ef8d27b5c1f5bb1,SIM_CLUSTER_00789,near_duplicate_cluster_id:SIM_CLUSTER_00789
62,3,595,7202226054491570971,Neutral,EXACT_TEXT_0a78877d547be1fe,EXACT_TEXT_0a78877d547be1fe,,exact_duplicate_group_id:EXACT_TEXT_0a78877d547be1fe
62,3,596,7202255841041416987,Positive,EXACT_TEXT_07c87085bc4e8a4f,EXACT_TEXT_07c87085bc4e8a4f,,exact_duplicate_group_id:EXACT_TEXT_07c87085bc4e8a4f
62,3,599,7204694928949117701,Neutral,EXACT_TEXT_ee67c96c7ed3bbe3,EXACT_TEXT_ee67c96c7ed3bbe3,,exact_duplicate_group_id:EXACT_TEXT_ee67c96c7ed3bbe3
62,3,611,7208168045260374810,Negative,EXACT_TEXT_a1937da611b17a0c,EXACT_TEXT_a1937da611b17a0c,,exact_duplicate_group_id:EXACT_TEXT_a1937da611b17a0c
62,3,630,7216428470203876122,Neutral,EXACT_GROUP_00542,EXACT_GROUP_00542,SIM_CLUSTER_00823,near_duplicate_cluster_id:SIM_CLUSTER_00823
62,3,636,7218311296340312859,Neutral,EXACT_TEXT_ced73e3d9a0c065b,EXACT_TEXT_ced73e3d9a0c065b,,exact_duplicate_group_id:EXACT_TEXT_ced73e3d9a0c065b
62,3,641,7222721190912787226,Neutral,EXACT_TEXT_46f3cc634f399814,EXACT_TEXT_46f3cc634f399814,,exact_duplicate_group_id:EXACT_TEXT_46f3cc634f399814
62,3,647,7224842807512695579,Neutral,EXACT_TEXT_419885779c620009,EXACT_TEXT_419885779c620009,,exact_duplicate_group_id:EXACT_TEXT_419885779c620009
62,3,651,7225649359907177243,Positive,EXACT_TEXT_3fec55dce520b775,EXACT_TEXT_3fec55dce520b775,SIM_CLUSTER_00101,near_duplicate_cluster_id:SIM_CLUSTER_00101
62,3,657,7225918882271609627,Neutral,EXACT_TEXT_90a3d3a23dd67b0a,EXACT_TEXT_90a3d3a23dd67b0a,,exact_duplicate_group_id:EXACT_TEXT_90a3d3a23dd67b0a
62,3,659,7225963884095718170,Negative,EXACT_TEXT_e06ebd4af3af00d0,EXACT_TEXT_e06ebd4af3af00d0,,exact_duplicate_group_id:EXACT_TEXT_e06ebd4af3af00d0
62,3,661,7226012461362774811,Positive,EXACT_TEXT_5904475c5784c5c2,EXACT_TEXT_5904475c5784c5c2,,exact_duplicate_group_id:EXACT_TEXT_5904475c5784c5c2
62,3,683,7229935099062797082,Negative,EXACT_TEXT_171c909c62d8bdb3,EXACT_TEXT_171c909c62d8bdb3,,exact_duplicate_group_id:EXACT_TEXT_171c909c62d8bdb3
62,3,684,7230433078505784091,Neutral,EXACT_TEXT_140381dd64b11868,EXACT_TEXT_140381dd64b11868,,exact_duplicate_group_id:EXACT_TEXT_140381dd64b11868
62,3,685,7231034468458087195,Positive,EXACT_TEXT_a4d7dde361644de9,EXACT_TEXT_a4d7dde361644de9,,exact_duplicate_group_id:EXACT_TEXT_a4d7dde361644de9
62,3,690,7233730400786236165,Positive,EXACT_TEXT_1075dca66fd39210,EXACT_TEXT_1075dca66fd39210,,exact_duplicate_group_id:EXACT_TEXT_1075dca66fd39210
62,3,701,7238802559727633158,Neutral,EXACT_TEXT_9e059f3ce28093fa,EXACT_TEXT_9e059f3ce28093fa,SIM_CLUSTER_00563,near_duplicate_cluster_id:SIM_CLUSTER_00563
62,3,706,7242529873284662021,Neutral,EXACT_TEXT_597b3e1a912f3f20,EXACT_TEXT_597b3e1a912f3f20,,exact_duplicate_group_id:EXACT_TEXT_597b3e1a912f3f20
62,3,722,7260872166195004165,Neutral,EXACT_TEXT_4a844dc55095ab0a,EXACT_TEXT_4a844dc55095ab0a,,exact_duplicate_group_id:EXACT_TEXT_4a844dc55095ab0a
62,3,727,7268619853929906949,Neutral,EXACT_TEXT_6eea2ffaf849395f,EXACT_TEXT_6eea2ffaf849395f,,exact_duplicate_group_id:EXACT_TEXT_6eea2ffaf849395f
62,3,729,7270353357990527762,Positive,EXACT_TEXT_66d161a79aa3d676,EXACT_TEXT_66d161a79aa3d676,,exact_duplicate_group_id:EXACT_TEXT_66d161a79aa3d676
62,3,733,7272341292688163590,Negative,EXACT_TEXT_eda16b93895cd230,EXACT_TEXT_eda16b93895cd230,,exact_duplicate_group_id:EXACT_TEXT_eda16b93895cd230
62,3,734,7272355687711048453,Negative,EXACT_TEXT_d4f3e031e05f665c,EXACT_TEXT_d4f3e031e05f665c,,exact_duplicate_group_id:EXACT_TEXT_d4f3e031e05f665c
62,3,745,7286490366832100101,Neutral,EXACT_TEXT_dabe28afc8c460c5,EXACT_TEXT_dabe28afc8c460c5,,exact_duplicate_group_id:EXACT_TEXT_dabe28afc8c460c5
62,3,748,7287151610533774086,Positive,EXACT_TEXT_4316b5190481aba5,EXACT_TEXT_4316b5190481aba5,,exact_duplicate_group_id:EXACT_TEXT_4316b5190481aba5
62,3,753,7289040672462734086,Positive,EXACT_TEXT_7ab3d1c2915ab278,EXACT_TEXT_7ab3d1c2915ab278,,exact_duplicate_group_id:EXACT_TEXT_7ab3d1c2915ab278
62,3,759,7291901186143716101,Positive,EXACT_TEXT_34d71aa9f7732945,EXACT_TEXT_34d71aa9f7732945,,exact_duplicate_group_id:EXACT_TEXT_34d71aa9f7732945
62,3,764,7297123146443834118,Neutral,EXACT_TEXT_fe1df179efa6f209,EXACT_TEXT_fe1df179efa6f209,,exact_duplicate_group_id:EXACT_TEXT_fe1df179efa6f209
62,3,766,7303431527675773702,Neutral,EXACT_TEXT_92d641b1331cadbd,EXACT_TEXT_92d641b1331cadbd,,exact_duplicate_group_id:EXACT_TEXT_92d641b1331cadbd
62,3,768,7306379052428231429,Neutral,EXACT_TEXT_9642c1fa0d01fb3c,EXACT_TEXT_9642c1fa0d01fb3c,,exact_duplicate_group_id:EXACT_TEXT_9642c1fa0d01fb3c
62,3,775,7309674419907199750,Neutral,EXACT_TEXT_e3718483f12cf720,EXACT_TEXT_e3718483f12cf720,,exact_duplicate_group_id:EXACT_TEXT_e3718483f12cf720
62,3,779,7312040556920701701,Positive,EXACT_TEXT_d93e92ec8beaad1a,EXACT_TEXT_d93e92ec8beaad1a,,exact_duplicate_group_id:EXACT_TEXT_d93e92ec8beaad1a
62,3,780,7312046544307749638,Positive,EXACT_TEXT_9133e06f805f68c6,EXACT_TEXT_9133e06f805f68c6,,exact_duplicate_group_id:EXACT_TEXT_9133e06f805f68c6
62,3,781,7312061500301165318,Neutral,EXACT_TEXT_3e03271335a1477c,EXACT_TEXT_3e03271335a1477c,,exact_duplicate_group_id:EXACT_TEXT_3e03271335a1477c
62,3,787,7312664590319010566,Neutral,EXACT_TEXT_6c114ececd031ba4,EXACT_TEXT_6c114ececd031ba4,,exact_duplicate_group_id:EXACT_TEXT_6c114ececd031ba4
62,3,789,7313504132902961925,Neutral,EXACT_TEXT_176931edbaad8a45,EXACT_TEXT_176931edbaad8a45,,exact_duplicate_group_id:EXACT_TEXT_176931edbaad8a45
62,3,792,7313755585337885445,Neutral,EXACT_TEXT_68166a169d59af93,EXACT_TEXT_68166a169d59af93,,exact_duplicate_group_id:EXACT_TEXT_68166a169d59af93
62,3,803,7315263379428475653,Positive,EXACT_TEXT_d657f660493984b8,EXACT_TEXT_d657f660493984b8,SIM_CLUSTER_00918,near_duplicate_cluster_id:SIM_CLUSTER_00918
62,3,806,7316802960310190854,Positive,EXACT_TEXT_ec5ec323099c2c74,EXACT_TEXT_ec5ec323099c2c74,,exact_duplicate_group_id:EXACT_TEXT_ec5ec323099c2c74
62,3,813,7318352585093268229,Negative,EXACT_TEXT_e63129350d481473,EXACT_TEXT_e63129350d481473,,exact_duplicate_group_id:EXACT_TEXT_e63129350d481473
62,3,814,7318356644894393093,Neutral,EXACT_TEXT_5c4c9952c7aa5fcb,EXACT_TEXT_5c4c9952c7aa5fcb,,exact_duplicate_group_id:EXACT_TEXT_5c4c9952c7aa5fcb
62,3,819,7320162152375272197,Positive,EXACT_TEXT_15232756194bd576,EXACT_TEXT_15232756194bd576,,exact_duplicate_group_id:EXACT_TEXT_15232756194bd576
62,3,820,7320162781801333510,Positive,EXACT_TEXT_48964f92db6868ca,EXACT_TEXT_48964f92db6868ca,SIM_CLUSTER_00926,near_duplicate_cluster_id:SIM_CLUSTER_00926
62,3,821,7320255643405861637,Negative,EXACT_TEXT_76f4dae46aed5531,EXACT_TEXT_76f4dae46aed5531,,exact_duplicate_group_id:EXACT_TEXT_76f4dae46aed5531
62,3,824,7320571211875091205,Neutral,EXACT_TEXT_4b8164229f5b5dc1,EXACT_TEXT_4b8164229f5b5dc1,,exact_duplicate_group_id:EXACT_TEXT_4b8164229f5b5dc1
62,3,825,7320764045106447110,Neutral,EXACT_TEXT_e0333182f07364e1,EXACT_TEXT_e0333182f07364e1,,exact_duplicate_group_id:EXACT_TEXT_e0333182f07364e1
62,3,826,7320804847677326086,Neutral,EXACT_TEXT_7708a84eeb9fcf42,EXACT_TEXT_7708a84eeb9fcf42,,exact_duplicate_group_id:EXACT_TEXT_7708a84eeb9fcf42
62,3,835,7324302293402403589,Positive,EXACT_TEXT_9821276f25cf3b3e,EXACT_TEXT_9821276f25cf3b3e,,exact_duplicate_group_id:EXACT_TEXT_9821276f25cf3b3e
62,3,839,7326464247525311238,Neutral,EXACT_GROUP_00386,EXACT_GROUP_00386,SIM_CLUSTER_00033,near_duplicate_cluster_id:SIM_CLUSTER_00033
62,3,841,7327486312323515141,Neutral,EXACT_TEXT_bffe5fbf66c04d0f,EXACT_TEXT_bffe5fbf66c04d0f,,exact_duplicate_group_id:EXACT_TEXT_bffe5fbf66c04d0f
62,3,847,7329501900683559685,Negative,EXACT_TEXT_a9a1ed35ce437635,EXACT_TEXT_a9a1ed35ce437635,,exact_duplicate_group_id:EXACT_TEXT_a9a1ed35ce437635
62,3,859,7334319639118398213,Positive,EXACT_TEXT_06ae08e6db9ea2d1,EXACT_TEXT_06ae08e6db9ea2d1,,exact_duplicate_group_id:EXACT_TEXT_06ae08e6db9ea2d1
62,3,865,7337295339303109382,Neutral,EXACT_TEXT_695bea32be68d167,EXACT_TEXT_695bea32be68d167,,exact_duplicate_group_id:EXACT_TEXT_695bea32be68d167
62,3,869,7340855947600134917,Neutral,EXACT_GROUP_00386,EXACT_GROUP_00386,SIM_CLUSTER_00033,near_duplicate_cluster_id:SIM_CLUSTER_00033
62,3,874,7341040503327195909,Positive,EXACT_TEXT_d09143b757bd6e22,EXACT_TEXT_d09143b757bd6e22,,exact_duplicate_group_id:EXACT_TEXT_d09143b757bd6e22
62,3,891,7349521782313812741,Negative,EXACT_TEXT_b2820d5a1bc15f4b,EXACT_TEXT_b2820d5a1bc15f4b,,exact_duplicate_group_id:EXACT_TEXT_b2820d5a1bc15f4b
62,3,901,7356994325316125446,Neutral,EXACT_TEXT_1a6d5fad605cd06c,EXACT_TEXT_1a6d5fad605cd06c,,exact_duplicate_group_id:EXACT_TEXT_1a6d5fad605cd06c
62,3,913,7357913451079828229,Neutral,EXACT_TEXT_ef936539196cc838,EXACT_TEXT_ef936539196cc838,,exact_duplicate_group_id:EXACT_TEXT_ef936539196cc838
62,3,918,7357968994395243269,Positive,EXACT_TEXT_f39016be1d4cc14d,EXACT_TEXT_f39016be1d4cc14d,,exact_duplicate_group_id:EXACT_TEXT_f39016be1d4cc14d
62,3,933,7358412182881501958,Neutral,EXACT_TEXT_1d86c1511439b063,EXACT_TEXT_1d86c1511439b063,,exact_duplicate_group_id:EXACT_TEXT_1d86c1511439b063
62,3,935,7358622222871659270,Neutral,EXACT_TEXT_786f8f0b4a83de44,EXACT_TEXT_786f8f0b4a83de44,,exact_duplicate_group_id:EXACT_TEXT_786f8f0b4a83de44
62,3,943,7359604864495977221,Negative,EXACT_TEXT_e5e375d85ba44ef7,EXACT_TEXT_e5e375d85ba44ef7,,exact_duplicate_group_id:EXACT_TEXT_e5e375d85ba44ef7
62,3,946,7359769698562769670,Negative,EXACT_TEXT_fc2590dbd404519a,EXACT_TEXT_fc2590dbd404519a,,exact_duplicate_group_id:EXACT_TEXT_fc2590dbd404519a
62,3,954,7360304029161440006,Negative,EXACT_TEXT_19a66f4a685beb24,EXACT_TEXT_19a66f4a685beb24,,exact_duplicate_group_id:EXACT_TEXT_19a66f4a685beb24
62,3,955,7360602176102056709,Neutral,EXACT_TEXT_19465ce3c57627f1,EXACT_TEXT_19465ce3c57627f1,,exact_duplicate_group_id:EXACT_TEXT_19465ce3c57627f1
62,3,961,7363268304910123781,Positive,EXACT_TEXT_e1baac62e3358e23,EXACT_TEXT_e1baac62e3358e23,SIM_CLUSTER_00101,near_duplicate_cluster_id:SIM_CLUSTER_00101
62,3,967,7363961398807003910,Positive,EXACT_TEXT_1192e76945b8c407,EXACT_TEXT_1192e76945b8c407,,exact_duplicate_group_id:EXACT_TEXT_1192e76945b8c407
62,3,970,7364194550032319249,Positive,EXACT_GROUP_00969,EXACT_GROUP_00969,SIM_CLUSTER_00101,near_duplicate_cluster_id:SIM_CLUSTER_00101
62,3,988,7368818891593843462,Neutral,EXACT_TEXT_cf67a8e11c28cc2f,EXACT_TEXT_cf67a8e11c28cc2f,SIM_CLUSTER_00323,near_duplicate_cluster_id:SIM_CLUSTER_00323
62,3,994,7372551938288616197,Neutral,EXACT_GROUP_00386,EXACT_GROUP_00386,SIM_CLUSTER_00033,near_duplicate_cluster_id:SIM_CLUSTER_00033
62,3,997,7374281421546291974,Positive,EXACT_TEXT_8747278155957f48,EXACT_TEXT_8747278155957f48,SIM_CLUSTER_00388,near_duplicate_cluster_id:SIM_CLUSTER_00388
62,3,1004,7377993991361495814,Negative,EXACT_TEXT_2bf34fe0f18e9630,EXACT_TEXT_2bf34fe0f18e9630,,exact_duplicate_group_id:EXACT_TEXT_2bf34fe0f18e9630
62,3,1006,7378338498274820870,Neutral,EXACT_TEXT_c3bf870f0b1da880,EXACT_TEXT_c3bf870f0b1da880,,exact_duplicate_group_id:EXACT_TEXT_c3bf870f0b1da880
62,3,1008,7378459620539335430,Neutral,EXACT_TEXT_9552ab9b75bd90ea,EXACT_TEXT_9552ab9b75bd90ea,,exact_duplicate_group_id:EXACT_TEXT_9552ab9b75bd90ea
62,3,1011,7379871509723431686,Neutral,EXACT_TEXT_e2b17131a31bc968,EXACT_TEXT_e2b17131a31bc968,,exact_duplicate_group_id:EXACT_TEXT_e2b17131a31bc968
62,3,1017,7381134410836050693,Neutral,EXACT_TEXT_efc014bab6e045c8,EXACT_TEXT_efc014bab6e045c8,SIM_CLUSTER_00323,near_duplicate_cluster_id:SIM_CLUSTER_00323
62,3,1019,7381472658807931654,Neutral,EXACT_TEXT_c14f3f0865959f5c,EXACT_TEXT_c14f3f0865959f5c,,exact_duplicate_group_id:EXACT_TEXT_c14f3f0865959f5c
62,3,1029,7384928167145931526,Neutral,EXACT_TEXT_25533751c90dd20a,EXACT_TEXT_25533751c90dd20a,SIM_CLUSTER_00033,near_duplicate_cluster_id:SIM_CLUSTER_00033
62,3,1034,7386919095323525893,Neutral,EXACT_TEXT_43bd09b05d7b20c6,EXACT_TEXT_43bd09b05d7b20c6,SIM_CLUSTER_00033,near_duplicate_cluster_id:SIM_CLUSTER_00033
62,3,1037,7388427255024534278,Neutral,EXACT_TEXT_d56c87e3674c51bc,EXACT_TEXT_d56c87e3674c51bc,SIM_CLUSTER_00033,near_duplicate_cluster_id:SIM_CLUSTER_00033
62,3,1039,7388473745976967942,Neutral,EXACT_TEXT_1afa4f0df1b611d5,EXACT_TEXT_1afa4f0df1b611d5,,exact_duplicate_group_id:EXACT_TEXT_1afa4f0df1b611d5
62,3,1040,7388502226690753286,Neutral,EXACT_TEXT_eeac8ee78a966a30,EXACT_TEXT_eeac8ee78a966a30,SIM_CLUSTER_00121,near_duplicate_cluster_id:SIM_CLUSTER_00121
62,3,1043,7388518395325219589,Neutral,EXACT_TEXT_9328d7867b17ba58,EXACT_TEXT_9328d7867b17ba58,,exact_duplicate_group_id:EXACT_TEXT_9328d7867b17ba58
62,3,1047,7388681610457268997,Neutral,EXACT_TEXT_c69a32f0653dd465,EXACT_TEXT_c69a32f0653dd465,SIM_CLUSTER_00121,near_duplicate_cluster_id:SIM_CLUSTER_00121
62,3,1050,7388775316094747397,Neutral,EXACT_TEXT_bb98f0679d460a02,EXACT_TEXT_bb98f0679d460a02,,exact_duplicate_group_id:EXACT_TEXT_bb98f0679d460a02
62,3,1056,7389852809695167238,Neutral,EXACT_TEXT_cff78848e80eebbe,EXACT_TEXT_cff78848e80eebbe,,exact_duplicate_group_id:EXACT_TEXT_cff78848e80eebbe
62,3,1058,7389853196140806918,Neutral,EXACT_TEXT_cc7741f338137ef6,EXACT_TEXT_cc7741f338137ef6,,exact_duplicate_group_id:EXACT_TEXT_cc7741f338137ef6
62,3,1059,7390555069663740677,Neutral,EXACT_TEXT_6a1a1861a86d046a,EXACT_TEXT_6a1a1861a86d046a,,exact_duplicate_group_id:EXACT_TEXT_6a1a1861a86d046a
62,3,1061,7391069834572694277,Neutral,EXACT_TEXT_0c3c45f264ec5a9a,EXACT_TEXT_0c3c45f264ec5a9a,SIM_CLUSTER_00578,near_duplicate_cluster_id:SIM_CLUSTER_00578
62,3,1064,7392982716157297413,Positive,EXACT_TEXT_2484bbfc639d5a9d,EXACT_TEXT_2484bbfc639d5a9d,,exact_duplicate_group_id:EXACT_TEXT_2484bbfc639d5a9d
62,3,1065,7393281108991165189,Neutral,EXACT_TEXT_b6a2d4a78f0710a4,EXACT_TEXT_b6a2d4a78f0710a4,,exact_duplicate_group_id:EXACT_TEXT_b6a2d4a78f0710a4
62,3,1066,7394763288012669701,Neutral,EXACT_GROUP_00387,EXACT_GROUP_00387,SIM_CLUSTER_00033,near_duplicate_cluster_id:SIM_CLUSTER_00033
62,3,1080,7398465619727844101,Neutral,EXACT_GROUP_00161,EXACT_GROUP_00161,SIM_CLUSTER_00033,near_duplicate_cluster_id:SIM_CLUSTER_00033
62,3,1081,7398518211333784325,Neutral,EXACT_TEXT_793a9b65711285b2,EXACT_TEXT_793a9b65711285b2,,exact_duplicate_group_id:EXACT_TEXT_793a9b65711285b2
62,3,1083,7399454620001747717,Neutral,EXACT_TEXT_6ff1c43dc0af9eae,EXACT_TEXT_6ff1c43dc0af9eae,,exact_duplicate_group_id:EXACT_TEXT_6ff1c43dc0af9eae
62,3,1084,7399651714763539205,Neutral,EXACT_TEXT_33cbb88845de9021,EXACT_TEXT_33cbb88845de9021,,exact_duplicate_group_id:EXACT_TEXT_33cbb88845de9021
62,3,1089,7400422046398087941,Positive,EXACT_TEXT_ff00295eb36493ea,EXACT_TEXT_ff00295eb36493ea,SIM_CLUSTER_00388,near_duplicate_cluster_id:SIM_CLUSTER_00388
62,3,1091,7403340624236610309,Neutral,EXACT_TEXT_ff853ccfbf007894,EXACT_TEXT_ff853ccfbf007894,,exact_duplicate_group_id:EXACT_TEXT_ff853ccfbf007894
62,3,1093,7404028959853724422,Positive,EXACT_TEXT_5e05589090fd42e2,EXACT_TEXT_5e05589090fd42e2,SIM_CLUSTER_01046,near_duplicate_cluster_id:SIM_CLUSTER_01046
62,3,1095,7404412615533216517,Positive,EXACT_TEXT_93c2f7b65d1d14d3,EXACT_TEXT_93c2f7b65d1d14d3,,exact_duplicate_group_id:EXACT_TEXT_93c2f7b65d1d14d3
62,3,1102,7407348346169606918,Neutral,EXACT_TEXT_926be1997c7c5ba5,EXACT_TEXT_926be1997c7c5ba5,,exact_duplicate_group_id:EXACT_TEXT_926be1997c7c5ba5
62,3,1106,7408905470403085061,Neutral,EXACT_TEXT_e56c125a5736129b,EXACT_TEXT_e56c125a5736129b,SIM_CLUSTER_00451,near_duplicate_cluster_id:SIM_CLUSTER_00451
62,3,1108,7411974591226725128,Positive,EXACT_GROUP_00969,EXACT_GROUP_00969,SIM_CLUSTER_00101,near_duplicate_cluster_id:SIM_CLUSTER_00101
62,3,1112,7416719848481407749,Positive,EXACT_TEXT_9c124fefccbd4ddc,EXACT_TEXT_9c124fefccbd4ddc,,exact_duplicate_group_id:EXACT_TEXT_9c124fefccbd4ddc
62,3,1113,7417712796441723654,Neutral,EXACT_TEXT_a80b47df010be51e,EXACT_TEXT_a80b47df010be51e,,exact_duplicate_group_id:EXACT_TEXT_a80b47df010be51e
62,3,1117,7419569539015803654,Positive,EXACT_GROUP_00969,EXACT_GROUP_00969,SIM_CLUSTER_00101,near_duplicate_cluster_id:SIM_CLUSTER_00101
62,3,1123,7420358734596178693,Neutral,EXACT_GROUP_00161,EXACT_GROUP_00161,SIM_CLUSTER_00033,near_duplicate_cluster_id:SIM_CLUSTER_00033
62,3,1125,7420678183680459525,Negative,EXACT_TEXT_b69fc4ea93d17ba9,EXACT_TEXT_b69fc4ea93d17ba9,,exact_duplicate_group_id:EXACT_TEXT_b69fc4ea93d17ba9
62,3,1127,7421155647343018757,Negative,EXACT_TEXT_8b3a244780404260,EXACT_TEXT_8b3a244780404260,,exact_duplicate_group_id:EXACT_TEXT_8b3a244780404260
62,3,1146,7421301644103828230,Negative,EXACT_TEXT_e5e91ab2165fb915,EXACT_TEXT_e5e91ab2165fb915,,exact_duplicate_group_id:EXACT_TEXT_e5e91ab2165fb915
62,3,1149,7421307832010883846,Positive,EXACT_TEXT_e0506c3aeabb7f00,EXACT_TEXT_e0506c3aeabb7f00,,exact_duplicate_group_id:EXACT_TEXT_e0506c3aeabb7f00
62,3,1152,7421325188358750982,Negative,EXACT_TEXT_1876dc6106987e25,EXACT_TEXT_1876dc6106987e25,,exact_duplicate_group_id:EXACT_TEXT_1876dc6106987e25
62,3,1156,7421333099373871877,Negative,EXACT_TEXT_aa9ea38c0174e2d2,EXACT_TEXT_aa9ea38c0174e2d2,,exact_duplicate_group_id:EXACT_TEXT_aa9ea38c0174e2d2
62,3,1163,7421362536728068872,Negative,EXACT_TEXT_f0c3e4fbd08f08f6,EXACT_TEXT_f0c3e4fbd08f08f6,,exact_duplicate_group_id:EXACT_TEXT_f0c3e4fbd08f08f6
62,3,1177,7421420318052811525,Negative,EXACT_TEXT_c84eb20389cca8ef,EXACT_TEXT_c84eb20389cca8ef,,exact_duplicate_group_id:EXACT_TEXT_c84eb20389cca8ef
62,3,1182,7421435179958354693,Positive,EXACT_TEXT_58148240dbfc0912,EXACT_TEXT_58148240dbfc0912,,exact_duplicate_group_id:EXACT_TEXT_58148240dbfc0912
62,3,1184,7421502561243185926,Negative,EXACT_TEXT_07f6f76459744a01,EXACT_TEXT_07f6f76459744a01,,exact_duplicate_group_id:EXACT_TEXT_07f6f76459744a01
62,3,1185,7421534763276239621,Negative,EXACT_TEXT_2ec7cd338b2469ae,EXACT_TEXT_2ec7cd338b2469ae,,exact_duplicate_group_id:EXACT_TEXT_2ec7cd338b2469ae
62,3,1186,7421537721250661126,Negative,EXACT_TEXT_fad8564371164284,EXACT_TEXT_fad8564371164284,,exact_duplicate_group_id:EXACT_TEXT_fad8564371164284
62,3,1188,7421539367623099141,Positive,EXACT_TEXT_6f441b14fc996b3e,EXACT_TEXT_6f441b14fc996b3e,,exact_duplicate_group_id:EXACT_TEXT_6f441b14fc996b3e
62,3,1193,7421583797034582790,Negative,EXACT_TEXT_e7389df0ebf21fc7,EXACT_TEXT_e7389df0ebf21fc7,,exact_duplicate_group_id:EXACT_TEXT_e7389df0ebf21fc7
62,3,1208,7421731028812055301,Negative,EXACT_TEXT_c26aa6f55eb86460,EXACT_TEXT_c26aa6f55eb86460,,exact_duplicate_group_id:EXACT_TEXT_c26aa6f55eb86460
62,3,1214,7421792304488350470,Negative,EXACT_TEXT_32be838ac05e1b93,EXACT_TEXT_32be838ac05e1b93,,exact_duplicate_group_id:EXACT_TEXT_32be838ac05e1b93
62,3,1220,7421918047499518726,Negative,EXACT_TEXT_4a4d9a72d2c6f12e,EXACT_TEXT_4a4d9a72d2c6f12e,,exact_duplicate_group_id:EXACT_TEXT_4a4d9a72d2c6f12e
62,3,1226,7422104975247835909,Negative,EXACT_TEXT_b1884d35f789fa72,EXACT_TEXT_b1884d35f789fa72,,exact_duplicate_group_id:EXACT_TEXT_b1884d35f789fa72
62,3,1234,7422169582192657158,Negative,EXACT_TEXT_3c4e28c071308d62,EXACT_TEXT_3c4e28c071308d62,,exact_duplicate_group_id:EXACT_TEXT_3c4e28c071308d62
62,3,1241,7422214520690590469,Negative,EXACT_TEXT_f4df452df7283a6b,EXACT_TEXT_f4df452df7283a6b,,exact_duplicate_group_id:EXACT_TEXT_f4df452df7283a6b
62,3,1242,7422226753013613318,Negative,EXACT_TEXT_ee349a860715cf3a,EXACT_TEXT_ee349a860715cf3a,,exact_duplicate_group_id:EXACT_TEXT_ee349a860715cf3a
62,3,1255,7422480253837148935,Negative,EXACT_TEXT_8aae100423429899,EXACT_TEXT_8aae100423429899,,exact_duplicate_group_id:EXACT_TEXT_8aae100423429899
62,3,1258,7422498002512151302,Negative,EXACT_TEXT_dd75e9dd05911f2d,EXACT_TEXT_dd75e9dd05911f2d,SIM_CLUSTER_01085,near_duplicate_cluster_id:SIM_CLUSTER_01085
62,3,1269,7422618564198253320,Negative,EXACT_TEXT_54e7f81037631a20,EXACT_TEXT_54e7f81037631a20,,exact_duplicate_group_id:EXACT_TEXT_54e7f81037631a20
62,3,1273,7422643590273696518,Positive,EXACT_TEXT_c7dd22e4100b6b9d,EXACT_TEXT_c7dd22e4100b6b9d,,exact_duplicate_group_id:EXACT_TEXT_c7dd22e4100b6b9d
62,3,1286,7422748190922179333,Negative,EXACT_TEXT_de5f2841b80c79e4,EXACT_TEXT_de5f2841b80c79e4,,exact_duplicate_group_id:EXACT_TEXT_de5f2841b80c79e4
62,3,1294,7422934533030953734,Positive,EXACT_TEXT_1ab662d95cd2e50e,EXACT_TEXT_1ab662d95cd2e50e,,exact_duplicate_group_id:EXACT_TEXT_1ab662d95cd2e50e
62,3,1296,7422968791354966802,Neutral,EXACT_TEXT_7d7963f68647d4af,EXACT_TEXT_7d7963f68647d4af,,exact_duplicate_group_id:EXACT_TEXT_7d7963f68647d4af
62,3,1299,7422987484332851974,Negative,EXACT_TEXT_7acb2923553569e7,EXACT_TEXT_7acb2923553569e7,,exact_duplicate_group_id:EXACT_TEXT_7acb2923553569e7
62,3,1300,7423021249482392326,Negative,EXACT_TEXT_75114ecee609a39e,EXACT_TEXT_75114ecee609a39e,SIM_CLUSTER_01091,near_duplicate_cluster_id:SIM_CLUSTER_01091
62,3,1306,7424367623687766790,Neutral,EXACT_TEXT_1314563ad132c45d,EXACT_TEXT_1314563ad132c45d,,exact_duplicate_group_id:EXACT_TEXT_1314563ad132c45d
62,3,1313,7424914365549429509,Negative,EXACT_TEXT_1e3ae16c56345b61,EXACT_TEXT_1e3ae16c56345b61,,exact_duplicate_group_id:EXACT_TEXT_1e3ae16c56345b61
62,3,1318,7425829927624459013,Positive,EXACT_TEXT_b53b5e86400fc7da,EXACT_TEXT_b53b5e86400fc7da,,exact_duplicate_group_id:EXACT_TEXT_b53b5e86400fc7da
62,3,1319,7425890026561569541,Neutral,EXACT_TEXT_294fce54f535e08e,EXACT_TEXT_294fce54f535e08e,,exact_duplicate_group_id:EXACT_TEXT_294fce54f535e08e
62,3,1325,7426685002215719686,Neutral,EXACT_TEXT_34db35d41f735e77,EXACT_TEXT_34db35d41f735e77,,exact_duplicate_group_id:EXACT_TEXT_34db35d41f735e77
62,3,1334,7428438971061977864,Neutral,EXACT_TEXT_50a225065fcda1d7,EXACT_TEXT_50a225065fcda1d7,,exact_duplicate_group_id:EXACT_TEXT_50a225065fcda1d7
62,3,1346,7428470373551522566,Negative,EXACT_TEXT_284b625a87f578e3,EXACT_TEXT_284b625a87f578e3,,exact_duplicate_group_id:EXACT_TEXT_284b625a87f578e3
62,3,1352,7428504819751535366,Positive,EXACT_TEXT_09fcd41fe81f504d,EXACT_TEXT_09fcd41fe81f504d,,exact_duplicate_group_id:EXACT_TEXT_09fcd41fe81f504d
62,3,1355,7428528386224046853,Positive,EXACT_TEXT_c29894b6ec216c16,EXACT_TEXT_c29894b6ec216c16,,exact_duplicate_group_id:EXACT_TEXT_c29894b6ec216c16
62,3,1360,7428546288370107141,Positive,EXACT_TEXT_be0998c908c65714,EXACT_TEXT_be0998c908c65714,SIM_CLUSTER_00258,near_duplicate_cluster_id:SIM_CLUSTER_00258
62,3,1362,7428551509930164997,Positive,EXACT_TEXT_77bd938b89a90999,EXACT_TEXT_77bd938b89a90999,,exact_duplicate_group_id:EXACT_TEXT_77bd938b89a90999
62,3,1363,7428552401131963141,Neutral,EXACT_TEXT_68c4556c6edcb199,EXACT_TEXT_68c4556c6edcb199,SIM_CLUSTER_01245,near_duplicate_cluster_id:SIM_CLUSTER_01245
62,3,1364,7428562215383417606,Positive,EXACT_TEXT_6638773052f6ef27,EXACT_TEXT_6638773052f6ef27,,exact_duplicate_group_id:EXACT_TEXT_6638773052f6ef27
62,3,1367,7428587375913157381,Positive,EXACT_TEXT_9053574610889d4c,EXACT_TEXT_9053574610889d4c,,exact_duplicate_group_id:EXACT_TEXT_9053574610889d4c
62,3,1368,7428593463509943041,Neutral,EXACT_TEXT_c254859a92bd8387,EXACT_TEXT_c254859a92bd8387,,exact_duplicate_group_id:EXACT_TEXT_c254859a92bd8387
62,3,1370,7428597946209338117,Negative,EXACT_TEXT_98ff63fa47369ecd,EXACT_TEXT_98ff63fa47369ecd,,exact_duplicate_group_id:EXACT_TEXT_98ff63fa47369ecd
62,3,1371,7428601006077231878,Neutral,EXACT_TEXT_9fd3344f2f7e94b8,EXACT_TEXT_9fd3344f2f7e94b8,SIM_CLUSTER_01272,near_duplicate_cluster_id:SIM_CLUSTER_01272
62,3,1379,7428743347591889681,Neutral,EXACT_GROUP_00216,EXACT_GROUP_00216,SIM_CLUSTER_00164,near_duplicate_cluster_id:SIM_CLUSTER_00164
62,3,1380,7428746124004213510,Neutral,EXACT_TEXT_4b0697a0bce52248,EXACT_TEXT_4b0697a0bce52248,SIM_CLUSTER_00028,near_duplicate_cluster_id:SIM_CLUSTER_00028
62,3,1381,7428755524211458834,Neutral,EXACT_TEXT_2621ff5d2663179f,EXACT_TEXT_2621ff5d2663179f,SIM_CLUSTER_00028,near_duplicate_cluster_id:SIM_CLUSTER_00028
62,3,1390,7428849784822711048,Positive,EXACT_TEXT_71cb8ea826b6f975,EXACT_TEXT_71cb8ea826b6f975,,exact_duplicate_group_id:EXACT_TEXT_71cb8ea826b6f975
62,3,1394,7428920788566917894,Neutral,EXACT_TEXT_8e39caff0f761a46,EXACT_TEXT_8e39caff0f761a46,,exact_duplicate_group_id:EXACT_TEXT_8e39caff0f761a46
62,3,1395,7428930973122069254,Neutral,EXACT_TEXT_780d727bd81cbd60,EXACT_TEXT_780d727bd81cbd60,,exact_duplicate_group_id:EXACT_TEXT_780d727bd81cbd60
62,3,1396,7428938186855056134,Neutral,EXACT_TEXT_8f0a4d8786cad228,EXACT_TEXT_8f0a4d8786cad228,,exact_duplicate_group_id:EXACT_TEXT_8f0a4d8786cad228
62,3,1402,7429139011375743750,Positive,EXACT_TEXT_f9e0b0a94e70e61b,EXACT_TEXT_f9e0b0a94e70e61b,,exact_duplicate_group_id:EXACT_TEXT_f9e0b0a94e70e61b
62,3,1404,7429165395901432594,Positive,EXACT_TEXT_c78de8dfdc9369ee,EXACT_TEXT_c78de8dfdc9369ee,,exact_duplicate_group_id:EXACT_TEXT_c78de8dfdc9369ee
62,3,1413,7429342292651344645,Positive,EXACT_GROUP_00969,EXACT_GROUP_00969,SIM_CLUSTER_00101,near_duplicate_cluster_id:SIM_CLUSTER_00101
62,3,1421,7429616114336973574,Positive,EXACT_TEXT_d4b28199860f5319,EXACT_TEXT_d4b28199860f5319,,exact_duplicate_group_id:EXACT_TEXT_d4b28199860f5319
62,3,1427,7429868954620298005,Negative,EXACT_TEXT_d95cb27e766909ec,EXACT_TEXT_d95cb27e766909ec,,exact_duplicate_group_id:EXACT_TEXT_d95cb27e766909ec
62,3,1441,7430383160904614674,Neutral,EXACT_TEXT_b07ca10d012da5f2,EXACT_TEXT_b07ca10d012da5f2,SIM_CLUSTER_00022,near_duplicate_cluster_id:SIM_CLUSTER_00022
62,3,1455,7431020529982817032,Negative,EXACT_TEXT_6cee7de4e53c9fe1,EXACT_TEXT_6cee7de4e53c9fe1,,exact_duplicate_group_id:EXACT_TEXT_6cee7de4e53c9fe1
62,3,1459,7431089888273302277,Neutral,EXACT_GROUP_00387,EXACT_GROUP_00387,SIM_CLUSTER_00033,near_duplicate_cluster_id:SIM_CLUSTER_00033
62,3,1462,7431204171967611653,Negative,EXACT_TEXT_79cd291263fa3aae,EXACT_TEXT_79cd291263fa3aae,,exact_duplicate_group_id:EXACT_TEXT_79cd291263fa3aae
62,3,1466,7431911415177413382,Neutral,EXACT_TEXT_2fed8b3fe3a876a4,EXACT_TEXT_2fed8b3fe3a876a4,,exact_duplicate_group_id:EXACT_TEXT_2fed8b3fe3a876a4
62,3,1471,7432216132754490117,Neutral,EXACT_TEXT_c46a7504a9e528b0,EXACT_TEXT_c46a7504a9e528b0,,exact_duplicate_group_id:EXACT_TEXT_c46a7504a9e528b0
62,3,1473,7432322441806873349,Neutral,EXACT_TEXT_8be3c4101694048c,EXACT_TEXT_8be3c4101694048c,SIM_CLUSTER_01346,near_duplicate_cluster_id:SIM_CLUSTER_01346
62,3,1481,7433268954276365062,Negative,EXACT_TEXT_3a0680ff92cf1de8,EXACT_TEXT_3a0680ff92cf1de8,,exact_duplicate_group_id:EXACT_TEXT_3a0680ff92cf1de8
62,3,1487,7434409565058237239,Neutral,EXACT_TEXT_1d25e13eb3aad63f,EXACT_TEXT_1d25e13eb3aad63f,,exact_duplicate_group_id:EXACT_TEXT_1d25e13eb3aad63f
62,3,1495,7436272150178710288,Neutral,EXACT_TEXT_f439c3703542f346,EXACT_TEXT_f439c3703542f346,SIM_CLUSTER_00517,near_duplicate_cluster_id:SIM_CLUSTER_00517
62,3,1507,7437795681790804754,Negative,EXACT_TEXT_81af0f09f2296301,EXACT_TEXT_81af0f09f2296301,,exact_duplicate_group_id:EXACT_TEXT_81af0f09f2296301
62,3,1537,7440742705674568464,Neutral,EXACT_GROUP_00386,EXACT_GROUP_00386,SIM_CLUSTER_00033,near_duplicate_cluster_id:SIM_CLUSTER_00033
62,3,1542,7442918026603479828,Neutral,EXACT_TEXT_13887915c8f5f941,EXACT_TEXT_13887915c8f5f941,SIM_CLUSTER_00164,near_duplicate_cluster_id:SIM_CLUSTER_00164
62,3,1546,7443693620395262727,Neutral,EXACT_TEXT_ca582d3559e19113,EXACT_TEXT_ca582d3559e19113,SIM_CLUSTER_00451,near_duplicate_cluster_id:SIM_CLUSTER_00451
62,3,1560,7447188154295108370,Negative,EXACT_TEXT_3304f0597566ce3c,EXACT_TEXT_3304f0597566ce3c,,exact_duplicate_group_id:EXACT_TEXT_3304f0597566ce3c
62,3,1564,7448123110223512328,Negative,EXACT_TEXT_c35d464229a7e42e,EXACT_TEXT_c35d464229a7e42e,,exact_duplicate_group_id:EXACT_TEXT_c35d464229a7e42e
62,3,1565,7448226291768460050,Positive,EXACT_TEXT_ac5b867216f2a73e,EXACT_TEXT_ac5b867216f2a73e,SIM_CLUSTER_00789,near_duplicate_cluster_id:SIM_CLUSTER_00789
62,3,1571,7450036197877744402,Neutral,EXACT_TEXT_ea0c0c9431699be4,EXACT_TEXT_ea0c0c9431699be4,,exact_duplicate_group_id:EXACT_TEXT_ea0c0c9431699be4
62,3,1584,7455133741192987399,Negative,EXACT_TEXT_96ae8e84ffc46ca7,EXACT_TEXT_96ae8e84ffc46ca7,,exact_duplicate_group_id:EXACT_TEXT_96ae8e84ffc46ca7
62,3,1588,7457184060759982854,Negative,EXACT_GROUP_00055,EXACT_GROUP_00055,SIM_CLUSTER_00268,near_duplicate_cluster_id:SIM_CLUSTER_00268
62,3,1589,7457184423135937286,Negative,EXACT_GROUP_00055,EXACT_GROUP_00055,SIM_CLUSTER_00268,near_duplicate_cluster_id:SIM_CLUSTER_00268
62,3,1590,7457184522792600325,Negative,EXACT_GROUP_00055,EXACT_GROUP_00055,SIM_CLUSTER_00268,near_duplicate_cluster_id:SIM_CLUSTER_00268
62,3,1591,7457184604014674693,Negative,EXACT_GROUP_00055,EXACT_GROUP_00055,SIM_CLUSTER_00268,near_duplicate_cluster_id:SIM_CLUSTER_00268
62,3,1592,7457184936820130565,Negative,EXACT_GROUP_00055,EXACT_GROUP_00055,SIM_CLUSTER_00268,near_duplicate_cluster_id:SIM_CLUSTER_00268
62,3,1593,7457186055939212038,Negative,EXACT_GROUP_00055,EXACT_GROUP_00055,SIM_CLUSTER_00268,near_duplicate_cluster_id:SIM_CLUSTER_00268
62,3,1594,7457188023546970886,Negative,EXACT_GROUP_00055,EXACT_GROUP_00055,SIM_CLUSTER_00268,near_duplicate_cluster_id:SIM_CLUSTER_00268
62,3,1596,7457521454311080710,Negative,EXACT_TEXT_7c510de13c3fb92e,EXACT_TEXT_7c510de13c3fb92e,,exact_duplicate_group_id:EXACT_TEXT_7c510de13c3fb92e
62,3,1598,7458141705847718672,Neutral,EXACT_TEXT_76d513169e228d51,EXACT_TEXT_76d513169e228d51,SIM_CLUSTER_01378,near_duplicate_cluster_id:SIM_CLUSTER_01378
62,3,1615,7460409839173894928,Positive,EXACT_TEXT_57c620931478ec07,EXACT_TEXT_57c620931478ec07,,exact_duplicate_group_id:EXACT_TEXT_57c620931478ec07
62,3,1622,7461660541753754375,Neutral,EXACT_TEXT_d4068c68ea9472fe,EXACT_TEXT_d4068c68ea9472fe,,exact_duplicate_group_id:EXACT_TEXT_d4068c68ea9472fe
62,3,1631,7463089800637416199,Neutral,EXACT_TEXT_bd94b49a5d989e8f,EXACT_TEXT_bd94b49a5d989e8f,,exact_duplicate_group_id:EXACT_TEXT_bd94b49a5d989e8f
62,3,1632,7463162070407152390,Negative,EXACT_TEXT_147286bce652ea4c,EXACT_TEXT_147286bce652ea4c,,exact_duplicate_group_id:EXACT_TEXT_147286bce652ea4c
62,3,1644,7469439339081220882,Positive,EXACT_TEXT_04506e567d6a6afa,EXACT_TEXT_04506e567d6a6afa,,exact_duplicate_group_id:EXACT_TEXT_04506e567d6a6afa
62,3,1645,7470446039091495700,Neutral,EXACT_TEXT_3210cb5266ee686e,EXACT_TEXT_3210cb5266ee686e,,exact_duplicate_group_id:EXACT_TEXT_3210cb5266ee686e
62,3,1648,7471543662889288456,Negative,EXACT_TEXT_0702e4b89181f8e1,EXACT_TEXT_0702e4b89181f8e1,,exact_duplicate_group_id:EXACT_TEXT_0702e4b89181f8e1
62,3,1650,7472394480465822484,Neutral,EXACT_TEXT_d35cee371dee560d,EXACT_TEXT_d35cee371dee560d,,exact_duplicate_group_id:EXACT_TEXT_d35cee371dee560d
62,3,1660,7477697204237386504,Positive,EXACT_TEXT_5359992f46e0354b,EXACT_TEXT_5359992f46e0354b,,exact_duplicate_group_id:EXACT_TEXT_5359992f46e0354b
62,3,1664,7480108430808957751,Positive,EXACT_TEXT_9a8f2a9092e3dda5,EXACT_TEXT_9a8f2a9092e3dda5,,exact_duplicate_group_id:EXACT_TEXT_9a8f2a9092e3dda5
62,3,1691,7507829893993759496,Positive,EXACT_TEXT_44af5e027eb10105,EXACT_TEXT_44af5e027eb10105,,exact_duplicate_group_id:EXACT_TEXT_44af5e027eb10105
62,3,1694,7508227556665197319,Positive,EXACT_TEXT_acb4926db98fea68,EXACT_TEXT_acb4926db98fea68,,exact_duplicate_group_id:EXACT_TEXT_acb4926db98fea68
62,3,1696,7509056640122979090,Neutral,EXACT_TEXT_aafc1efba6c1e2e3,EXACT_TEXT_aafc1efba6c1e2e3,,exact_duplicate_group_id:EXACT_TEXT_aafc1efba6c1e2e3
62,3,1698,7509461783984997127,Neutral,EXACT_TEXT_a1916e62ebbf1263,EXACT_TEXT_a1916e62ebbf1263,,exact_duplicate_group_id:EXACT_TEXT_a1916e62ebbf1263
62,3,1708,7517665531311244039,Neutral,EXACT_TEXT_ed1aecd13deecfae,EXACT_TEXT_ed1aecd13deecfae,,exact_duplicate_group_id:EXACT_TEXT_ed1aecd13deecfae
62,3,1710,7521617564851159815,Negative,EXACT_TEXT_0115e7390643b864,EXACT_TEXT_0115e7390643b864,,exact_duplicate_group_id:EXACT_TEXT_0115e7390643b864
62,3,1714,7524528025221071634,Neutral,EXACT_TEXT_ef8a1a380faf3471,EXACT_TEXT_ef8a1a380faf3471,,exact_duplicate_group_id:EXACT_TEXT_ef8a1a380faf3471
62,3,1717,7527093436102918920,Positive,EXACT_TEXT_0606a1a11cfb05df,EXACT_TEXT_0606a1a11cfb05df,,exact_duplicate_group_id:EXACT_TEXT_0606a1a11cfb05df
62,3,1739,7546069674447209223,Negative,EXACT_TEXT_396c4b2f12b85168,EXACT_TEXT_396c4b2f12b85168,,exact_duplicate_group_id:EXACT_TEXT_396c4b2f12b85168
62,3,1740,7548228101995348754,Positive,EXACT_TEXT_ff075515b1e321e7,EXACT_TEXT_ff075515b1e321e7,,exact_duplicate_group_id:EXACT_TEXT_ff075515b1e321e7
62,3,1746,7556100472421368584,Positive,EXACT_TEXT_1cc0baf259844064,EXACT_TEXT_1cc0baf259844064,,exact_duplicate_group_id:EXACT_TEXT_1cc0baf259844064
62,3,1754,7572824953540805383,Neutral,EXACT_GROUP_00216,EXACT_GROUP_00216,SIM_CLUSTER_00164,near_duplicate_cluster_id:SIM_CLUSTER_00164
62,3,1756,7573832725615837960,Neutral,EXACT_TEXT_9a75cc93478b4e69,EXACT_TEXT_9a75cc93478b4e69,,exact_duplicate_group_id:EXACT_TEXT_9a75cc93478b4e69
62,3,1760,7581676075630166792,Negative,EXACT_TEXT_478c0381ebd67597,EXACT_TEXT_478c0381ebd67597,,exact_duplicate_group_id:EXACT_TEXT_478c0381ebd67597
62,3,1766,7586997400416584456,Positive,EXACT_TEXT_01ad6c793ad5416b,EXACT_TEXT_01ad6c793ad5416b,,exact_duplicate_group_id:EXACT_TEXT_01ad6c793ad5416b
62,3,1768,7587360269875118855,Positive,EXACT_TEXT_cf458658faacce10,EXACT_TEXT_cf458658faacce10,,exact_duplicate_group_id:EXACT_TEXT_cf458658faacce10
62,3,1770,7588125634302493458,Negative,EXACT_TEXT_d585a2758a623362,EXACT_TEXT_d585a2758a623362,,exact_duplicate_group_id:EXACT_TEXT_d585a2758a623362
62,3,1775,7592917612435424008,Positive,EXACT_TEXT_c8a6fdc38026f095,EXACT_TEXT_c8a6fdc38026f095,,exact_duplicate_group_id:EXACT_TEXT_c8a6fdc38026f095
62,3,1788,7596291689092104978,Neutral,EXACT_TEXT_c978a11cfff518f5,EXACT_TEXT_c978a11cfff518f5,,exact_duplicate_group_id:EXACT_TEXT_c978a11cfff518f5
62,3,1789,7596292658257134357,Negative,EXACT_TEXT_b03dc401c8fda60f,EXACT_TEXT_b03dc401c8fda60f,,exact_duplicate_group_id:EXACT_TEXT_b03dc401c8fda60f
62,3,1791,7596492406260253458,Positive,EXACT_TEXT_fd2a701331c208e2,EXACT_TEXT_fd2a701331c208e2,,exact_duplicate_group_id:EXACT_TEXT_fd2a701331c208e2
62,3,1798,7597823306926605074,Positive,EXACT_TEXT_ad966699153696ea,EXACT_TEXT_ad966699153696ea,,exact_duplicate_group_id:EXACT_TEXT_ad966699153696ea
62,3,1801,7598600214124200722,Negative,EXACT_TEXT_968efd329c553569,EXACT_TEXT_968efd329c553569,,exact_duplicate_group_id:EXACT_TEXT_968efd329c553569
62,4,2,1596193406559146509,Positive,EXACT_GROUP_00150,EXACT_GROUP_00150,SIM_CLUSTER_00203,near_duplicate_cluster_id:SIM_CLUSTER_00203
62,4,3,3369842758478444215,Positive,EXACT_GROUP_00150,EXACT_GROUP_00150,SIM_CLUSTER_00203,near_duplicate_cluster_id:SIM_CLUSTER_00203
62,4,5,4490276173539144062,Positive,EXACT_GROUP_00150,EXACT_GROUP_00150,SIM_CLUSTER_00203,near_duplicate_cluster_id:SIM_CLUSTER_00203
62,4,6,4562441376510471655,Positive,EXACT_GROUP_00150,EXACT_GROUP_00150,SIM_CLUSTER_00203,near_duplicate_cluster_id:SIM_CLUSTER_00203
62,4,7,5245494283788784464,Positive,EXACT_GROUP_00082,EXACT_GROUP_00082,SIM_CLUSTER_00235,near_duplicate_cluster_id:SIM_CLUSTER_00235
62,4,8,5399258435274849751,Positive,EXACT_GROUP_00150,EXACT_GROUP_00150,SIM_CLUSTER_00203,near_duplicate_cluster_id:SIM_CLUSTER_00203
62,4,12,7122842433423524634,Positive,EXACT_TEXT_7a4b8f1305250276,EXACT_TEXT_7a4b8f1305250276,SIM_CLUSTER_00021,near_duplicate_cluster_id:SIM_CLUSTER_00021
62,4,25,7188486918966035226,Neutral,EXACT_TEXT_9330213e71d4d0ca,EXACT_TEXT_9330213e71d4d0ca,,exact_duplicate_group_id:EXACT_TEXT_9330213e71d4d0ca
62,4,35,7205794801386767130,Positive,EXACT_TEXT_59a9fa641727cfd5,EXACT_TEXT_59a9fa641727cfd5,,exact_duplicate_group_id:EXACT_TEXT_59a9fa641727cfd5
62,4,38,7206872756942603034,Negative,EXACT_TEXT_09fc8488df0807ab,EXACT_TEXT_09fc8488df0807ab,,exact_duplicate_group_id:EXACT_TEXT_09fc8488df0807ab
62,4,40,7209497283485598490,Positive,EXACT_TEXT_1125090e5d0516ae,EXACT_TEXT_1125090e5d0516ae,,exact_duplicate_group_id:EXACT_TEXT_1125090e5d0516ae
62,4,41,7210114446663107355,Neutral,EXACT_TEXT_1ece971cf8ca8a9e,EXACT_TEXT_1ece971cf8ca8a9e,,exact_duplicate_group_id:EXACT_TEXT_1ece971cf8ca8a9e
62,4,44,7214765278814208773,Negative,EXACT_TEXT_a8888f7ee2e4f897,EXACT_TEXT_a8888f7ee2e4f897,,exact_duplicate_group_id:EXACT_TEXT_a8888f7ee2e4f897
62,4,46,7216607576683201307,Neutral,EXACT_TEXT_f306e1e1467aa1fc,EXACT_TEXT_f306e1e1467aa1fc,SIM_CLUSTER_00280,near_duplicate_cluster_id:SIM_CLUSTER_00280
62,4,47,7217967587257336603,Neutral,EXACT_TEXT_52a27928b9088804,EXACT_TEXT_52a27928b9088804,,exact_duplicate_group_id:EXACT_TEXT_52a27928b9088804
62,4,50,7222641991367803675,Neutral,EXACT_TEXT_b6b0f428ab74c657,EXACT_TEXT_b6b0f428ab74c657,,exact_duplicate_group_id:EXACT_TEXT_b6b0f428ab74c657
62,4,55,7224553429305344794,Neutral,EXACT_TEXT_93fd3d75e35e1507,EXACT_TEXT_93fd3d75e35e1507,,exact_duplicate_group_id:EXACT_TEXT_93fd3d75e35e1507
62,4,69,7251161318287475462,Neutral,EXACT_TEXT_4d078e2d9d643058,EXACT_TEXT_4d078e2d9d643058,,exact_duplicate_group_id:EXACT_TEXT_4d078e2d9d643058
62,4,71,7252149555487179525,Neutral,EXACT_TEXT_eec668b8dc037637,EXACT_TEXT_eec668b8dc037637,,exact_duplicate_group_id:EXACT_TEXT_eec668b8dc037637
62,4,72,7253812676177232646,Negative,EXACT_TEXT_ef16527a5503294e,EXACT_TEXT_ef16527a5503294e,,exact_duplicate_group_id:EXACT_TEXT_ef16527a5503294e
62,4,73,7261518032432972549,Neutral,EXACT_TEXT_649598749c9db03d,EXACT_TEXT_649598749c9db03d,,exact_duplicate_group_id:EXACT_TEXT_649598749c9db03d
62,4,79,7287603631888171781,Neutral,EXACT_TEXT_ecc2f68d0f565adc,EXACT_TEXT_ecc2f68d0f565adc,,exact_duplicate_group_id:EXACT_TEXT_ecc2f68d0f565adc
62,4,85,7309874085793678085,Neutral,EXACT_TEXT_b917e27853e2296b,EXACT_TEXT_b917e27853e2296b,,exact_duplicate_group_id:EXACT_TEXT_b917e27853e2296b
62,4,96,7312260342766879493,Neutral,EXACT_TEXT_2dacb0aefe02a229,EXACT_TEXT_2dacb0aefe02a229,SIM_CLUSTER_00208,near_duplicate_cluster_id:SIM_CLUSTER_00208
62,4,97,7312423250763891462,Positive,EXACT_TEXT_a4bedeeb909c51f6,EXACT_TEXT_a4bedeeb909c51f6,,exact_duplicate_group_id:EXACT_TEXT_a4bedeeb909c51f6
62,4,99,7312616985380291334,Negative,EXACT_TEXT_9c16f25a5f534530,EXACT_TEXT_9c16f25a5f534530,,exact_duplicate_group_id:EXACT_TEXT_9c16f25a5f534530
62,4,104,7314145291331027717,Neutral,EXACT_TEXT_db219842ee07d473,EXACT_TEXT_db219842ee07d473,,exact_duplicate_group_id:EXACT_TEXT_db219842ee07d473
62,4,107,7315105902082900742,Positive,EXACT_TEXT_2f73ab9834aeb084,EXACT_TEXT_2f73ab9834aeb084,,exact_duplicate_group_id:EXACT_TEXT_2f73ab9834aeb084
62,4,117,7319427771931280134,Neutral,EXACT_TEXT_cb8e70946fd34276,EXACT_TEXT_cb8e70946fd34276,,exact_duplicate_group_id:EXACT_TEXT_cb8e70946fd34276
62,4,123,7320179262581293829,Positive,EXACT_TEXT_e83d207d2d0ed89c,EXACT_TEXT_e83d207d2d0ed89c,,exact_duplicate_group_id:EXACT_TEXT_e83d207d2d0ed89c
62,4,125,7320190520797938438,Negative,EXACT_TEXT_e24b615e9a280ba1,EXACT_TEXT_e24b615e9a280ba1,,exact_duplicate_group_id:EXACT_TEXT_e24b615e9a280ba1
62,4,130,7321195775969477382,Neutral,EXACT_TEXT_507d5db95d843487,EXACT_TEXT_507d5db95d843487,,exact_duplicate_group_id:EXACT_TEXT_507d5db95d843487
62,4,145,7330586327135748870,Positive,EXACT_GROUP_00128,EXACT_GROUP_00128,SIM_CLUSTER_00438,near_duplicate_cluster_id:SIM_CLUSTER_00438
62,4,153,7336853531112112902,Neutral,EXACT_TEXT_a06b7086c3662b10,EXACT_TEXT_a06b7086c3662b10,,exact_duplicate_group_id:EXACT_TEXT_a06b7086c3662b10
62,4,154,7336930083172811525,Negative,EXACT_TEXT_4e5dd3f930dbdca7,EXACT_TEXT_4e5dd3f930dbdca7,,exact_duplicate_group_id:EXACT_TEXT_4e5dd3f930dbdca7
62,4,156,7340244506267239173,Negative,EXACT_TEXT_94a2e78ed84a7d17,EXACT_TEXT_94a2e78ed84a7d17,,exact_duplicate_group_id:EXACT_TEXT_94a2e78ed84a7d17
62,4,163,7341663354357875462,Positive,EXACT_TEXT_6c18b18b23a7fe35,EXACT_TEXT_6c18b18b23a7fe35,,exact_duplicate_group_id:EXACT_TEXT_6c18b18b23a7fe35
62,4,164,7341843669739897605,Neutral,EXACT_TEXT_38be6c30e0cfa30b,EXACT_TEXT_38be6c30e0cfa30b,,exact_duplicate_group_id:EXACT_TEXT_38be6c30e0cfa30b
62,4,167,7345105648386032390,Positive,EXACT_TEXT_ca21bd5f0a42b8b9,EXACT_TEXT_ca21bd5f0a42b8b9,,exact_duplicate_group_id:EXACT_TEXT_ca21bd5f0a42b8b9
62,4,168,7345133626637501189,Neutral,EXACT_TEXT_ae257321640bd9df,EXACT_TEXT_ae257321640bd9df,,exact_duplicate_group_id:EXACT_TEXT_ae257321640bd9df
62,4,175,7356999748694065926,Neutral,EXACT_TEXT_835949c9e9d1155e,EXACT_TEXT_835949c9e9d1155e,,exact_duplicate_group_id:EXACT_TEXT_835949c9e9d1155e
62,4,177,7357685823293670150,Neutral,EXACT_TEXT_94b4402e40588c21,EXACT_TEXT_94b4402e40588c21,,exact_duplicate_group_id:EXACT_TEXT_94b4402e40588c21
62,4,178,7357738122287497990,Positive,EXACT_TEXT_637f0d07d1383f46,EXACT_TEXT_637f0d07d1383f46,,exact_duplicate_group_id:EXACT_TEXT_637f0d07d1383f46
62,4,186,7357895755283874566,Neutral,EXACT_TEXT_086edc6c2d383622,EXACT_TEXT_086edc6c2d383622,,exact_duplicate_group_id:EXACT_TEXT_086edc6c2d383622
62,4,190,7357943465521021702,Negative,EXACT_TEXT_eb6e6f3ad4bdee30,EXACT_TEXT_eb6e6f3ad4bdee30,,exact_duplicate_group_id:EXACT_TEXT_eb6e6f3ad4bdee30
62,4,198,7358089940905542405,Negative,EXACT_TEXT_1e831bcbce8b11b3,EXACT_TEXT_1e831bcbce8b11b3,,exact_duplicate_group_id:EXACT_TEXT_1e831bcbce8b11b3
62,4,208,7358488993119716101,Neutral,EXACT_TEXT_199a28a9ac3f3342,EXACT_TEXT_199a28a9ac3f3342,,exact_duplicate_group_id:EXACT_TEXT_199a28a9ac3f3342
62,4,211,7358682351831761670,Neutral,EXACT_TEXT_25efb1b6557b276a,EXACT_TEXT_25efb1b6557b276a,,exact_duplicate_group_id:EXACT_TEXT_25efb1b6557b276a
62,4,216,7359525497539281669,Positive,EXACT_TEXT_d62aafc50c6b05fe,EXACT_TEXT_d62aafc50c6b05fe,,exact_duplicate_group_id:EXACT_TEXT_d62aafc50c6b05fe
62,4,217,7359578132838564614,Neutral,EXACT_TEXT_da3c52ea007bf28b,EXACT_TEXT_da3c52ea007bf28b,,exact_duplicate_group_id:EXACT_TEXT_da3c52ea007bf28b
62,4,231,7365480615469056773,Neutral,EXACT_TEXT_71d1be2a55091c4c,EXACT_TEXT_71d1be2a55091c4c,,exact_duplicate_group_id:EXACT_TEXT_71d1be2a55091c4c
62,4,232,7365492882062541573,Positive,EXACT_TEXT_00527cf6a3879ede,EXACT_TEXT_00527cf6a3879ede,,exact_duplicate_group_id:EXACT_TEXT_00527cf6a3879ede
62,4,233,7366126355194430214,Positive,EXACT_TEXT_d747db0b9a23cfa4,EXACT_TEXT_d747db0b9a23cfa4,,exact_duplicate_group_id:EXACT_TEXT_d747db0b9a23cfa4
62,4,235,7366843331944628997,Positive,EXACT_TEXT_879f11522608d4f4,EXACT_TEXT_879f11522608d4f4,,exact_duplicate_group_id:EXACT_TEXT_879f11522608d4f4
62,4,236,7369392701919675141,Neutral,EXACT_TEXT_0e2fa38b86a146e2,EXACT_TEXT_0e2fa38b86a146e2,,exact_duplicate_group_id:EXACT_TEXT_0e2fa38b86a146e2
62,4,240,7373308421233181446,Neutral,EXACT_TEXT_c5484611be9c0481,EXACT_TEXT_c5484611be9c0481,SIM_CLUSTER_00208,near_duplicate_cluster_id:SIM_CLUSTER_00208
62,4,249,7378511320205411077,Neutral,EXACT_TEXT_67471e7f548e098a,EXACT_TEXT_67471e7f548e098a,,exact_duplicate_group_id:EXACT_TEXT_67471e7f548e098a
62,4,252,7379096813607731974,Positive,EXACT_TEXT_0f9661ab4fe97006,EXACT_TEXT_0f9661ab4fe97006,,exact_duplicate_group_id:EXACT_TEXT_0f9661ab4fe97006
62,4,254,7381871600696279813,Neutral,EXACT_TEXT_9c140cd62d761e54,EXACT_TEXT_9c140cd62d761e54,,exact_duplicate_group_id:EXACT_TEXT_9c140cd62d761e54
62,4,260,7385230242791375622,Neutral,EXACT_TEXT_04ca391cc1223aff,EXACT_TEXT_04ca391cc1223aff,,exact_duplicate_group_id:EXACT_TEXT_04ca391cc1223aff
62,4,267,7387213212251226885,Neutral,EXACT_TEXT_613a180b32230165,EXACT_TEXT_613a180b32230165,,exact_duplicate_group_id:EXACT_TEXT_613a180b32230165
62,4,269,7388483085107643141,Neutral,EXACT_TEXT_36814aa5390c6e01,EXACT_TEXT_36814aa5390c6e01,SIM_CLUSTER_00134,near_duplicate_cluster_id:SIM_CLUSTER_00134
62,4,272,7388865843516850949,Neutral,EXACT_TEXT_4ed9d8355bbb7fab,EXACT_TEXT_4ed9d8355bbb7fab,,exact_duplicate_group_id:EXACT_TEXT_4ed9d8355bbb7fab
62,4,273,7389064099441033990,Neutral,EXACT_TEXT_fde0fdd45e703e4c,EXACT_TEXT_fde0fdd45e703e4c,,exact_duplicate_group_id:EXACT_TEXT_fde0fdd45e703e4c
62,4,274,7389616131072656134,Neutral,EXACT_TEXT_7aea5f2f4023ae21,EXACT_TEXT_7aea5f2f4023ae21,,exact_duplicate_group_id:EXACT_TEXT_7aea5f2f4023ae21
62,4,282,7397908535801742086,Positive,EXACT_TEXT_fb3de067b0d5314e,EXACT_TEXT_fb3de067b0d5314e,,exact_duplicate_group_id:EXACT_TEXT_fb3de067b0d5314e
62,4,286,7398020507608531728,Neutral,EXACT_TEXT_13117347f92b3852,EXACT_TEXT_13117347f92b3852,,exact_duplicate_group_id:EXACT_TEXT_13117347f92b3852
62,4,289,7398752527174697771,Neutral,EXACT_TEXT_19f1c9e0222c488f,EXACT_TEXT_19f1c9e0222c488f,,exact_duplicate_group_id:EXACT_TEXT_19f1c9e0222c488f
62,4,294,7402558354931647237,Negative,EXACT_TEXT_806b7b6a11b6be80,EXACT_TEXT_806b7b6a11b6be80,,exact_duplicate_group_id:EXACT_TEXT_806b7b6a11b6be80
62,4,295,7402903879933215494,Neutral,EXACT_TEXT_e0b6a344c89a2494,EXACT_TEXT_e0b6a344c89a2494,,exact_duplicate_group_id:EXACT_TEXT_e0b6a344c89a2494
62,4,298,7405783183332508421,Neutral,EXACT_TEXT_a22069827d50df6c,EXACT_TEXT_a22069827d50df6c,,exact_duplicate_group_id:EXACT_TEXT_a22069827d50df6c
62,4,299,7407121439063835398,Positive,EXACT_TEXT_1b0ce7ebcc8e2f01,EXACT_TEXT_1b0ce7ebcc8e2f01,,exact_duplicate_group_id:EXACT_TEXT_1b0ce7ebcc8e2f01
62,4,301,7408709581616939782,Positive,EXACT_TEXT_1641c81b1996443d,EXACT_TEXT_1641c81b1996443d,,exact_duplicate_group_id:EXACT_TEXT_1641c81b1996443d
62,4,305,7412493433497699078,Neutral,EXACT_TEXT_e88177eca7f1026a,EXACT_TEXT_e88177eca7f1026a,SIM_CLUSTER_00929,near_duplicate_cluster_id:SIM_CLUSTER_00929
62,4,311,7417439479576855302,Negative,EXACT_TEXT_1576af9e265b942b,EXACT_TEXT_1576af9e265b942b,,exact_duplicate_group_id:EXACT_TEXT_1576af9e265b942b
62,4,312,7418101137297425157,Neutral,EXACT_TEXT_9ec25e5b41661613,EXACT_TEXT_9ec25e5b41661613,,exact_duplicate_group_id:EXACT_TEXT_9ec25e5b41661613
62,4,315,7419655483143504646,Positive,EXACT_TEXT_467af3f35751e97b,EXACT_TEXT_467af3f35751e97b,,exact_duplicate_group_id:EXACT_TEXT_467af3f35751e97b
62,4,316,7420444077306430226,Negative,EXACT_TEXT_287d71daf2525086,EXACT_TEXT_287d71daf2525086,,exact_duplicate_group_id:EXACT_TEXT_287d71daf2525086
62,4,317,7420708516950262534,Negative,EXACT_TEXT_62512188b4be2761,EXACT_TEXT_62512188b4be2761,,exact_duplicate_group_id:EXACT_TEXT_62512188b4be2761
62,4,325,7421772799935775508,Neutral,EXACT_TEXT_969eacbbf8bc05e4,EXACT_TEXT_969eacbbf8bc05e4,,exact_duplicate_group_id:EXACT_TEXT_969eacbbf8bc05e4
62,4,333,7422569489793385221,Negative,EXACT_TEXT_0928ae78074b87d4,EXACT_TEXT_0928ae78074b87d4,,exact_duplicate_group_id:EXACT_TEXT_0928ae78074b87d4
62,4,335,7422647379780535045,Positive,EXACT_TEXT_e1581a7781641bc7,EXACT_TEXT_e1581a7781641bc7,,exact_duplicate_group_id:EXACT_TEXT_e1581a7781641bc7
62,4,345,7425184299190485766,Neutral,EXACT_TEXT_c088078a9fb6806b,EXACT_TEXT_c088078a9fb6806b,SIM_CLUSTER_00208,near_duplicate_cluster_id:SIM_CLUSTER_00208
62,4,348,7425849259604230917,Neutral,EXACT_TEXT_14f9f14e2131fcfe,EXACT_TEXT_14f9f14e2131fcfe,SIM_CLUSTER_00792,near_duplicate_cluster_id:SIM_CLUSTER_00792
62,4,352,7428525688141906695,Negative,EXACT_TEXT_c72dff03ec4ba5ec,EXACT_TEXT_c72dff03ec4ba5ec,,exact_duplicate_group_id:EXACT_TEXT_c72dff03ec4ba5ec
62,4,360,7429590710049407762,Negative,EXACT_TEXT_aa0936d33ebbad88,EXACT_TEXT_aa0936d33ebbad88,,exact_duplicate_group_id:EXACT_TEXT_aa0936d33ebbad88
62,4,366,7430611441139801988,Positive,EXACT_GROUP_00295,EXACT_GROUP_00295,SIM_CLUSTER_00272,near_duplicate_cluster_id:SIM_CLUSTER_00272
62,4,372,7432153965032211216,Negative,EXACT_TEXT_a332f3a00b90c5e0,EXACT_TEXT_a332f3a00b90c5e0,,exact_duplicate_group_id:EXACT_TEXT_a332f3a00b90c5e0
62,4,376,7432672360526332678,Negative,EXACT_TEXT_d8288aa88e6f0350,EXACT_TEXT_d8288aa88e6f0350,,exact_duplicate_group_id:EXACT_TEXT_d8288aa88e6f0350
62,4,377,7432911172020765445,Neutral,EXACT_TEXT_a0b917ea42303f83,EXACT_TEXT_a0b917ea42303f83,,exact_duplicate_group_id:EXACT_TEXT_a0b917ea42303f83
62,4,380,7434041557042496262,Negative,EXACT_TEXT_513a41b9b51671d8,EXACT_TEXT_513a41b9b51671d8,,exact_duplicate_group_id:EXACT_TEXT_513a41b9b51671d8
62,4,382,7434308241242620727,Negative,EXACT_TEXT_32224e6ceba5efa1,EXACT_TEXT_32224e6ceba5efa1,,exact_duplicate_group_id:EXACT_TEXT_32224e6ceba5efa1
62,4,388,7441948246169125687,Negative,EXACT_TEXT_abfef0d670633ca1,EXACT_TEXT_abfef0d670633ca1,,exact_duplicate_group_id:EXACT_TEXT_abfef0d670633ca1
62,4,389,7443643986155143944,Negative,EXACT_TEXT_83aa911190dc0221,EXACT_TEXT_83aa911190dc0221,,exact_duplicate_group_id:EXACT_TEXT_83aa911190dc0221
62,4,390,7446378412769936145,Positive,EXACT_TEXT_155502ac1b17b73b,EXACT_TEXT_155502ac1b17b73b,,exact_duplicate_group_id:EXACT_TEXT_155502ac1b17b73b
62,4,393,7449030034739118855,Neutral,EXACT_TEXT_0ad3c58b7f8bdfb2,EXACT_TEXT_0ad3c58b7f8bdfb2,,exact_duplicate_group_id:EXACT_TEXT_0ad3c58b7f8bdfb2
62,4,395,7450395610849248005,Neutral,EXACT_TEXT_da6ff5f69b95944c,EXACT_TEXT_da6ff5f69b95944c,,exact_duplicate_group_id:EXACT_TEXT_da6ff5f69b95944c
62,4,396,7451201472513639169,Neutral,EXACT_TEXT_ab4a3910c634a93a,EXACT_TEXT_ab4a3910c634a93a,SIM_CLUSTER_00184,near_duplicate_cluster_id:SIM_CLUSTER_00184
62,4,399,7454813376210289426,Negative,EXACT_TEXT_54783b0893335a2c,EXACT_TEXT_54783b0893335a2c,,exact_duplicate_group_id:EXACT_TEXT_54783b0893335a2c
62,4,406,7457751365545100050,Negative,EXACT_TEXT_b05632746a2d67fa,EXACT_TEXT_b05632746a2d67fa,,exact_duplicate_group_id:EXACT_TEXT_b05632746a2d67fa
62,4,409,7459210143533335302,Neutral,EXACT_TEXT_0bf67c6b65afee6f,EXACT_TEXT_0bf67c6b65afee6f,,exact_duplicate_group_id:EXACT_TEXT_0bf67c6b65afee6f
62,4,410,7460640968758313729,Neutral,EXACT_TEXT_3f7e75be5b91dff0,EXACT_TEXT_3f7e75be5b91dff0,,exact_duplicate_group_id:EXACT_TEXT_3f7e75be5b91dff0
62,4,418,7465180838009209607,Neutral,EXACT_TEXT_3f07635b309b50f9,EXACT_TEXT_3f07635b309b50f9,SIM_CLUSTER_00115,near_duplicate_cluster_id:SIM_CLUSTER_00115
62,4,430,7479242451200295688,Negative,EXACT_TEXT_51fcb9149a673144,EXACT_TEXT_51fcb9149a673144,,exact_duplicate_group_id:EXACT_TEXT_51fcb9149a673144
62,4,432,7487241657223447314,Negative,EXACT_TEXT_825fe5975ce1811e,EXACT_TEXT_825fe5975ce1811e,,exact_duplicate_group_id:EXACT_TEXT_825fe5975ce1811e
62,4,434,7489244047014593298,Neutral,EXACT_TEXT_341d04f1462ee0d0,EXACT_TEXT_341d04f1462ee0d0,,exact_duplicate_group_id:EXACT_TEXT_341d04f1462ee0d0
62,4,445,7507836969460876039,Positive,EXACT_TEXT_161f592af56010c4,EXACT_TEXT_161f592af56010c4,,exact_duplicate_group_id:EXACT_TEXT_161f592af56010c4
62,4,452,7528720620843467537,Negative,EXACT_TEXT_b94d3da22ad71504,EXACT_TEXT_b94d3da22ad71504,,exact_duplicate_group_id:EXACT_TEXT_b94d3da22ad71504
62,4,455,7532129791417795335,Negative,EXACT_TEXT_4cbb51d12aaba418,EXACT_TEXT_4cbb51d12aaba418,,exact_duplicate_group_id:EXACT_TEXT_4cbb51d12aaba418
62,4,458,7539699748082975506,Positive,EXACT_TEXT_32aa48fbc9652b49,EXACT_TEXT_32aa48fbc9652b49,,exact_duplicate_group_id:EXACT_TEXT_32aa48fbc9652b49
62,4,465,7553546197735850760,Positive,EXACT_TEXT_4e42f8c2ecc617e5,EXACT_TEXT_4e42f8c2ecc617e5,,exact_duplicate_group_id:EXACT_TEXT_4e42f8c2ecc617e5
62,4,471,7572615059345933076,Neutral,EXACT_TEXT_b24e30dfd588f6ac,EXACT_TEXT_b24e30dfd588f6ac,,exact_duplicate_group_id:EXACT_TEXT_b24e30dfd588f6ac
62,4,473,7573263004461040385,Neutral,EXACT_TEXT_9bccf051982bc9f2,EXACT_TEXT_9bccf051982bc9f2,SIM_CLUSTER_00407,near_duplicate_cluster_id:SIM_CLUSTER_00407
62,4,479,7586893070479082248,Neutral,EXACT_TEXT_dbd19b4199248620,EXACT_TEXT_dbd19b4199248620,,exact_duplicate_group_id:EXACT_TEXT_dbd19b4199248620
62,4,482,7586941362521047825,Neutral,EXACT_TEXT_ba76da6fdc550372,EXACT_TEXT_ba76da6fdc550372,,exact_duplicate_group_id:EXACT_TEXT_ba76da6fdc550372
62,4,491,7587018714543080200,Positive,EXACT_TEXT_3b651a60c0e2b274,EXACT_TEXT_3b651a60c0e2b274,,exact_duplicate_group_id:EXACT_TEXT_3b651a60c0e2b274
62,4,506,7592051181234750229,Neutral,EXACT_TEXT_3f34697623c7b863,EXACT_TEXT_3f34697623c7b863,,exact_duplicate_group_id:EXACT_TEXT_3f34697623c7b863
62,4,507,7596240010019357447,Neutral,EXACT_TEXT_8e26f17e1a63c5e7,EXACT_TEXT_8e26f17e1a63c5e7,SIM_CLUSTER_00765,near_duplicate_cluster_id:SIM_CLUSTER_00765
62,4,508,7596241573664752402,Positive,EXACT_TEXT_24aa0d66648608d9,EXACT_TEXT_24aa0d66648608d9,,exact_duplicate_group_id:EXACT_TEXT_24aa0d66648608d9
62,4,524,7596314697344303893,Positive,EXACT_TEXT_8e247da93f7e2b03,EXACT_TEXT_8e247da93f7e2b03,,exact_duplicate_group_id:EXACT_TEXT_8e247da93f7e2b03
62,4,525,7596403074463597330,Negative,EXACT_TEXT_9cdbd87a83ec2fb0,EXACT_TEXT_9cdbd87a83ec2fb0,,exact_duplicate_group_id:EXACT_TEXT_9cdbd87a83ec2fb0
62,4,526,7596527205745754888,Negative,EXACT_TEXT_f9082839232f82d8,EXACT_TEXT_f9082839232f82d8,,exact_duplicate_group_id:EXACT_TEXT_f9082839232f82d8
62,4,531,7601555992890884885,Negative,EXACT_TEXT_a7b3c9b5ac7eb792,EXACT_TEXT_a7b3c9b5ac7eb792,,exact_duplicate_group_id:EXACT_TEXT_a7b3c9b5ac7eb792
62,4,536,7616819883376771847,Negative,EXACT_TEXT_3ee88904768a0c28,EXACT_TEXT_3ee88904768a0c28,,exact_duplicate_group_id:EXACT_TEXT_3ee88904768a0c28
62,4,538,7622592044998247184,Neutral,EXACT_TEXT_6b94eb7d738e9b6d,EXACT_TEXT_6b94eb7d738e9b6d,,exact_duplicate_group_id:EXACT_TEXT_6b94eb7d738e9b6d
62,4,542,8047737222608403417,Positive,EXACT_GROUP_00150,EXACT_GROUP_00150,SIM_CLUSTER_00203,near_duplicate_cluster_id:SIM_CLUSTER_00203
62,4,544,9228323173467744818,Positive,EXACT_GROUP_00150,EXACT_GROUP_00150,SIM_CLUSTER_00203,near_duplicate_cluster_id:SIM_CLUSTER_00203
62,4,545,9746819620080062517,Positive,EXACT_GROUP_00150,EXACT_GROUP_00150,SIM_CLUSTER_00203,near_duplicate_cluster_id:SIM_CLUSTER_00203
62,4,546,7123077294612939547,Neutral,EXACT_TEXT_294ecc92ebb13db4,EXACT_TEXT_294ecc92ebb13db4,,exact_duplicate_group_id:EXACT_TEXT_294ecc92ebb13db4
62,4,552,7131253657362547483,Negative,EXACT_TEXT_0fa1f325f6bbed9c,EXACT_TEXT_0fa1f325f6bbed9c,,exact_duplicate_group_id:EXACT_TEXT_0fa1f325f6bbed9c
62,4,556,7135622123757929242,Neutral,EXACT_TEXT_39a79fc036f6205f,EXACT_TEXT_39a79fc036f6205f,,exact_duplicate_group_id:EXACT_TEXT_39a79fc036f6205f
62,4,564,7155674478416102145,Neutral,EXACT_GROUP_00382,EXACT_GROUP_00382,SIM_CLUSTER_00533,near_duplicate_cluster_id:SIM_CLUSTER_00533
62,4,565,7155674697555559169,Neutral,EXACT_GROUP_00382,EXACT_GROUP_00382,SIM_CLUSTER_00533,near_duplicate_cluster_id:SIM_CLUSTER_00533
62,4,566,7158400556422677274,Neutral,EXACT_TEXT_c525ad08c94a273c,EXACT_TEXT_c525ad08c94a273c,SIM_CLUSTER_00325,near_duplicate_cluster_id:SIM_CLUSTER_00325
62,4,567,7168753763439690498,Positive,EXACT_TEXT_cee9bed1d5b6eb22,EXACT_TEXT_cee9bed1d5b6eb22,SIM_CLUSTER_00534,near_duplicate_cluster_id:SIM_CLUSTER_00534
62,4,575,7177556827240055579,Neutral,EXACT_TEXT_65d01aead8fbe330,EXACT_TEXT_65d01aead8fbe330,,exact_duplicate_group_id:EXACT_TEXT_65d01aead8fbe330
62,4,578,7182756401256809242,Positive,EXACT_TEXT_884b81764fe9245c,EXACT_TEXT_884b81764fe9245c,,exact_duplicate_group_id:EXACT_TEXT_884b81764fe9245c
62,4,579,7185166634687054619,Positive,EXACT_TEXT_79e13ee56e037192,EXACT_TEXT_79e13ee56e037192,,exact_duplicate_group_id:EXACT_TEXT_79e13ee56e037192
62,4,580,7185208026737951514,Positive,EXACT_TEXT_33a5008a8fbc01ec,EXACT_TEXT_33a5008a8fbc01ec,,exact_duplicate_group_id:EXACT_TEXT_33a5008a8fbc01ec
62,4,583,7186112265400943386,Neutral,EXACT_TEXT_84688c7f537280e0,EXACT_TEXT_84688c7f537280e0,,exact_duplicate_group_id:EXACT_TEXT_84688c7f537280e0
62,4,585,7186789182744232730,Positive,EXACT_TEXT_285c45658f5f35bb,EXACT_TEXT_285c45658f5f35bb,,exact_duplicate_group_id:EXACT_TEXT_285c45658f5f35bb
62,4,589,7193551364944495387,Neutral,EXACT_TEXT_b66e6b7b78a1c8d5,EXACT_TEXT_b66e6b7b78a1c8d5,SIM_CLUSTER_00107,near_duplicate_cluster_id:SIM_CLUSTER_00107
62,4,592,7197368725996307226,Neutral,EXACT_TEXT_15c912c1243dd394,EXACT_TEXT_15c912c1243dd394,,exact_duplicate_group_id:EXACT_TEXT_15c912c1243dd394
62,4,594,7202158780199469850,Neutral,EXACT_TEXT_811e90c0c7751e47,EXACT_TEXT_811e90c0c7751e47,,exact_duplicate_group_id:EXACT_TEXT_811e90c0c7751e47
62,4,608,7207368980818346778,Positive,EXACT_TEXT_9d5cad38482c604d,EXACT_TEXT_9d5cad38482c604d,,exact_duplicate_group_id:EXACT_TEXT_9d5cad38482c604d
62,4,612,7208472373073838875,Positive,EXACT_TEXT_ea6d074542bb24fa,EXACT_TEXT_ea6d074542bb24fa,,exact_duplicate_group_id:EXACT_TEXT_ea6d074542bb24fa
62,4,619,7210369228532450074,Neutral,EXACT_TEXT_88c6761301050376,EXACT_TEXT_88c6761301050376,,exact_duplicate_group_id:EXACT_TEXT_88c6761301050376
62,4,620,7210369365715141403,Positive,EXACT_TEXT_b67638501f8887a9,EXACT_TEXT_b67638501f8887a9,,exact_duplicate_group_id:EXACT_TEXT_b67638501f8887a9
62,4,622,7211543174959366939,Negative,EXACT_TEXT_84cf2b0768fd04af,EXACT_TEXT_84cf2b0768fd04af,,exact_duplicate_group_id:EXACT_TEXT_84cf2b0768fd04af
62,4,624,7212104371218301722,Positive,EXACT_TEXT_67700a2a1d1aa6c2,EXACT_TEXT_67700a2a1d1aa6c2,SIM_CLUSTER_00143,near_duplicate_cluster_id:SIM_CLUSTER_00143
62,4,633,7217695052168217370,Positive,EXACT_TEXT_aa9422178d848e8f,EXACT_TEXT_aa9422178d848e8f,,exact_duplicate_group_id:EXACT_TEXT_aa9422178d848e8f
62,4,642,7222838889026700059,Neutral,EXACT_TEXT_7841cbe53224d49a,EXACT_TEXT_7841cbe53224d49a,SIM_CLUSTER_00107,near_duplicate_cluster_id:SIM_CLUSTER_00107
62,4,644,7223414148175430426,Positive,EXACT_TEXT_02761bf8e469dae7,EXACT_TEXT_02761bf8e469dae7,,exact_duplicate_group_id:EXACT_TEXT_02761bf8e469dae7
62,4,645,7224705735542702874,Neutral,EXACT_TEXT_bf97c5dd55a01d44,EXACT_TEXT_bf97c5dd55a01d44,SIM_CLUSTER_00107,near_duplicate_cluster_id:SIM_CLUSTER_00107
62,4,646,7224806121546089222,Neutral,EXACT_TEXT_ee8a127de12cfb5b,EXACT_TEXT_ee8a127de12cfb5b,,exact_duplicate_group_id:EXACT_TEXT_ee8a127de12cfb5b
62,4,654,7225892573024502555,Neutral,EXACT_TEXT_a2d86d960c4a0ccb,EXACT_TEXT_a2d86d960c4a0ccb,SIM_CLUSTER_00325,near_duplicate_cluster_id:SIM_CLUSTER_00325
62,4,655,7225899817460433690,Neutral,EXACT_TEXT_d5f18eddc249a250,EXACT_TEXT_d5f18eddc249a250,SIM_CLUSTER_00107,near_duplicate_cluster_id:SIM_CLUSTER_00107
62,4,658,7225942452360184603,Neutral,EXACT_TEXT_507d9e42e5d74897,EXACT_TEXT_507d9e42e5d74897,,exact_duplicate_group_id:EXACT_TEXT_507d9e42e5d74897
62,4,667,7226493610400563994,Neutral,EXACT_TEXT_c15010edc5ecdf49,EXACT_TEXT_c15010edc5ecdf49,SIM_CLUSTER_00107,near_duplicate_cluster_id:SIM_CLUSTER_00107
62,4,670,7226597220828529435,Positive,EXACT_TEXT_e8c65d79d79929ce,EXACT_TEXT_e8c65d79d79929ce,SIM_CLUSTER_00337,near_duplicate_cluster_id:SIM_CLUSTER_00337
62,4,673,7226692405369389830,Neutral,EXACT_TEXT_d679ce7a4b8a07ae,EXACT_TEXT_d679ce7a4b8a07ae,,exact_duplicate_group_id:EXACT_TEXT_d679ce7a4b8a07ae
62,4,675,7226988524318327579,Neutral,EXACT_TEXT_4703623eee34ee5c,EXACT_TEXT_4703623eee34ee5c,SIM_CLUSTER_00850,near_duplicate_cluster_id:SIM_CLUSTER_00850
62,4,696,7237798611232097030,Neutral,EXACT_TEXT_9c2a56e415580700,EXACT_TEXT_9c2a56e415580700,,exact_duplicate_group_id:EXACT_TEXT_9c2a56e415580700
62,4,700,7238802456179278597,Neutral,EXACT_TEXT_f2ae1ba202d7fc82,EXACT_TEXT_f2ae1ba202d7fc82,,exact_duplicate_group_id:EXACT_TEXT_f2ae1ba202d7fc82
62,4,702,7238803005008741125,Neutral,EXACT_TEXT_8e632ff71dcab31a,EXACT_TEXT_8e632ff71dcab31a,,exact_duplicate_group_id:EXACT_TEXT_8e632ff71dcab31a
62,4,709,7248888858317816581,Neutral,EXACT_TEXT_45eb8df3f9d84d48,EXACT_TEXT_45eb8df3f9d84d48,,exact_duplicate_group_id:EXACT_TEXT_45eb8df3f9d84d48
62,4,712,7250343666831688453,Positive,EXACT_TEXT_4d3fc248a578199d,EXACT_TEXT_4d3fc248a578199d,SIM_CLUSTER_00865,near_duplicate_cluster_id:SIM_CLUSTER_00865
62,4,720,7258565494596551430,Neutral,EXACT_TEXT_f864b008cf68ca41,EXACT_TEXT_f864b008cf68ca41,,exact_duplicate_group_id:EXACT_TEXT_f864b008cf68ca41
62,4,747,7287147585201259270,Positive,EXACT_TEXT_e8902286d81bce56,EXACT_TEXT_e8902286d81bce56,SIM_CLUSTER_00021,near_duplicate_cluster_id:SIM_CLUSTER_00021
62,4,750,7287448573426893574,Neutral,EXACT_TEXT_fe4d9ece5715dbeb,EXACT_TEXT_fe4d9ece5715dbeb,,exact_duplicate_group_id:EXACT_TEXT_fe4d9ece5715dbeb
62,4,752,7288637869123961606,Positive,EXACT_TEXT_72641e2207309efd,EXACT_TEXT_72641e2207309efd,,exact_duplicate_group_id:EXACT_TEXT_72641e2207309efd
62,4,757,7291642673139450630,Neutral,EXACT_TEXT_990fb92839338459,EXACT_TEXT_990fb92839338459,SIM_CLUSTER_00887,near_duplicate_cluster_id:SIM_CLUSTER_00887
62,4,758,7291856823852958470,Neutral,EXACT_TEXT_77c452536aed4ded,EXACT_TEXT_77c452536aed4ded,SIM_CLUSTER_00107,near_duplicate_cluster_id:SIM_CLUSTER_00107
62,4,772,7308170718339515141,Neutral,EXACT_TEXT_07a4e3351ed98904,EXACT_TEXT_07a4e3351ed98904,,exact_duplicate_group_id:EXACT_TEXT_07a4e3351ed98904
62,4,777,7311316335278949125,Neutral,EXACT_TEXT_f3103f1ee49db0ba,EXACT_TEXT_f3103f1ee49db0ba,,exact_duplicate_group_id:EXACT_TEXT_f3103f1ee49db0ba
62,4,778,7312032425030058757,Neutral,EXACT_TEXT_00e8385185e491d3,EXACT_TEXT_00e8385185e491d3,,exact_duplicate_group_id:EXACT_TEXT_00e8385185e491d3
62,4,793,7313904172767920902,Positive,EXACT_TEXT_340ac6ad4cf06c40,EXACT_TEXT_340ac6ad4cf06c40,,exact_duplicate_group_id:EXACT_TEXT_340ac6ad4cf06c40
62,4,794,7313919159631921925,Positive,EXACT_TEXT_bbe29c33fa430cb4,EXACT_TEXT_bbe29c33fa430cb4,,exact_duplicate_group_id:EXACT_TEXT_bbe29c33fa430cb4
62,4,798,7314526140332573445,Neutral,EXACT_TEXT_0f1fc99ff542707c,EXACT_TEXT_0f1fc99ff542707c,,exact_duplicate_group_id:EXACT_TEXT_0f1fc99ff542707c
62,4,801,7315000063540822789,Neutral,EXACT_TEXT_b2fe4109cebb8076,EXACT_TEXT_b2fe4109cebb8076,,exact_duplicate_group_id:EXACT_TEXT_b2fe4109cebb8076
62,4,805,7316419591391265542,Neutral,EXACT_TEXT_da1a57c1e87d790d,EXACT_TEXT_da1a57c1e87d790d,,exact_duplicate_group_id:EXACT_TEXT_da1a57c1e87d790d
62,4,810,7317303113936765702,Positive,EXACT_TEXT_8a0cc8ad7687b92d,EXACT_TEXT_8a0cc8ad7687b92d,,exact_duplicate_group_id:EXACT_TEXT_8a0cc8ad7687b92d
62,4,822,7320308105157198598,Neutral,EXACT_TEXT_de5172d92eb8e394,EXACT_TEXT_de5172d92eb8e394,,exact_duplicate_group_id:EXACT_TEXT_de5172d92eb8e394
62,4,829,7321464784292152070,Negative,EXACT_TEXT_a113acc552a5cfdc,EXACT_TEXT_a113acc552a5cfdc,,exact_duplicate_group_id:EXACT_TEXT_a113acc552a5cfdc
62,4,830,7321564373486289669,Neutral,EXACT_TEXT_fd32bac61df9f597,EXACT_TEXT_fd32bac61df9f597,,exact_duplicate_group_id:EXACT_TEXT_fd32bac61df9f597
62,4,843,7327966867343213318,Neutral,EXACT_TEXT_0924685fb2880b25,EXACT_TEXT_0924685fb2880b25,,exact_duplicate_group_id:EXACT_TEXT_0924685fb2880b25
62,4,854,7332647086997226245,Neutral,EXACT_TEXT_598d3c4967b3eed7,EXACT_TEXT_598d3c4967b3eed7,,exact_duplicate_group_id:EXACT_TEXT_598d3c4967b3eed7
62,4,858,7334147425147699974,Neutral,EXACT_TEXT_d8c7af6af4332368,EXACT_TEXT_d8c7af6af4332368,,exact_duplicate_group_id:EXACT_TEXT_d8c7af6af4332368
62,4,871,7340962860992611077,Negative,EXACT_TEXT_76e78565664219ff,EXACT_TEXT_76e78565664219ff,,exact_duplicate_group_id:EXACT_TEXT_76e78565664219ff
62,4,873,7341033515360027397,Negative,EXACT_TEXT_2c473018867d513d,EXACT_TEXT_2c473018867d513d,,exact_duplicate_group_id:EXACT_TEXT_2c473018867d513d
62,4,875,7341050930945426182,Negative,EXACT_TEXT_e40056276f961fd1,EXACT_TEXT_e40056276f961fd1,,exact_duplicate_group_id:EXACT_TEXT_e40056276f961fd1
62,4,876,7341153299791774469,Neutral,EXACT_TEXT_1d05757a1183ca37,EXACT_TEXT_1d05757a1183ca37,,exact_duplicate_group_id:EXACT_TEXT_1d05757a1183ca37
62,4,878,7341258198390915846,Neutral,EXACT_TEXT_acaabe7593676407,EXACT_TEXT_acaabe7593676407,,exact_duplicate_group_id:EXACT_TEXT_acaabe7593676407
62,4,893,7349955631606989573,Neutral,EXACT_TEXT_87a7e5e83aef7729,EXACT_TEXT_87a7e5e83aef7729,,exact_duplicate_group_id:EXACT_TEXT_87a7e5e83aef7729
62,4,895,7350515082760553221,Neutral,EXACT_TEXT_d01fdcc884ecd383,EXACT_TEXT_d01fdcc884ecd383,SIM_CLUSTER_00107,near_duplicate_cluster_id:SIM_CLUSTER_00107
62,4,906,7357755050382541574,Negative,EXACT_TEXT_053dd7056b3ba0d6,EXACT_TEXT_053dd7056b3ba0d6,,exact_duplicate_group_id:EXACT_TEXT_053dd7056b3ba0d6
62,4,908,7357851534862320389,Positive,EXACT_TEXT_4af93efca1524af1,EXACT_TEXT_4af93efca1524af1,,exact_duplicate_group_id:EXACT_TEXT_4af93efca1524af1
62,4,920,7357985199369618182,Negative,EXACT_TEXT_efcf9a9cf1becd70,EXACT_TEXT_efcf9a9cf1becd70,,exact_duplicate_group_id:EXACT_TEXT_efcf9a9cf1becd70
62,4,921,7358000016394683141,Positive,EXACT_TEXT_6e41edb267274c3e,EXACT_TEXT_6e41edb267274c3e,,exact_duplicate_group_id:EXACT_TEXT_6e41edb267274c3e
62,4,922,7358021395277726469,Neutral,EXACT_TEXT_22fb79b333a0a7b0,EXACT_TEXT_22fb79b333a0a7b0,,exact_duplicate_group_id:EXACT_TEXT_22fb79b333a0a7b0
62,4,939,7359428694631596805,Neutral,EXACT_TEXT_22cb3e83c2ea47c2,EXACT_TEXT_22cb3e83c2ea47c2,,exact_duplicate_group_id:EXACT_TEXT_22cb3e83c2ea47c2
62,4,941,7359567635937723142,Positive,EXACT_TEXT_fb998ca517ef92dd,EXACT_TEXT_fb998ca517ef92dd,,exact_duplicate_group_id:EXACT_TEXT_fb998ca517ef92dd
62,4,953,7360130575292613382,Positive,EXACT_TEXT_b457380039f5c68f,EXACT_TEXT_b457380039f5c68f,,exact_duplicate_group_id:EXACT_TEXT_b457380039f5c68f
62,4,959,7362046050905621254,Neutral,EXACT_TEXT_13851e6d33441bb5,EXACT_TEXT_13851e6d33441bb5,SIM_CLUSTER_00107,near_duplicate_cluster_id:SIM_CLUSTER_00107
62,4,963,7363497849750815493,Positive,EXACT_TEXT_6dce1af75dce430b,EXACT_TEXT_6dce1af75dce430b,,exact_duplicate_group_id:EXACT_TEXT_6dce1af75dce430b
62,4,965,7363694925776421637,Positive,EXACT_TEXT_612223f39fc373de,EXACT_TEXT_612223f39fc373de,,exact_duplicate_group_id:EXACT_TEXT_612223f39fc373de
62,4,972,7364718235387183877,Negative,EXACT_TEXT_26c593987153f958,EXACT_TEXT_26c593987153f958,,exact_duplicate_group_id:EXACT_TEXT_26c593987153f958
62,4,995,7372586629690934021,Negative,EXACT_TEXT_6fd6b2fd187c0229,EXACT_TEXT_6fd6b2fd187c0229,,exact_duplicate_group_id:EXACT_TEXT_6fd6b2fd187c0229
62,4,1000,7375880308845871877,Neutral,EXACT_TEXT_d4bb70648ae87e22,EXACT_TEXT_d4bb70648ae87e22,,exact_duplicate_group_id:EXACT_TEXT_d4bb70648ae87e22
62,4,1003,7377644913598972677,Neutral,EXACT_TEXT_b556b2321c22da1f,EXACT_TEXT_b556b2321c22da1f,,exact_duplicate_group_id:EXACT_TEXT_b556b2321c22da1f
62,4,1015,7380625107615941381,Neutral,EXACT_TEXT_df2ec7388a5ad274,EXACT_TEXT_df2ec7388a5ad274,,exact_duplicate_group_id:EXACT_TEXT_df2ec7388a5ad274
62,4,1020,7382466421035336454,Neutral,EXACT_TEXT_6ede9ada3ae47557,EXACT_TEXT_6ede9ada3ae47557,,exact_duplicate_group_id:EXACT_TEXT_6ede9ada3ae47557
62,4,1025,7384087361610990342,Negative,EXACT_TEXT_2006749ea03ab385,EXACT_TEXT_2006749ea03ab385,,exact_duplicate_group_id:EXACT_TEXT_2006749ea03ab385
62,4,1026,7384358954300015365,Positive,EXACT_GROUP_00896,EXACT_GROUP_00896,SIM_CLUSTER_00021,near_duplicate_cluster_id:SIM_CLUSTER_00021
62,4,1027,7384758236446606085,Neutral,EXACT_TEXT_913491ca002ae9e6,EXACT_TEXT_913491ca002ae9e6,,exact_duplicate_group_id:EXACT_TEXT_913491ca002ae9e6
62,4,1028,7384794216947303174,Neutral,EXACT_TEXT_23bd0767a5a5b268,EXACT_TEXT_23bd0767a5a5b268,,exact_duplicate_group_id:EXACT_TEXT_23bd0767a5a5b268
62,4,1031,7385460862666539782,Neutral,EXACT_TEXT_06a0f45956c44e4e,EXACT_TEXT_06a0f45956c44e4e,SIM_CLUSTER_00184,near_duplicate_cluster_id:SIM_CLUSTER_00184
62,4,1032,7385496074121757445,Neutral,EXACT_TEXT_eb07a6176eb228b0,EXACT_TEXT_eb07a6176eb228b0,SIM_CLUSTER_00107,near_duplicate_cluster_id:SIM_CLUSTER_00107
62,4,1035,7387285033772925701,Neutral,EXACT_TEXT_21c83e1de784a332,EXACT_TEXT_21c83e1de784a332,,exact_duplicate_group_id:EXACT_TEXT_21c83e1de784a332
62,4,1060,7390965885643096837,Positive,EXACT_TEXT_c3d0f829eae96d30,EXACT_TEXT_c3d0f829eae96d30,SIM_CLUSTER_00021,near_duplicate_cluster_id:SIM_CLUSTER_00021
62,4,1070,7397740489188033285,Neutral,EXACT_TEXT_9df7834b1f64bec3,EXACT_TEXT_9df7834b1f64bec3,,exact_duplicate_group_id:EXACT_TEXT_9df7834b1f64bec3
62,4,1079,7398418846175183621,Negative,EXACT_TEXT_40462f1eab22973e,EXACT_TEXT_40462f1eab22973e,,exact_duplicate_group_id:EXACT_TEXT_40462f1eab22973e
62,4,1085,7399656739517596422,Positive,EXACT_TEXT_c9d020f7512f0b63,EXACT_TEXT_c9d020f7512f0b63,,exact_duplicate_group_id:EXACT_TEXT_c9d020f7512f0b63
62,4,1087,7399936458059170565,Neutral,EXACT_TEXT_ca88fcb53d19eec0,EXACT_TEXT_ca88fcb53d19eec0,,exact_duplicate_group_id:EXACT_TEXT_ca88fcb53d19eec0
62,4,1090,7402088921776243461,Positive,EXACT_TEXT_b22b759eceb5c0e8,EXACT_TEXT_b22b759eceb5c0e8,,exact_duplicate_group_id:EXACT_TEXT_b22b759eceb5c0e8
62,4,1096,7405131360170001157,Neutral,EXACT_TEXT_7b8fb333551e6853,EXACT_TEXT_7b8fb333551e6853,,exact_duplicate_group_id:EXACT_TEXT_7b8fb333551e6853
62,4,1099,7405975481226756869,Neutral,EXACT_TEXT_8b9ae15083f36016,EXACT_TEXT_8b9ae15083f36016,,exact_duplicate_group_id:EXACT_TEXT_8b9ae15083f36016
62,4,1105,7408085618523669253,Positive,EXACT_TEXT_13db9a05e61786c2,EXACT_TEXT_13db9a05e61786c2,,exact_duplicate_group_id:EXACT_TEXT_13db9a05e61786c2
62,4,1107,7410075245274776325,Neutral,EXACT_TEXT_eaab082e78b32035,EXACT_TEXT_eaab082e78b32035,SIM_CLUSTER_00107,near_duplicate_cluster_id:SIM_CLUSTER_00107
62,4,1116,7419545302963520261,Negative,EXACT_TEXT_8a8c4c4596c2052c,EXACT_TEXT_8a8c4c4596c2052c,,exact_duplicate_group_id:EXACT_TEXT_8a8c4c4596c2052c
62,4,1122,7420293969903829766,Neutral,EXACT_TEXT_efb7459bcfc4932c,EXACT_TEXT_efb7459bcfc4932c,,exact_duplicate_group_id:EXACT_TEXT_efb7459bcfc4932c
62,4,1129,7421181591516939013,Negative,EXACT_TEXT_74073de4416904f3,EXACT_TEXT_74073de4416904f3,,exact_duplicate_group_id:EXACT_TEXT_74073de4416904f3
62,4,1131,7421188993708098310,Negative,EXACT_TEXT_a4aeceb09fda40ba,EXACT_TEXT_a4aeceb09fda40ba,,exact_duplicate_group_id:EXACT_TEXT_a4aeceb09fda40ba
62,4,1135,7421195417847137030,Negative,EXACT_TEXT_e79ee2a731694fd9,EXACT_TEXT_e79ee2a731694fd9,,exact_duplicate_group_id:EXACT_TEXT_e79ee2a731694fd9
62,4,1143,7421285953077707525,Negative,EXACT_TEXT_256b5281a29b7ca1,EXACT_TEXT_256b5281a29b7ca1,,exact_duplicate_group_id:EXACT_TEXT_256b5281a29b7ca1
62,4,1147,7421303517551952646,Negative,EXACT_TEXT_5d36f1e893fc7cf4,EXACT_TEXT_5d36f1e893fc7cf4,,exact_duplicate_group_id:EXACT_TEXT_5d36f1e893fc7cf4
62,4,1150,7421313619831767813,Negative,EXACT_TEXT_e93c48a7ee447fba,EXACT_TEXT_e93c48a7ee447fba,,exact_duplicate_group_id:EXACT_TEXT_e93c48a7ee447fba
62,4,1151,7421316312331649797,Negative,EXACT_TEXT_50ae318e802fdf8a,EXACT_TEXT_50ae318e802fdf8a,,exact_duplicate_group_id:EXACT_TEXT_50ae318e802fdf8a
62,4,1155,7421332678856868613,Positive,EXACT_TEXT_c34dbe8276e1b815,EXACT_TEXT_c34dbe8276e1b815,,exact_duplicate_group_id:EXACT_TEXT_c34dbe8276e1b815
62,4,1159,7421353328472752902,Negative,EXACT_TEXT_fe83c414fdf1511f,EXACT_TEXT_fe83c414fdf1511f,,exact_duplicate_group_id:EXACT_TEXT_fe83c414fdf1511f
62,4,1167,7421364467378094853,Negative,EXACT_TEXT_cf5f0201cab0b633,EXACT_TEXT_cf5f0201cab0b633,,exact_duplicate_group_id:EXACT_TEXT_cf5f0201cab0b633
62,4,1168,7421366015349015304,Negative,EXACT_TEXT_1f36fe60d0b9202c,EXACT_TEXT_1f36fe60d0b9202c,,exact_duplicate_group_id:EXACT_TEXT_1f36fe60d0b9202c
62,4,1171,7421381410600157958,Positive,EXACT_TEXT_95c20ce36b153311,EXACT_TEXT_95c20ce36b153311,,exact_duplicate_group_id:EXACT_TEXT_95c20ce36b153311
62,4,1178,7421420854359868166,Negative,EXACT_TEXT_1e0d29f7822eb12a,EXACT_TEXT_1e0d29f7822eb12a,,exact_duplicate_group_id:EXACT_TEXT_1e0d29f7822eb12a
62,4,1180,7421423848347009797,Positive,EXACT_TEXT_32be348d65ec07ef,EXACT_TEXT_32be348d65ec07ef,,exact_duplicate_group_id:EXACT_TEXT_32be348d65ec07ef
62,4,1187,7421538637710164742,Negative,EXACT_TEXT_3bad12b54f712c77,EXACT_TEXT_3bad12b54f712c77,,exact_duplicate_group_id:EXACT_TEXT_3bad12b54f712c77
62,4,1197,7421661538622194437,Negative,EXACT_TEXT_d2e092eee5814ba1,EXACT_TEXT_d2e092eee5814ba1,,exact_duplicate_group_id:EXACT_TEXT_d2e092eee5814ba1
62,4,1198,7421665142327280390,Negative,EXACT_TEXT_842907b5ee3ea093,EXACT_TEXT_842907b5ee3ea093,,exact_duplicate_group_id:EXACT_TEXT_842907b5ee3ea093
62,4,1199,7421691792154968837,Positive,EXACT_TEXT_2ca1a4df9d32c75d,EXACT_TEXT_2ca1a4df9d32c75d,,exact_duplicate_group_id:EXACT_TEXT_2ca1a4df9d32c75d
62,4,1204,7421709011974996741,Negative,EXACT_TEXT_a4c10401d8d23f2e,EXACT_TEXT_a4c10401d8d23f2e,SIM_CLUSTER_00468,near_duplicate_cluster_id:SIM_CLUSTER_00468
62,4,1211,7421757188094051078,Negative,EXACT_TEXT_69b6f59bb37291f7,EXACT_TEXT_69b6f59bb37291f7,SIM_CLUSTER_00468,near_duplicate_cluster_id:SIM_CLUSTER_00468
62,4,1228,7422109936836117253,Negative,EXACT_TEXT_4453768bb6992847,EXACT_TEXT_4453768bb6992847,,exact_duplicate_group_id:EXACT_TEXT_4453768bb6992847
62,4,1231,7422117313397015301,Neutral,EXACT_TEXT_fdfcaa7fe9167b90,EXACT_TEXT_fdfcaa7fe9167b90,,exact_duplicate_group_id:EXACT_TEXT_fdfcaa7fe9167b90
62,4,1233,7422147163000505096,Negative,EXACT_TEXT_7a6e25c424977b89,EXACT_TEXT_7a6e25c424977b89,,exact_duplicate_group_id:EXACT_TEXT_7a6e25c424977b89
62,4,1235,7422172664515314438,Negative,EXACT_TEXT_e5ce480eb3b086f2,EXACT_TEXT_e5ce480eb3b086f2,,exact_duplicate_group_id:EXACT_TEXT_e5ce480eb3b086f2
62,4,1236,7422180937326510853,Negative,EXACT_TEXT_18d78feaa51301c5,EXACT_TEXT_18d78feaa51301c5,,exact_duplicate_group_id:EXACT_TEXT_18d78feaa51301c5
62,4,1244,7422228171217289990,Negative,EXACT_TEXT_03920b7415e5c780,EXACT_TEXT_03920b7415e5c780,,exact_duplicate_group_id:EXACT_TEXT_03920b7415e5c780
62,4,1248,7422258866593284869,Negative,EXACT_TEXT_4544463ba396c4e4,EXACT_TEXT_4544463ba396c4e4,,exact_duplicate_group_id:EXACT_TEXT_4544463ba396c4e4
62,4,1251,7422351846835159813,Positive,EXACT_TEXT_0213fd6ca665bc63,EXACT_TEXT_0213fd6ca665bc63,SIM_CLUSTER_00021,near_duplicate_cluster_id:SIM_CLUSTER_00021
62,4,1253,7422438566083134213,Neutral,EXACT_TEXT_9e28b1b01e5c0567,EXACT_TEXT_9e28b1b01e5c0567,,exact_duplicate_group_id:EXACT_TEXT_9e28b1b01e5c0567
62,4,1254,7422475462342869766,Positive,EXACT_GROUP_00896,EXACT_GROUP_00896,SIM_CLUSTER_00021,near_duplicate_cluster_id:SIM_CLUSTER_00021
62,4,1260,7422508967718863621,Negative,EXACT_TEXT_1f66069e3b2f3d45,EXACT_TEXT_1f66069e3b2f3d45,,exact_duplicate_group_id:EXACT_TEXT_1f66069e3b2f3d45
62,4,1265,7422560919169942277,Negative,EXACT_TEXT_0f33ee948c8dd00a,EXACT_TEXT_0f33ee948c8dd00a,,exact_duplicate_group_id:EXACT_TEXT_0f33ee948c8dd00a
62,4,1268,7422613774539277062,Negative,EXACT_TEXT_6b34833fc119b412,EXACT_TEXT_6b34833fc119b412,,exact_duplicate_group_id:EXACT_TEXT_6b34833fc119b412
62,4,1272,7422643378486264582,Negative,EXACT_TEXT_33a8d21d7380b1fb,EXACT_TEXT_33a8d21d7380b1fb,,exact_duplicate_group_id:EXACT_TEXT_33a8d21d7380b1fb
62,4,1274,7422648199997539073,Negative,EXACT_TEXT_4fabc35ff8b5dc35,EXACT_TEXT_4fabc35ff8b5dc35,SIM_CLUSTER_00468,near_duplicate_cluster_id:SIM_CLUSTER_00468
62,4,1275,7422661255251313414,Negative,EXACT_TEXT_32616b73583f6c90,EXACT_TEXT_32616b73583f6c90,SIM_CLUSTER_00468,near_duplicate_cluster_id:SIM_CLUSTER_00468
62,4,1277,7422670257007133445,Negative,EXACT_TEXT_ebc3efa50b659cb2,EXACT_TEXT_ebc3efa50b659cb2,,exact_duplicate_group_id:EXACT_TEXT_ebc3efa50b659cb2
62,4,1287,7422784834407269128,Negative,EXACT_TEXT_73f51734b3a3ccec,EXACT_TEXT_73f51734b3a3ccec,,exact_duplicate_group_id:EXACT_TEXT_73f51734b3a3ccec
62,4,1305,7424364544149455621,Neutral,EXACT_TEXT_fe459c33cf74288c,EXACT_TEXT_fe459c33cf74288c,,exact_duplicate_group_id:EXACT_TEXT_fe459c33cf74288c
62,4,1309,7424688840943698705,Positive,EXACT_TEXT_776df46914b49c3d,EXACT_TEXT_776df46914b49c3d,,exact_duplicate_group_id:EXACT_TEXT_776df46914b49c3d
62,4,1317,7425478810374341381,Positive,EXACT_TEXT_122cd048ea08ac46,EXACT_TEXT_122cd048ea08ac46,,exact_duplicate_group_id:EXACT_TEXT_122cd048ea08ac46
62,4,1321,7426167291554988806,Neutral,EXACT_TEXT_af0c98d629ff1c6d,EXACT_TEXT_af0c98d629ff1c6d,,exact_duplicate_group_id:EXACT_TEXT_af0c98d629ff1c6d
62,4,1323,7426553950201545490,Neutral,EXACT_TEXT_8e01c0d23cd78bb1,EXACT_TEXT_8e01c0d23cd78bb1,,exact_duplicate_group_id:EXACT_TEXT_8e01c0d23cd78bb1
62,4,1326,7426730979378692869,Neutral,EXACT_TEXT_44213e4113669ad1,EXACT_TEXT_44213e4113669ad1,,exact_duplicate_group_id:EXACT_TEXT_44213e4113669ad1
62,4,1343,7428461519828960005,Neutral,EXACT_TEXT_fe5af29a970cf287,EXACT_TEXT_fe5af29a970cf287,,exact_duplicate_group_id:EXACT_TEXT_fe5af29a970cf287
62,4,1354,7428508586845078280,Neutral,EXACT_TEXT_fc983a395cf3145b,EXACT_TEXT_fc983a395cf3145b,,exact_duplicate_group_id:EXACT_TEXT_fc983a395cf3145b
62,4,1358,7428538743555179282,Positive,EXACT_TEXT_fa67c6e923d0ec76,EXACT_TEXT_fa67c6e923d0ec76,,exact_duplicate_group_id:EXACT_TEXT_fa67c6e923d0ec76
62,4,1373,7428614622015521541,Neutral,EXACT_TEXT_796732767386ee94,EXACT_TEXT_796732767386ee94,SIM_CLUSTER_00021,near_duplicate_cluster_id:SIM_CLUSTER_00021
62,4,1374,7428618400412451589,Neutral,EXACT_TEXT_5b599fafe65c0650,EXACT_TEXT_5b599fafe65c0650,,exact_duplicate_group_id:EXACT_TEXT_5b599fafe65c0650
62,4,1378,7428722045233873670,Neutral,EXACT_TEXT_b4648fa0174119b5,EXACT_TEXT_b4648fa0174119b5,,exact_duplicate_group_id:EXACT_TEXT_b4648fa0174119b5
62,4,1382,7428756443396915974,Neutral,EXACT_TEXT_7ca4c336b8d7f4a1,EXACT_TEXT_7ca4c336b8d7f4a1,,exact_duplicate_group_id:EXACT_TEXT_7ca4c336b8d7f4a1
62,4,1393,7428920345430688529,Neutral,EXACT_TEXT_4ab73ac1be940106,EXACT_TEXT_4ab73ac1be940106,,exact_duplicate_group_id:EXACT_TEXT_4ab73ac1be940106
62,4,1403,7429161307826258694,Positive,EXACT_TEXT_12eea553e590930e,EXACT_TEXT_12eea553e590930e,,exact_duplicate_group_id:EXACT_TEXT_12eea553e590930e
62,4,1407,7429186356247200532,Negative,EXACT_TEXT_60d8fe08b440a163,EXACT_TEXT_60d8fe08b440a163,,exact_duplicate_group_id:EXACT_TEXT_60d8fe08b440a163
62,4,1412,7429324435167085318,Neutral,EXACT_TEXT_d95884e4b0f256af,EXACT_TEXT_d95884e4b0f256af,,exact_duplicate_group_id:EXACT_TEXT_d95884e4b0f256af
62,4,1414,7429362087108084485,Positive,EXACT_TEXT_2756fe6b6a95c42e,EXACT_TEXT_2756fe6b6a95c42e,,exact_duplicate_group_id:EXACT_TEXT_2756fe6b6a95c42e
62,4,1415,7429474508841288464,Positive,EXACT_TEXT_23237792f7d63f1a,EXACT_TEXT_23237792f7d63f1a,,exact_duplicate_group_id:EXACT_TEXT_23237792f7d63f1a
62,4,1418,7429547699379503877,Negative,EXACT_TEXT_8d6ed3f0b48b69e4,EXACT_TEXT_8d6ed3f0b48b69e4,,exact_duplicate_group_id:EXACT_TEXT_8d6ed3f0b48b69e4
62,4,1419,7429556927258624774,Neutral,EXACT_TEXT_ac92fb8a3e5da942,EXACT_TEXT_ac92fb8a3e5da942,,exact_duplicate_group_id:EXACT_TEXT_ac92fb8a3e5da942
62,4,1422,7429620689340695314,Positive,EXACT_TEXT_d7c15ff4bc79e35b,EXACT_TEXT_d7c15ff4bc79e35b,,exact_duplicate_group_id:EXACT_TEXT_d7c15ff4bc79e35b
62,4,1435,7430267876521476885,Negative,EXACT_TEXT_7a30e7cd22ca8bdd,EXACT_TEXT_7a30e7cd22ca8bdd,,exact_duplicate_group_id:EXACT_TEXT_7a30e7cd22ca8bdd
62,4,1439,7430319408092316434,Negative,EXACT_TEXT_c13d849ce0cf2b91,EXACT_TEXT_c13d849ce0cf2b91,,exact_duplicate_group_id:EXACT_TEXT_c13d849ce0cf2b91
62,4,1447,7430637622899720966,Negative,EXACT_TEXT_5d6bb775bcda19d7,EXACT_TEXT_5d6bb775bcda19d7,,exact_duplicate_group_id:EXACT_TEXT_5d6bb775bcda19d7
62,4,1451,7430726567230571272,Neutral,EXACT_TEXT_1da8991935994e2c,EXACT_TEXT_1da8991935994e2c,,exact_duplicate_group_id:EXACT_TEXT_1da8991935994e2c
62,4,1458,7431055081434678023,Neutral,EXACT_TEXT_ae1f9575d83bf398,EXACT_TEXT_ae1f9575d83bf398,,exact_duplicate_group_id:EXACT_TEXT_ae1f9575d83bf398
62,4,1460,7431131287655875334,Negative,EXACT_TEXT_d52e39abebb24e1a,EXACT_TEXT_d52e39abebb24e1a,,exact_duplicate_group_id:EXACT_TEXT_d52e39abebb24e1a
62,4,1476,7432464906720674565,Negative,EXACT_TEXT_d3cadf9064ed8799,EXACT_TEXT_d3cadf9064ed8799,,exact_duplicate_group_id:EXACT_TEXT_d3cadf9064ed8799
62,4,1490,7435492010503521044,Negative,EXACT_TEXT_1895d5998b4c0723,EXACT_TEXT_1895d5998b4c0723,,exact_duplicate_group_id:EXACT_TEXT_1895d5998b4c0723
62,4,1496,7436325037428605712,Neutral,EXACT_TEXT_006d527f9c2db7d6,EXACT_TEXT_006d527f9c2db7d6,,exact_duplicate_group_id:EXACT_TEXT_006d527f9c2db7d6
62,4,1532,7440327649454801671,Neutral,EXACT_TEXT_9344db7c24ad65cc,EXACT_TEXT_9344db7c24ad65cc,,exact_duplicate_group_id:EXACT_TEXT_9344db7c24ad65cc
62,4,1552,7444390480797942548,Neutral,EXACT_GROUP_00221,EXACT_GROUP_00221,SIM_CLUSTER_00068,near_duplicate_cluster_id:SIM_CLUSTER_00068
62,4,1556,7446074065301177105,Neutral,EXACT_TEXT_46d48a8dec870477,EXACT_TEXT_46d48a8dec870477,,exact_duplicate_group_id:EXACT_TEXT_46d48a8dec870477
62,4,1563,7447986580340228869,Neutral,EXACT_TEXT_4b88a746f87f0344,EXACT_TEXT_4b88a746f87f0344,SIM_CLUSTER_00021,near_duplicate_cluster_id:SIM_CLUSTER_00021
62,4,1566,7448453948753478407,Neutral,EXACT_TEXT_7befff2fc6ee7573,EXACT_TEXT_7befff2fc6ee7573,,exact_duplicate_group_id:EXACT_TEXT_7befff2fc6ee7573
62,4,1576,7452688668726821648,Neutral,EXACT_TEXT_06dfcb2afca3d1b5,EXACT_TEXT_06dfcb2afca3d1b5,,exact_duplicate_group_id:EXACT_TEXT_06dfcb2afca3d1b5
62,4,1587,7457182381214581510,Neutral,EXACT_TEXT_0be04bff8b909d5d,EXACT_TEXT_0be04bff8b909d5d,,exact_duplicate_group_id:EXACT_TEXT_0be04bff8b909d5d
62,4,1606,7458527253942584082,Neutral,EXACT_TEXT_1d186f3db2c6b0d2,EXACT_TEXT_1d186f3db2c6b0d2,,exact_duplicate_group_id:EXACT_TEXT_1d186f3db2c6b0d2
62,4,1610,7459408801617036040,Positive,EXACT_TEXT_27d56c50e31d2931,EXACT_TEXT_27d56c50e31d2931,,exact_duplicate_group_id:EXACT_TEXT_27d56c50e31d2931
62,4,1613,7459661956102816529,Negative,EXACT_TEXT_8dede9aad53afe57,EXACT_TEXT_8dede9aad53afe57,,exact_duplicate_group_id:EXACT_TEXT_8dede9aad53afe57
62,4,1617,7460726642425004807,Positive,EXACT_TEXT_faf4a9abd31ce84b,EXACT_TEXT_faf4a9abd31ce84b,,exact_duplicate_group_id:EXACT_TEXT_faf4a9abd31ce84b
62,4,1636,7463810849079034629,Negative,EXACT_TEXT_0ff1f12bd4f2ab7a,EXACT_TEXT_0ff1f12bd4f2ab7a,,exact_duplicate_group_id:EXACT_TEXT_0ff1f12bd4f2ab7a
62,4,1639,7467816629105165073,Neutral,EXACT_TEXT_7b7d60582e0f539a,EXACT_TEXT_7b7d60582e0f539a,,exact_duplicate_group_id:EXACT_TEXT_7b7d60582e0f539a
62,4,1649,7472263861074068244,Negative,EXACT_TEXT_34dc62a1a4457830,EXACT_TEXT_34dc62a1a4457830,,exact_duplicate_group_id:EXACT_TEXT_34dc62a1a4457830
62,4,1657,7477235005720609541,Positive,EXACT_TEXT_46bb0faf62e19eb9,EXACT_TEXT_46bb0faf62e19eb9,,exact_duplicate_group_id:EXACT_TEXT_46bb0faf62e19eb9
62,4,1668,7484332418754806536,Negative,EXACT_TEXT_ce4c36e0996d4b2a,EXACT_TEXT_ce4c36e0996d4b2a,,exact_duplicate_group_id:EXACT_TEXT_ce4c36e0996d4b2a
62,4,1673,7492025256124547861,Neutral,EXACT_TEXT_6d8c68d92f9782c2,EXACT_TEXT_6d8c68d92f9782c2,SIM_CLUSTER_00107,near_duplicate_cluster_id:SIM_CLUSTER_00107
62,4,1674,7492095313193861909,Negative,EXACT_TEXT_cf3c325a7c014114,EXACT_TEXT_cf3c325a7c014114,,exact_duplicate_group_id:EXACT_TEXT_cf3c325a7c014114
62,4,1676,7494478048496304914,Neutral,EXACT_TEXT_bced2336d647a137,EXACT_TEXT_bced2336d647a137,,exact_duplicate_group_id:EXACT_TEXT_bced2336d647a137
62,4,1683,7499845805572342546,Negative,EXACT_TEXT_d97290843b304812,EXACT_TEXT_d97290843b304812,,exact_duplicate_group_id:EXACT_TEXT_d97290843b304812
62,4,1685,7501228005735121672,Positive,EXACT_TEXT_ba7e84c3f20c990f,EXACT_TEXT_ba7e84c3f20c990f,,exact_duplicate_group_id:EXACT_TEXT_ba7e84c3f20c990f
62,4,1712,7523025974805283591,Neutral,EXACT_TEXT_9b3eda6552cac341,EXACT_TEXT_9b3eda6552cac341,,exact_duplicate_group_id:EXACT_TEXT_9b3eda6552cac341
62,4,1715,7525760350689641223,Neutral,EXACT_TEXT_5f5b3ed3e391a4c2,EXACT_TEXT_5f5b3ed3e391a4c2,,exact_duplicate_group_id:EXACT_TEXT_5f5b3ed3e391a4c2
62,4,1736,7544220355133735687,Negative,EXACT_TEXT_7b1777bd43f12cb9,EXACT_TEXT_7b1777bd43f12cb9,,exact_duplicate_group_id:EXACT_TEXT_7b1777bd43f12cb9
62,4,1747,7556483419887911698,Neutral,EXACT_TEXT_d5945e530d4f9b5b,EXACT_TEXT_d5945e530d4f9b5b,,exact_duplicate_group_id:EXACT_TEXT_d5945e530d4f9b5b
62,4,1751,7564618097542824712,Neutral,EXACT_TEXT_b92338706f575a99,EXACT_TEXT_b92338706f575a99,,exact_duplicate_group_id:EXACT_TEXT_b92338706f575a99
62,4,1755,7573600017039393556,Neutral,EXACT_TEXT_e021df7c9a22a394,EXACT_TEXT_e021df7c9a22a394,,exact_duplicate_group_id:EXACT_TEXT_e021df7c9a22a394
62,4,1763,7586846884108780308,Neutral,EXACT_TEXT_59710961823cb264,EXACT_TEXT_59710961823cb264,,exact_duplicate_group_id:EXACT_TEXT_59710961823cb264
62,4,1765,7586966923628905236,Neutral,EXACT_TEXT_d8cd367fc63d9467,EXACT_TEXT_d8cd367fc63d9467,,exact_duplicate_group_id:EXACT_TEXT_d8cd367fc63d9467
62,4,1782,7596245348151362312,Positive,EXACT_TEXT_dd468cd0fa344817,EXACT_TEXT_dd468cd0fa344817,,exact_duplicate_group_id:EXACT_TEXT_dd468cd0fa344817
62,4,1783,7596246451714999047,Negative,EXACT_TEXT_4665e3582dbc3da5,EXACT_TEXT_4665e3582dbc3da5,,exact_duplicate_group_id:EXACT_TEXT_4665e3582dbc3da5
62,4,1785,7596250493999923976,Positive,EXACT_TEXT_d9f9e14a569222f7,EXACT_TEXT_d9f9e14a569222f7,,exact_duplicate_group_id:EXACT_TEXT_d9f9e14a569222f7
62,4,1793,7596675022011712263,Negative,EXACT_TEXT_cdd3728f17dc98e5,EXACT_TEXT_cdd3728f17dc98e5,,exact_duplicate_group_id:EXACT_TEXT_cdd3728f17dc98e5
62,4,1795,7597241373851239169,Negative,EXACT_TEXT_bb6f6d6b5dc473a5,EXACT_TEXT_bb6f6d6b5dc473a5,,exact_duplicate_group_id:EXACT_TEXT_bb6f6d6b5dc473a5
62,4,1810,7601783963719303956,Positive,EXACT_TEXT_e5dc2069c65eca07,EXACT_TEXT_e5dc2069c65eca07,,exact_duplicate_group_id:EXACT_TEXT_e5dc2069c65eca07
62,4,1811,7604507651976135444,Neutral,EXACT_TEXT_88655baa1ca3b5fd,EXACT_TEXT_88655baa1ca3b5fd,,exact_duplicate_group_id:EXACT_TEXT_88655baa1ca3b5fd
62,4,1817,7619091092960494337,Neutral,EXACT_TEXT_2ac518b2874b51c4,EXACT_TEXT_2ac518b2874b51c4,,exact_duplicate_group_id:EXACT_TEXT_2ac518b2874b51c4
62,4,1822,7648964116292846354,Negative,EXACT_TEXT_ab4ca9b9646eb32f,EXACT_TEXT_ab4ca9b9646eb32f,,exact_duplicate_group_id:EXACT_TEXT_ab4ca9b9646eb32f
62,4,1823,9087515899010098535,Positive,EXACT_GROUP_00406,EXACT_GROUP_00406,SIM_CLUSTER_00120,near_duplicate_cluster_id:SIM_CLUSTER_00120
62,5,13,7123785566018388762,Neutral,EXACT_TEXT_05c55ed684753b81,EXACT_TEXT_05c55ed684753b81,,exact_duplicate_group_id:EXACT_TEXT_05c55ed684753b81
62,5,17,7167935907470476059,Neutral,EXACT_TEXT_4084d2869b29c72b,EXACT_TEXT_4084d2869b29c72b,,exact_duplicate_group_id:EXACT_TEXT_4084d2869b29c72b
62,5,19,7171752356215145243,Negative,EXACT_TEXT_513a8126240255ae,EXACT_TEXT_513a8126240255ae,,exact_duplicate_group_id:EXACT_TEXT_513a8126240255ae
62,5,21,7185132629136638746,Neutral,EXACT_TEXT_06b86f45492a482a,EXACT_TEXT_06b86f45492a482a,,exact_duplicate_group_id:EXACT_TEXT_06b86f45492a482a
62,5,29,7201766217249571611,Neutral,EXACT_TEXT_e3db2a3ee5a3e623,EXACT_TEXT_e3db2a3ee5a3e623,,exact_duplicate_group_id:EXACT_TEXT_e3db2a3ee5a3e623
62,5,31,7205052922697155355,Neutral,EXACT_TEXT_06c6f65b201597bf,EXACT_TEXT_06c6f65b201597bf,,exact_duplicate_group_id:EXACT_TEXT_06c6f65b201597bf
62,5,33,7205541472250610438,Neutral,EXACT_GROUP_00287,EXACT_GROUP_00287,SIM_CLUSTER_00812,near_duplicate_cluster_id:SIM_CLUSTER_00812
62,5,34,7205542385199629062,Neutral,EXACT_GROUP_00287,EXACT_GROUP_00287,SIM_CLUSTER_00812,near_duplicate_cluster_id:SIM_CLUSTER_00812
62,5,49,7221649341571629851,Neutral,EXACT_TEXT_683c306788ddbdfd,EXACT_TEXT_683c306788ddbdfd,,exact_duplicate_group_id:EXACT_TEXT_683c306788ddbdfd
62,5,53,7223398588939535110,Negative,EXACT_TEXT_cb8586ff03f8af70,EXACT_TEXT_cb8586ff03f8af70,,exact_duplicate_group_id:EXACT_TEXT_cb8586ff03f8af70
62,5,57,7225220136587150106,Neutral,EXACT_TEXT_f790afa6e69fc0d7,EXACT_TEXT_f790afa6e69fc0d7,,exact_duplicate_group_id:EXACT_TEXT_f790afa6e69fc0d7
62,5,62,7229237207624729371,Neutral,EXACT_GROUP_00137,EXACT_GROUP_00137,SIM_CLUSTER_00854,near_duplicate_cluster_id:SIM_CLUSTER_00854
62,5,64,7236207709598597894,Neutral,EXACT_TEXT_291d1eb0476dd4a5,EXACT_TEXT_291d1eb0476dd4a5,,exact_duplicate_group_id:EXACT_TEXT_291d1eb0476dd4a5
62,5,66,7239665419245748998,Neutral,EXACT_TEXT_7d70896cec768ad6,EXACT_TEXT_7d70896cec768ad6,,exact_duplicate_group_id:EXACT_TEXT_7d70896cec768ad6
62,5,68,7250806324341310213,Negative,EXACT_TEXT_d3a58642643d1c17,EXACT_TEXT_d3a58642643d1c17,,exact_duplicate_group_id:EXACT_TEXT_d3a58642643d1c17
62,5,74,7263057602950693637,Neutral,EXACT_TEXT_9676a62641cf811a,EXACT_TEXT_9676a62641cf811a,,exact_duplicate_group_id:EXACT_TEXT_9676a62641cf811a
62,5,76,7272583051036525318,Neutral,EXACT_TEXT_b45aaffa8ddef464,EXACT_TEXT_b45aaffa8ddef464,,exact_duplicate_group_id:EXACT_TEXT_b45aaffa8ddef464
62,5,77,7284901903266579206,Neutral,EXACT_TEXT_077c543ae8c69216,EXACT_TEXT_077c543ae8c69216,,exact_duplicate_group_id:EXACT_TEXT_077c543ae8c69216
62,5,86,7311310042953794310,Neutral,EXACT_TEXT_3d76db92c278066d,EXACT_TEXT_3d76db92c278066d,,exact_duplicate_group_id:EXACT_TEXT_3d76db92c278066d
62,5,89,7312045541902516997,Neutral,EXACT_TEXT_1be1883be211e493,EXACT_TEXT_1be1883be211e493,,exact_duplicate_group_id:EXACT_TEXT_1be1883be211e493
62,5,90,7312052027029881606,Neutral,EXACT_TEXT_bf3258fa33c9a293,EXACT_TEXT_bf3258fa33c9a293,,exact_duplicate_group_id:EXACT_TEXT_bf3258fa33c9a293
62,5,94,7312078235625718534,Neutral,EXACT_TEXT_ef3d60f1c39c65c5,EXACT_TEXT_ef3d60f1c39c65c5,,exact_duplicate_group_id:EXACT_TEXT_ef3d60f1c39c65c5
62,5,106,7314892219084014341,Neutral,EXACT_GROUP_00254,EXACT_GROUP_00254,SIM_CLUSTER_00098,near_duplicate_cluster_id:SIM_CLUSTER_00098
62,5,119,7320096353039188742,Neutral,EXACT_TEXT_b5b7d222ef5a3056,EXACT_TEXT_b5b7d222ef5a3056,,exact_duplicate_group_id:EXACT_TEXT_b5b7d222ef5a3056
62,5,122,7320178699759371014,Negative,EXACT_TEXT_5a534bc029fe42c6,EXACT_TEXT_5a534bc029fe42c6,,exact_duplicate_group_id:EXACT_TEXT_5a534bc029fe42c6
62,5,128,7320427899285668613,Negative,EXACT_TEXT_7b56cbc2beac6243,EXACT_TEXT_7b56cbc2beac6243,,exact_duplicate_group_id:EXACT_TEXT_7b56cbc2beac6243
62,5,129,7320640432550822661,Neutral,EXACT_TEXT_3acfd64344bc3b01,EXACT_TEXT_3acfd64344bc3b01,,exact_duplicate_group_id:EXACT_TEXT_3acfd64344bc3b01
62,5,137,7325669549071106822,Negative,EXACT_TEXT_df881a49a04646a8,EXACT_TEXT_df881a49a04646a8,,exact_duplicate_group_id:EXACT_TEXT_df881a49a04646a8
62,5,140,7328343779596747525,Neutral,EXACT_TEXT_366b60051a78f388,EXACT_TEXT_366b60051a78f388,SIM_CLUSTER_00432,near_duplicate_cluster_id:SIM_CLUSTER_00432
62,5,141,7329456753429496581,Neutral,EXACT_TEXT_2468d2d271b23c6a,EXACT_TEXT_2468d2d271b23c6a,,exact_duplicate_group_id:EXACT_TEXT_2468d2d271b23c6a
62,5,151,7335246645772174085,Neutral,EXACT_TEXT_6c4ee6c81f60917e,EXACT_TEXT_6c4ee6c81f60917e,,exact_duplicate_group_id:EXACT_TEXT_6c4ee6c81f60917e
62,5,155,7339497686208840453,Neutral,EXACT_TEXT_a36382fa7c51ca8c,EXACT_TEXT_a36382fa7c51ca8c,,exact_duplicate_group_id:EXACT_TEXT_a36382fa7c51ca8c
62,5,158,7340944424291091206,Neutral,EXACT_TEXT_a1c7fb0fee26281c,EXACT_TEXT_a1c7fb0fee26281c,,exact_duplicate_group_id:EXACT_TEXT_a1c7fb0fee26281c
62,5,169,7345355533945340678,Neutral,EXACT_TEXT_a531346506145280,EXACT_TEXT_a531346506145280,,exact_duplicate_group_id:EXACT_TEXT_a531346506145280
62,5,174,7352760121527206661,Negative,EXACT_TEXT_7784166264f0047d,EXACT_TEXT_7784166264f0047d,,exact_duplicate_group_id:EXACT_TEXT_7784166264f0047d
62,5,187,7357913341787423493,Neutral,EXACT_TEXT_7efa29a6de40c7ec,EXACT_TEXT_7efa29a6de40c7ec,,exact_duplicate_group_id:EXACT_TEXT_7efa29a6de40c7ec
62,5,194,7357996326225330950,Negative,EXACT_TEXT_b3579a1c8f315e9f,EXACT_TEXT_b3579a1c8f315e9f,,exact_duplicate_group_id:EXACT_TEXT_b3579a1c8f315e9f
62,5,203,7358274389807022854,Negative,EXACT_TEXT_7d0099e0861b8922,EXACT_TEXT_7d0099e0861b8922,,exact_duplicate_group_id:EXACT_TEXT_7d0099e0861b8922
62,5,204,7358335430620021510,Neutral,EXACT_TEXT_3ef1d3608b244e4a,EXACT_TEXT_3ef1d3608b244e4a,,exact_duplicate_group_id:EXACT_TEXT_3ef1d3608b244e4a
62,5,210,7358669395169297157,Neutral,EXACT_TEXT_361856efc29cedd0,EXACT_TEXT_361856efc29cedd0,,exact_duplicate_group_id:EXACT_TEXT_361856efc29cedd0
62,5,218,7359708297187328774,Neutral,EXACT_TEXT_4b366e37bd218c0a,EXACT_TEXT_4b366e37bd218c0a,SIM_CLUSTER_00057,near_duplicate_cluster_id:SIM_CLUSTER_00057
62,5,219,7359770053929452293,Negative,EXACT_TEXT_34353b7bdc672351,EXACT_TEXT_34353b7bdc672351,,exact_duplicate_group_id:EXACT_TEXT_34353b7bdc672351
62,5,220,7359803609520145157,Negative,EXACT_TEXT_25e0c9a1ce458465,EXACT_TEXT_25e0c9a1ce458465,,exact_duplicate_group_id:EXACT_TEXT_25e0c9a1ce458465
62,5,229,7363436657960289029,Neutral,EXACT_TEXT_a56d40147310106a,EXACT_TEXT_a56d40147310106a,,exact_duplicate_group_id:EXACT_TEXT_a56d40147310106a
62,5,241,7374730998196978437,Negative,EXACT_TEXT_361d79828e659319,EXACT_TEXT_361d79828e659319,,exact_duplicate_group_id:EXACT_TEXT_361d79828e659319
62,5,242,7376474635820876550,Neutral,EXACT_TEXT_568137251027d5c0,EXACT_TEXT_568137251027d5c0,,exact_duplicate_group_id:EXACT_TEXT_568137251027d5c0
62,5,247,7377600918801433349,Neutral,EXACT_TEXT_59ca1084415752f7,EXACT_TEXT_59ca1084415752f7,,exact_duplicate_group_id:EXACT_TEXT_59ca1084415752f7
62,5,250,7378522242004763398,Neutral,EXACT_TEXT_a52a810142fae5cd,EXACT_TEXT_a52a810142fae5cd,,exact_duplicate_group_id:EXACT_TEXT_a52a810142fae5cd
62,5,253,7380750258316411653,Negative,EXACT_TEXT_1e99563692093bf5,EXACT_TEXT_1e99563692093bf5,,exact_duplicate_group_id:EXACT_TEXT_1e99563692093bf5
62,5,257,7382901237107262214,Neutral,EXACT_TEXT_0f9f504072bfd03c,EXACT_TEXT_0f9f504072bfd03c,,exact_duplicate_group_id:EXACT_TEXT_0f9f504072bfd03c
62,5,278,7393629524293108485,Neutral,EXACT_TEXT_d313ddb0ebdfcc3c,EXACT_TEXT_d313ddb0ebdfcc3c,,exact_duplicate_group_id:EXACT_TEXT_d313ddb0ebdfcc3c
62,5,279,7393935094467707654,Neutral,EXACT_TEXT_ad84707d28b76475,EXACT_TEXT_ad84707d28b76475,,exact_duplicate_group_id:EXACT_TEXT_ad84707d28b76475
62,5,300,7408507744985334534,Neutral,EXACT_TEXT_dd052f078ec6ba2d,EXACT_TEXT_dd052f078ec6ba2d,,exact_duplicate_group_id:EXACT_TEXT_dd052f078ec6ba2d
62,5,304,7411504802301182725,Neutral,EXACT_TEXT_402193db3862d9b0,EXACT_TEXT_402193db3862d9b0,,exact_duplicate_group_id:EXACT_TEXT_402193db3862d9b0
62,5,306,7413287003867316997,Negative,EXACT_TEXT_a517b4dce5e9bea3,EXACT_TEXT_a517b4dce5e9bea3,,exact_duplicate_group_id:EXACT_TEXT_a517b4dce5e9bea3
62,5,319,7421330981892915973,Negative,EXACT_TEXT_816e7d0ea3a11cf8,EXACT_TEXT_816e7d0ea3a11cf8,,exact_duplicate_group_id:EXACT_TEXT_816e7d0ea3a11cf8
62,5,323,7421581974575416069,Negative,EXACT_TEXT_3aff8413ac8a7f7d,EXACT_TEXT_3aff8413ac8a7f7d,,exact_duplicate_group_id:EXACT_TEXT_3aff8413ac8a7f7d
62,5,324,7421616975119762181,Negative,EXACT_TEXT_7177b033d477230a,EXACT_TEXT_7177b033d477230a,,exact_duplicate_group_id:EXACT_TEXT_7177b033d477230a
62,5,329,7422289119940002565,Negative,EXACT_TEXT_90f697f0fd5b945f,EXACT_TEXT_90f697f0fd5b945f,,exact_duplicate_group_id:EXACT_TEXT_90f697f0fd5b945f
62,5,340,7424249268200178438,Negative,EXACT_TEXT_4774f0a95b0fe381,EXACT_TEXT_4774f0a95b0fe381,,exact_duplicate_group_id:EXACT_TEXT_4774f0a95b0fe381
62,5,342,7424761377402028806,Neutral,EXACT_TEXT_de6f586ad41d26e2,EXACT_TEXT_de6f586ad41d26e2,,exact_duplicate_group_id:EXACT_TEXT_de6f586ad41d26e2
62,5,350,7427083583670977286,Negative,EXACT_TEXT_82c33d754d06856f,EXACT_TEXT_82c33d754d06856f,,exact_duplicate_group_id:EXACT_TEXT_82c33d754d06856f
62,5,351,7428465300708803346,Negative,EXACT_TEXT_8e4be0c925576f58,EXACT_TEXT_8e4be0c925576f58,,exact_duplicate_group_id:EXACT_TEXT_8e4be0c925576f58
62,5,364,7430111056922067718,Neutral,EXACT_TEXT_42622dd9f83efba2,EXACT_TEXT_42622dd9f83efba2,,exact_duplicate_group_id:EXACT_TEXT_42622dd9f83efba2
62,5,379,7433844108995904262,Neutral,EXACT_TEXT_1be331f5cc488211,EXACT_TEXT_1be331f5cc488211,,exact_duplicate_group_id:EXACT_TEXT_1be331f5cc488211
62,5,385,7439702070418866962,Neutral,EXACT_GROUP_00137,EXACT_GROUP_00137,SIM_CLUSTER_00854,near_duplicate_cluster_id:SIM_CLUSTER_00854
62,5,387,7439952728133042952,Negative,EXACT_TEXT_a3842c7ac55f4067,EXACT_TEXT_a3842c7ac55f4067,,exact_duplicate_group_id:EXACT_TEXT_a3842c7ac55f4067
62,5,401,7455545471928795920,Neutral,EXACT_TEXT_13e3b9bed03fee09,EXACT_TEXT_13e3b9bed03fee09,,exact_duplicate_group_id:EXACT_TEXT_13e3b9bed03fee09
62,5,408,7459030067261539073,Neutral,EXACT_TEXT_c1c1dfa52ae5033d,EXACT_TEXT_c1c1dfa52ae5033d,,exact_duplicate_group_id:EXACT_TEXT_c1c1dfa52ae5033d
62,5,425,7474106197714092808,Neutral,EXACT_TEXT_9825dfb137021291,EXACT_TEXT_9825dfb137021291,,exact_duplicate_group_id:EXACT_TEXT_9825dfb137021291
62,5,429,7478416409100993288,Negative,EXACT_TEXT_5e1174ad5845f089,EXACT_TEXT_5e1174ad5845f089,,exact_duplicate_group_id:EXACT_TEXT_5e1174ad5845f089
62,5,443,7506085705480831762,Neutral,EXACT_TEXT_32990659ab4b88c4,EXACT_TEXT_32990659ab4b88c4,,exact_duplicate_group_id:EXACT_TEXT_32990659ab4b88c4
62,5,444,7506733608762655506,Negative,EXACT_TEXT_22cf936ab34626eb,EXACT_TEXT_22cf936ab34626eb,,exact_duplicate_group_id:EXACT_TEXT_22cf936ab34626eb
62,5,446,7508015229289448209,Negative,EXACT_TEXT_b186aaa26cedd06f,EXACT_TEXT_b186aaa26cedd06f,,exact_duplicate_group_id:EXACT_TEXT_b186aaa26cedd06f
62,5,466,7555913775367471880,Negative,EXACT_TEXT_85f57bc1c0959789,EXACT_TEXT_85f57bc1c0959789,,exact_duplicate_group_id:EXACT_TEXT_85f57bc1c0959789
62,5,468,7560667518839522069,Negative,EXACT_GROUP_00038,EXACT_GROUP_00038,SIM_CLUSTER_01435,near_duplicate_cluster_id:SIM_CLUSTER_01435
62,5,469,7560670446296335124,Negative,EXACT_GROUP_00038,EXACT_GROUP_00038,SIM_CLUSTER_01435,near_duplicate_cluster_id:SIM_CLUSTER_01435
62,5,483,7586944411960935186,Neutral,EXACT_TEXT_9b0a8d667bffbb64,EXACT_TEXT_9b0a8d667bffbb64,,exact_duplicate_group_id:EXACT_TEXT_9b0a8d667bffbb64
62,5,487,7586981334897394439,Neutral,EXACT_TEXT_c03b22b9adf730ff,EXACT_TEXT_c03b22b9adf730ff,,exact_duplicate_group_id:EXACT_TEXT_c03b22b9adf730ff
62,5,492,7587047004062302984,Negative,EXACT_TEXT_724c53e3b514966a,EXACT_TEXT_724c53e3b514966a,,exact_duplicate_group_id:EXACT_TEXT_724c53e3b514966a
62,5,495,7587067398617383698,Neutral,EXACT_TEXT_dce638b108115d01,EXACT_TEXT_dce638b108115d01,,exact_duplicate_group_id:EXACT_TEXT_dce638b108115d01
62,5,498,7587266534801851144,Negative,EXACT_TEXT_189036431422f252,EXACT_TEXT_189036431422f252,,exact_duplicate_group_id:EXACT_TEXT_189036431422f252
62,5,516,7596250253708509968,Neutral,EXACT_TEXT_c19b34af4d18ddc2,EXACT_TEXT_c19b34af4d18ddc2,,exact_duplicate_group_id:EXACT_TEXT_c19b34af4d18ddc2
62,5,518,7596258109304619783,Neutral,EXACT_TEXT_e63dcee8a393f2bd,EXACT_TEXT_e63dcee8a393f2bd,,exact_duplicate_group_id:EXACT_TEXT_e63dcee8a393f2bd
62,5,521,7596286836189512455,Neutral,EXACT_TEXT_b3d8e6cfd7ea68d1,EXACT_TEXT_b3d8e6cfd7ea68d1,,exact_duplicate_group_id:EXACT_TEXT_b3d8e6cfd7ea68d1
62,5,527,7596532525352600338,Neutral,EXACT_TEXT_d1dfb450c91a3cbc,EXACT_TEXT_d1dfb450c91a3cbc,,exact_duplicate_group_id:EXACT_TEXT_d1dfb450c91a3cbc
62,5,532,7604494318586331911,Neutral,EXACT_TEXT_eaf84417fc1b3b05,EXACT_TEXT_eaf84417fc1b3b05,,exact_duplicate_group_id:EXACT_TEXT_eaf84417fc1b3b05
62,5,535,7616370759460717333,Neutral,EXACT_TEXT_051f7ba38f833fd0,EXACT_TEXT_051f7ba38f833fd0,,exact_duplicate_group_id:EXACT_TEXT_051f7ba38f833fd0
62,5,537,7622530006435496711,Neutral,EXACT_TEXT_2c8dc0dbbdef5da4,EXACT_TEXT_2c8dc0dbbdef5da4,SIM_CLUSTER_01415,near_duplicate_cluster_id:SIM_CLUSTER_01415
62,5,539,7627907651800630023,Negative,EXACT_TEXT_26569a0be6f3400d,EXACT_TEXT_26569a0be6f3400d,,exact_duplicate_group_id:EXACT_TEXT_26569a0be6f3400d
62,5,540,7629678808207016725,Neutral,EXACT_TEXT_27777a4cf0680eef,EXACT_TEXT_27777a4cf0680eef,,exact_duplicate_group_id:EXACT_TEXT_27777a4cf0680eef
62,5,550,7128078286030406427,Neutral,EXACT_TEXT_3fc04ba30277b112,EXACT_TEXT_3fc04ba30277b112,,exact_duplicate_group_id:EXACT_TEXT_3fc04ba30277b112
62,5,553,7131258287714583323,Neutral,EXACT_TEXT_596ff09e59f2751f,EXACT_TEXT_596ff09e59f2751f,,exact_duplicate_group_id:EXACT_TEXT_596ff09e59f2751f
62,5,569,7169903880985232155,Positive,EXACT_GROUP_00965,EXACT_GROUP_00965,SIM_CLUSTER_00004,near_duplicate_cluster_id:SIM_CLUSTER_00004
62,5,576,7180666465140441883,Neutral,EXACT_TEXT_6ba15bbea2b1642f,EXACT_TEXT_6ba15bbea2b1642f,,exact_duplicate_group_id:EXACT_TEXT_6ba15bbea2b1642f
62,5,584,7186166682376520475,Neutral,EXACT_TEXT_f84c57324d4727b5,EXACT_TEXT_f84c57324d4727b5,,exact_duplicate_group_id:EXACT_TEXT_f84c57324d4727b5
62,5,586,7188753513936306971,Negative,EXACT_TEXT_4bde921e1499af5f,EXACT_TEXT_4bde921e1499af5f,,exact_duplicate_group_id:EXACT_TEXT_4bde921e1499af5f
62,5,587,7188792559011283738,Neutral,EXACT_TEXT_1b7d1b734ec93e59,EXACT_TEXT_1b7d1b734ec93e59,SIM_CLUSTER_00158,near_duplicate_cluster_id:SIM_CLUSTER_00158
62,5,588,7190663236550034202,Neutral,EXACT_TEXT_c0a86600eca68868,EXACT_TEXT_c0a86600eca68868,,exact_duplicate_group_id:EXACT_TEXT_c0a86600eca68868
62,5,590,7195328901157159706,Positive,EXACT_GROUP_00965,EXACT_GROUP_00965,SIM_CLUSTER_00004,near_duplicate_cluster_id:SIM_CLUSTER_00004
62,5,591,7196630301941302043,Neutral,EXACT_TEXT_c3cdd6737a40a690,EXACT_TEXT_c3cdd6737a40a690,,exact_duplicate_group_id:EXACT_TEXT_c3cdd6737a40a690
62,5,607,7206991277022741274,Neutral,EXACT_TEXT_4e8e4837721b6ea8,EXACT_TEXT_4e8e4837721b6ea8,,exact_duplicate_group_id:EXACT_TEXT_4e8e4837721b6ea8
62,5,614,7209665012875969307,Neutral,EXACT_TEXT_a10d379a2d894370,EXACT_TEXT_a10d379a2d894370,,exact_duplicate_group_id:EXACT_TEXT_a10d379a2d894370
62,5,628,7213527524739269403,Neutral,EXACT_GROUP_00805,EXACT_GROUP_00805,SIM_CLUSTER_00244,near_duplicate_cluster_id:SIM_CLUSTER_00244
62,5,632,7217080066764784411,Neutral,EXACT_TEXT_6c0dedcc027b0305,EXACT_TEXT_6c0dedcc027b0305,,exact_duplicate_group_id:EXACT_TEXT_6c0dedcc027b0305
62,5,635,7217968945092428570,Neutral,EXACT_TEXT_f9fae9923db01bb0,EXACT_TEXT_f9fae9923db01bb0,,exact_duplicate_group_id:EXACT_TEXT_f9fae9923db01bb0
62,5,639,7222069371744650010,Positive,EXACT_GROUP_00965,EXACT_GROUP_00965,SIM_CLUSTER_00004,near_duplicate_cluster_id:SIM_CLUSTER_00004
62,5,643,7223412297611166490,Positive,EXACT_GROUP_00965,EXACT_GROUP_00965,SIM_CLUSTER_00004,near_duplicate_cluster_id:SIM_CLUSTER_00004
62,5,648,7225082070598632219,Neutral,EXACT_TEXT_59fbe272cbd80b58,EXACT_TEXT_59fbe272cbd80b58,,exact_duplicate_group_id:EXACT_TEXT_59fbe272cbd80b58
62,5,649,7225379501366067995,Neutral,EXACT_TEXT_e3c75ee18dbbeeec,EXACT_TEXT_e3c75ee18dbbeeec,,exact_duplicate_group_id:EXACT_TEXT_e3c75ee18dbbeeec
62,5,650,7225606293826208539,Neutral,EXACT_TEXT_209b98dcf5e4f043,EXACT_TEXT_209b98dcf5e4f043,,exact_duplicate_group_id:EXACT_TEXT_209b98dcf5e4f043
62,5,660,7225984167455671066,Negative,EXACT_TEXT_1aaaf8bb56a40602,EXACT_TEXT_1aaaf8bb56a40602,,exact_duplicate_group_id:EXACT_TEXT_1aaaf8bb56a40602
62,5,663,7226179727169127194,Positive,EXACT_GROUP_00965,EXACT_GROUP_00965,SIM_CLUSTER_00004,near_duplicate_cluster_id:SIM_CLUSTER_00004
62,5,669,7226538527395414811,Neutral,EXACT_TEXT_240a9d776d14282f,EXACT_TEXT_240a9d776d14282f,,exact_duplicate_group_id:EXACT_TEXT_240a9d776d14282f
62,5,674,7226960041310487323,Neutral,EXACT_GROUP_00806,EXACT_GROUP_00806,SIM_CLUSTER_00244,near_duplicate_cluster_id:SIM_CLUSTER_00244
62,5,679,7227764032244744986,Neutral,EXACT_TEXT_d663d6d0baa0c360,EXACT_TEXT_d663d6d0baa0c360,,exact_duplicate_group_id:EXACT_TEXT_d663d6d0baa0c360
62,5,688,7232545576809956122,Negative,EXACT_TEXT_b0b39027fba3ea43,EXACT_TEXT_b0b39027fba3ea43,,exact_duplicate_group_id:EXACT_TEXT_b0b39027fba3ea43
62,5,698,7238174291640189701,Positive,EXACT_GROUP_00965,EXACT_GROUP_00965,SIM_CLUSTER_00004,near_duplicate_cluster_id:SIM_CLUSTER_00004
62,5,699,7238790156329124613,Positive,EXACT_GROUP_00965,EXACT_GROUP_00965,SIM_CLUSTER_00004,near_duplicate_cluster_id:SIM_CLUSTER_00004
62,5,714,7252511460919149318,Neutral,EXACT_TEXT_5a32390a5a9d0227,EXACT_TEXT_5a32390a5a9d0227,SIM_CLUSTER_00567,near_duplicate_cluster_id:SIM_CLUSTER_00567
62,5,715,7254327233010123525,Positive,EXACT_GROUP_00965,EXACT_GROUP_00965,SIM_CLUSTER_00004,near_duplicate_cluster_id:SIM_CLUSTER_00004
62,5,716,7254893953370653446,Neutral,EXACT_TEXT_5d40aa96e30f3c48,EXACT_TEXT_5d40aa96e30f3c48,,exact_duplicate_group_id:EXACT_TEXT_5d40aa96e30f3c48
62,5,721,7259689453563216645,Neutral,EXACT_TEXT_a66c4c2e6038e182,EXACT_TEXT_a66c4c2e6038e182,SIM_CLUSTER_00244,near_duplicate_cluster_id:SIM_CLUSTER_00244
62,5,724,7264944071935935238,Neutral,EXACT_TEXT_462869a66d8724cb,EXACT_TEXT_462869a66d8724cb,,exact_duplicate_group_id:EXACT_TEXT_462869a66d8724cb
62,5,725,7264967427946513157,Neutral,EXACT_TEXT_84d48c9910e730a1,EXACT_TEXT_84d48c9910e730a1,,exact_duplicate_group_id:EXACT_TEXT_84d48c9910e730a1
62,5,726,7268492243315770117,Positive,EXACT_GROUP_00965,EXACT_GROUP_00965,SIM_CLUSTER_00004,near_duplicate_cluster_id:SIM_CLUSTER_00004
62,5,735,7273676014151697158,Neutral,EXACT_TEXT_1b068cc5743ea046,EXACT_TEXT_1b068cc5743ea046,,exact_duplicate_group_id:EXACT_TEXT_1b068cc5743ea046
62,5,738,7276554467465233158,Neutral,EXACT_TEXT_300d8a968ae295cb,EXACT_TEXT_300d8a968ae295cb,,exact_duplicate_group_id:EXACT_TEXT_300d8a968ae295cb
62,5,739,7279416156040954630,Negative,EXACT_TEXT_b524d5cb56d64bb3,EXACT_TEXT_b524d5cb56d64bb3,,exact_duplicate_group_id:EXACT_TEXT_b524d5cb56d64bb3
62,5,740,7284879656426636038,Neutral,EXACT_TEXT_2ef6a5210b9e3849,EXACT_TEXT_2ef6a5210b9e3849,SIM_CLUSTER_00244,near_duplicate_cluster_id:SIM_CLUSTER_00244
62,5,751,7287485133446972165,Neutral,EXACT_TEXT_75e3d524f1ba7cc7,EXACT_TEXT_75e3d524f1ba7cc7,,exact_duplicate_group_id:EXACT_TEXT_75e3d524f1ba7cc7
62,5,760,7291912889861374725,Positive,EXACT_GROUP_00965,EXACT_GROUP_00965,SIM_CLUSTER_00004,near_duplicate_cluster_id:SIM_CLUSTER_00004
62,5,762,7296742075201929990,Neutral,EXACT_TEXT_7e44a28f5a41352b,EXACT_TEXT_7e44a28f5a41352b,,exact_duplicate_group_id:EXACT_TEXT_7e44a28f5a41352b
62,5,763,7296765256646705926,Neutral,EXACT_TEXT_f620b6ebc9358aca,EXACT_TEXT_f620b6ebc9358aca,SIM_CLUSTER_00898,near_duplicate_cluster_id:SIM_CLUSTER_00898
62,5,784,7312368700316877574,Neutral,EXACT_GROUP_00805,EXACT_GROUP_00805,SIM_CLUSTER_00244,near_duplicate_cluster_id:SIM_CLUSTER_00244
62,5,788,7312845388079006470,Positive,EXACT_GROUP_00965,EXACT_GROUP_00965,SIM_CLUSTER_00004,near_duplicate_cluster_id:SIM_CLUSTER_00004
62,5,790,7313525862333563653,Neutral,EXACT_TEXT_5039c23f2825e1d0,EXACT_TEXT_5039c23f2825e1d0,SIM_CLUSTER_00567,near_duplicate_cluster_id:SIM_CLUSTER_00567
62,5,795,7314131960737186566,Neutral,EXACT_TEXT_9c9c10d0182525f1,EXACT_TEXT_9c9c10d0182525f1,,exact_duplicate_group_id:EXACT_TEXT_9c9c10d0182525f1
62,5,800,7314934316105876230,Neutral,EXACT_TEXT_db778de1d8538600,EXACT_TEXT_db778de1d8538600,,exact_duplicate_group_id:EXACT_TEXT_db778de1d8538600
62,5,802,7315140287779996422,Neutral,EXACT_TEXT_8845e358096b5103,EXACT_TEXT_8845e358096b5103,SIM_CLUSTER_00914,near_duplicate_cluster_id:SIM_CLUSTER_00914
62,5,807,7317126435892642566,Neutral,EXACT_TEXT_56dced8cab539ba0,EXACT_TEXT_56dced8cab539ba0,SIM_CLUSTER_00244,near_duplicate_cluster_id:SIM_CLUSTER_00244
62,5,811,7317626552366891781,Negative,EXACT_TEXT_d1b2122c8d831e6c,EXACT_TEXT_d1b2122c8d831e6c,,exact_duplicate_group_id:EXACT_TEXT_d1b2122c8d831e6c
62,5,823,7320432576630375174,Positive,EXACT_GROUP_00965,EXACT_GROUP_00965,SIM_CLUSTER_00004,near_duplicate_cluster_id:SIM_CLUSTER_00004
62,5,832,7323020931168764678,Neutral,EXACT_TEXT_7d86a92901a48cb1,EXACT_TEXT_7d86a92901a48cb1,,exact_duplicate_group_id:EXACT_TEXT_7d86a92901a48cb1
62,5,834,7323976284123513605,Neutral,EXACT_TEXT_01cc91d4f9e8e35b,EXACT_TEXT_01cc91d4f9e8e35b,,exact_duplicate_group_id:EXACT_TEXT_01cc91d4f9e8e35b
62,5,848,7329559293869802246,Positive,EXACT_GROUP_00965,EXACT_GROUP_00965,SIM_CLUSTER_00004,near_duplicate_cluster_id:SIM_CLUSTER_00004
62,5,853,7332456966579028741,Negative,EXACT_TEXT_1f7264767979a3c6,EXACT_TEXT_1f7264767979a3c6,,exact_duplicate_group_id:EXACT_TEXT_1f7264767979a3c6
62,5,856,7333963185323950853,Neutral,EXACT_TEXT_9f1c729bc2ee3df5,EXACT_TEXT_9f1c729bc2ee3df5,,exact_duplicate_group_id:EXACT_TEXT_9f1c729bc2ee3df5
62,5,860,7334509226657841925,Positive,EXACT_GROUP_00965,EXACT_GROUP_00965,SIM_CLUSTER_00004,near_duplicate_cluster_id:SIM_CLUSTER_00004
62,5,868,7340596355466035974,Neutral,EXACT_TEXT_af25eefafd7f7a21,EXACT_TEXT_af25eefafd7f7a21,,exact_duplicate_group_id:EXACT_TEXT_af25eefafd7f7a21
62,5,880,7341368654795670277,Negative,EXACT_TEXT_0d2f59c8930efd76,EXACT_TEXT_0d2f59c8930efd76,,exact_duplicate_group_id:EXACT_TEXT_0d2f59c8930efd76
62,5,881,7341552339193774854,Neutral,EXACT_TEXT_60affdeea21101dc,EXACT_TEXT_60affdeea21101dc,,exact_duplicate_group_id:EXACT_TEXT_60affdeea21101dc
62,5,882,7341578103204266758,Neutral,EXACT_TEXT_4f89a1e9a8684003,EXACT_TEXT_4f89a1e9a8684003,,exact_duplicate_group_id:EXACT_TEXT_4f89a1e9a8684003
62,5,883,7342823254589408006,Neutral,EXACT_TEXT_0eec400505ba28e2,EXACT_TEXT_0eec400505ba28e2,SIM_CLUSTER_00592,near_duplicate_cluster_id:SIM_CLUSTER_00592
62,5,887,7345011679103812359,Negative,EXACT_TEXT_6c9a53431d23e3a8,EXACT_TEXT_6c9a53431d23e3a8,,exact_duplicate_group_id:EXACT_TEXT_6c9a53431d23e3a8
62,5,889,7348949055786238726,Neutral,EXACT_TEXT_1677f22226c08251,EXACT_TEXT_1677f22226c08251,,exact_duplicate_group_id:EXACT_TEXT_1677f22226c08251
62,5,899,7356164650168632069,Positive,EXACT_GROUP_00965,EXACT_GROUP_00965,SIM_CLUSTER_00004,near_duplicate_cluster_id:SIM_CLUSTER_00004
62,5,902,7357451985475371781,Positive,EXACT_GROUP_00965,EXACT_GROUP_00965,SIM_CLUSTER_00004,near_duplicate_cluster_id:SIM_CLUSTER_00004
62,5,903,7357718861894206213,Neutral,EXACT_TEXT_df09e316ba3ed753,EXACT_TEXT_df09e316ba3ed753,,exact_duplicate_group_id:EXACT_TEXT_df09e316ba3ed753
62,5,914,7357914008345789189,Positive,EXACT_GROUP_00965,EXACT_GROUP_00965,SIM_CLUSTER_00004,near_duplicate_cluster_id:SIM_CLUSTER_00004
62,5,915,7357917579786224390,Positive,EXACT_GROUP_00965,EXACT_GROUP_00965,SIM_CLUSTER_00004,near_duplicate_cluster_id:SIM_CLUSTER_00004
62,5,917,7357934542176486150,Positive,EXACT_GROUP_00965,EXACT_GROUP_00965,SIM_CLUSTER_00004,near_duplicate_cluster_id:SIM_CLUSTER_00004
62,5,919,7357977942607168262,Positive,EXACT_GROUP_00965,EXACT_GROUP_00965,SIM_CLUSTER_00004,near_duplicate_cluster_id:SIM_CLUSTER_00004
62,5,923,7358025378672050949,Negative,EXACT_TEXT_24f578fee61bf0cd,EXACT_TEXT_24f578fee61bf0cd,,exact_duplicate_group_id:EXACT_TEXT_24f578fee61bf0cd
62,5,925,7358046245653447430,Positive,EXACT_GROUP_00965,EXACT_GROUP_00965,SIM_CLUSTER_00004,near_duplicate_cluster_id:SIM_CLUSTER_00004
62,5,926,7358057770676929286,Neutral,EXACT_TEXT_d5a1b066728c3086,EXACT_TEXT_d5a1b066728c3086,,exact_duplicate_group_id:EXACT_TEXT_d5a1b066728c3086
62,5,927,7358088904257848069,Positive,EXACT_GROUP_00965,EXACT_GROUP_00965,SIM_CLUSTER_00004,near_duplicate_cluster_id:SIM_CLUSTER_00004
62,5,930,7358219180795560709,Positive,EXACT_GROUP_00965,EXACT_GROUP_00965,SIM_CLUSTER_00004,near_duplicate_cluster_id:SIM_CLUSTER_00004
62,5,932,7358275658076783366,Neutral,EXACT_TEXT_4007b4ffa433cfc7,EXACT_TEXT_4007b4ffa433cfc7,,exact_duplicate_group_id:EXACT_TEXT_4007b4ffa433cfc7
62,5,934,7358603341309444870,Negative,EXACT_TEXT_4a6a352496127114,EXACT_TEXT_4a6a352496127114,,exact_duplicate_group_id:EXACT_TEXT_4a6a352496127114
62,5,936,7358715213758137093,Neutral,EXACT_GROUP_00806,EXACT_GROUP_00806,SIM_CLUSTER_00244,near_duplicate_cluster_id:SIM_CLUSTER_00244
62,5,937,7358795708987065093,Negative,EXACT_TEXT_ae25fa1c6f2fb8cc,EXACT_TEXT_ae25fa1c6f2fb8cc,,exact_duplicate_group_id:EXACT_TEXT_ae25fa1c6f2fb8cc
62,5,942,7359583029955986181,Positive,EXACT_GROUP_00965,EXACT_GROUP_00965,SIM_CLUSTER_00004,near_duplicate_cluster_id:SIM_CLUSTER_00004
62,5,945,7359738125763625734,Neutral,EXACT_TEXT_2ff6f5d82a6b839a,EXACT_TEXT_2ff6f5d82a6b839a,,exact_duplicate_group_id:EXACT_TEXT_2ff6f5d82a6b839a
62,5,947,7359782793671164678,Neutral,EXACT_TEXT_5512bbd15f06993c,EXACT_TEXT_5512bbd15f06993c,,exact_duplicate_group_id:EXACT_TEXT_5512bbd15f06993c
62,5,949,7359906190657045264,Positive,EXACT_GROUP_00965,EXACT_GROUP_00965,SIM_CLUSTER_00004,near_duplicate_cluster_id:SIM_CLUSTER_00004
62,5,956,7361427902136845061,Positive,EXACT_GROUP_00965,EXACT_GROUP_00965,SIM_CLUSTER_00004,near_duplicate_cluster_id:SIM_CLUSTER_00004
62,5,957,7361794321124033286,Positive,EXACT_GROUP_00965,EXACT_GROUP_00965,SIM_CLUSTER_00004,near_duplicate_cluster_id:SIM_CLUSTER_00004
62,5,958,7361809245778576133,Positive,EXACT_GROUP_00965,EXACT_GROUP_00965,SIM_CLUSTER_00004,near_duplicate_cluster_id:SIM_CLUSTER_00004
62,5,960,7362178885419549445,Neutral,EXACT_TEXT_1a1e2b196a1a4f86,EXACT_TEXT_1a1e2b196a1a4f86,,exact_duplicate_group_id:EXACT_TEXT_1a1e2b196a1a4f86
62,5,964,7363596693810397958,Positive,EXACT_GROUP_00965,EXACT_GROUP_00965,SIM_CLUSTER_00004,near_duplicate_cluster_id:SIM_CLUSTER_00004
62,5,966,7363712616621622021,Positive,EXACT_GROUP_00965,EXACT_GROUP_00965,SIM_CLUSTER_00004,near_duplicate_cluster_id:SIM_CLUSTER_00004
62,5,968,7364005653167964934,Positive,EXACT_GROUP_00965,EXACT_GROUP_00965,SIM_CLUSTER_00004,near_duplicate_cluster_id:SIM_CLUSTER_00004
62,5,971,7364301466405946118,Positive,EXACT_GROUP_00965,EXACT_GROUP_00965,SIM_CLUSTER_00004,near_duplicate_cluster_id:SIM_CLUSTER_00004
62,5,973,7365068225162478341,Neutral,EXACT_TEXT_5a684c8b9ea959ae,EXACT_TEXT_5a684c8b9ea959ae,,exact_duplicate_group_id:EXACT_TEXT_5a684c8b9ea959ae
62,5,974,7365785060472210182,Positive,EXACT_GROUP_00965,EXACT_GROUP_00965,SIM_CLUSTER_00004,near_duplicate_cluster_id:SIM_CLUSTER_00004
62,5,975,7365859402132374277,Neutral,EXACT_TEXT_7c6911c4be93ff48,EXACT_TEXT_7c6911c4be93ff48,,exact_duplicate_group_id:EXACT_TEXT_7c6911c4be93ff48
62,5,980,7367176007714390789,Positive,EXACT_GROUP_00965,EXACT_GROUP_00965,SIM_CLUSTER_00004,near_duplicate_cluster_id:SIM_CLUSTER_00004
62,5,981,7367318112575030022,Positive,EXACT_GROUP_00965,EXACT_GROUP_00965,SIM_CLUSTER_00004,near_duplicate_cluster_id:SIM_CLUSTER_00004
62,5,982,7367466527027839750,Positive,EXACT_GROUP_00965,EXACT_GROUP_00965,SIM_CLUSTER_00004,near_duplicate_cluster_id:SIM_CLUSTER_00004
62,5,984,7367761949964190470,Positive,EXACT_GROUP_00965,EXACT_GROUP_00965,SIM_CLUSTER_00004,near_duplicate_cluster_id:SIM_CLUSTER_00004
62,5,991,7370757576499708678,Positive,EXACT_GROUP_00965,EXACT_GROUP_00965,SIM_CLUSTER_00004,near_duplicate_cluster_id:SIM_CLUSTER_00004
62,5,999,7375750984989754118,Positive,EXACT_GROUP_00965,EXACT_GROUP_00965,SIM_CLUSTER_00004,near_duplicate_cluster_id:SIM_CLUSTER_00004
62,5,1005,7378325306426295046,Neutral,EXACT_TEXT_78a194c079c985fd,EXACT_TEXT_78a194c079c985fd,,exact_duplicate_group_id:EXACT_TEXT_78a194c079c985fd
62,5,1009,7378897401036161797,Positive,EXACT_GROUP_00965,EXACT_GROUP_00965,SIM_CLUSTER_00004,near_duplicate_cluster_id:SIM_CLUSTER_00004
62,5,1016,7380875823270839046,Neutral,EXACT_TEXT_052576b4a8b6937e,EXACT_TEXT_052576b4a8b6937e,,exact_duplicate_group_id:EXACT_TEXT_052576b4a8b6937e
62,5,1022,7383254121824027397,Positive,EXACT_GROUP_00965,EXACT_GROUP_00965,SIM_CLUSTER_00004,near_duplicate_cluster_id:SIM_CLUSTER_00004
62,5,1023,7383292120670651141,Positive,EXACT_GROUP_00965,EXACT_GROUP_00965,SIM_CLUSTER_00004,near_duplicate_cluster_id:SIM_CLUSTER_00004
62,5,1024,7383504906814538502,Positive,EXACT_GROUP_00965,EXACT_GROUP_00965,SIM_CLUSTER_00004,near_duplicate_cluster_id:SIM_CLUSTER_00004
62,5,1030,7385076319349998342,Negative,EXACT_TEXT_90ff3d5b17d7f613,EXACT_TEXT_90ff3d5b17d7f613,,exact_duplicate_group_id:EXACT_TEXT_90ff3d5b17d7f613
62,5,1033,7386191975324943109,Positive,EXACT_GROUP_00965,EXACT_GROUP_00965,SIM_CLUSTER_00004,near_duplicate_cluster_id:SIM_CLUSTER_00004
62,5,1038,7388439943142146821,Neutral,EXACT_TEXT_9bc088daa3459696,EXACT_TEXT_9bc088daa3459696,,exact_duplicate_group_id:EXACT_TEXT_9bc088daa3459696
62,5,1041,7388503468393005830,Positive,EXACT_GROUP_00965,EXACT_GROUP_00965,SIM_CLUSTER_00004,near_duplicate_cluster_id:SIM_CLUSTER_00004
62,5,1046,7388562647812227845,Positive,EXACT_GROUP_00965,EXACT_GROUP_00965,SIM_CLUSTER_00004,near_duplicate_cluster_id:SIM_CLUSTER_00004
62,5,1049,7388728584673936134,Positive,EXACT_GROUP_00965,EXACT_GROUP_00965,SIM_CLUSTER_00004,near_duplicate_cluster_id:SIM_CLUSTER_00004
62,5,1054,7389696755183813382,Positive,EXACT_GROUP_00965,EXACT_GROUP_00965,SIM_CLUSTER_00004,near_duplicate_cluster_id:SIM_CLUSTER_00004
62,5,1057,7389853122787083013,Neutral,EXACT_TEXT_c15bdc88a15c20b8,EXACT_TEXT_c15bdc88a15c20b8,,exact_duplicate_group_id:EXACT_TEXT_c15bdc88a15c20b8
62,5,1063,7392113919957172998,Neutral,EXACT_TEXT_7a833fbc3c7584e1,EXACT_TEXT_7a833fbc3c7584e1,SIM_CLUSTER_00592,near_duplicate_cluster_id:SIM_CLUSTER_00592
62,5,1073,7397990828096537350,Neutral,EXACT_TEXT_a3a108d3c72297e8,EXACT_TEXT_a3a108d3c72297e8,,exact_duplicate_group_id:EXACT_TEXT_a3a108d3c72297e8
62,5,1074,7398129119014585094,Neutral,EXACT_GROUP_00172,EXACT_GROUP_00172,SIM_CLUSTER_00089,near_duplicate_cluster_id:SIM_CLUSTER_00089
62,5,1077,7398403890695750405,Neutral,EXACT_TEXT_ec5e20c59e39ccfd,EXACT_TEXT_ec5e20c59e39ccfd,SIM_CLUSTER_00089,near_duplicate_cluster_id:SIM_CLUSTER_00089
62,5,1097,7405242387843613446,Negative,EXACT_TEXT_e039d331c4338054,EXACT_TEXT_e039d331c4338054,,exact_duplicate_group_id:EXACT_TEXT_e039d331c4338054
62,5,1101,7407207855303049990,Neutral,EXACT_TEXT_a3ce6365bc5d3ab5,EXACT_TEXT_a3ce6365bc5d3ab5,,exact_duplicate_group_id:EXACT_TEXT_a3ce6365bc5d3ab5
62,5,1103,7407755099138966278,Neutral,EXACT_TEXT_2cd67ef6c6aa7b29,EXACT_TEXT_2cd67ef6c6aa7b29,,exact_duplicate_group_id:EXACT_TEXT_2cd67ef6c6aa7b29
62,5,1109,7412679702211789573,Neutral,EXACT_TEXT_22dea1154ecc15e6,EXACT_TEXT_22dea1154ecc15e6,SIM_CLUSTER_00401,near_duplicate_cluster_id:SIM_CLUSTER_00401
62,5,1124,7420366817790657286,Positive,EXACT_GROUP_00965,EXACT_GROUP_00965,SIM_CLUSTER_00004,near_duplicate_cluster_id:SIM_CLUSTER_00004
62,5,1126,7420736173980713734,Positive,EXACT_GROUP_00965,EXACT_GROUP_00965,SIM_CLUSTER_00004,near_duplicate_cluster_id:SIM_CLUSTER_00004
62,5,1137,7421213972752696069,Negative,EXACT_TEXT_a49cd22bad85e4af,EXACT_TEXT_a49cd22bad85e4af,,exact_duplicate_group_id:EXACT_TEXT_a49cd22bad85e4af
62,5,1141,7421246807592502021,Negative,EXACT_TEXT_b715c1612a5c3268,EXACT_TEXT_b715c1612a5c3268,,exact_duplicate_group_id:EXACT_TEXT_b715c1612a5c3268
62,5,1153,7421330383545484038,Negative,EXACT_TEXT_31c26378a7d5ef65,EXACT_TEXT_31c26378a7d5ef65,,exact_duplicate_group_id:EXACT_TEXT_31c26378a7d5ef65
62,5,1158,7421338662268420869,Negative,EXACT_TEXT_36d0c012fe423ca7,EXACT_TEXT_36d0c012fe423ca7,,exact_duplicate_group_id:EXACT_TEXT_36d0c012fe423ca7
62,5,1160,7421356033682424582,Negative,EXACT_TEXT_7d6527625c2cbb8f,EXACT_TEXT_7d6527625c2cbb8f,,exact_duplicate_group_id:EXACT_TEXT_7d6527625c2cbb8f
62,5,1161,7421358294780936965,Negative,EXACT_TEXT_6d5db099deb56d53,EXACT_TEXT_6d5db099deb56d53,,exact_duplicate_group_id:EXACT_TEXT_6d5db099deb56d53
62,5,1165,7421363496002667270,Negative,EXACT_TEXT_0c215a3011057586,EXACT_TEXT_0c215a3011057586,,exact_duplicate_group_id:EXACT_TEXT_0c215a3011057586
62,5,1172,7421403548610708229,Negative,EXACT_TEXT_beb582ba423e6c52,EXACT_TEXT_beb582ba423e6c52,,exact_duplicate_group_id:EXACT_TEXT_beb582ba423e6c52
62,5,1176,7421413595759837957,Negative,EXACT_TEXT_07fbd84be126a93c,EXACT_TEXT_07fbd84be126a93c,,exact_duplicate_group_id:EXACT_TEXT_07fbd84be126a93c
62,5,1179,7421422372580721413,Neutral,EXACT_TEXT_6020147e9e1d74d7,EXACT_TEXT_6020147e9e1d74d7,,exact_duplicate_group_id:EXACT_TEXT_6020147e9e1d74d7
62,5,1183,7421485715220333317,Neutral,EXACT_TEXT_282ad6ba82170860,EXACT_TEXT_282ad6ba82170860,,exact_duplicate_group_id:EXACT_TEXT_282ad6ba82170860
62,5,1190,7421557470773297926,Positive,EXACT_GROUP_00965,EXACT_GROUP_00965,SIM_CLUSTER_00004,near_duplicate_cluster_id:SIM_CLUSTER_00004
62,5,1194,7421583937803551493,Negative,EXACT_TEXT_ffd1f3df10afe033,EXACT_TEXT_ffd1f3df10afe033,,exact_duplicate_group_id:EXACT_TEXT_ffd1f3df10afe033
62,5,1195,7421658120877540113,Negative,EXACT_TEXT_79ac4c147857c64e,EXACT_TEXT_79ac4c147857c64e,,exact_duplicate_group_id:EXACT_TEXT_79ac4c147857c64e
62,5,1201,7421697105645060869,Positive,EXACT_GROUP_00965,EXACT_GROUP_00965,SIM_CLUSTER_00004,near_duplicate_cluster_id:SIM_CLUSTER_00004
62,5,1202,7421698081223541510,Negative,EXACT_TEXT_f11e0ad5dac50b7c,EXACT_TEXT_f11e0ad5dac50b7c,,exact_duplicate_group_id:EXACT_TEXT_f11e0ad5dac50b7c
62,5,1207,7421724350686429957,Negative,EXACT_TEXT_91dd0b44d7a1127c,EXACT_TEXT_91dd0b44d7a1127c,,exact_duplicate_group_id:EXACT_TEXT_91dd0b44d7a1127c
62,5,1215,7421793386888545030,Positive,EXACT_GROUP_00965,EXACT_GROUP_00965,SIM_CLUSTER_00004,near_duplicate_cluster_id:SIM_CLUSTER_00004
62,5,1229,7422112357004772101,Negative,EXACT_TEXT_4df0d8e89a005a45,EXACT_TEXT_4df0d8e89a005a45,,exact_duplicate_group_id:EXACT_TEXT_4df0d8e89a005a45
62,5,1232,7422127928223417093,Positive,EXACT_GROUP_00965,EXACT_GROUP_00965,SIM_CLUSTER_00004,near_duplicate_cluster_id:SIM_CLUSTER_00004
62,5,1238,7422194369728545541,Negative,EXACT_TEXT_9f42f4819ef5e6d9,EXACT_TEXT_9f42f4819ef5e6d9,,exact_duplicate_group_id:EXACT_TEXT_9f42f4819ef5e6d9
62,5,1239,7422210210113274630,Negative,EXACT_TEXT_6520d9e2f2063c27,EXACT_TEXT_6520d9e2f2063c27,,exact_duplicate_group_id:EXACT_TEXT_6520d9e2f2063c27
62,5,1249,7422264995746153221,Positive,EXACT_GROUP_00965,EXACT_GROUP_00965,SIM_CLUSTER_00004,near_duplicate_cluster_id:SIM_CLUSTER_00004
62,5,1250,7422288141963084549,Neutral,EXACT_TEXT_8605212c05c8ec35,EXACT_TEXT_8605212c05c8ec35,,exact_duplicate_group_id:EXACT_TEXT_8605212c05c8ec35
62,5,1256,7422492064812548869,Negative,EXACT_TEXT_f6ff0a73e412a5e4,EXACT_TEXT_f6ff0a73e412a5e4,,exact_duplicate_group_id:EXACT_TEXT_f6ff0a73e412a5e4
62,5,1257,7422493623197582085,Positive,EXACT_GROUP_00965,EXACT_GROUP_00965,SIM_CLUSTER_00004,near_duplicate_cluster_id:SIM_CLUSTER_00004
62,5,1263,7422541667024143110,Negative,EXACT_TEXT_9846c3e4a6b6c7bb,EXACT_TEXT_9846c3e4a6b6c7bb,,exact_duplicate_group_id:EXACT_TEXT_9846c3e4a6b6c7bb
62,5,1271,7422639915614470918,Positive,EXACT_GROUP_00965,EXACT_GROUP_00965,SIM_CLUSTER_00004,near_duplicate_cluster_id:SIM_CLUSTER_00004
62,5,1278,7422683555433841414,Negative,EXACT_TEXT_bbcf8cfddc2f6232,EXACT_TEXT_bbcf8cfddc2f6232,,exact_duplicate_group_id:EXACT_TEXT_bbcf8cfddc2f6232
62,5,1283,7422699238121915142,Positive,EXACT_GROUP_00965,EXACT_GROUP_00965,SIM_CLUSTER_00004,near_duplicate_cluster_id:SIM_CLUSTER_00004
62,5,1284,7422701389368148741,Negative,EXACT_TEXT_115f2d0320c84bb3,EXACT_TEXT_115f2d0320c84bb3,,exact_duplicate_group_id:EXACT_TEXT_115f2d0320c84bb3
62,5,1288,7422816955675165446,Negative,EXACT_TEXT_bb2b36732882785c,EXACT_TEXT_bb2b36732882785c,,exact_duplicate_group_id:EXACT_TEXT_bb2b36732882785c
62,5,1289,7422830808740332294,Positive,EXACT_GROUP_00965,EXACT_GROUP_00965,SIM_CLUSTER_00004,near_duplicate_cluster_id:SIM_CLUSTER_00004
62,5,1290,7422834137193808646,Negative,EXACT_TEXT_65ca631882804467,EXACT_TEXT_65ca631882804467,,exact_duplicate_group_id:EXACT_TEXT_65ca631882804467
62,5,1291,7422851739516748549,Negative,EXACT_TEXT_d5d633a93a03feda,EXACT_TEXT_d5d633a93a03feda,,exact_duplicate_group_id:EXACT_TEXT_d5d633a93a03feda
62,5,1295,7422941095002882822,Negative,EXACT_TEXT_b1cb6ee99a7a13b1,EXACT_TEXT_b1cb6ee99a7a13b1,,exact_duplicate_group_id:EXACT_TEXT_b1cb6ee99a7a13b1
62,5,1297,7422975619732865798,Negative,EXACT_TEXT_7b24f85f2a9049e6,EXACT_TEXT_7b24f85f2a9049e6,,exact_duplicate_group_id:EXACT_TEXT_7b24f85f2a9049e6
62,5,1298,7422976832108856069,Negative,EXACT_TEXT_ab87e518019b5631,EXACT_TEXT_ab87e518019b5631,,exact_duplicate_group_id:EXACT_TEXT_ab87e518019b5631
62,5,1302,7423287791416034054,Neutral,EXACT_TEXT_e8e088374512718f,EXACT_TEXT_e8e088374512718f,,exact_duplicate_group_id:EXACT_TEXT_e8e088374512718f
62,5,1304,7424346815073452806,Positive,EXACT_GROUP_00965,EXACT_GROUP_00965,SIM_CLUSTER_00004,near_duplicate_cluster_id:SIM_CLUSTER_00004
62,5,1312,7424911805736682246,Positive,EXACT_GROUP_00965,EXACT_GROUP_00965,SIM_CLUSTER_00004,near_duplicate_cluster_id:SIM_CLUSTER_00004
62,5,1314,7425120562387124997,Neutral,EXACT_TEXT_60f4bfa07227df77,EXACT_TEXT_60f4bfa07227df77,SIM_CLUSTER_00089,near_duplicate_cluster_id:SIM_CLUSTER_00089
62,5,1320,7426039025922458373,Positive,EXACT_GROUP_00965,EXACT_GROUP_00965,SIM_CLUSTER_00004,near_duplicate_cluster_id:SIM_CLUSTER_00004
62,5,1322,7426235657113420549,Neutral,EXACT_TEXT_e9012431b574f044,EXACT_TEXT_e9012431b574f044,,exact_duplicate_group_id:EXACT_TEXT_e9012431b574f044
62,5,1324,7426609825515913989,Positive,EXACT_GROUP_00965,EXACT_GROUP_00965,SIM_CLUSTER_00004,near_duplicate_cluster_id:SIM_CLUSTER_00004
62,5,1328,7427686443104977669,Positive,EXACT_GROUP_00965,EXACT_GROUP_00965,SIM_CLUSTER_00004,near_duplicate_cluster_id:SIM_CLUSTER_00004
62,5,1329,7428039363935601414,Positive,EXACT_GROUP_00965,EXACT_GROUP_00965,SIM_CLUSTER_00004,near_duplicate_cluster_id:SIM_CLUSTER_00004
62,5,1330,7428065746918671110,Positive,EXACT_GROUP_00965,EXACT_GROUP_00965,SIM_CLUSTER_00004,near_duplicate_cluster_id:SIM_CLUSTER_00004
62,5,1333,7428438755684664072,Positive,EXACT_GROUP_00965,EXACT_GROUP_00965,SIM_CLUSTER_00004,near_duplicate_cluster_id:SIM_CLUSTER_00004
62,5,1340,7428454847685231365,Neutral,EXACT_TEXT_7e2fb44626a1ccb2,EXACT_TEXT_7e2fb44626a1ccb2,,exact_duplicate_group_id:EXACT_TEXT_7e2fb44626a1ccb2
62,5,1344,7428465206705603333,Negative,EXACT_TEXT_ddf5cd70a95ba817,EXACT_TEXT_ddf5cd70a95ba817,,exact_duplicate_group_id:EXACT_TEXT_ddf5cd70a95ba817
62,5,1350,7428484616800322325,Positive,EXACT_GROUP_00965,EXACT_GROUP_00965,SIM_CLUSTER_00004,near_duplicate_cluster_id:SIM_CLUSTER_00004
62,5,1356,7428530844208694022,Positive,EXACT_GROUP_00965,EXACT_GROUP_00965,SIM_CLUSTER_00004,near_duplicate_cluster_id:SIM_CLUSTER_00004
62,5,1366,7428582900646298373,Negative,EXACT_TEXT_ecd5264f4bbf0cdc,EXACT_TEXT_ecd5264f4bbf0cdc,,exact_duplicate_group_id:EXACT_TEXT_ecd5264f4bbf0cdc
62,5,1369,7428593755227800326,Neutral,EXACT_TEXT_6e6c951a6dbe9808,EXACT_TEXT_6e6c951a6dbe9808,,exact_duplicate_group_id:EXACT_TEXT_6e6c951a6dbe9808
62,5,1372,7428603375271035654,Positive,EXACT_GROUP_00965,EXACT_GROUP_00965,SIM_CLUSTER_00004,near_duplicate_cluster_id:SIM_CLUSTER_00004
62,5,1377,7428673512141554438,Neutral,EXACT_TEXT_df8da68a25c84ad6,EXACT_TEXT_df8da68a25c84ad6,SIM_CLUSTER_00089,near_duplicate_cluster_id:SIM_CLUSTER_00089
62,5,1384,7428783976675115794,Neutral,EXACT_TEXT_6ce318969619d1c3,EXACT_TEXT_6ce318969619d1c3,,exact_duplicate_group_id:EXACT_TEXT_6ce318969619d1c3
62,5,1386,7428812050040406789,Positive,EXACT_GROUP_00965,EXACT_GROUP_00965,SIM_CLUSTER_00004,near_duplicate_cluster_id:SIM_CLUSTER_00004
62,5,1389,7428847595194123029,Positive,EXACT_GROUP_00965,EXACT_GROUP_00965,SIM_CLUSTER_00004,near_duplicate_cluster_id:SIM_CLUSTER_00004
62,5,1391,7428877932565283590,Positive,EXACT_GROUP_00965,EXACT_GROUP_00965,SIM_CLUSTER_00004,near_duplicate_cluster_id:SIM_CLUSTER_00004
62,5,1392,7428907599603843856,Neutral,EXACT_GROUP_00352,EXACT_GROUP_00352,SIM_CLUSTER_00118,near_duplicate_cluster_id:SIM_CLUSTER_00118
62,5,1397,7428945831228637958,Positive,EXACT_GROUP_00965,EXACT_GROUP_00965,SIM_CLUSTER_00004,near_duplicate_cluster_id:SIM_CLUSTER_00004
62,5,1399,7428966953321202440,Positive,EXACT_GROUP_00965,EXACT_GROUP_00965,SIM_CLUSTER_00004,near_duplicate_cluster_id:SIM_CLUSTER_00004
62,5,1400,7428980859867333382,Neutral,EXACT_TEXT_ec5bfaabd14bbf36,EXACT_TEXT_ec5bfaabd14bbf36,SIM_CLUSTER_00720,near_duplicate_cluster_id:SIM_CLUSTER_00720
62,5,1401,7429104026069058305,Positive,EXACT_GROUP_00965,EXACT_GROUP_00965,SIM_CLUSTER_00004,near_duplicate_cluster_id:SIM_CLUSTER_00004
62,5,1405,7429166868394820360,Positive,EXACT_GROUP_00965,EXACT_GROUP_00965,SIM_CLUSTER_00004,near_duplicate_cluster_id:SIM_CLUSTER_00004
62,5,1406,7429170736281846534,Neutral,EXACT_TEXT_450d7059ac728e6e,EXACT_TEXT_450d7059ac728e6e,,exact_duplicate_group_id:EXACT_TEXT_450d7059ac728e6e
62,5,1410,7429206353178198790,Positive,EXACT_GROUP_00965,EXACT_GROUP_00965,SIM_CLUSTER_00004,near_duplicate_cluster_id:SIM_CLUSTER_00004
62,5,1417,7429528213313618693,Neutral,EXACT_TEXT_7b00eabb743e87b1,EXACT_TEXT_7b00eabb743e87b1,,exact_duplicate_group_id:EXACT_TEXT_7b00eabb743e87b1
62,5,1420,7429588259968074502,Neutral,EXACT_TEXT_e677ca147bb14a78,EXACT_TEXT_e677ca147bb14a78,,exact_duplicate_group_id:EXACT_TEXT_e677ca147bb14a78
62,5,1423,7429628400438526738,Positive,EXACT_GROUP_00965,EXACT_GROUP_00965,SIM_CLUSTER_00004,near_duplicate_cluster_id:SIM_CLUSTER_00004
62,5,1424,7429716056560763653,Positive,EXACT_GROUP_00965,EXACT_GROUP_00965,SIM_CLUSTER_00004,near_duplicate_cluster_id:SIM_CLUSTER_00004
62,5,1425,7429747647088476936,Neutral,EXACT_TEXT_e979eef047181bf8,EXACT_TEXT_e979eef047181bf8,,exact_duplicate_group_id:EXACT_TEXT_e979eef047181bf8
62,5,1426,7429761562703266580,Positive,EXACT_GROUP_00965,EXACT_GROUP_00965,SIM_CLUSTER_00004,near_duplicate_cluster_id:SIM_CLUSTER_00004
62,5,1429,7429897256695825158,Negative,EXACT_TEXT_ca522d86fd0a1f0b,EXACT_TEXT_ca522d86fd0a1f0b,,exact_duplicate_group_id:EXACT_TEXT_ca522d86fd0a1f0b
62,5,1430,7429919583836750599,Positive,EXACT_GROUP_00965,EXACT_GROUP_00965,SIM_CLUSTER_00004,near_duplicate_cluster_id:SIM_CLUSTER_00004
62,5,1433,7430059025091330821,Positive,EXACT_GROUP_00965,EXACT_GROUP_00965,SIM_CLUSTER_00004,near_duplicate_cluster_id:SIM_CLUSTER_00004
62,5,1437,7430293682362286849,Positive,EXACT_GROUP_00965,EXACT_GROUP_00965,SIM_CLUSTER_00004,near_duplicate_cluster_id:SIM_CLUSTER_00004
62,5,1442,7430391675539227410,Positive,EXACT_GROUP_00965,EXACT_GROUP_00965,SIM_CLUSTER_00004,near_duplicate_cluster_id:SIM_CLUSTER_00004
62,5,1443,7430459236216275717,Positive,EXACT_GROUP_00965,EXACT_GROUP_00965,SIM_CLUSTER_00004,near_duplicate_cluster_id:SIM_CLUSTER_00004
62,5,1444,7430473263749137153,Positive,EXACT_GROUP_00965,EXACT_GROUP_00965,SIM_CLUSTER_00004,near_duplicate_cluster_id:SIM_CLUSTER_00004
62,5,1445,7430482226661327622,Neutral,EXACT_TEXT_d247688cdbb07651,EXACT_TEXT_d247688cdbb07651,,exact_duplicate_group_id:EXACT_TEXT_d247688cdbb07651
62,5,1446,7430522825032991489,Negative,EXACT_TEXT_fc0b36440299caac,EXACT_TEXT_fc0b36440299caac,,exact_duplicate_group_id:EXACT_TEXT_fc0b36440299caac
62,5,1448,7430671271513359122,Positive,EXACT_GROUP_00965,EXACT_GROUP_00965,SIM_CLUSTER_00004,near_duplicate_cluster_id:SIM_CLUSTER_00004
62,5,1449,7430682393461572353,Positive,EXACT_GROUP_00965,EXACT_GROUP_00965,SIM_CLUSTER_00004,near_duplicate_cluster_id:SIM_CLUSTER_00004
62,5,1453,7430821620417987333,Positive,EXACT_GROUP_00965,EXACT_GROUP_00965,SIM_CLUSTER_00004,near_duplicate_cluster_id:SIM_CLUSTER_00004
62,5,1456,7431026620877013768,Positive,EXACT_TEXT_29098185d332cf01,EXACT_TEXT_29098185d332cf01,SIM_CLUSTER_00004,near_duplicate_cluster_id:SIM_CLUSTER_00004
62,5,1461,7431150964936131333,Negative,EXACT_TEXT_af7f8fcb2152243d,EXACT_TEXT_af7f8fcb2152243d,,exact_duplicate_group_id:EXACT_TEXT_af7f8fcb2152243d
62,5,1463,7431506944026411782,Positive,EXACT_GROUP_00965,EXACT_GROUP_00965,SIM_CLUSTER_00004,near_duplicate_cluster_id:SIM_CLUSTER_00004
62,5,1464,7431566543556117256,Neutral,EXACT_TEXT_2ea8122e28cd7751,EXACT_TEXT_2ea8122e28cd7751,SIM_CLUSTER_00089,near_duplicate_cluster_id:SIM_CLUSTER_00089
62,5,1465,7431733215000707856,Positive,EXACT_GROUP_00965,EXACT_GROUP_00965,SIM_CLUSTER_00004,near_duplicate_cluster_id:SIM_CLUSTER_00004
62,5,1467,7431949020501885713,Positive,EXACT_GROUP_00965,EXACT_GROUP_00965,SIM_CLUSTER_00004,near_duplicate_cluster_id:SIM_CLUSTER_00004
62,5,1468,7431998110006035218,Positive,EXACT_GROUP_00965,EXACT_GROUP_00965,SIM_CLUSTER_00004,near_duplicate_cluster_id:SIM_CLUSTER_00004
62,5,1469,7431998126286717704,Positive,EXACT_GROUP_00965,EXACT_GROUP_00965,SIM_CLUSTER_00004,near_duplicate_cluster_id:SIM_CLUSTER_00004
62,5,1472,7432270373876335365,Positive,EXACT_GROUP_00965,EXACT_GROUP_00965,SIM_CLUSTER_00004,near_duplicate_cluster_id:SIM_CLUSTER_00004
62,5,1475,7432425912417256198,Positive,EXACT_GROUP_00965,EXACT_GROUP_00965,SIM_CLUSTER_00004,near_duplicate_cluster_id:SIM_CLUSTER_00004
62,5,1477,7432519661822493448,Positive,EXACT_GROUP_00965,EXACT_GROUP_00965,SIM_CLUSTER_00004,near_duplicate_cluster_id:SIM_CLUSTER_00004
62,5,1478,7432541056895386374,Positive,EXACT_GROUP_00965,EXACT_GROUP_00965,SIM_CLUSTER_00004,near_duplicate_cluster_id:SIM_CLUSTER_00004
62,5,1479,7432718249496003348,Positive,EXACT_GROUP_00965,EXACT_GROUP_00965,SIM_CLUSTER_00004,near_duplicate_cluster_id:SIM_CLUSTER_00004
62,5,1480,7432899106635072261,Positive,EXACT_GROUP_00965,EXACT_GROUP_00965,SIM_CLUSTER_00004,near_duplicate_cluster_id:SIM_CLUSTER_00004
62,5,1482,7433727728832463617,Negative,EXACT_TEXT_3a37e088288c9439,EXACT_TEXT_3a37e088288c9439,,exact_duplicate_group_id:EXACT_TEXT_3a37e088288c9439
62,5,1483,7433728638753686278,Neutral,EXACT_TEXT_05674c979d66c1ac,EXACT_TEXT_05674c979d66c1ac,,exact_duplicate_group_id:EXACT_TEXT_05674c979d66c1ac
62,5,1484,7433834520212472593,Positive,EXACT_GROUP_00965,EXACT_GROUP_00965,SIM_CLUSTER_00004,near_duplicate_cluster_id:SIM_CLUSTER_00004
62,5,1485,7433975478758179602,Positive,EXACT_GROUP_00965,EXACT_GROUP_00965,SIM_CLUSTER_00004,near_duplicate_cluster_id:SIM_CLUSTER_00004
62,5,1486,7434110867027231543,Positive,EXACT_GROUP_00965,EXACT_GROUP_00965,SIM_CLUSTER_00004,near_duplicate_cluster_id:SIM_CLUSTER_00004
62,5,1491,7435856294118818616,Neutral,EXACT_TEXT_f94d60a7a03ded21,EXACT_TEXT_f94d60a7a03ded21,,exact_duplicate_group_id:EXACT_TEXT_f94d60a7a03ded21
62,5,1492,7435858852271948600,Negative,EXACT_TEXT_3cd448c16e665bca,EXACT_TEXT_3cd448c16e665bca,,exact_duplicate_group_id:EXACT_TEXT_3cd448c16e665bca
62,5,1494,7436037478023709496,Positive,EXACT_GROUP_00965,EXACT_GROUP_00965,SIM_CLUSTER_00004,near_duplicate_cluster_id:SIM_CLUSTER_00004
62,5,1497,7436962982842467127,Positive,EXACT_GROUP_00965,EXACT_GROUP_00965,SIM_CLUSTER_00004,near_duplicate_cluster_id:SIM_CLUSTER_00004
62,5,1498,7437001657026036487,Positive,EXACT_GROUP_00965,EXACT_GROUP_00965,SIM_CLUSTER_00004,near_duplicate_cluster_id:SIM_CLUSTER_00004
62,5,1500,7437260630493790996,Positive,EXACT_GROUP_00965,EXACT_GROUP_00965,SIM_CLUSTER_00004,near_duplicate_cluster_id:SIM_CLUSTER_00004
62,5,1501,7437358792226947841,Positive,EXACT_GROUP_00965,EXACT_GROUP_00965,SIM_CLUSTER_00004,near_duplicate_cluster_id:SIM_CLUSTER_00004
62,5,1502,7437444140936332048,Positive,EXACT_GROUP_00965,EXACT_GROUP_00965,SIM_CLUSTER_00004,near_duplicate_cluster_id:SIM_CLUSTER_00004
62,5,1503,7437529244496773896,Positive,EXACT_GROUP_00965,EXACT_GROUP_00965,SIM_CLUSTER_00004,near_duplicate_cluster_id:SIM_CLUSTER_00004
62,5,1504,7437619896022254337,Positive,EXACT_GROUP_00965,EXACT_GROUP_00965,SIM_CLUSTER_00004,near_duplicate_cluster_id:SIM_CLUSTER_00004
62,5,1505,7437728812558943032,Positive,EXACT_GROUP_00965,EXACT_GROUP_00965,SIM_CLUSTER_00004,near_duplicate_cluster_id:SIM_CLUSTER_00004
62,5,1506,7437731878105613111,Positive,EXACT_GROUP_00965,EXACT_GROUP_00965,SIM_CLUSTER_00004,near_duplicate_cluster_id:SIM_CLUSTER_00004
62,5,1509,7437934945034830599,Positive,EXACT_GROUP_00965,EXACT_GROUP_00965,SIM_CLUSTER_00004,near_duplicate_cluster_id:SIM_CLUSTER_00004
62,5,1510,7438039096200725268,Positive,EXACT_GROUP_00965,EXACT_GROUP_00965,SIM_CLUSTER_00004,near_duplicate_cluster_id:SIM_CLUSTER_00004
62,5,1512,7438076464158032695,Positive,EXACT_GROUP_00965,EXACT_GROUP_00965,SIM_CLUSTER_00004,near_duplicate_cluster_id:SIM_CLUSTER_00004
62,5,1513,7438106883824648978,Positive,EXACT_GROUP_00965,EXACT_GROUP_00965,SIM_CLUSTER_00004,near_duplicate_cluster_id:SIM_CLUSTER_00004
62,5,1515,7438242874905395989,Positive,EXACT_GROUP_00965,EXACT_GROUP_00965,SIM_CLUSTER_00004,near_duplicate_cluster_id:SIM_CLUSTER_00004
62,5,1516,7438292221776331527,Positive,EXACT_GROUP_00965,EXACT_GROUP_00965,SIM_CLUSTER_00004,near_duplicate_cluster_id:SIM_CLUSTER_00004
62,5,1517,7438303028849967873,Positive,EXACT_GROUP_00965,EXACT_GROUP_00965,SIM_CLUSTER_00004,near_duplicate_cluster_id:SIM_CLUSTER_00004
62,5,1518,7438432386641216274,Positive,EXACT_GROUP_00965,EXACT_GROUP_00965,SIM_CLUSTER_00004,near_duplicate_cluster_id:SIM_CLUSTER_00004
62,5,1519,7438458129211753234,Positive,EXACT_GROUP_00965,EXACT_GROUP_00965,SIM_CLUSTER_00004,near_duplicate_cluster_id:SIM_CLUSTER_00004
62,5,1520,7438563496140014343,Positive,EXACT_GROUP_00965,EXACT_GROUP_00965,SIM_CLUSTER_00004,near_duplicate_cluster_id:SIM_CLUSTER_00004
62,5,1522,7438819115831411463,Positive,EXACT_GROUP_00965,EXACT_GROUP_00965,SIM_CLUSTER_00004,near_duplicate_cluster_id:SIM_CLUSTER_00004
62,5,1523,7438850189060326164,Positive,EXACT_GROUP_00965,EXACT_GROUP_00965,SIM_CLUSTER_00004,near_duplicate_cluster_id:SIM_CLUSTER_00004
62,5,1524,7438928969845834551,Positive,EXACT_GROUP_00965,EXACT_GROUP_00965,SIM_CLUSTER_00004,near_duplicate_cluster_id:SIM_CLUSTER_00004
62,5,1525,7439190316747866936,Positive,EXACT_GROUP_00965,EXACT_GROUP_00965,SIM_CLUSTER_00004,near_duplicate_cluster_id:SIM_CLUSTER_00004
62,5,1526,7439369191520322312,Positive,EXACT_GROUP_00965,EXACT_GROUP_00965,SIM_CLUSTER_00004,near_duplicate_cluster_id:SIM_CLUSTER_00004
62,5,1527,7439642883823223570,Positive,EXACT_GROUP_00965,EXACT_GROUP_00965,SIM_CLUSTER_00004,near_duplicate_cluster_id:SIM_CLUSTER_00004
62,5,1528,7439736694263841552,Positive,EXACT_GROUP_00965,EXACT_GROUP_00965,SIM_CLUSTER_00004,near_duplicate_cluster_id:SIM_CLUSTER_00004
62,5,1529,7439742650667189000,Positive,EXACT_GROUP_00965,EXACT_GROUP_00965,SIM_CLUSTER_00004,near_duplicate_cluster_id:SIM_CLUSTER_00004
62,5,1530,7439895509781250824,Positive,EXACT_GROUP_00965,EXACT_GROUP_00965,SIM_CLUSTER_00004,near_duplicate_cluster_id:SIM_CLUSTER_00004
62,5,1533,7440485344888095495,Positive,EXACT_GROUP_00965,EXACT_GROUP_00965,SIM_CLUSTER_00004,near_duplicate_cluster_id:SIM_CLUSTER_00004
62,5,1535,7440491852250612488,Neutral,EXACT_TEXT_751d62e017ef0f9a,EXACT_TEXT_751d62e017ef0f9a,,exact_duplicate_group_id:EXACT_TEXT_751d62e017ef0f9a
62,5,1536,7440698576164258578,Positive,EXACT_GROUP_00965,EXACT_GROUP_00965,SIM_CLUSTER_00004,near_duplicate_cluster_id:SIM_CLUSTER_00004
62,5,1538,7440850908362064695,Positive,EXACT_GROUP_00965,EXACT_GROUP_00965,SIM_CLUSTER_00004,near_duplicate_cluster_id:SIM_CLUSTER_00004
62,5,1539,7441746429381247762,Positive,EXACT_GROUP_00965,EXACT_GROUP_00965,SIM_CLUSTER_00004,near_duplicate_cluster_id:SIM_CLUSTER_00004
62,5,1540,7442118885580718856,Positive,EXACT_GROUP_00965,EXACT_GROUP_00965,SIM_CLUSTER_00004,near_duplicate_cluster_id:SIM_CLUSTER_00004
62,5,1541,7442318839528604472,Positive,EXACT_GROUP_00965,EXACT_GROUP_00965,SIM_CLUSTER_00004,near_duplicate_cluster_id:SIM_CLUSTER_00004
62,5,1544,7443356744174912312,Positive,EXACT_GROUP_00965,EXACT_GROUP_00965,SIM_CLUSTER_00004,near_duplicate_cluster_id:SIM_CLUSTER_00004
62,5,1545,7443375833857327880,Positive,EXACT_GROUP_00965,EXACT_GROUP_00965,SIM_CLUSTER_00004,near_duplicate_cluster_id:SIM_CLUSTER_00004
62,5,1548,7444079925588525842,Positive,EXACT_GROUP_00965,EXACT_GROUP_00965,SIM_CLUSTER_00004,near_duplicate_cluster_id:SIM_CLUSTER_00004
62,5,1549,7444200790451356434,Positive,EXACT_GROUP_00965,EXACT_GROUP_00965,SIM_CLUSTER_00004,near_duplicate_cluster_id:SIM_CLUSTER_00004
62,5,1550,7444245208697078546,Positive,EXACT_GROUP_00965,EXACT_GROUP_00965,SIM_CLUSTER_00004,near_duplicate_cluster_id:SIM_CLUSTER_00004
62,5,1553,7445006624009650951,Positive,EXACT_GROUP_00965,EXACT_GROUP_00965,SIM_CLUSTER_00004,near_duplicate_cluster_id:SIM_CLUSTER_00004
62,5,1554,7445437909513487122,Positive,EXACT_GROUP_00965,EXACT_GROUP_00965,SIM_CLUSTER_00004,near_duplicate_cluster_id:SIM_CLUSTER_00004
62,5,1555,7445867711425364742,Positive,EXACT_GROUP_00965,EXACT_GROUP_00965,SIM_CLUSTER_00004,near_duplicate_cluster_id:SIM_CLUSTER_00004
62,5,1557,7446980874263167760,Positive,EXACT_GROUP_00965,EXACT_GROUP_00965,SIM_CLUSTER_00004,near_duplicate_cluster_id:SIM_CLUSTER_00004
62,5,1558,7446984916220904200,Positive,EXACT_GROUP_00965,EXACT_GROUP_00965,SIM_CLUSTER_00004,near_duplicate_cluster_id:SIM_CLUSTER_00004
62,5,1559,7447080545529971463,Positive,EXACT_GROUP_00965,EXACT_GROUP_00965,SIM_CLUSTER_00004,near_duplicate_cluster_id:SIM_CLUSTER_00004
62,5,1567,7448806746775175954,Positive,EXACT_GROUP_00965,EXACT_GROUP_00965,SIM_CLUSTER_00004,near_duplicate_cluster_id:SIM_CLUSTER_00004
62,5,1568,7449285878131409670,Positive,EXACT_GROUP_00965,EXACT_GROUP_00965,SIM_CLUSTER_00004,near_duplicate_cluster_id:SIM_CLUSTER_00004
62,5,1569,7449651933395256082,Positive,EXACT_GROUP_00965,EXACT_GROUP_00965,SIM_CLUSTER_00004,near_duplicate_cluster_id:SIM_CLUSTER_00004
62,5,1573,7450568174553088775,Positive,EXACT_GROUP_00965,EXACT_GROUP_00965,SIM_CLUSTER_00004,near_duplicate_cluster_id:SIM_CLUSTER_00004
62,5,1574,7452012303292023570,Positive,EXACT_GROUP_00965,EXACT_GROUP_00965,SIM_CLUSTER_00004,near_duplicate_cluster_id:SIM_CLUSTER_00004
62,5,1575,7452195669370176264,Negative,EXACT_TEXT_8fbcb11760485e24,EXACT_TEXT_8fbcb11760485e24,,exact_duplicate_group_id:EXACT_TEXT_8fbcb11760485e24
62,5,1577,7452879367321240321,Positive,EXACT_GROUP_00965,EXACT_GROUP_00965,SIM_CLUSTER_00004,near_duplicate_cluster_id:SIM_CLUSTER_00004
62,5,1579,7453439645817488135,Positive,EXACT_GROUP_00965,EXACT_GROUP_00965,SIM_CLUSTER_00004,near_duplicate_cluster_id:SIM_CLUSTER_00004
62,5,1581,7454741348199318290,Neutral,EXACT_TEXT_e6e4ef2871d07d67,EXACT_TEXT_e6e4ef2871d07d67,,exact_duplicate_group_id:EXACT_TEXT_e6e4ef2871d07d67
62,5,1582,7454760155760198416,Neutral,EXACT_TEXT_f7305cedb6c24992,EXACT_TEXT_f7305cedb6c24992,,exact_duplicate_group_id:EXACT_TEXT_f7305cedb6c24992
62,5,1583,7454790400374244104,Neutral,EXACT_TEXT_5f589d7d8c28fbac,EXACT_TEXT_5f589d7d8c28fbac,,exact_duplicate_group_id:EXACT_TEXT_5f589d7d8c28fbac
62,5,1595,7457449283878961938,Positive,EXACT_GROUP_00965,EXACT_GROUP_00965,SIM_CLUSTER_00004,near_duplicate_cluster_id:SIM_CLUSTER_00004
62,5,1597,7457576194088534802,Negative,EXACT_TEXT_cecd2a31c95efe24,EXACT_TEXT_cecd2a31c95efe24,,exact_duplicate_group_id:EXACT_TEXT_cecd2a31c95efe24
62,5,1605,7458434781459350277,Positive,EXACT_GROUP_00965,EXACT_GROUP_00965,SIM_CLUSTER_00004,near_duplicate_cluster_id:SIM_CLUSTER_00004
62,5,1607,7458562220436226822,Positive,EXACT_GROUP_00965,EXACT_GROUP_00965,SIM_CLUSTER_00004,near_duplicate_cluster_id:SIM_CLUSTER_00004
62,5,1608,7458702553095750408,Positive,EXACT_GROUP_00965,EXACT_GROUP_00965,SIM_CLUSTER_00004,near_duplicate_cluster_id:SIM_CLUSTER_00004
62,5,1611,7459548436594000661,Positive,EXACT_GROUP_00965,EXACT_GROUP_00965,SIM_CLUSTER_00004,near_duplicate_cluster_id:SIM_CLUSTER_00004
62,5,1616,7460502725908071175,Positive,EXACT_GROUP_00965,EXACT_GROUP_00965,SIM_CLUSTER_00004,near_duplicate_cluster_id:SIM_CLUSTER_00004
62,5,1619,7460878562981233425,Neutral,EXACT_TEXT_d1271392a8c42f8e,EXACT_TEXT_d1271392a8c42f8e,SIM_CLUSTER_00592,near_duplicate_cluster_id:SIM_CLUSTER_00592
62,5,1620,7461200132362076933,Positive,EXACT_GROUP_00965,EXACT_GROUP_00965,SIM_CLUSTER_00004,near_duplicate_cluster_id:SIM_CLUSTER_00004
62,5,1624,7462005515234640658,Negative,EXACT_TEXT_491d6e283593daa5,EXACT_TEXT_491d6e283593daa5,,exact_duplicate_group_id:EXACT_TEXT_491d6e283593daa5
62,5,1625,7462014899985826566,Positive,EXACT_GROUP_00965,EXACT_GROUP_00965,SIM_CLUSTER_00004,near_duplicate_cluster_id:SIM_CLUSTER_00004
62,5,1627,7462708538512868103,Negative,EXACT_TEXT_61c2e10858a9c873,EXACT_TEXT_61c2e10858a9c873,,exact_duplicate_group_id:EXACT_TEXT_61c2e10858a9c873
62,5,1629,7462928549969937159,Positive,EXACT_GROUP_00965,EXACT_GROUP_00965,SIM_CLUSTER_00004,near_duplicate_cluster_id:SIM_CLUSTER_00004
62,5,1630,7463067570218189586,Negative,EXACT_TEXT_8d65bce7a8ce6c60,EXACT_TEXT_8d65bce7a8ce6c60,,exact_duplicate_group_id:EXACT_TEXT_8d65bce7a8ce6c60
62,5,1633,7463428966104793877,Positive,EXACT_GROUP_00965,EXACT_GROUP_00965,SIM_CLUSTER_00004,near_duplicate_cluster_id:SIM_CLUSTER_00004
62,5,1635,7463729638776505094,Neutral,EXACT_TEXT_c594abd37c4975db,EXACT_TEXT_c594abd37c4975db,SIM_CLUSTER_00158,near_duplicate_cluster_id:SIM_CLUSTER_00158
62,5,1637,7466454059463377680,Positive,EXACT_GROUP_00965,EXACT_GROUP_00965,SIM_CLUSTER_00004,near_duplicate_cluster_id:SIM_CLUSTER_00004
62,5,1638,7467180465842258694,Negative,EXACT_TEXT_88b127013262bb00,EXACT_TEXT_88b127013262bb00,,exact_duplicate_group_id:EXACT_TEXT_88b127013262bb00
62,5,1641,7468898428145091334,Positive,EXACT_GROUP_00965,EXACT_GROUP_00965,SIM_CLUSTER_00004,near_duplicate_cluster_id:SIM_CLUSTER_00004
62,5,1647,7471469683388990215,Negative,EXACT_TEXT_408461a25fb0ba01,EXACT_TEXT_408461a25fb0ba01,,exact_duplicate_group_id:EXACT_TEXT_408461a25fb0ba01
62,5,1651,7473165917501899526,Positive,EXACT_GROUP_00965,EXACT_GROUP_00965,SIM_CLUSTER_00004,near_duplicate_cluster_id:SIM_CLUSTER_00004
62,5,1653,7473833955894362888,Positive,EXACT_GROUP_00965,EXACT_GROUP_00965,SIM_CLUSTER_00004,near_duplicate_cluster_id:SIM_CLUSTER_00004
62,5,1662,7479006116090397461,Positive,EXACT_GROUP_00965,EXACT_GROUP_00965,SIM_CLUSTER_00004,near_duplicate_cluster_id:SIM_CLUSTER_00004
62,5,1666,7480562674825347848,Negative,EXACT_TEXT_3630252ba27b915c,EXACT_TEXT_3630252ba27b915c,,exact_duplicate_group_id:EXACT_TEXT_3630252ba27b915c
62,5,1667,7482855187285312262,Positive,EXACT_GROUP_00965,EXACT_GROUP_00965,SIM_CLUSTER_00004,near_duplicate_cluster_id:SIM_CLUSTER_00004
62,5,1669,7486065827340747575,Positive,EXACT_GROUP_00965,EXACT_GROUP_00965,SIM_CLUSTER_00004,near_duplicate_cluster_id:SIM_CLUSTER_00004
62,5,1675,7493957517879100168,Neutral,EXACT_TEXT_194e5c52f7516315,EXACT_TEXT_194e5c52f7516315,,exact_duplicate_group_id:EXACT_TEXT_194e5c52f7516315
62,5,1679,7495954019501196050,Positive,EXACT_GROUP_00965,EXACT_GROUP_00965,SIM_CLUSTER_00004,near_duplicate_cluster_id:SIM_CLUSTER_00004
62,5,1680,7496412897464238868,Positive,EXACT_GROUP_00965,EXACT_GROUP_00965,SIM_CLUSTER_00004,near_duplicate_cluster_id:SIM_CLUSTER_00004
62,5,1682,7497475663529050887,Negative,EXACT_TEXT_0bc382e5afd32b68,EXACT_TEXT_0bc382e5afd32b68,,exact_duplicate_group_id:EXACT_TEXT_0bc382e5afd32b68
62,5,1684,7500727807619285768,Positive,EXACT_GROUP_00965,EXACT_GROUP_00965,SIM_CLUSTER_00004,near_duplicate_cluster_id:SIM_CLUSTER_00004
62,5,1686,7501605610233742088,Positive,EXACT_GROUP_00965,EXACT_GROUP_00965,SIM_CLUSTER_00004,near_duplicate_cluster_id:SIM_CLUSTER_00004
62,5,1687,7502973846615622401,Positive,EXACT_GROUP_00965,EXACT_GROUP_00965,SIM_CLUSTER_00004,near_duplicate_cluster_id:SIM_CLUSTER_00004
62,5,1688,7503785975110288148,Positive,EXACT_GROUP_00965,EXACT_GROUP_00965,SIM_CLUSTER_00004,near_duplicate_cluster_id:SIM_CLUSTER_00004
62,5,1689,7504140403471827730,Positive,EXACT_GROUP_00965,EXACT_GROUP_00965,SIM_CLUSTER_00004,near_duplicate_cluster_id:SIM_CLUSTER_00004
62,5,1690,7506122827121034002,Positive,EXACT_GROUP_00965,EXACT_GROUP_00965,SIM_CLUSTER_00004,near_duplicate_cluster_id:SIM_CLUSTER_00004
62,5,1692,7507849532429173512,Positive,EXACT_GROUP_00965,EXACT_GROUP_00965,SIM_CLUSTER_00004,near_duplicate_cluster_id:SIM_CLUSTER_00004
62,5,1693,7507888051294864136,Positive,EXACT_GROUP_00965,EXACT_GROUP_00965,SIM_CLUSTER_00004,near_duplicate_cluster_id:SIM_CLUSTER_00004
62,5,1695,7508543800060494600,Positive,EXACT_GROUP_00965,EXACT_GROUP_00965,SIM_CLUSTER_00004,near_duplicate_cluster_id:SIM_CLUSTER_00004
62,5,1697,7509095909570183944,Positive,EXACT_GROUP_00965,EXACT_GROUP_00965,SIM_CLUSTER_00004,near_duplicate_cluster_id:SIM_CLUSTER_00004
62,5,1702,7510482691881943816,Positive,EXACT_GROUP_00965,EXACT_GROUP_00965,SIM_CLUSTER_00004,near_duplicate_cluster_id:SIM_CLUSTER_00004
62,5,1703,7511796480831800071,Positive,EXACT_GROUP_00965,EXACT_GROUP_00965,SIM_CLUSTER_00004,near_duplicate_cluster_id:SIM_CLUSTER_00004
62,5,1704,7513952961790722824,Negative,EXACT_TEXT_83450c0f6fa954ad,EXACT_TEXT_83450c0f6fa954ad,,exact_duplicate_group_id:EXACT_TEXT_83450c0f6fa954ad
62,5,1705,7514313100536808200,Positive,EXACT_GROUP_00965,EXACT_GROUP_00965,SIM_CLUSTER_00004,near_duplicate_cluster_id:SIM_CLUSTER_00004
62,5,1707,7517569390192935698,Positive,EXACT_GROUP_00965,EXACT_GROUP_00965,SIM_CLUSTER_00004,near_duplicate_cluster_id:SIM_CLUSTER_00004
62,5,1711,7522094342941557522,Positive,EXACT_GROUP_00965,EXACT_GROUP_00965,SIM_CLUSTER_00004,near_duplicate_cluster_id:SIM_CLUSTER_00004
62,5,1713,7523219641034638098,Neutral,EXACT_TEXT_0b23d1ada59e0118,EXACT_TEXT_0b23d1ada59e0118,,exact_duplicate_group_id:EXACT_TEXT_0b23d1ada59e0118
62,5,1716,7526892485106287367,Positive,EXACT_GROUP_00965,EXACT_GROUP_00965,SIM_CLUSTER_00004,near_duplicate_cluster_id:SIM_CLUSTER_00004
62,5,1718,7528958869016724242,Positive,EXACT_GROUP_00965,EXACT_GROUP_00965,SIM_CLUSTER_00004,near_duplicate_cluster_id:SIM_CLUSTER_00004
62,5,1719,7528958924021138183,Positive,EXACT_GROUP_00965,EXACT_GROUP_00965,SIM_CLUSTER_00004,near_duplicate_cluster_id:SIM_CLUSTER_00004
62,5,1720,7528958943264310024,Positive,EXACT_GROUP_00965,EXACT_GROUP_00965,SIM_CLUSTER_00004,near_duplicate_cluster_id:SIM_CLUSTER_00004
62,5,1727,7537751965842391815,Negative,EXACT_TEXT_f89c85b91a0991ea,EXACT_TEXT_f89c85b91a0991ea,,exact_duplicate_group_id:EXACT_TEXT_f89c85b91a0991ea
62,5,1729,7538063841564001042,Neutral,EXACT_TEXT_b88a7da43f2066f3,EXACT_TEXT_b88a7da43f2066f3,,exact_duplicate_group_id:EXACT_TEXT_b88a7da43f2066f3
62,5,1730,7539322942334321415,Negative,EXACT_TEXT_d6bfec225270fa5b,EXACT_TEXT_d6bfec225270fa5b,,exact_duplicate_group_id:EXACT_TEXT_d6bfec225270fa5b
62,5,1731,7541063593912681233,Positive,EXACT_GROUP_00965,EXACT_GROUP_00965,SIM_CLUSTER_00004,near_duplicate_cluster_id:SIM_CLUSTER_00004
62,5,1733,7542965196329141000,Positive,EXACT_GROUP_00965,EXACT_GROUP_00965,SIM_CLUSTER_00004,near_duplicate_cluster_id:SIM_CLUSTER_00004
62,5,1735,7544157508241228564,Negative,EXACT_TEXT_d591f4da427d92a6,EXACT_TEXT_d591f4da427d92a6,,exact_duplicate_group_id:EXACT_TEXT_d591f4da427d92a6
62,5,1737,7544951789310100232,Neutral,EXACT_TEXT_03c000b6355a9301,EXACT_TEXT_03c000b6355a9301,,exact_duplicate_group_id:EXACT_TEXT_03c000b6355a9301
62,5,1738,7545729250420835080,Positive,EXACT_GROUP_00965,EXACT_GROUP_00965,SIM_CLUSTER_00004,near_duplicate_cluster_id:SIM_CLUSTER_00004
62,5,1741,7548735570172871432,Negative,EXACT_TEXT_3c5f5fd4ee156166,EXACT_TEXT_3c5f5fd4ee156166,,exact_duplicate_group_id:EXACT_TEXT_3c5f5fd4ee156166
62,5,1742,7549831991319954194,Neutral,EXACT_TEXT_701ad44926739c62,EXACT_TEXT_701ad44926739c62,,exact_duplicate_group_id:EXACT_TEXT_701ad44926739c62
62,5,1749,7559046898457625345,Positive,EXACT_GROUP_00965,EXACT_GROUP_00965,SIM_CLUSTER_00004,near_duplicate_cluster_id:SIM_CLUSTER_00004
62,5,1750,7562169653964243719,Neutral,EXACT_TEXT_ec507d5bd17209eb,EXACT_TEXT_ec507d5bd17209eb,,exact_duplicate_group_id:EXACT_TEXT_ec507d5bd17209eb
62,5,1752,7564798414924317441,Positive,EXACT_GROUP_00965,EXACT_GROUP_00965,SIM_CLUSTER_00004,near_duplicate_cluster_id:SIM_CLUSTER_00004
62,5,1757,7579632503368483591,Negative,EXACT_GROUP_00056,EXACT_GROUP_00056,SIM_CLUSTER_00753,near_duplicate_cluster_id:SIM_CLUSTER_00753
62,5,1758,7579632559107490568,Negative,EXACT_GROUP_00056,EXACT_GROUP_00056,SIM_CLUSTER_00753,near_duplicate_cluster_id:SIM_CLUSTER_00753
62,5,1759,7579633215049302791,Negative,EXACT_GROUP_00056,EXACT_GROUP_00056,SIM_CLUSTER_00753,near_duplicate_cluster_id:SIM_CLUSTER_00753
62,5,1761,7581808803751052052,Positive,EXACT_GROUP_00965,EXACT_GROUP_00965,SIM_CLUSTER_00004,near_duplicate_cluster_id:SIM_CLUSTER_00004
62,5,1764,7586869374007771924,Neutral,EXACT_TEXT_2526511002bf8633,EXACT_TEXT_2526511002bf8633,,exact_duplicate_group_id:EXACT_TEXT_2526511002bf8633
62,5,1771,7589582368261276434,Positive,EXACT_GROUP_00965,EXACT_GROUP_00965,SIM_CLUSTER_00004,near_duplicate_cluster_id:SIM_CLUSTER_00004
62,5,1772,7590694242893398792,Positive,EXACT_GROUP_00965,EXACT_GROUP_00965,SIM_CLUSTER_00004,near_duplicate_cluster_id:SIM_CLUSTER_00004
62,5,1776,7593528575975129857,Positive,EXACT_GROUP_00965,EXACT_GROUP_00965,SIM_CLUSTER_00004,near_duplicate_cluster_id:SIM_CLUSTER_00004
62,5,1777,7595258763856413458,Positive,EXACT_GROUP_00965,EXACT_GROUP_00965,SIM_CLUSTER_00004,near_duplicate_cluster_id:SIM_CLUSTER_00004
62,5,1778,7595300639141479188,Positive,EXACT_GROUP_00965,EXACT_GROUP_00965,SIM_CLUSTER_00004,near_duplicate_cluster_id:SIM_CLUSTER_00004
62,5,1794,7597029392611492615,Positive,EXACT_GROUP_00965,EXACT_GROUP_00965,SIM_CLUSTER_00004,near_duplicate_cluster_id:SIM_CLUSTER_00004
62,5,1799,7598468058432570133,Positive,EXACT_GROUP_00965,EXACT_GROUP_00965,SIM_CLUSTER_00004,near_duplicate_cluster_id:SIM_CLUSTER_00004
62,5,1800,7598521270137160455,Positive,EXACT_GROUP_00965,EXACT_GROUP_00965,SIM_CLUSTER_00004,near_duplicate_cluster_id:SIM_CLUSTER_00004
62,5,1802,7598836838421938952,Positive,EXACT_GROUP_00965,EXACT_GROUP_00965,SIM_CLUSTER_00004,near_duplicate_cluster_id:SIM_CLUSTER_00004
62,5,1804,7599656512251986706,Positive,EXACT_GROUP_00965,EXACT_GROUP_00965,SIM_CLUSTER_00004,near_duplicate_cluster_id:SIM_CLUSTER_00004
62,5,1805,7599682525929882385,Positive,EXACT_GROUP_00965,EXACT_GROUP_00965,SIM_CLUSTER_00004,near_duplicate_cluster_id:SIM_CLUSTER_00004
62,5,1807,7599948650182640405,Positive,EXACT_GROUP_00965,EXACT_GROUP_00965,SIM_CLUSTER_00004,near_duplicate_cluster_id:SIM_CLUSTER_00004
62,5,1813,7612405686018360084,Positive,EXACT_GROUP_00965,EXACT_GROUP_00965,SIM_CLUSTER_00004,near_duplicate_cluster_id:SIM_CLUSTER_00004
62,5,1819,7635984522102129416,Positive,EXACT_GROUP_00965,EXACT_GROUP_00965,SIM_CLUSTER_00004,near_duplicate_cluster_id:SIM_CLUSTER_00004
62,5,1820,7639026817244201749,Neutral,EXACT_TEXT_ef8c8851fd656463,EXACT_TEXT_ef8c8851fd656463,,exact_duplicate_group_id:EXACT_TEXT_ef8c8851fd656463
62,5,1821,7645236619843224341,Positive,EXACT_GROUP_00965,EXACT_GROUP_00965,SIM_CLUSTER_00004,near_duplicate_cluster_id:SIM_CLUSTER_00004
