metric,delta_v3_minus_v2_mean,ci_low,ci_high,paired_bootstrap_shows_meaningful_decrease,n_bootstrap
accuracy,-0.733898301264799,-0.797872810869537,-0.664996516158706,True,1000
macro_f1,-0.6400652109735038,-0.7207809749508948,-0.5532518690024083,True,1000
weighted_f1,-0.703378933971097,-0.7731869625505411,-0.627647538993691,True,1000
balanced_accuracy,-0.6152785352223651,-0.7074748796982857,-0.5245935229423496,True,1000
mcc,-0.9103692290659031,-1.0243771149139287,-0.7845423447743538,True,1000
positive_recall,-0.28654716260882146,-0.49781014195156714,-0.07093100753815045,True,1000
positive_precision,-0.6592073500540937,-0.82705325781738,-0.4765856129685917,True,1000
positive_f1,-0.47375558506462306,-0.6276702218331562,-0.30929036744254146,True,1000
