model,n_test_evaluable,n_covered,n_abstained,coverage,abstention_rate,accuracy,macro_f1,weighted_f1,balanced_accuracy,mcc,accuracy_all_evaluable_abstain_wrong,class_collapse,minimum_recall,positive_recall,positive_precision,positive_f1,covered_ece,covered_brier_score,covered_mean_confidence,all_evaluable_ece,all_evaluable_brier_score,all_evaluable_mean_confidence
V2_frozen,274,256,18,0.9343065693430657,0.06569343065693431,0.8359375,0.7308704320423235,0.8272674593570954,0.718795689879629,0.6368545406065418,0.781021897810219,False,0.4772727272727273,0.4772727272727273,0.7241379310344828,0.5753424657534246,0.1521262082013254,0.3002635284331344,0.6838112917986745,0.1454882748200668,0.3218501477881942,0.664730703282123
IndoBERT_V3_candidate,274,274,0,1.0,0.0,0.10218978102189781,0.08948171021810054,0.1240988701701745,0.10421793305098459,-0.2721540951678637,0.10218978102189781,False,0.024390243902439025,0.19148936170212766,0.06666666666666667,0.0989010989010989,0.42663273747124986,0.9833214417271038,0.5288225184931477,0.42663273747124986,0.9833214417271038,0.5288225184931477
