model,label,precision,recall,f1,support
V2_frozen,Negative,0.6756756756756757,0.7352941176470589,0.704225352112676,34
V2_frozen,Neutral,0.8842105263157894,0.9438202247191011,0.9130434782608695,178
V2_frozen,Positive,0.7241379310344828,0.4772727272727273,0.5753424657534246,44
IndoBERT_V3_candidate,Negative,0.010869565217391304,0.024390243902439025,0.015037593984962405,41
IndoBERT_V3_candidate,Neutral,0.3829787234042553,0.0967741935483871,0.15450643776824036,186
IndoBERT_V3_candidate,Positive,0.06666666666666667,0.19148936170212766,0.0989010989010989,47
