brand_label_auto,n_comments,n_accounts,n_hccs,evaluable_comments,coverage,support_status,negative_count,negative_ratio,negative_ci_low,negative_ci_high,neutral_count,neutral_ratio,neutral_ci_low,neutral_ci_high,positive_count,positive_ratio,positive_ci_low,positive_ci_high,dominant_sentiment
Azarine,102,18,3,99,0.9705882352941176,AVAILABLE,8,0.08080808080808081,0.041513905489623,0.1514196933653151,50,0.5050505050505051,0.40822998685489836,0.6014937047251627,41,0.41414141414141414,0.32209342077368147,0.5126038223652817,Neutral
Daviena,206,40,11,202,0.9805825242718447,AVAILABLE,16,0.07920792079207921,0.049340663768739024,0.12478157391305127,111,0.5495049504950495,0.48060428966299035,0.616557800021505,75,0.3712871287128713,0.3076415304924698,0.4397370363278426,Neutral
Maryame,163,35,6,154,0.9447852760736196,AVAILABLE,16,0.1038961038961039,0.06496831920387043,0.1621048985029952,64,0.4155844155844156,0.34072752354135816,0.4945503753142033,74,0.4805194805194805,0.4030476633173572,0.5589395441108491,Positive
The Originote,228,54,9,222,0.9736842105263158,AVAILABLE,19,0.08558558558558559,0.055474129279163994,0.1297955464581669,124,0.5585585585585585,0.49279209985098454,0.6223328372730882,79,0.35585585585585583,0.2958168029709911,0.4207987364159065,Neutral
Mixed_2_Brands,51,13,3,51,1.0,AVAILABLE,4,0.0784313725490196,0.030921696126931502,0.18500198224860823,40,0.7843137254901961,0.6537337712118704,0.8750618875581144,7,0.13725490196078433,0.06811015331542725,0.25721952342631627,Neutral
Mixed_3plus_Brands,177,41,9,172,0.9717514124293786,AVAILABLE,21,0.12209302325581395,0.0812588499238568,0.17943941487810128,141,0.8197674418604651,0.7555393738198233,0.8700236328862121,10,0.05813953488372093,0.03188308865655954,0.10370257480419148,Neutral
Not identified,18,6,1,17,0.9444444444444444,LOW_SUPPORT,3,0.17647058823529413,0.06191013712548989,0.41029929017375777,11,0.6470588235294118,0.4129996672121183,0.8269051385609512,3,0.17647058823529413,0.06191013712548989,0.41029929017375777,Neutral
